Time,Temp,Hum,Gas,Motion,AQI,Status
2026-05-04 16:12:33,27.8,62.7,246.0,1.0,22.0,EXCELLENT
2026-05-04 16:12:35,27.8,62.2,436.0,0.0,65.7,MODERATE
2026-05-04 16:12:37,27.8,62.0,624.0,0.0,92.1,MODERATE
2026-05-04 16:12:39,27.8,61.6,880.0,0.0,129.2,UNHEALTHY
2026-05-04 16:12:41,27.9,62.3,1136.0,0.0,165.4,UNHEALTHY
2026-05-04 16:12:43,27.9,61.8,1230.0,0.0,178.8,UNHEALTHY
2026-05-04 16:12:45,27.9,61.1,1234.0,1.0,179.3,UNHEALTHY
2026-05-04 16:12:47,27.9,61.0,1187.0,1.0,172.7,UNHEALTHY
2026-05-04 16:12:49,27.9,61.3,1110.0,0.0,161.8,UNHEALTHY
2026-05-04 16:12:51,27.9,61.2,1059.0,0.0,154.5,UNHEALTHY
2026-05-04 16:12:53,27.9,60.6,974.0,0.0,142.5,UNHEALTHY
2026-05-04 16:12:55,27.9,60.3,943.0,0.0,138.1,UNHEALTHY
2026-05-04 16:12:57,27.9,60.1,905.0,0.0,132.7,UNHEALTHY
2026-05-04 16:12:59,27.9,59.9,873.0,0.0,128.2,UNHEALTHY
2026-05-04 16:13:01,27.9,59.7,831.0,0.0,122.2,UNHEALTHY
2026-05-04 16:13:03,27.9,59.5,806.0,0.0,118.7,UNHEALTHY
2026-05-04 16:13:05,28.0,59.4,773.0,0.0,114.0,UNHEALTHY
2026-05-04 16:13:07,28.0,59.2,752.0,0.0,111.1,UNHEALTHY
2026-05-04 16:13:09,28.0,59.2,726.0,0.0,107.4,UNHEALTHY
2026-05-04 16:13:11,28.0,59.1,702.0,0.0,104.0,UNHEALTHY
2026-05-04 16:13:13,27.9,59.0,673.0,0.0,99.0,MODERATE
2026-05-04 16:13:15,28.0,58.8,659.0,0.0,97.1,MODERATE
2026-05-04 16:13:17,28.0,58.8,647.0,0.0,95.4,MODERATE
2026-05-04 16:13:19,28.0,58.9,638.0,0.0,94.1,MODERATE
2026-05-04 16:13:21,27.9,58.7,619.0,0.0,91.4,MODERATE
2026-05-04 16:13:23,27.9,58.7,599.0,0.0,88.6,MODERATE
2026-05-04 16:13:25,27.9,58.6,588.0,0.0,87.1,MODERATE
2026-05-04 16:13:27,27.9,58.5,575.0,1.0,85.3,MODERATE
2026-05-04 16:13:29,28.0,58.4,567.0,1.0,84.1,MODERATE
2026-05-04 16:13:31,27.9,58.5,546.0,0.0,81.2,MODERATE
2026-05-04 16:13:33,27.9,58.4,541.0,0.0,80.5,MODERATE
2026-05-04 16:13:35,27.9,58.5,528.0,1.0,78.7,MODERATE
2026-05-04 16:13:37,27.9,58.0,509.0,1.0,76.0,MODERATE
2026-05-04 16:13:39,27.9,58.1,486.0,0.0,72.8,MODERATE
2026-05-04 16:13:41,27.8,57.8,492.0,0.0,73.6,MODERATE
2026-05-04 16:13:43,27.9,57.8,482.0,0.0,72.2,MODERATE
2026-05-04 16:13:45,27.9,57.9,507.0,0.0,75.7,MODERATE
2026-05-04 16:13:47,27.8,57.8,502.0,0.0,75.0,MODERATE
2026-05-04 16:13:49,27.8,57.6,479.0,0.0,71.8,MODERATE
2026-05-04 16:13:51,27.8,57.7,479.0,0.0,71.8,MODERATE
2026-05-04 16:13:53,27.8,57.6,471.0,1.0,70.7,MODERATE
2026-05-04 16:13:55,27.7,57.6,464.0,1.0,69.7,MODERATE
2026-05-04 16:13:57,27.7,57.7,461.0,0.0,69.3,MODERATE
2026-05-04 16:13:59,27.7,57.8,457.0,0.0,68.7,MODERATE
2026-05-04 16:14:01,27.7,57.7,448.0,0.0,67.4,MODERATE
2026-05-04 16:14:03,27.7,57.8,468.0,0.0,70.2,MODERATE
2026-05-04 16:14:05,27.7,57.9,454.0,0.0,68.3,MODERATE
2026-05-04 16:14:07,27.6,58.2,446.0,0.0,67.1,MODERATE
2026-05-04 16:14:09,27.6,58.2,444.0,0.0,66.9,MODERATE
2026-05-04 16:14:11,27.6,58.3,429.0,0.0,64.8,MODERATE
2026-05-04 16:14:14,27.6,58.1,427.0,1.0,64.5,MODERATE
2026-05-04 16:14:15,27.6,58.1,426.0,1.0,64.3,MODERATE
2026-05-04 16:14:17,27.6,58.3,416.0,0.0,62.9,MODERATE
2026-05-04 16:14:19,27.5,58.4,418.0,0.0,63.2,MODERATE
2026-05-04 16:14:21,27.6,58.5,412.0,0.0,62.4,MODERATE
2026-05-04 16:14:23,27.5,58.6,411.0,0.0,62.2,MODERATE
2026-05-04 16:14:25,27.6,58.7,405.0,0.0,61.4,MODERATE
2026-05-04 16:14:27,27.5,58.6,400.0,0.0,60.7,MODERATE
2026-05-04 16:14:29,27.5,58.8,400.0,0.0,60.7,MODERATE
2026-05-04 16:14:31,27.5,58.8,400.0,0.0,60.7,MODERATE
2026-05-04 16:14:33,27.5,58.9,398.0,0.0,60.4,MODERATE
2026-05-04 16:14:35,27.5,58.9,386.0,0.0,58.7,MODERATE
2026-05-04 16:14:37,27.5,58.9,391.0,0.0,59.4,MODERATE
2026-05-04 16:14:39,27.5,58.9,386.0,0.0,58.7,MODERATE
2026-05-04 16:14:41,27.5,58.8,385.0,0.0,58.6,MODERATE
2026-05-04 16:14:43,27.5,58.8,379.0,0.0,57.7,MODERATE
2026-05-04 16:14:45,27.5,58.8,384.0,0.0,58.4,MODERATE
2026-05-04 16:14:47,27.5,58.9,383.0,0.0,58.3,MODERATE
2026-05-04 16:14:49,27.5,58.8,368.0,0.0,56.2,MODERATE
2026-05-04 16:14:51,27.5,58.7,370.0,0.0,56.5,MODERATE
2026-05-04 16:14:53,27.5,58.7,369.0,0.0,56.3,MODERATE
2026-05-04 16:14:55,27.5,58.7,368.0,0.0,56.2,MODERATE
2026-05-04 16:14:57,27.5,58.7,373.0,0.0,56.9,MODERATE
2026-05-04 16:14:59,27.5,58.4,366.0,0.0,55.9,MODERATE
2026-05-04 16:15:01,27.5,58.3,363.0,0.0,55.5,MODERATE
2026-05-04 16:15:03,27.5,58.3,364.0,0.0,55.6,MODERATE
2026-05-04 16:15:05,27.5,58.2,367.0,0.0,56.1,MODERATE
2026-05-04 16:15:07,27.5,58.2,359.0,0.0,54.9,MODERATE
2026-05-04 16:15:09,27.5,58.3,362.0,0.0,55.4,MODERATE
2026-05-04 16:15:11,27.5,58.2,365.0,0.0,55.8,MODERATE
2026-05-04 16:15:13,27.5,58.2,363.0,0.0,55.5,MODERATE
2026-05-04 16:15:15,27.5,58.2,346.0,0.0,53.1,MODERATE
2026-05-04 16:15:17,27.5,58.3,347.0,0.0,53.2,MODERATE
2026-05-04 16:15:19,27.5,58.2,357.0,0.0,54.7,MODERATE
2026-05-04 16:15:21,27.5,58.2,350.0,0.0,53.7,MODERATE
2026-05-04 16:15:23,27.5,58.2,347.0,0.0,53.2,MODERATE
2026-05-04 16:15:25,27.5,58.2,353.0,0.0,54.1,MODERATE
2026-05-04 16:15:27,27.5,58.2,342.0,0.0,52.5,MODERATE
2026-05-04 16:15:29,27.5,58.1,349.0,0.0,53.5,MODERATE
2026-05-04 16:15:31,27.4,58.2,344.0,0.0,52.8,MODERATE
2026-05-04 16:15:33,27.5,58.2,346.0,0.0,53.1,MODERATE
2026-05-04 16:15:35,27.5,58.2,345.0,0.0,53.0,MODERATE
2026-05-04 16:15:37,27.5,58.2,343.0,0.0,52.7,MODERATE
2026-05-04 16:15:39,27.5,58.1,340.0,0.0,52.3,MODERATE
2026-05-04 16:15:41,27.5,58.0,341.0,0.0,52.4,MODERATE
2026-05-04 16:15:43,27.5,57.9,335.0,0.0,51.6,MODERATE
2026-05-04 16:15:45,27.4,58.1,335.0,0.0,51.6,MODERATE
2026-05-04 16:15:47,27.5,58.0,338.0,0.0,52.0,MODERATE
2026-05-04 16:15:49,27.5,58.0,335.0,0.0,51.6,MODERATE
2026-05-04 16:15:51,27.4,58.0,339.0,0.0,52.1,MODERATE
2026-05-04 16:15:53,27.5,58.0,338.0,0.0,52.0,MODERATE
2026-05-04 16:15:55,27.5,58.1,333.0,0.0,51.3,MODERATE
2026-05-04 16:15:57,27.5,57.9,331.0,0.0,51.0,MODERATE
2026-05-04 16:15:59,27.4,58.0,329.0,0.0,49.7,EXCELLENT
2026-05-04 16:16:01,27.5,58.0,343.0,0.0,52.7,MODERATE
2026-05-04 16:16:03,27.4,57.8,326.0,0.0,48.7,EXCELLENT
2026-05-04 16:16:05,27.5,57.8,341.0,0.0,52.4,MODERATE
2026-05-04 16:16:07,27.4,57.8,337.0,0.0,51.8,MODERATE
2026-05-04 16:16:09,27.5,57.7,325.0,0.0,48.3,EXCELLENT
2026-05-04 16:16:11,27.4,57.8,338.0,0.0,52.0,MODERATE
2026-05-04 16:16:13,27.4,57.7,325.0,0.0,48.3,EXCELLENT
2026-05-04 16:16:15,27.4,57.8,329.0,0.0,49.7,EXCELLENT
2026-05-04 16:16:17,27.5,57.7,339.0,0.0,52.1,MODERATE
2026-05-04 16:16:19,27.4,57.8,330.0,0.0,50.0,EXCELLENT
2026-05-04 16:16:21,27.4,57.8,332.0,0.0,51.1,MODERATE
2026-05-04 16:16:23,27.5,57.8,323.0,0.0,47.7,EXCELLENT
2026-05-04 16:16:25,27.4,57.9,333.0,0.0,51.3,MODERATE
2026-05-04 16:16:27,27.4,58.0,316.0,0.0,45.3,EXCELLENT
2026-05-04 16:16:29,27.4,57.9,336.0,0.0,51.7,MODERATE
2026-05-04 16:16:31,27.5,57.9,322.0,0.0,47.3,EXCELLENT
2026-05-04 16:16:33,27.5,57.9,337.0,0.0,51.8,MODERATE
2026-05-04 16:16:35,27.4,57.9,318.0,0.0,46.0,EXCELLENT
2026-05-04 16:16:37,27.4,57.9,324.0,0.0,48.0,EXCELLENT
2026-05-04 16:16:39,27.5,57.9,331.0,0.0,51.0,MODERATE
2026-05-04 16:16:41,27.4,57.9,317.0,0.0,45.7,EXCELLENT
2026-05-04 16:16:43,27.5,57.8,331.0,0.0,51.0,MODERATE
2026-05-04 16:16:45,27.4,57.8,322.0,0.0,47.3,EXCELLENT
2026-05-04 16:16:47,27.5,57.8,325.0,0.0,48.3,EXCELLENT
2026-05-04 16:16:49,27.4,57.8,329.0,0.0,49.7,EXCELLENT
2026-05-04 16:16:51,27.5,57.7,315.0,0.0,45.0,EXCELLENT
2026-05-04 16:16:53,27.5,57.8,323.0,0.0,47.7,EXCELLENT
2026-05-04 16:16:55,27.5,57.9,327.0,0.0,49.0,EXCELLENT
2026-05-04 16:16:57,27.5,57.7,325.0,0.0,48.3,EXCELLENT
2026-05-04 16:16:59,27.4,57.7,320.0,0.0,46.7,EXCELLENT
2026-05-04 16:17:01,27.5,57.9,319.0,0.0,46.3,EXCELLENT
2026-05-04 16:17:03,27.4,57.8,319.0,0.0,46.3,EXCELLENT
2026-05-04 16:17:05,27.5,57.8,319.0,0.0,46.3,EXCELLENT
2026-05-04 16:17:07,27.5,57.8,320.0,0.0,46.7,EXCELLENT
2026-05-04 16:17:09,27.5,58.8,312.0,0.0,44.0,EXCELLENT
2026-05-04 16:17:11,27.5,58.4,319.0,0.0,46.3,EXCELLENT
2026-05-04 16:17:13,27.5,58.1,315.0,0.0,45.0,EXCELLENT
2026-05-04 16:17:15,27.5,57.9,320.0,0.0,46.7,EXCELLENT
2026-05-04 16:17:17,27.5,57.9,318.0,0.0,46.0,EXCELLENT
2026-05-04 16:17:19,27.5,57.7,315.0,0.0,45.0,EXCELLENT
2026-05-04 16:17:21,27.5,57.7,321.0,0.0,47.0,EXCELLENT
2026-05-04 16:17:23,27.5,57.7,320.0,0.0,46.7,EXCELLENT
2026-05-04 16:17:25,27.5,57.5,315.0,0.0,45.0,EXCELLENT
2026-05-04 16:17:27,27.5,57.4,315.0,0.0,45.0,EXCELLENT
2026-05-04 16:17:30,27.5,57.5,311.0,0.0,43.7,EXCELLENT
2026-05-04 16:17:31,27.5,57.4,307.0,0.0,42.3,EXCELLENT
2026-05-04 16:17:33,27.5,57.4,309.0,0.0,43.0,EXCELLENT
2026-05-04 16:17:35,27.5,57.4,307.0,0.0,42.3,EXCELLENT
2026-05-04 16:17:37,27.5,57.4,304.0,0.0,41.3,EXCELLENT
2026-05-04 16:17:39,27.5,57.4,304.0,0.0,41.3,EXCELLENT
2026-05-04 16:17:41,27.5,57.5,308.0,0.0,42.7,EXCELLENT
2026-05-04 16:17:43,27.5,57.4,311.0,0.0,43.7,EXCELLENT
2026-05-04 16:17:45,27.5,57.5,307.0,0.0,42.3,EXCELLENT
2026-05-04 16:17:47,27.5,57.4,313.0,0.0,44.3,EXCELLENT
2026-05-04 16:17:49,27.5,57.3,313.0,0.0,44.3,EXCELLENT
2026-05-04 16:17:51,27.5,57.3,314.0,0.0,44.7,EXCELLENT
2026-05-04 16:17:53,27.5,57.2,307.0,0.0,42.3,EXCELLENT
2026-05-04 16:17:55,27.5,57.3,304.0,0.0,41.3,EXCELLENT
2026-05-04 16:17:57,27.5,57.2,309.0,0.0,43.0,EXCELLENT
2026-05-04 16:17:59,27.5,57.2,305.0,0.0,41.7,EXCELLENT
2026-05-04 16:18:01,27.5,57.1,304.0,0.0,41.3,EXCELLENT
2026-05-04 16:18:03,27.5,57.0,305.0,0.0,41.7,EXCELLENT
2026-05-04 16:18:05,27.5,57.0,304.0,0.0,41.3,EXCELLENT
2026-05-04 16:18:07,27.5,57.0,305.0,0.0,41.7,EXCELLENT
2026-05-04 16:18:09,27.5,56.9,299.0,0.0,39.7,EXCELLENT
2026-05-04 16:18:11,27.5,56.9,301.0,0.0,40.3,EXCELLENT
2026-05-04 16:18:13,27.5,56.8,304.0,0.0,41.3,EXCELLENT
2026-05-04 16:18:15,27.5,56.8,297.0,0.0,39.0,EXCELLENT
2026-05-04 16:18:17,27.5,56.8,304.0,0.0,41.3,EXCELLENT
2026-05-04 16:18:19,27.6,56.8,301.0,0.0,40.3,EXCELLENT
2026-05-04 16:18:21,27.5,56.8,300.0,0.0,40.0,EXCELLENT
2026-05-04 16:18:23,27.5,56.8,306.0,0.0,42.0,EXCELLENT
2026-05-04 16:18:25,27.5,56.8,300.0,0.0,40.0,EXCELLENT
2026-05-04 16:18:27,27.5,56.8,304.0,0.0,41.3,EXCELLENT
2026-05-04 16:18:29,27.5,56.8,302.0,0.0,40.7,EXCELLENT
2026-05-04 16:18:31,27.5,56.7,300.0,0.0,40.0,EXCELLENT
2026-05-04 16:18:33,27.5,56.7,302.0,0.0,40.7,EXCELLENT
2026-05-04 16:18:35,27.5,56.7,304.0,0.0,41.3,EXCELLENT
2026-05-04 16:18:37,27.5,56.8,304.0,0.0,41.3,EXCELLENT
2026-05-04 16:18:39,27.5,56.8,299.0,0.0,39.7,EXCELLENT
2026-05-04 16:18:41,27.5,56.9,298.0,0.0,39.3,EXCELLENT
2026-05-04 16:18:43,27.5,56.9,302.0,0.0,40.7,EXCELLENT
2026-05-04 16:18:45,27.5,56.8,304.0,0.0,41.3,EXCELLENT
2026-05-04 16:18:47,27.5,56.8,302.0,0.0,40.7,EXCELLENT
2026-05-04 16:18:49,27.5,56.7,301.0,0.0,40.3,EXCELLENT
2026-05-04 16:18:51,27.5,56.6,297.0,0.0,39.0,EXCELLENT
2026-05-04 16:18:53,27.5,56.7,287.0,0.0,35.7,EXCELLENT
2026-05-04 16:18:55,27.5,56.5,301.0,0.0,40.3,EXCELLENT
2026-05-04 16:18:57,27.5,56.4,299.0,0.0,39.7,EXCELLENT
2026-05-04 16:18:59,27.5,56.4,297.0,0.0,39.0,EXCELLENT
2026-05-04 16:19:01,27.5,56.4,303.0,0.0,41.0,EXCELLENT
2026-05-04 16:19:03,27.5,56.3,298.0,0.0,39.3,EXCELLENT
2026-05-04 16:19:05,27.5,56.3,300.0,0.0,40.0,EXCELLENT
2026-05-04 16:19:07,27.5,56.3,294.0,0.0,38.0,EXCELLENT
2026-05-04 16:19:09,27.5,56.4,301.0,0.0,40.3,EXCELLENT
2026-05-04 16:19:11,27.5,56.4,293.0,0.0,37.7,EXCELLENT
2026-05-04 16:19:13,27.5,56.4,301.0,0.0,40.3,EXCELLENT
2026-05-04 16:19:15,27.5,56.4,293.0,0.0,37.7,EXCELLENT
2026-05-04 16:19:17,27.5,56.5,299.0,0.0,39.7,EXCELLENT
2026-05-04 16:19:19,27.6,56.5,293.0,0.0,37.7,EXCELLENT
2026-05-04 16:19:21,27.5,56.5,299.0,0.0,39.7,EXCELLENT
2026-05-04 16:19:23,27.5,56.5,299.0,0.0,39.7,EXCELLENT
2026-05-04 16:19:25,27.5,56.5,294.0,0.0,38.0,EXCELLENT
2026-05-04 16:19:27,27.5,56.5,291.0,0.0,37.0,EXCELLENT
2026-05-04 16:19:29,27.5,56.5,292.0,0.0,37.3,EXCELLENT
2026-05-04 16:19:31,27.5,56.5,289.0,0.0,36.3,EXCELLENT
2026-05-04 16:19:33,27.5,56.5,291.0,0.0,37.0,EXCELLENT
2026-05-04 16:19:35,27.5,56.5,297.0,0.0,39.0,EXCELLENT
2026-05-04 16:19:37,27.5,56.5,294.0,0.0,38.0,EXCELLENT
2026-05-04 16:19:39,27.6,56.6,290.0,0.0,36.7,EXCELLENT
2026-05-04 16:19:41,27.5,56.6,283.0,0.0,34.3,EXCELLENT
2026-05-04 16:19:43,27.6,56.6,297.0,0.0,39.0,EXCELLENT
2026-05-04 16:19:45,27.5,56.5,293.0,0.0,37.7,EXCELLENT
2026-05-04 16:19:47,27.6,56.5,289.0,0.0,36.3,EXCELLENT
2026-05-04 16:19:49,27.5,56.5,289.0,0.0,36.3,EXCELLENT
2026-05-04 16:19:51,27.5,56.6,292.0,0.0,37.3,EXCELLENT
2026-05-04 16:19:53,27.6,56.5,293.0,0.0,37.7,EXCELLENT
2026-05-04 16:19:55,27.6,56.6,287.0,0.0,35.7,EXCELLENT
2026-05-04 16:19:57,27.5,56.5,287.0,0.0,35.7,EXCELLENT
2026-05-04 16:19:59,27.5,56.5,287.0,0.0,35.7,EXCELLENT
2026-05-04 16:20:01,27.6,56.6,293.0,0.0,37.7,EXCELLENT
2026-05-04 16:20:03,27.5,56.6,290.0,0.0,36.7,EXCELLENT
2026-05-04 16:20:05,27.6,56.5,292.0,0.0,37.3,EXCELLENT
2026-05-04 16:20:07,27.5,56.5,282.0,0.0,34.0,EXCELLENT
2026-05-04 16:20:09,27.5,56.4,288.0,0.0,36.0,EXCELLENT
2026-05-04 16:20:11,27.5,56.4,292.0,0.0,37.3,EXCELLENT
2026-05-04 16:20:13,27.5,56.5,291.0,0.0,37.0,EXCELLENT
2026-05-04 16:20:15,27.5,56.5,287.0,0.0,35.7,EXCELLENT
2026-05-04 16:20:17,27.5,56.6,285.0,0.0,35.0,EXCELLENT
2026-05-04 16:20:19,27.5,56.6,291.0,0.0,37.0,EXCELLENT
2026-05-04 16:20:21,27.5,56.7,291.0,0.0,37.0,EXCELLENT
2026-05-04 16:20:23,27.5,56.8,283.0,0.0,34.3,EXCELLENT
2026-05-04 16:20:25,27.5,56.9,290.0,0.0,36.7,EXCELLENT
2026-05-04 16:20:27,27.6,57.0,289.0,0.0,36.3,EXCELLENT
2026-05-04 16:20:29,27.6,57.1,289.0,0.0,36.3,EXCELLENT
2026-05-04 16:20:31,27.5,57.2,288.0,0.0,36.0,EXCELLENT
2026-05-04 16:20:33,27.5,57.4,290.0,0.0,36.7,EXCELLENT
2026-05-04 16:20:35,27.5,57.6,291.0,0.0,37.0,EXCELLENT
2026-05-04 16:20:37,27.6,57.9,286.0,0.0,35.3,EXCELLENT
2026-05-04 16:20:39,27.5,58.0,286.0,0.0,35.3,EXCELLENT
2026-05-04 16:20:41,27.5,58.2,287.0,0.0,35.7,EXCELLENT
2026-05-04 16:20:43,27.5,58.3,288.0,0.0,36.0,EXCELLENT
2026-05-04 16:20:45,27.5,58.4,292.0,0.0,37.3,EXCELLENT
2026-05-04 16:20:47,27.5,58.7,287.0,0.0,35.7,EXCELLENT
2026-05-04 16:20:49,27.5,58.8,288.0,0.0,36.0,EXCELLENT
2026-05-04 16:20:51,27.5,58.9,293.0,0.0,37.7,EXCELLENT
2026-05-04 16:20:53,27.5,59.1,293.0,0.0,37.7,EXCELLENT
2026-05-04 16:20:55,27.5,59.2,282.0,0.0,34.0,EXCELLENT
2026-05-04 16:20:57,27.5,59.3,291.0,0.0,37.0,EXCELLENT
2026-05-04 16:20:59,27.5,59.3,291.0,0.0,37.0,EXCELLENT
2026-05-04 16:21:01,27.6,59.4,290.0,0.0,36.7,EXCELLENT
2026-05-04 16:21:03,27.5,59.4,290.0,0.0,36.7,EXCELLENT
2026-05-04 16:21:05,27.6,59.4,291.0,0.0,37.0,EXCELLENT
2026-05-04 16:21:07,27.6,59.4,292.0,0.0,37.3,EXCELLENT
2026-05-04 16:21:09,27.6,59.4,288.0,0.0,36.0,EXCELLENT
2026-05-04 16:21:11,27.6,59.4,294.0,0.0,38.0,EXCELLENT
2026-05-04 16:21:13,27.5,59.4,293.0,0.0,37.7,EXCELLENT
2026-05-04 16:21:15,27.5,59.4,297.0,0.0,39.0,EXCELLENT
2026-05-04 16:21:17,27.6,59.6,290.0,0.0,36.7,EXCELLENT
2026-05-04 16:21:19,27.5,59.6,286.0,0.0,35.3,EXCELLENT
2026-05-04 16:21:21,27.6,59.5,295.0,0.0,38.3,EXCELLENT
2026-05-04 16:21:23,27.6,59.5,299.0,0.0,39.7,EXCELLENT
2026-05-04 16:21:25,27.6,59.6,290.0,0.0,36.7,EXCELLENT
2026-05-04 16:21:27,27.6,59.7,289.0,0.0,36.3,EXCELLENT
2026-05-04 16:21:30,27.6,59.8,292.0,0.0,37.3,EXCELLENT
2026-05-04 16:21:31,27.6,59.9,293.0,0.0,37.7,EXCELLENT
2026-05-04 16:21:33,27.6,60.0,291.0,0.0,37.0,EXCELLENT
2026-05-04 16:21:35,27.6,59.8,293.0,0.0,37.7,EXCELLENT
2026-05-04 16:21:37,27.6,59.4,287.0,0.0,35.7,EXCELLENT
2026-05-04 16:21:39,27.6,59.2,295.0,0.0,38.3,EXCELLENT
2026-05-04 16:21:41,27.6,59.1,293.0,0.0,37.7,EXCELLENT
2026-05-04 16:21:43,27.6,58.9,286.0,0.0,35.3,EXCELLENT
2026-05-04 16:21:45,27.6,59.1,290.0,0.0,36.7,EXCELLENT
2026-05-04 16:21:47,27.6,59.1,290.0,0.0,36.7,EXCELLENT
2026-05-04 16:21:49,27.6,59.1,288.0,0.0,36.0,EXCELLENT
2026-05-04 16:21:51,27.6,59.0,289.0,0.0,36.3,EXCELLENT
2026-05-04 16:21:53,27.6,59.0,291.0,0.0,37.0,EXCELLENT
2026-05-04 16:21:55,27.6,58.8,290.0,0.0,36.7,EXCELLENT
2026-05-04 16:21:57,27.6,58.9,286.0,0.0,35.3,EXCELLENT
2026-05-04 16:21:59,27.6,58.7,290.0,0.0,36.7,EXCELLENT
2026-05-04 16:22:01,27.6,58.7,289.0,0.0,36.3,EXCELLENT
2026-05-04 16:22:03,27.6,58.7,288.0,0.0,36.0,EXCELLENT
2026-05-04 16:22:05,27.6,58.9,287.0,0.0,35.7,EXCELLENT
2026-05-04 16:22:07,27.6,58.9,287.0,0.0,35.7,EXCELLENT
2026-05-04 16:22:09,27.6,59.0,280.0,0.0,33.3,EXCELLENT
2026-05-04 16:22:11,27.6,59.0,286.0,0.0,35.3,EXCELLENT
2026-05-04 16:22:13,27.6,58.9,285.0,0.0,35.0,EXCELLENT
2026-05-04 16:22:15,27.6,58.9,286.0,0.0,35.3,EXCELLENT
2026-05-04 16:22:17,27.6,58.9,292.0,0.0,37.3,EXCELLENT
2026-05-04 16:22:19,27.6,58.8,282.0,0.0,34.0,EXCELLENT
2026-05-04 16:22:21,27.6,58.8,288.0,0.0,36.0,EXCELLENT
2026-05-04 16:22:23,27.7,58.9,289.0,0.0,36.3,EXCELLENT
2026-05-04 16:22:25,27.6,58.8,285.0,0.0,35.0,EXCELLENT
2026-05-04 16:22:27,27.6,58.8,284.0,0.0,34.7,EXCELLENT
2026-05-04 16:22:29,27.6,58.7,285.0,0.0,35.0,EXCELLENT
2026-05-04 16:22:31,27.6,58.7,274.0,0.0,31.3,EXCELLENT
2026-05-04 16:22:33,27.6,58.6,289.0,0.0,36.3,EXCELLENT
2026-05-04 16:22:35,27.7,58.6,283.0,0.0,34.3,EXCELLENT
2026-05-04 16:22:37,27.7,58.4,287.0,0.0,35.7,EXCELLENT
2026-05-04 16:22:39,27.7,58.4,289.0,0.0,36.3,EXCELLENT
2026-05-04 16:22:41,27.6,58.4,287.0,0.0,35.7,EXCELLENT
2026-05-04 16:22:43,27.7,58.2,281.0,0.0,33.7,EXCELLENT
2026-05-04 16:22:45,27.7,58.2,287.0,0.0,35.7,EXCELLENT
2026-05-04 16:22:47,27.7,58.1,283.0,0.0,34.3,EXCELLENT
2026-05-04 16:22:49,27.7,57.9,286.0,0.0,35.3,EXCELLENT
2026-05-04 16:22:51,27.7,57.9,286.0,0.0,35.3,EXCELLENT
2026-05-04 16:22:53,27.7,57.9,284.0,0.0,34.7,EXCELLENT
2026-05-04 16:22:55,27.7,57.9,278.0,0.0,32.7,EXCELLENT
2026-05-04 16:22:57,27.7,57.9,281.0,0.0,33.7,EXCELLENT
2026-05-04 16:22:59,27.7,57.8,286.0,0.0,35.3,EXCELLENT
2026-05-04 16:23:01,27.7,57.8,283.0,0.0,34.3,EXCELLENT
2026-05-04 16:23:03,27.7,57.8,289.0,0.0,36.3,EXCELLENT
2026-05-04 16:23:05,27.7,57.8,279.0,0.0,33.0,EXCELLENT
2026-05-04 16:23:07,27.7,57.8,279.0,0.0,33.0,EXCELLENT
2026-05-04 16:23:09,27.7,57.8,280.0,0.0,33.3,EXCELLENT
2026-05-04 16:23:11,27.7,57.8,287.0,0.0,35.7,EXCELLENT
2026-05-04 16:23:13,27.7,57.7,285.0,0.0,35.0,EXCELLENT
2026-05-04 16:23:15,27.7,57.8,285.0,0.0,35.0,EXCELLENT
2026-05-04 16:23:17,27.7,57.6,278.0,0.0,32.7,EXCELLENT
2026-05-04 16:23:19,27.7,57.6,283.0,0.0,34.3,EXCELLENT
2026-05-04 16:23:21,27.7,57.6,284.0,0.0,34.7,EXCELLENT
2026-05-04 16:23:23,27.7,57.4,279.0,0.0,33.0,EXCELLENT
2026-05-04 16:23:25,27.7,57.4,280.0,0.0,33.3,EXCELLENT
2026-05-04 16:23:27,27.7,57.4,286.0,0.0,35.3,EXCELLENT
2026-05-04 16:23:29,27.7,57.4,285.0,0.0,35.0,EXCELLENT
2026-05-04 16:23:31,27.7,57.4,285.0,0.0,35.0,EXCELLENT
2026-05-04 16:23:33,27.8,57.4,285.0,0.0,35.0,EXCELLENT
2026-05-04 16:23:35,27.7,57.3,286.0,0.0,35.3,EXCELLENT
2026-05-04 16:23:37,27.7,57.2,279.0,0.0,33.0,EXCELLENT
2026-05-04 16:23:39,27.8,57.1,278.0,0.0,32.7,EXCELLENT
2026-05-04 16:23:41,27.7,57.1,283.0,0.0,34.3,EXCELLENT
2026-05-04 16:23:43,27.7,57.1,278.0,0.0,32.7,EXCELLENT
2026-05-04 16:23:45,27.8,57.0,277.0,0.0,32.3,EXCELLENT
2026-05-04 16:23:47,27.7,57.0,289.0,0.0,36.3,EXCELLENT
2026-05-04 16:23:49,27.8,56.9,276.0,0.0,32.0,EXCELLENT
2026-05-04 16:23:51,27.8,56.9,284.0,0.0,34.7,EXCELLENT
2026-05-04 16:23:53,27.8,56.9,277.0,0.0,32.3,EXCELLENT
2026-05-04 16:23:55,27.8,56.9,281.0,0.0,33.7,EXCELLENT
2026-05-04 16:23:57,27.8,56.9,283.0,0.0,34.3,EXCELLENT
2026-05-04 16:23:59,27.8,56.8,283.0,0.0,34.3,EXCELLENT
2026-05-04 16:24:01,27.8,56.8,283.0,0.0,34.3,EXCELLENT
2026-05-04 16:24:03,27.8,56.7,283.0,0.0,34.3,EXCELLENT
2026-05-04 16:24:05,27.8,56.7,281.0,0.0,33.7,EXCELLENT
2026-05-04 16:24:07,27.8,56.6,278.0,0.0,32.7,EXCELLENT
2026-05-04 16:24:09,27.8,56.7,285.0,0.0,35.0,EXCELLENT
2026-05-04 16:24:11,27.8,56.7,281.0,0.0,33.7,EXCELLENT
2026-05-04 16:24:13,27.8,56.5,281.0,0.0,33.7,EXCELLENT
2026-05-04 16:24:15,27.8,56.6,272.0,0.0,30.7,EXCELLENT
2026-05-04 16:24:17,27.8,56.5,277.0,0.0,32.3,EXCELLENT
2026-05-04 16:24:19,27.8,56.5,277.0,0.0,32.3,EXCELLENT
2026-05-04 16:24:21,27.8,56.5,273.0,0.0,31.0,EXCELLENT
2026-05-04 16:24:23,27.8,56.6,277.0,0.0,32.3,EXCELLENT
2026-05-04 16:24:25,27.8,56.6,281.0,0.0,33.7,EXCELLENT
2026-05-04 16:24:27,27.8,56.5,279.0,0.0,33.0,EXCELLENT
2026-05-04 16:24:29,27.8,56.4,278.0,0.0,32.7,EXCELLENT
2026-05-04 16:24:31,27.8,56.4,273.0,0.0,31.0,EXCELLENT
2026-05-04 16:24:33,27.8,56.3,272.0,0.0,30.7,EXCELLENT
2026-05-04 16:24:35,27.8,56.2,278.0,0.0,32.7,EXCELLENT
2026-05-04 16:24:37,27.8,56.1,274.0,0.0,31.3,EXCELLENT
2026-05-04 16:24:39,27.8,56.1,275.0,0.0,31.7,EXCELLENT
2026-05-04 16:24:41,27.8,56.2,275.0,0.0,31.7,EXCELLENT
2026-05-04 16:24:43,27.8,56.1,277.0,0.0,32.3,EXCELLENT
2026-05-04 16:24:45,27.8,56.1,273.0,0.0,31.0,EXCELLENT
2026-05-04 16:24:47,27.8,56.0,275.0,0.0,31.7,EXCELLENT
2026-05-04 16:24:49,27.8,56.0,274.0,0.0,31.3,EXCELLENT
2026-05-04 16:24:51,27.8,56.0,277.0,0.0,32.3,EXCELLENT
2026-05-04 16:24:53,27.8,56.0,276.0,0.0,32.0,EXCELLENT
2026-05-04 16:24:55,27.8,56.0,273.0,0.0,31.0,EXCELLENT
2026-05-04 16:24:57,27.8,56.0,278.0,0.0,32.7,EXCELLENT
2026-05-04 16:24:59,27.8,55.9,273.0,0.0,31.0,EXCELLENT
2026-05-04 16:25:01,27.8,55.9,275.0,0.0,31.7,EXCELLENT
2026-05-04 16:25:03,27.8,55.9,272.0,0.0,30.7,EXCELLENT
2026-05-04 16:25:05,27.8,55.8,272.0,0.0,30.7,EXCELLENT
2026-05-04 16:25:07,27.8,55.8,272.0,0.0,30.7,EXCELLENT
2026-05-04 16:25:09,27.8,55.8,272.0,0.0,30.7,EXCELLENT
2026-05-04 16:25:11,27.8,55.8,279.0,0.0,33.0,EXCELLENT
2026-05-04 16:25:13,27.8,55.8,277.0,0.0,32.3,EXCELLENT
2026-05-04 16:25:15,27.8,55.7,272.0,0.0,30.7,EXCELLENT
2026-05-04 16:25:17,27.8,55.7,272.0,0.0,30.7,EXCELLENT
2026-05-04 16:25:19,27.8,55.8,272.0,0.0,30.7,EXCELLENT
2026-05-04 16:25:21,27.8,55.7,268.0,0.0,29.3,EXCELLENT
2026-05-04 16:25:23,27.8,55.7,274.0,0.0,31.3,EXCELLENT
2026-05-04 16:25:25,27.8,55.7,269.0,0.0,29.7,EXCELLENT
2026-05-04 16:25:27,27.8,55.7,272.0,0.0,30.7,EXCELLENT
2026-05-04 16:25:29,27.8,55.6,256.0,0.0,25.3,EXCELLENT
2026-05-04 16:25:31,27.8,55.5,278.0,0.0,32.7,EXCELLENT
2026-05-04 16:25:33,27.8,55.6,274.0,0.0,31.3,EXCELLENT
2026-05-04 16:25:35,27.8,55.6,274.0,0.0,31.3,EXCELLENT
2026-05-04 16:25:37,27.8,55.5,272.0,0.0,30.7,EXCELLENT
2026-05-04 16:25:39,27.8,55.4,270.0,0.0,30.0,EXCELLENT
2026-05-04 16:25:41,27.8,55.4,274.0,0.0,31.3,EXCELLENT
2026-05-04 16:25:43,27.8,55.4,272.0,0.0,30.7,EXCELLENT
2026-05-04 16:25:45,27.8,55.3,263.0,0.0,27.7,EXCELLENT
2026-05-04 16:25:47,27.8,55.3,262.0,0.0,27.3,EXCELLENT
2026-05-04 16:25:49,27.8,55.3,272.0,0.0,30.7,EXCELLENT
2026-05-04 16:25:51,27.8,55.2,276.0,0.0,32.0,EXCELLENT
2026-05-04 16:25:53,27.8,55.2,274.0,0.0,31.3,EXCELLENT
2026-05-04 16:25:55,27.8,55.3,272.0,0.0,30.7,EXCELLENT
2026-05-04 16:25:57,27.8,55.3,272.0,0.0,30.7,EXCELLENT
2026-05-04 16:25:59,27.8,55.3,260.0,0.0,26.7,EXCELLENT
2026-05-04 16:26:01,27.8,55.4,273.0,0.0,31.0,EXCELLENT
2026-05-04 16:26:03,27.8,56.4,276.0,0.0,32.0,EXCELLENT
2026-05-04 16:26:05,27.8,59.5,275.0,0.0,31.7,EXCELLENT
2026-05-04 16:26:07,27.8,57.9,269.0,0.0,29.7,EXCELLENT
2026-05-04 16:26:09,27.8,57.0,277.0,0.0,32.3,EXCELLENT
2026-05-04 16:26:11,27.8,56.7,274.0,0.0,31.3,EXCELLENT
2026-05-04 16:26:13,27.8,56.3,272.0,0.0,30.7,EXCELLENT
2026-05-04 16:26:15,27.8,55.9,272.0,0.0,30.7,EXCELLENT
2026-05-04 16:26:17,27.8,55.6,272.0,0.0,30.7,EXCELLENT
2026-05-04 16:26:19,27.8,55.5,272.0,0.0,30.7,EXCELLENT
2026-05-04 16:26:21,27.8,55.3,273.0,0.0,31.0,EXCELLENT
2026-05-04 16:26:23,27.8,55.3,279.0,0.0,33.0,EXCELLENT
2026-05-04 16:26:25,27.8,55.4,273.0,0.0,31.0,EXCELLENT
2026-05-04 16:26:27,27.8,55.1,269.0,0.0,29.7,EXCELLENT
2026-05-04 16:26:29,27.8,55.0,271.0,0.0,30.3,EXCELLENT
2026-05-04 16:26:31,27.8,55.0,272.0,0.0,30.7,EXCELLENT
2026-05-04 16:26:33,27.8,55.0,270.0,0.0,30.0,EXCELLENT
2026-05-04 16:26:35,27.8,55.0,271.0,0.0,30.3,EXCELLENT
2026-05-04 16:26:37,28.0,54.6,261.0,1.0,27.0,EXCELLENT
2026-05-04 16:26:39,28.0,54.4,265.0,1.0,28.3,EXCELLENT
2026-05-04 16:26:41,28.0,54.4,269.0,0.0,29.7,EXCELLENT
2026-05-04 16:26:43,28.0,54.4,272.0,0.0,30.7,EXCELLENT
2026-05-04 16:26:45,28.0,54.2,263.0,0.0,27.7,EXCELLENT
2026-05-04 16:26:47,28.0,54.3,272.0,0.0,30.7,EXCELLENT
2026-05-04 16:26:49,28.0,54.4,272.0,0.0,30.7,EXCELLENT
2026-05-04 16:26:51,28.0,54.3,273.0,0.0,31.0,EXCELLENT
2026-05-04 16:26:53,28.0,54.5,272.0,0.0,30.7,EXCELLENT
2026-05-04 16:26:55,28.0,54.9,272.0,0.0,30.7,EXCELLENT
2026-05-04 16:26:57,28.0,55.0,273.0,0.0,31.0,EXCELLENT
2026-05-04 16:26:59,28.0,54.7,266.0,0.0,28.7,EXCELLENT
2026-05-04 16:27:01,28.0,54.6,273.0,0.0,31.0,EXCELLENT
2026-05-04 16:27:03,28.0,54.4,272.0,0.0,30.7,EXCELLENT
2026-05-04 16:27:05,28.0,54.3,272.0,0.0,30.7,EXCELLENT
2026-05-04 16:27:07,28.0,54.2,274.0,0.0,31.3,EXCELLENT
2026-05-04 16:27:09,28.0,54.2,273.0,0.0,31.0,EXCELLENT
2026-05-04 16:27:11,28.0,54.1,272.0,0.0,30.7,EXCELLENT
2026-05-04 16:27:13,28.0,54.0,274.0,0.0,31.3,EXCELLENT
2026-05-04 16:27:15,28.0,54.0,261.0,0.0,27.0,EXCELLENT
2026-05-04 16:27:17,28.0,54.0,272.0,0.0,30.7,EXCELLENT
2026-05-04 16:27:19,28.0,54.0,273.0,0.0,31.0,EXCELLENT
2026-05-04 16:27:21,28.0,54.0,267.0,0.0,29.0,EXCELLENT
2026-05-04 16:27:23,28.0,54.0,259.0,0.0,26.3,EXCELLENT
2026-05-04 16:27:25,28.0,54.0,272.0,0.0,30.7,EXCELLENT
2026-05-04 16:27:27,27.9,54.0,269.0,0.0,29.7,EXCELLENT
2026-05-04 16:27:29,28.0,54.0,262.0,0.0,27.3,EXCELLENT
2026-05-04 16:27:31,27.9,54.2,268.0,0.0,29.3,EXCELLENT
2026-05-04 16:27:33,27.9,54.2,271.0,0.0,30.3,EXCELLENT
2026-05-04 16:27:35,27.9,54.1,271.0,0.0,30.3,EXCELLENT
2026-05-04 16:27:37,27.9,54.0,269.0,0.0,29.7,EXCELLENT
2026-05-04 16:27:39,27.9,54.1,271.0,0.0,30.3,EXCELLENT
2026-05-04 16:27:41,27.9,54.1,270.0,0.0,30.0,EXCELLENT
2026-05-04 16:27:43,27.9,54.1,271.0,0.0,30.3,EXCELLENT
2026-05-04 16:27:45,27.9,54.2,262.0,0.0,27.3,EXCELLENT
2026-05-04 16:27:47,27.9,54.0,272.0,0.0,30.7,EXCELLENT
2026-05-04 16:27:49,27.8,54.2,262.0,0.0,27.3,EXCELLENT
2026-05-04 16:27:51,27.9,54.0,267.0,0.0,29.0,EXCELLENT
2026-05-04 16:27:53,27.8,53.9,272.0,0.0,30.7,EXCELLENT
2026-05-04 16:27:55,27.9,53.9,273.0,0.0,31.0,EXCELLENT
2026-05-04 16:27:57,27.8,54.0,269.0,0.0,29.7,EXCELLENT
2026-05-04 16:27:59,27.8,54.0,261.0,0.0,27.0,EXCELLENT
2026-05-04 16:28:01,27.8,54.1,265.0,0.0,28.3,EXCELLENT
2026-05-04 16:28:03,27.8,54.1,272.0,0.0,30.7,EXCELLENT
2026-05-04 16:28:05,27.8,54.1,272.0,0.0,30.7,EXCELLENT
2026-05-04 16:28:07,27.8,54.1,268.0,0.0,29.3,EXCELLENT
2026-05-04 16:28:09,27.8,54.0,272.0,0.0,30.7,EXCELLENT
2026-05-04 16:28:11,27.8,54.0,263.0,0.0,27.7,EXCELLENT
2026-05-04 16:28:13,27.8,54.0,266.0,0.0,28.7,EXCELLENT
2026-05-04 16:28:15,27.8,54.1,263.0,0.0,27.7,EXCELLENT
2026-05-04 16:28:17,27.8,54.1,272.0,0.0,30.7,EXCELLENT
2026-05-04 16:28:19,27.8,54.1,272.0,0.0,30.7,EXCELLENT
2026-05-04 16:28:21,27.7,54.2,262.0,0.0,27.3,EXCELLENT
2026-05-04 16:28:23,27.8,54.2,272.0,0.0,30.7,EXCELLENT
2026-05-04 16:28:25,27.8,54.1,271.0,0.0,30.3,EXCELLENT
2026-05-04 16:28:27,27.7,54.1,263.0,0.0,27.7,EXCELLENT
2026-05-04 16:28:29,27.7,54.0,272.0,0.0,30.7,EXCELLENT
2026-05-04 16:28:31,27.7,54.0,263.0,0.0,27.7,EXCELLENT
2026-05-04 16:28:33,27.7,54.0,269.0,0.0,29.7,EXCELLENT
2026-05-04 16:28:35,27.7,54.1,266.0,0.0,28.7,EXCELLENT
2026-05-04 16:28:37,27.7,54.0,265.0,0.0,28.3,EXCELLENT
2026-05-04 16:28:39,27.7,54.1,271.0,0.0,30.3,EXCELLENT
2026-05-04 16:28:41,27.7,54.0,269.0,0.0,29.7,EXCELLENT
2026-05-04 16:28:43,27.7,54.0,272.0,0.0,30.7,EXCELLENT
2026-05-04 16:28:45,27.7,54.0,265.0,0.0,28.3,EXCELLENT
2026-05-04 16:28:47,27.7,54.0,266.0,0.0,28.7,EXCELLENT
2026-05-04 16:28:49,27.7,54.0,263.0,0.0,27.7,EXCELLENT
2026-05-04 16:28:51,27.7,54.0,272.0,0.0,30.7,EXCELLENT
2026-05-04 16:28:53,27.7,53.9,270.0,0.0,30.0,EXCELLENT
2026-05-04 16:28:55,27.7,53.7,265.0,0.0,28.3,EXCELLENT
2026-05-04 16:28:57,27.7,53.9,268.0,0.0,29.3,EXCELLENT
2026-05-04 16:28:59,27.7,53.9,271.0,0.0,30.3,EXCELLENT
2026-05-04 16:29:01,27.7,53.9,266.0,0.0,28.7,EXCELLENT
2026-05-04 16:29:03,27.7,54.0,270.0,0.0,30.0,EXCELLENT
2026-05-04 16:29:05,27.7,53.9,269.0,0.0,29.7,EXCELLENT
2026-05-04 16:29:07,27.7,53.9,257.0,0.0,25.7,EXCELLENT
2026-05-04 16:29:09,27.7,53.8,265.0,0.0,28.3,EXCELLENT
2026-05-04 16:29:11,27.6,54.0,272.0,0.0,30.7,EXCELLENT
2026-05-04 16:29:13,27.6,54.1,264.0,0.0,28.0,EXCELLENT
2026-05-04 16:29:15,27.6,54.0,267.0,0.0,29.0,EXCELLENT
2026-05-04 16:29:17,27.7,53.8,262.0,0.0,27.3,EXCELLENT
2026-05-04 16:29:19,27.6,53.7,265.0,0.0,28.3,EXCELLENT
2026-05-04 16:29:21,27.6,53.8,268.0,0.0,29.3,EXCELLENT
2026-05-04 16:29:23,27.6,53.8,268.0,0.0,29.3,EXCELLENT
2026-05-04 16:29:25,27.6,53.8,258.0,0.0,26.0,EXCELLENT
2026-05-04 16:29:27,27.6,53.8,261.0,0.0,27.0,EXCELLENT
2026-05-04 16:29:29,27.6,53.9,261.0,0.0,27.0,EXCELLENT
2026-05-04 16:29:31,27.6,53.8,269.0,0.0,29.7,EXCELLENT
2026-05-04 16:29:33,27.6,53.8,272.0,0.0,30.7,EXCELLENT
2026-05-04 16:29:35,27.6,53.7,261.0,0.0,27.0,EXCELLENT
2026-05-04 16:29:37,27.6,53.6,263.0,0.0,27.7,EXCELLENT
2026-05-04 16:29:39,27.6,53.8,265.0,0.0,28.3,EXCELLENT
2026-05-04 16:29:41,27.5,53.8,256.0,0.0,25.3,EXCELLENT
2026-05-04 16:29:43,27.5,53.7,268.0,0.0,29.3,EXCELLENT
2026-05-04 16:29:45,27.6,53.8,269.0,0.0,29.7,EXCELLENT
2026-05-04 16:29:47,27.6,53.9,261.0,0.0,27.0,EXCELLENT
2026-05-04 16:29:49,27.5,53.8,263.0,0.0,27.7,EXCELLENT
2026-05-04 16:29:51,27.6,53.7,262.0,0.0,27.3,EXCELLENT
2026-05-04 16:29:53,27.5,53.7,267.0,0.0,29.0,EXCELLENT
2026-05-04 16:29:55,27.5,53.7,263.0,0.0,27.7,EXCELLENT
2026-05-04 16:29:57,27.5,53.8,265.0,0.0,28.3,EXCELLENT
2026-05-04 16:29:59,27.5,53.8,258.0,0.0,26.0,EXCELLENT
2026-05-04 16:30:01,27.5,53.8,261.0,0.0,27.0,EXCELLENT
2026-05-04 16:30:03,27.5,53.7,259.0,0.0,26.3,EXCELLENT
2026-05-04 16:30:05,27.5,53.7,266.0,0.0,28.7,EXCELLENT
2026-05-04 16:30:07,27.5,53.7,256.0,0.0,25.3,EXCELLENT
2026-05-04 16:30:09,27.5,53.8,260.0,0.0,26.7,EXCELLENT
2026-05-04 16:30:11,27.5,53.8,261.0,0.0,27.0,EXCELLENT
2026-05-04 16:30:13,27.5,53.7,256.0,0.0,25.3,EXCELLENT
2026-05-04 16:30:15,27.5,53.7,261.0,0.0,27.0,EXCELLENT
2026-05-04 16:30:17,27.5,53.7,255.0,0.0,25.0,EXCELLENT
2026-05-04 16:30:19,27.5,53.7,266.0,0.0,28.7,EXCELLENT
2026-05-04 16:30:21,27.5,53.6,265.0,0.0,28.3,EXCELLENT
2026-05-04 16:30:23,27.5,53.6,264.0,0.0,28.0,EXCELLENT
2026-05-04 16:30:25,27.5,53.6,268.0,0.0,29.3,EXCELLENT
2026-05-04 16:30:27,27.5,53.6,262.0,0.0,27.3,EXCELLENT
2026-05-04 16:30:29,27.4,53.6,263.0,0.0,27.7,EXCELLENT
2026-05-04 16:30:31,27.5,53.6,258.0,0.0,26.0,EXCELLENT
2026-05-04 16:30:33,27.5,53.7,257.0,0.0,25.7,EXCELLENT
2026-05-04 16:30:35,27.4,53.6,265.0,0.0,28.3,EXCELLENT
2026-05-04 16:30:37,27.5,53.6,261.0,0.0,27.0,EXCELLENT
2026-05-04 16:30:39,27.4,53.6,253.0,0.0,24.3,EXCELLENT
2026-05-04 16:30:41,27.5,53.5,267.0,0.0,29.0,EXCELLENT
2026-05-04 16:30:43,27.5,53.5,259.0,0.0,26.3,EXCELLENT
2026-05-04 16:30:45,27.5,53.6,260.0,0.0,26.7,EXCELLENT
2026-05-04 16:30:47,27.5,53.5,259.0,0.0,26.3,EXCELLENT
2026-05-04 16:30:49,27.4,53.6,259.0,0.0,26.3,EXCELLENT
2026-05-04 16:30:51,27.4,53.6,264.0,0.0,28.0,EXCELLENT
2026-05-04 16:30:53,27.4,53.5,267.0,0.0,29.0,EXCELLENT
2026-05-04 16:30:55,27.5,53.6,259.0,0.0,26.3,EXCELLENT
2026-05-04 16:30:57,27.4,53.6,266.0,0.0,28.7,EXCELLENT
2026-05-04 16:30:59,27.4,53.6,260.0,0.0,26.7,EXCELLENT
2026-05-04 16:31:01,27.4,53.7,258.0,0.0,26.0,EXCELLENT
2026-05-04 16:31:03,27.4,53.6,258.0,0.0,26.0,EXCELLENT
2026-05-04 16:31:05,27.4,53.6,256.0,0.0,25.3,EXCELLENT
2026-05-04 16:31:08,27.4,53.6,264.0,0.0,28.0,EXCELLENT
2026-05-04 16:31:10,27.4,53.6,261.0,0.0,27.0,EXCELLENT
2026-05-04 16:31:12,27.4,53.5,259.0,0.0,26.3,EXCELLENT
2026-05-04 16:31:13,27.4,53.5,262.0,0.0,27.3,EXCELLENT
2026-05-04 16:31:15,27.4,53.5,262.0,0.0,27.3,EXCELLENT
2026-05-04 16:31:17,27.4,53.4,263.0,0.0,27.7,EXCELLENT
2026-05-04 16:31:20,27.4,53.5,266.0,0.0,28.7,EXCELLENT
2026-05-04 16:31:22,27.4,53.3,262.0,0.0,27.3,EXCELLENT
2026-05-04 16:31:24,27.4,53.4,260.0,0.0,26.7,EXCELLENT
2026-05-04 16:31:26,27.4,53.4,262.0,0.0,27.3,EXCELLENT
2026-05-04 16:31:28,27.4,53.4,253.0,0.0,24.3,EXCELLENT
2026-05-04 16:31:29,27.4,53.3,262.0,0.0,27.3,EXCELLENT
2026-05-04 16:31:31,27.4,53.3,250.0,0.0,23.3,EXCELLENT
2026-05-04 16:31:33,27.4,53.3,260.0,0.0,26.7,EXCELLENT
2026-05-04 16:31:36,27.4,53.3,258.0,0.0,26.0,EXCELLENT
2026-05-04 16:31:38,27.4,53.2,257.0,0.0,25.7,EXCELLENT
2026-05-04 16:31:40,27.4,53.3,261.0,0.0,27.0,EXCELLENT
2026-05-04 16:31:41,27.4,53.2,263.0,0.0,27.7,EXCELLENT
2026-05-04 16:31:43,27.4,53.2,264.0,0.0,28.0,EXCELLENT
2026-05-04 16:31:45,27.4,53.3,258.0,0.0,26.0,EXCELLENT
2026-05-04 16:31:48,27.4,53.2,264.0,0.0,28.0,EXCELLENT
2026-05-04 16:31:50,27.4,53.1,256.0,0.0,25.3,EXCELLENT
2026-05-04 16:31:52,27.4,53.1,256.0,0.0,25.3,EXCELLENT
2026-05-04 16:31:54,27.4,53.1,266.0,0.0,28.7,EXCELLENT
2026-05-04 16:31:56,27.4,53.2,261.0,0.0,27.0,EXCELLENT
2026-05-04 16:31:58,27.4,53.2,258.0,0.0,26.0,EXCELLENT
2026-05-04 16:32:00,27.4,53.1,257.0,0.0,25.7,EXCELLENT
2026-05-04 16:32:02,27.4,53.2,262.0,0.0,27.3,EXCELLENT
2026-05-04 16:32:04,27.4,53.3,265.0,0.0,28.3,EXCELLENT
2026-05-04 16:32:06,27.4,53.2,257.0,0.0,25.7,EXCELLENT
2026-05-04 16:32:08,27.4,53.2,262.0,0.0,27.3,EXCELLENT
2026-05-04 16:32:10,27.4,53.1,258.0,0.0,26.0,EXCELLENT
2026-05-04 16:32:12,27.4,53.0,261.0,0.0,27.0,EXCELLENT
2026-05-04 16:32:14,27.4,53.1,261.0,0.0,27.0,EXCELLENT
2026-05-04 16:32:17,27.3,53.1,256.0,0.0,25.3,EXCELLENT
2026-05-04 16:32:18,27.4,53.1,262.0,0.0,27.3,EXCELLENT
2026-05-04 16:32:20,27.4,53.0,260.0,0.0,26.7,EXCELLENT
2026-05-04 16:32:22,27.3,53.1,257.0,0.0,25.7,EXCELLENT
2026-05-04 16:32:24,27.3,53.2,262.0,0.0,27.3,EXCELLENT
2026-05-04 16:32:26,27.3,53.0,256.0,0.0,25.3,EXCELLENT
2026-05-04 16:32:28,27.4,53.0,262.0,0.0,27.3,EXCELLENT
2026-05-04 16:32:30,27.3,53.1,260.0,0.0,26.7,EXCELLENT
2026-05-04 16:32:32,27.3,53.1,259.0,0.0,26.3,EXCELLENT
2026-05-04 16:32:34,27.3,53.1,255.0,0.0,25.0,EXCELLENT
2026-05-04 16:32:36,27.3,53.1,261.0,0.0,27.0,EXCELLENT
2026-05-04 16:32:38,27.3,53.2,260.0,0.0,26.7,EXCELLENT
2026-05-04 16:32:40,27.3,53.0,258.0,0.0,26.0,EXCELLENT
2026-05-04 16:32:42,27.3,53.1,251.0,0.0,23.7,EXCELLENT
2026-05-04 16:32:44,27.3,53.1,256.0,0.0,25.3,EXCELLENT
2026-05-04 16:32:46,27.3,53.0,257.0,0.0,25.7,EXCELLENT
2026-05-04 16:32:48,27.3,53.1,259.0,0.0,26.3,EXCELLENT
2026-05-04 16:32:50,27.3,53.1,257.0,0.0,25.7,EXCELLENT
2026-05-04 16:32:51,27.3,53.2,264.0,0.0,28.0,EXCELLENT
2026-05-04 16:32:53,27.3,53.2,260.0,0.0,26.7,EXCELLENT
2026-05-04 16:32:56,27.3,53.1,263.0,0.0,27.7,EXCELLENT
2026-05-04 16:32:58,27.3,53.1,254.0,0.0,24.7,EXCELLENT
2026-05-04 16:33:00,27.3,53.0,261.0,0.0,27.0,EXCELLENT
2026-05-04 16:33:02,27.3,53.1,257.0,0.0,25.7,EXCELLENT
2026-05-04 16:33:04,27.3,52.9,258.0,0.0,26.0,EXCELLENT
2026-05-04 16:33:06,27.3,52.9,258.0,0.0,26.0,EXCELLENT
2026-05-04 16:33:09,27.3,53.0,256.0,0.0,25.3,EXCELLENT
2026-05-04 16:33:10,27.3,52.9,256.0,0.0,25.3,EXCELLENT
2026-05-04 16:33:12,27.3,52.9,256.0,0.0,25.3,EXCELLENT
2026-05-04 16:33:13,27.3,52.4,260.0,0.0,26.7,EXCELLENT
2026-05-04 16:33:16,27.3,52.8,256.0,0.0,25.3,EXCELLENT
2026-05-04 16:33:18,27.3,52.4,256.0,0.0,25.3,EXCELLENT
2026-05-04 16:33:20,27.3,52.8,261.0,0.0,27.0,EXCELLENT
2026-05-04 16:33:21,27.3,52.8,256.0,0.0,25.3,EXCELLENT
2026-05-04 16:33:24,27.3,52.9,257.0,0.0,25.7,EXCELLENT
2026-05-04 16:33:26,27.3,52.3,262.0,0.0,27.3,EXCELLENT
2026-05-04 16:33:28,27.3,52.8,260.0,0.0,26.7,EXCELLENT
2026-05-04 16:33:30,27.3,52.4,244.0,0.0,21.3,EXCELLENT
2026-05-04 16:33:32,27.3,52.8,258.0,0.0,26.0,EXCELLENT
2026-05-04 16:33:34,27.3,52.9,261.0,0.0,27.0,EXCELLENT
2026-05-04 16:33:36,27.3,52.5,259.0,0.0,26.3,EXCELLENT
2026-05-04 16:33:38,27.3,53.1,259.0,0.0,26.3,EXCELLENT
2026-05-04 16:33:40,27.3,52.6,260.0,0.0,26.7,EXCELLENT
2026-05-04 16:33:42,27.3,52.7,261.0,0.0,27.0,EXCELLENT
2026-05-04 16:33:44,27.3,52.8,254.0,0.0,24.7,EXCELLENT
2026-05-04 16:33:46,27.3,52.8,259.0,0.0,26.3,EXCELLENT
2026-05-04 16:33:48,27.2,52.9,259.0,0.0,26.3,EXCELLENT
2026-05-04 16:33:50,27.3,52.9,258.0,0.0,26.0,EXCELLENT
2026-05-04 16:33:52,27.3,53.0,258.0,0.0,26.0,EXCELLENT
2026-05-04 16:33:54,27.3,53.0,263.0,0.0,27.7,EXCELLENT
2026-05-04 16:33:56,27.2,53.0,259.0,0.0,26.3,EXCELLENT
2026-05-04 16:33:58,27.2,53.0,258.0,0.0,26.0,EXCELLENT
2026-05-04 16:34:01,27.3,53.1,258.0,0.0,26.0,EXCELLENT
2026-05-04 16:34:02,27.2,53.0,257.0,0.0,25.7,EXCELLENT
2026-05-04 16:34:04,27.3,53.0,262.0,0.0,27.3,EXCELLENT
2026-05-04 16:34:06,27.3,53.0,257.0,0.0,25.7,EXCELLENT
2026-05-04 16:34:08,27.2,53.0,262.0,0.0,27.3,EXCELLENT
2026-05-04 16:34:10,27.2,53.0,261.0,0.0,27.0,EXCELLENT
2026-05-04 16:34:12,27.2,53.0,262.0,0.0,27.3,EXCELLENT
2026-05-04 16:34:14,27.3,53.0,255.0,0.0,25.0,EXCELLENT
2026-05-04 16:34:16,27.3,53.1,257.0,0.0,25.7,EXCELLENT
2026-05-04 16:34:18,27.2,53.0,250.0,0.0,23.3,EXCELLENT
2026-05-04 16:34:20,27.2,53.0,262.0,0.0,27.3,EXCELLENT
2026-05-04 16:34:22,27.3,53.0,258.0,0.0,26.0,EXCELLENT
2026-05-04 16:34:24,27.2,52.9,261.0,0.0,27.0,EXCELLENT
2026-05-04 16:34:26,27.2,52.9,256.0,0.0,25.3,EXCELLENT
2026-05-04 16:34:28,27.2,52.9,263.0,0.0,27.7,EXCELLENT
2026-05-04 16:34:30,27.2,52.9,256.0,0.0,25.3,EXCELLENT
2026-05-04 16:34:32,27.2,52.9,262.0,0.0,27.3,EXCELLENT
2026-05-04 16:34:34,27.2,53.0,256.0,0.0,25.3,EXCELLENT
2026-05-04 16:34:36,27.2,52.9,259.0,0.0,26.3,EXCELLENT
2026-05-04 16:34:38,27.3,52.9,256.0,0.0,25.3,EXCELLENT
2026-05-04 16:34:40,27.2,53.0,254.0,0.0,24.7,EXCELLENT
2026-05-04 16:34:42,27.2,52.9,256.0,0.0,25.3,EXCELLENT
2026-05-04 16:34:44,27.2,53.0,260.0,0.0,26.7,EXCELLENT
2026-05-04 16:34:46,27.2,52.9,262.0,0.0,27.3,EXCELLENT
2026-05-04 16:34:48,27.2,53.0,258.0,0.0,26.0,EXCELLENT
2026-05-04 16:34:50,27.2,53.0,256.0,0.0,25.3,EXCELLENT
2026-05-04 16:34:52,27.2,52.9,261.0,0.0,27.0,EXCELLENT
2026-05-04 16:34:54,27.2,52.9,259.0,0.0,26.3,EXCELLENT
2026-05-04 16:34:56,27.2,52.9,263.0,0.0,27.7,EXCELLENT
2026-05-04 16:34:58,27.2,52.8,258.0,0.0,26.0,EXCELLENT
2026-05-04 16:35:00,27.2,52.8,252.0,0.0,24.0,EXCELLENT
2026-05-04 16:35:02,27.2,52.8,261.0,0.0,27.0,EXCELLENT
2026-05-04 16:35:04,27.2,52.8,258.0,0.0,26.0,EXCELLENT
2026-05-04 16:35:06,27.2,52.8,250.0,0.0,23.3,EXCELLENT
2026-05-04 16:35:08,27.2,52.8,261.0,0.0,27.0,EXCELLENT
2026-05-04 16:35:10,27.2,52.9,259.0,0.0,26.3,EXCELLENT
2026-05-04 16:35:12,27.2,52.8,261.0,0.0,27.0,EXCELLENT
2026-05-04 16:35:14,27.2,52.8,256.0,0.0,25.3,EXCELLENT
2026-05-04 16:35:16,27.2,52.8,256.0,0.0,25.3,EXCELLENT
2026-05-04 16:35:18,27.2,52.8,256.0,0.0,25.3,EXCELLENT
2026-05-04 16:35:20,27.2,52.7,261.0,0.0,27.0,EXCELLENT
2026-05-04 16:35:22,27.2,52.7,257.0,0.0,25.7,EXCELLENT
2026-05-04 16:35:24,27.2,52.6,256.0,0.0,25.3,EXCELLENT
2026-05-04 16:35:26,27.2,52.7,252.0,0.0,24.0,EXCELLENT
2026-05-04 16:35:28,27.2,52.7,256.0,0.0,25.3,EXCELLENT
2026-05-04 16:35:30,27.2,52.7,260.0,0.0,26.7,EXCELLENT
2026-05-04 16:35:32,27.2,52.7,247.0,0.0,22.3,EXCELLENT
2026-05-04 16:35:34,27.2,52.6,259.0,0.0,26.3,EXCELLENT
2026-05-04 16:35:36,27.2,52.6,261.0,0.0,27.0,EXCELLENT
2026-05-04 16:35:38,27.2,52.6,261.0,0.0,27.0,EXCELLENT
2026-05-04 16:35:40,27.2,52.5,261.0,0.0,27.0,EXCELLENT
2026-05-04 16:35:42,27.2,52.6,261.0,0.0,27.0,EXCELLENT
2026-05-04 16:35:44,27.2,52.6,263.0,0.0,27.7,EXCELLENT
2026-05-04 16:35:46,27.2,52.6,261.0,0.0,27.0,EXCELLENT
2026-05-04 16:35:48,27.2,52.5,253.0,0.0,24.3,EXCELLENT
2026-05-04 16:35:50,27.2,52.6,252.0,0.0,24.0,EXCELLENT
2026-05-04 16:35:52,27.2,52.5,257.0,0.0,25.7,EXCELLENT
2026-05-04 16:35:54,27.2,52.6,251.0,0.0,23.7,EXCELLENT
2026-05-04 16:35:56,27.2,52.6,257.0,0.0,25.7,EXCELLENT
2026-05-04 16:35:58,27.2,52.5,252.0,0.0,24.0,EXCELLENT
2026-05-04 16:36:00,27.2,52.6,260.0,0.0,26.7,EXCELLENT
2026-05-04 16:36:02,27.2,52.6,249.0,0.0,23.0,EXCELLENT
2026-05-04 16:36:04,27.2,52.5,253.0,0.0,24.3,EXCELLENT
2026-05-04 16:36:06,27.2,52.5,256.0,0.0,25.3,EXCELLENT
2026-05-04 16:36:08,27.2,52.6,263.0,0.0,27.7,EXCELLENT
2026-05-04 16:36:10,27.2,52.5,256.0,0.0,25.3,EXCELLENT
2026-05-04 16:36:12,27.2,52.7,260.0,0.0,26.7,EXCELLENT
2026-05-04 16:36:14,27.2,52.6,245.0,0.0,21.7,EXCELLENT
2026-05-04 16:36:16,27.2,52.6,257.0,0.0,25.7,EXCELLENT
2026-05-04 16:36:18,27.2,52.6,252.0,0.0,24.0,EXCELLENT
2026-05-04 16:36:20,27.2,52.6,249.0,0.0,23.0,EXCELLENT
2026-05-04 16:36:22,27.2,52.6,256.0,0.0,25.3,EXCELLENT
2026-05-04 16:36:24,27.2,52.6,262.0,0.0,27.3,EXCELLENT
2026-05-04 16:36:26,27.2,52.5,261.0,0.0,27.0,EXCELLENT
2026-05-04 16:36:28,27.2,52.4,258.0,0.0,26.0,EXCELLENT
2026-05-04 16:36:30,27.2,52.5,255.0,0.0,25.0,EXCELLENT
2026-05-04 16:36:32,27.2,52.5,261.0,0.0,27.0,EXCELLENT
2026-05-04 16:36:34,27.2,52.5,262.0,0.0,27.3,EXCELLENT
2026-05-04 16:36:36,27.2,52.5,254.0,0.0,24.7,EXCELLENT
2026-05-04 16:36:38,27.2,52.5,258.0,0.0,26.0,EXCELLENT
2026-05-04 16:36:40,27.2,52.4,262.0,0.0,27.3,EXCELLENT
2026-05-04 16:36:42,27.2,52.4,258.0,0.0,26.0,EXCELLENT
2026-05-04 16:36:44,27.2,52.5,262.0,0.0,27.3,EXCELLENT
2026-05-04 16:36:46,27.2,52.4,256.0,0.0,25.3,EXCELLENT
2026-05-04 16:36:48,27.2,52.4,257.0,0.0,25.7,EXCELLENT
2026-05-04 16:36:50,27.2,52.4,259.0,0.0,26.3,EXCELLENT
2026-05-04 16:36:52,27.2,52.5,256.0,0.0,25.3,EXCELLENT
2026-05-04 16:36:54,27.2,52.4,257.0,0.0,25.7,EXCELLENT
2026-05-04 16:36:56,27.2,52.4,262.0,0.0,27.3,EXCELLENT
2026-05-04 16:36:58,27.2,52.4,257.0,0.0,25.7,EXCELLENT
2026-05-04 16:37:00,27.2,52.4,257.0,0.0,25.7,EXCELLENT
2026-05-04 16:37:02,27.2,52.4,256.0,0.0,25.3,EXCELLENT
2026-05-04 16:37:04,27.2,52.2,249.0,0.0,23.0,EXCELLENT
2026-05-04 16:37:06,27.2,52.3,262.0,0.0,27.3,EXCELLENT
2026-05-04 16:37:08,27.2,52.3,256.0,0.0,25.3,EXCELLENT
2026-05-04 16:37:10,27.2,52.3,257.0,0.0,25.7,EXCELLENT
2026-05-04 16:37:12,27.2,52.4,256.0,0.0,25.3,EXCELLENT
2026-05-04 16:37:14,27.2,52.3,252.0,0.0,24.0,EXCELLENT
2026-05-04 16:37:16,27.2,52.4,253.0,0.0,24.3,EXCELLENT
2026-05-04 16:37:18,27.2,52.3,257.0,0.0,25.7,EXCELLENT
2026-05-04 16:37:20,27.2,52.2,263.0,0.0,27.7,EXCELLENT
2026-05-04 16:37:22,27.2,52.2,253.0,0.0,24.3,EXCELLENT
2026-05-04 16:37:24,27.2,52.2,256.0,0.0,25.3,EXCELLENT
2026-05-04 16:37:26,27.2,52.3,257.0,0.0,25.7,EXCELLENT
2026-05-04 16:37:28,27.2,52.3,260.0,0.0,26.7,EXCELLENT
2026-05-04 16:37:30,27.2,52.3,255.0,0.0,25.0,EXCELLENT
2026-05-04 16:37:32,27.2,52.3,258.0,0.0,26.0,EXCELLENT
2026-05-04 16:37:34,27.2,52.3,263.0,0.0,27.7,EXCELLENT
2026-05-04 16:37:36,27.2,52.3,256.0,0.0,25.3,EXCELLENT
2026-05-04 16:37:38,27.2,52.2,259.0,0.0,26.3,EXCELLENT
2026-05-04 16:37:40,27.2,52.2,257.0,0.0,25.7,EXCELLENT
2026-05-04 16:37:42,27.2,52.2,252.0,0.0,24.0,EXCELLENT
2026-05-04 16:37:44,27.2,52.2,254.0,0.0,24.7,EXCELLENT
2026-05-04 16:37:46,27.1,52.3,254.0,0.0,24.7,EXCELLENT
2026-05-04 16:37:48,27.2,52.2,254.0,0.0,24.7,EXCELLENT
2026-05-04 16:37:50,27.2,52.2,256.0,0.0,25.3,EXCELLENT
2026-05-04 16:37:52,27.2,52.1,257.0,0.0,25.7,EXCELLENT
2026-05-04 16:37:54,27.2,52.2,254.0,0.0,24.7,EXCELLENT
2026-05-04 16:37:56,27.2,52.2,248.0,0.0,22.7,EXCELLENT
2026-05-04 16:37:58,27.2,52.1,250.0,0.0,23.3,EXCELLENT
2026-05-04 16:38:00,27.1,52.1,257.0,0.0,25.7,EXCELLENT
2026-05-04 16:38:02,27.2,52.2,257.0,0.0,25.7,EXCELLENT
2026-05-04 16:38:04,27.2,52.1,252.0,0.0,24.0,EXCELLENT
2026-05-04 16:38:06,27.2,52.1,257.0,0.0,25.7,EXCELLENT
2026-05-04 16:38:08,27.2,52.2,256.0,0.0,25.3,EXCELLENT
2026-05-04 16:38:10,27.1,52.2,256.0,0.0,25.3,EXCELLENT
2026-05-04 16:38:12,27.2,52.1,256.0,0.0,25.3,EXCELLENT
2026-05-04 16:38:14,27.2,52.1,250.0,0.0,23.3,EXCELLENT
2026-05-04 16:38:16,27.2,52.1,258.0,0.0,26.0,EXCELLENT
2026-05-04 16:38:18,27.1,52.1,258.0,0.0,26.0,EXCELLENT
2026-05-04 16:38:20,27.2,52.1,250.0,0.0,23.3,EXCELLENT
2026-05-04 16:38:22,27.1,52.2,245.0,0.0,21.7,EXCELLENT
2026-05-04 16:38:24,27.1,52.3,256.0,0.0,25.3,EXCELLENT
2026-05-04 16:38:26,27.1,52.4,252.0,0.0,24.0,EXCELLENT
2026-05-04 16:38:28,27.1,52.4,257.0,0.0,25.7,EXCELLENT
2026-05-04 16:38:30,27.1,52.5,257.0,0.0,25.7,EXCELLENT
2026-05-04 16:38:32,27.2,52.5,256.0,0.0,25.3,EXCELLENT
2026-05-04 16:38:34,27.1,52.6,261.0,0.0,27.0,EXCELLENT
2026-05-04 16:38:36,27.1,52.7,258.0,0.0,26.0,EXCELLENT
2026-05-04 16:38:38,27.2,52.8,254.0,0.0,24.7,EXCELLENT
2026-05-04 16:38:40,27.1,52.8,255.0,0.0,25.0,EXCELLENT
2026-05-04 16:38:42,27.2,53.0,257.0,0.0,25.7,EXCELLENT
2026-05-04 16:38:44,27.1,53.0,261.0,0.0,27.0,EXCELLENT
2026-05-04 16:38:46,27.1,53.1,253.0,0.0,24.3,EXCELLENT
2026-05-04 16:38:48,27.1,53.3,258.0,0.0,26.0,EXCELLENT
2026-05-04 16:38:50,27.1,53.3,256.0,0.0,25.3,EXCELLENT
2026-05-04 16:38:52,27.1,53.7,256.0,0.0,25.3,EXCELLENT
2026-05-04 16:38:54,27.1,53.9,263.0,0.0,27.7,EXCELLENT
2026-05-04 16:38:56,27.1,54.1,256.0,0.0,25.3,EXCELLENT
2026-05-04 16:38:58,27.1,54.4,254.0,0.0,24.7,EXCELLENT
2026-05-04 16:39:00,27.2,54.4,257.0,0.0,25.7,EXCELLENT
2026-05-04 16:39:02,27.1,54.7,259.0,0.0,26.3,EXCELLENT
2026-05-04 16:39:04,27.2,54.8,253.0,0.0,24.3,EXCELLENT
2026-05-04 16:39:06,27.1,54.9,256.0,0.0,25.3,EXCELLENT
2026-05-04 16:39:08,27.1,54.9,256.0,0.0,25.3,EXCELLENT
2026-05-04 16:39:10,27.1,54.9,243.0,0.0,21.0,EXCELLENT
2026-05-04 16:39:12,27.2,54.8,261.0,0.0,27.0,EXCELLENT
2026-05-04 16:39:14,27.1,55.1,253.0,0.0,24.3,EXCELLENT
2026-05-04 16:39:16,27.1,55.2,262.0,0.0,27.3,EXCELLENT
2026-05-04 16:39:18,27.1,55.3,257.0,0.0,25.7,EXCELLENT
2026-05-04 16:39:20,27.1,55.4,260.0,0.0,26.7,EXCELLENT
2026-05-04 16:39:22,27.1,55.5,259.0,0.0,26.3,EXCELLENT
2026-05-04 16:39:24,27.1,55.6,257.0,0.0,25.7,EXCELLENT
2026-05-04 16:39:26,27.1,55.5,278.0,0.0,32.7,EXCELLENT
2026-05-04 16:39:28,27.1,56.5,273.0,0.0,31.0,EXCELLENT
2026-05-04 16:39:30,27.1,56.3,279.0,0.0,33.0,EXCELLENT
2026-05-04 16:39:32,27.1,56.1,273.0,0.0,31.0,EXCELLENT
2026-05-04 16:39:34,27.1,55.9,275.0,0.0,31.7,EXCELLENT
2026-05-04 16:39:36,27.1,55.8,277.0,0.0,32.3,EXCELLENT
2026-05-04 16:39:38,27.1,55.8,279.0,0.0,33.0,EXCELLENT
2026-05-04 16:39:40,27.1,55.8,272.0,0.0,30.7,EXCELLENT
2026-05-04 16:39:42,27.1,55.8,279.0,0.0,33.0,EXCELLENT
2026-05-04 16:39:44,27.1,55.8,282.0,0.0,34.0,EXCELLENT
2026-05-04 16:39:46,27.1,55.9,279.0,0.0,33.0,EXCELLENT
2026-05-04 16:39:48,27.1,55.9,279.0,0.0,33.0,EXCELLENT
2026-05-04 16:39:50,27.1,55.9,282.0,0.0,34.0,EXCELLENT
2026-05-04 16:39:52,27.1,55.9,283.0,0.0,34.3,EXCELLENT
2026-05-04 16:39:54,27.1,55.9,284.0,0.0,34.7,EXCELLENT
2026-05-04 16:39:56,27.1,55.9,281.0,0.0,33.7,EXCELLENT
2026-05-04 16:39:58,27.2,55.9,277.0,0.0,32.3,EXCELLENT
2026-05-04 16:40:00,27.1,55.9,282.0,0.0,34.0,EXCELLENT
2026-05-04 16:40:02,27.1,55.8,282.0,0.0,34.0,EXCELLENT
2026-05-04 16:40:04,27.1,55.8,284.0,0.0,34.7,EXCELLENT
2026-05-04 16:40:06,27.1,55.9,275.0,0.0,31.7,EXCELLENT
2026-05-04 16:40:08,27.1,55.8,287.0,0.0,35.7,EXCELLENT
2026-05-04 16:40:10,27.2,55.9,278.0,0.0,32.7,EXCELLENT
2026-05-04 16:40:12,27.1,55.9,286.0,0.0,35.3,EXCELLENT
2026-05-04 16:40:14,27.2,55.9,279.0,0.0,33.0,EXCELLENT
2026-05-04 16:40:16,27.1,55.9,283.0,0.0,34.3,EXCELLENT
2026-05-04 16:40:18,27.1,55.9,277.0,0.0,32.3,EXCELLENT
2026-05-04 16:40:20,27.2,55.9,281.0,0.0,33.7,EXCELLENT
2026-05-04 16:40:22,27.1,56.0,278.0,0.0,32.7,EXCELLENT
2026-05-04 16:40:24,27.1,56.1,275.0,0.0,31.7,EXCELLENT
2026-05-04 16:40:26,27.2,56.2,280.0,0.0,33.3,EXCELLENT
2026-05-04 16:40:28,27.1,56.3,278.0,0.0,32.7,EXCELLENT
2026-05-04 16:40:30,27.1,56.4,276.0,0.0,32.0,EXCELLENT
2026-05-04 16:40:32,27.2,56.5,283.0,0.0,34.3,EXCELLENT
2026-05-04 16:40:34,27.1,56.6,283.0,0.0,34.3,EXCELLENT
2026-05-04 16:40:36,27.2,56.7,278.0,0.0,32.7,EXCELLENT
2026-05-04 16:40:38,27.2,56.9,278.0,0.0,32.7,EXCELLENT
2026-05-04 16:40:40,27.2,56.9,275.0,0.0,31.7,EXCELLENT
2026-05-04 16:40:42,27.2,57.0,278.0,0.0,32.7,EXCELLENT
2026-05-04 16:40:44,27.1,57.3,274.0,0.0,31.3,EXCELLENT
2026-05-04 16:40:46,27.1,57.4,272.0,0.0,30.7,EXCELLENT
2026-05-04 16:40:48,27.2,57.4,287.0,0.0,35.7,EXCELLENT
2026-05-04 16:40:50,27.2,57.5,280.0,0.0,33.3,EXCELLENT
2026-05-04 16:40:52,27.2,57.6,275.0,0.0,31.7,EXCELLENT
2026-05-04 16:40:54,27.2,57.6,284.0,0.0,34.7,EXCELLENT
2026-05-04 16:40:57,27.2,57.6,284.0,0.0,34.7,EXCELLENT
2026-05-04 16:40:58,27.2,57.9,276.0,0.0,32.0,EXCELLENT
2026-05-04 16:41:00,27.2,58.1,277.0,0.0,32.3,EXCELLENT
2026-05-04 16:41:02,27.1,58.3,279.0,0.0,33.0,EXCELLENT
2026-05-04 16:41:05,27.2,58.4,285.0,0.0,35.0,EXCELLENT
2026-05-04 16:41:06,27.2,58.5,287.0,0.0,35.7,EXCELLENT
2026-05-04 16:41:08,27.2,58.6,287.0,0.0,35.7,EXCELLENT
2026-05-04 16:41:10,27.2,58.7,279.0,0.0,33.0,EXCELLENT
2026-05-04 16:41:12,27.2,58.7,279.0,0.0,33.0,EXCELLENT
2026-05-04 16:41:14,27.2,58.7,285.0,0.0,35.0,EXCELLENT
2026-05-04 16:41:16,27.1,58.8,279.0,0.0,33.0,EXCELLENT
2026-05-04 16:41:18,27.2,58.9,288.0,0.0,36.0,EXCELLENT
2026-05-04 16:41:20,27.2,58.9,286.0,0.0,35.3,EXCELLENT
2026-05-04 16:41:22,27.2,58.9,283.0,0.0,34.3,EXCELLENT
2026-05-04 16:41:24,27.2,58.9,287.0,0.0,35.7,EXCELLENT
2026-05-04 16:41:26,27.2,58.9,284.0,0.0,34.7,EXCELLENT
2026-05-04 16:41:28,27.2,59.1,283.0,0.0,34.3,EXCELLENT
2026-05-04 16:41:30,27.2,59.1,286.0,0.0,35.3,EXCELLENT
2026-05-04 16:41:32,27.2,59.1,292.0,0.0,37.3,EXCELLENT
2026-05-04 16:41:34,27.2,59.2,281.0,0.0,33.7,EXCELLENT
2026-05-04 16:41:36,27.2,59.3,288.0,0.0,36.0,EXCELLENT
2026-05-04 16:41:38,27.2,59.3,287.0,0.0,35.7,EXCELLENT
2026-05-04 16:41:40,27.2,59.4,283.0,0.0,34.3,EXCELLENT
2026-05-04 16:41:42,27.2,59.5,287.0,0.0,35.7,EXCELLENT
2026-05-04 16:41:44,27.2,59.5,289.0,0.0,36.3,EXCELLENT
2026-05-04 16:41:46,27.2,59.6,288.0,0.0,36.0,EXCELLENT
2026-05-04 16:41:48,27.2,59.6,286.0,0.0,35.3,EXCELLENT
2026-05-04 16:41:50,27.2,59.8,288.0,0.0,36.0,EXCELLENT
2026-05-04 16:41:52,27.2,59.7,287.0,0.0,35.7,EXCELLENT
2026-05-04 16:41:54,27.2,59.8,288.0,0.0,36.0,EXCELLENT
2026-05-04 16:41:57,27.2,59.9,288.0,0.0,36.0,EXCELLENT
2026-05-04 16:41:58,27.2,60.0,290.0,0.0,36.7,EXCELLENT
2026-05-04 16:42:00,27.2,60.0,281.0,0.0,33.7,EXCELLENT
2026-05-04 16:42:02,27.2,59.9,286.0,0.0,35.3,EXCELLENT
2026-05-04 16:42:04,27.2,60.0,289.0,0.0,36.3,EXCELLENT
2026-05-04 16:42:06,27.2,60.0,291.0,0.0,37.0,EXCELLENT
2026-05-04 16:42:08,27.2,60.1,288.0,0.0,36.0,EXCELLENT
2026-05-04 16:42:10,27.2,60.1,289.0,0.0,36.3,EXCELLENT
2026-05-04 16:42:12,27.2,60.2,285.0,0.0,35.0,EXCELLENT
2026-05-04 16:42:14,27.2,60.1,291.0,0.0,37.0,EXCELLENT
2026-05-04 16:42:16,27.2,60.2,289.0,0.0,36.3,EXCELLENT
2026-05-04 16:42:18,27.2,60.3,289.0,0.0,36.3,EXCELLENT
2026-05-04 16:42:20,27.2,60.3,293.0,0.0,37.7,EXCELLENT
2026-05-04 16:42:22,27.2,60.2,290.0,0.0,36.7,EXCELLENT
2026-05-04 16:42:24,27.2,60.3,301.0,0.0,40.3,EXCELLENT
2026-05-04 16:42:26,27.2,60.4,300.0,0.0,40.0,EXCELLENT
2026-05-04 16:42:28,27.2,60.4,295.0,0.0,38.3,EXCELLENT
2026-05-04 16:42:30,27.2,60.4,294.0,0.0,38.0,EXCELLENT
2026-05-04 16:42:32,27.3,60.4,293.0,0.0,37.7,EXCELLENT
2026-05-04 16:42:34,27.2,60.5,298.0,0.0,39.3,EXCELLENT
2026-05-04 16:42:36,27.2,60.5,291.0,0.0,37.0,EXCELLENT
2026-05-04 16:42:38,27.2,60.6,294.0,0.0,38.0,EXCELLENT
2026-05-04 16:42:41,27.3,60.5,291.0,0.0,37.0,EXCELLENT
2026-05-04 16:42:42,27.2,60.6,290.0,0.0,36.7,EXCELLENT
2026-05-04 16:42:44,27.2,60.6,297.0,0.0,39.0,EXCELLENT
2026-05-04 16:42:46,27.3,60.6,295.0,0.0,38.3,EXCELLENT
2026-05-04 16:42:49,27.3,60.7,289.0,0.0,36.3,EXCELLENT
2026-05-04 16:42:50,27.2,60.7,293.0,0.0,37.7,EXCELLENT
2026-05-04 16:42:52,27.2,60.7,297.0,0.0,39.0,EXCELLENT
2026-05-04 16:42:54,27.3,60.7,289.0,0.0,36.3,EXCELLENT
2026-05-04 16:42:56,27.3,60.8,294.0,0.0,38.0,EXCELLENT
2026-05-04 16:42:58,27.2,60.8,293.0,0.0,37.7,EXCELLENT
2026-05-04 16:43:00,27.3,60.8,304.0,0.0,41.3,EXCELLENT
2026-05-04 16:43:02,27.3,60.8,293.0,0.0,37.7,EXCELLENT
2026-05-04 16:43:04,27.2,60.8,290.0,0.0,36.7,EXCELLENT
2026-05-04 16:43:06,27.3,60.9,289.0,0.0,36.3,EXCELLENT
2026-05-04 16:43:08,27.2,60.9,293.0,0.0,37.7,EXCELLENT
2026-05-04 16:43:10,27.3,60.9,287.0,0.0,35.7,EXCELLENT
2026-05-04 16:43:12,27.3,60.9,293.0,0.0,37.7,EXCELLENT
2026-05-04 16:43:14,27.3,61.0,287.0,0.0,35.7,EXCELLENT
2026-05-04 16:43:16,27.3,60.9,293.0,0.0,37.7,EXCELLENT
2026-05-04 16:43:18,27.3,61.0,296.0,0.0,38.7,EXCELLENT
2026-05-04 16:43:20,27.3,61.0,292.0,0.0,37.3,EXCELLENT
2026-05-04 16:43:22,27.3,61.0,294.0,0.0,38.0,EXCELLENT
2026-05-04 16:43:24,27.3,61.1,289.0,0.0,36.3,EXCELLENT
2026-05-04 16:43:26,27.3,61.1,299.0,0.0,39.7,EXCELLENT
2026-05-04 16:43:29,27.3,61.1,295.0,0.0,38.3,EXCELLENT
2026-05-04 16:43:30,27.3,61.2,290.0,0.0,36.7,EXCELLENT
2026-05-04 16:43:34,27.3,61.2,291.0,0.0,37.0,EXCELLENT
2026-05-04 16:43:34,27.3,61.1,296.0,0.0,38.7,EXCELLENT
2026-05-04 16:43:37,27.3,61.1,287.0,0.0,35.7,EXCELLENT
2026-05-04 16:43:38,27.2,61.1,295.0,0.0,38.3,EXCELLENT
2026-05-04 16:43:42,27.3,61.2,292.0,0.0,37.3,EXCELLENT
2026-05-04 16:43:42,27.3,61.2,295.0,0.0,38.3,EXCELLENT
2026-05-04 16:43:44,27.3,61.7,295.0,0.0,38.3,EXCELLENT
2026-05-04 16:43:46,27.3,61.7,301.0,0.0,40.3,EXCELLENT
2026-05-04 16:43:48,27.3,61.1,299.0,0.0,39.7,EXCELLENT
2026-05-04 16:43:50,27.3,61.1,298.0,0.0,39.3,EXCELLENT
2026-05-04 16:43:52,27.3,61.6,293.0,0.0,37.7,EXCELLENT
2026-05-04 16:43:54,27.3,61.1,292.0,0.0,37.3,EXCELLENT
2026-05-04 16:43:56,27.3,61.1,286.0,0.0,35.3,EXCELLENT
2026-05-04 16:43:58,27.3,61.0,289.0,0.0,36.3,EXCELLENT
2026-05-04 16:44:00,27.3,61.6,289.0,0.0,36.3,EXCELLENT
2026-05-04 16:44:02,27.3,61.0,285.0,0.0,35.0,EXCELLENT
2026-05-04 16:44:04,27.3,61.5,297.0,0.0,39.0,EXCELLENT
2026-05-04 16:44:06,27.3,61.0,298.0,0.0,39.3,EXCELLENT
2026-05-04 16:44:08,27.3,61.0,299.0,0.0,39.7,EXCELLENT
2026-05-04 16:44:10,27.3,61.4,295.0,0.0,38.3,EXCELLENT
2026-05-04 16:44:12,27.3,61.4,298.0,0.0,39.3,EXCELLENT
2026-05-04 16:44:14,27.3,61.3,299.0,0.0,39.7,EXCELLENT
2026-05-04 16:44:16,27.3,61.3,300.0,0.0,40.0,EXCELLENT
2026-05-04 16:44:18,27.3,61.3,290.0,0.0,36.7,EXCELLENT
2026-05-04 16:44:20,27.3,61.2,295.0,0.0,38.3,EXCELLENT
2026-05-04 16:44:22,27.3,61.2,295.0,0.0,38.3,EXCELLENT
2026-05-04 16:44:24,27.3,60.7,293.0,0.0,37.7,EXCELLENT
2026-05-04 16:44:26,27.3,60.7,295.0,0.0,38.3,EXCELLENT
2026-05-04 16:44:28,27.3,61.2,297.0,0.0,39.0,EXCELLENT
2026-05-04 16:44:30,27.3,61.1,287.0,0.0,35.7,EXCELLENT
2026-05-04 16:44:32,27.3,60.6,295.0,0.0,38.3,EXCELLENT
2026-05-04 16:44:34,27.3,61.0,291.0,0.0,37.0,EXCELLENT
2026-05-04 16:44:36,27.3,61.0,293.0,0.0,37.7,EXCELLENT
2026-05-04 16:44:38,27.3,61.0,290.0,0.0,36.7,EXCELLENT
2026-05-04 16:44:40,27.3,61.0,294.0,0.0,38.0,EXCELLENT
2026-05-04 16:44:42,27.3,60.9,297.0,0.0,39.0,EXCELLENT
2026-05-04 16:44:44,27.3,60.9,290.0,0.0,36.7,EXCELLENT
2026-05-04 16:44:46,27.3,60.8,300.0,0.0,40.0,EXCELLENT
2026-05-04 16:44:48,27.3,60.8,288.0,0.0,36.0,EXCELLENT
2026-05-04 16:44:50,27.3,60.8,291.0,0.0,37.0,EXCELLENT
2026-05-04 16:44:52,27.3,60.8,297.0,0.0,39.0,EXCELLENT
2026-05-04 16:44:54,27.3,60.7,293.0,0.0,37.7,EXCELLENT
2026-05-04 16:44:56,27.3,60.7,300.0,0.0,40.0,EXCELLENT
2026-05-04 16:44:58,27.3,60.6,294.0,0.0,38.0,EXCELLENT
2026-05-04 16:45:00,27.3,60.1,291.0,0.0,37.0,EXCELLENT
2026-05-04 16:45:02,27.3,60.0,293.0,0.0,37.7,EXCELLENT
2026-05-04 16:45:04,27.3,60.5,290.0,0.0,36.7,EXCELLENT
2026-05-04 16:45:06,27.3,60.5,286.0,0.0,35.3,EXCELLENT
2026-05-04 16:45:08,27.3,60.5,299.0,0.0,39.7,EXCELLENT
2026-05-04 16:45:10,27.3,59.9,288.0,0.0,36.0,EXCELLENT
2026-05-04 16:45:12,27.3,60.3,295.0,0.0,38.3,EXCELLENT
2026-05-04 16:45:14,27.3,60.2,291.0,0.0,37.0,EXCELLENT
2026-05-04 16:45:16,27.3,60.3,291.0,0.0,37.0,EXCELLENT
2026-05-04 16:45:18,27.3,60.2,291.0,0.0,37.0,EXCELLENT
2026-05-04 16:45:20,27.3,59.6,297.0,0.0,39.0,EXCELLENT
2026-05-04 16:45:22,27.3,59.6,298.0,0.0,39.3,EXCELLENT
2026-05-04 16:45:24,27.3,60.2,297.0,0.0,39.0,EXCELLENT
2026-05-04 16:45:26,27.3,60.2,290.0,0.0,36.7,EXCELLENT
2026-05-04 16:45:28,27.3,60.1,295.0,0.0,38.3,EXCELLENT
2026-05-04 16:45:30,27.3,59.7,286.0,0.0,35.3,EXCELLENT
2026-05-04 16:45:32,27.3,60.1,295.0,0.0,38.3,EXCELLENT
2026-05-04 16:45:34,27.3,60.1,292.0,0.0,37.3,EXCELLENT
2026-05-04 16:45:36,27.3,60.0,291.0,0.0,37.0,EXCELLENT
2026-05-04 16:45:38,27.3,60.0,285.0,0.0,35.0,EXCELLENT
2026-05-04 16:45:40,27.3,59.5,295.0,0.0,38.3,EXCELLENT
2026-05-04 16:45:42,27.3,59.9,299.0,0.0,39.7,EXCELLENT
2026-05-04 16:45:44,27.3,60.0,301.0,0.0,40.3,EXCELLENT
2026-05-04 16:45:46,27.3,59.9,293.0,0.0,37.7,EXCELLENT
2026-05-04 16:45:48,27.3,59.3,288.0,0.0,36.0,EXCELLENT
2026-05-04 16:45:50,27.3,59.9,289.0,0.0,36.3,EXCELLENT
2026-05-04 16:45:52,27.3,59.9,298.0,0.0,39.3,EXCELLENT
2026-05-04 16:45:54,27.3,59.9,292.0,0.0,37.3,EXCELLENT
2026-05-04 16:45:56,27.3,59.8,297.0,0.0,39.0,EXCELLENT
2026-05-04 16:45:58,27.3,59.2,299.0,0.0,39.7,EXCELLENT
2026-05-04 16:46:00,27.3,59.7,291.0,0.0,37.0,EXCELLENT
2026-05-04 16:46:02,27.3,59.7,297.0,0.0,39.0,EXCELLENT
2026-05-04 16:46:04,27.3,59.7,289.0,0.0,36.3,EXCELLENT
2026-05-04 16:46:06,27.3,59.6,299.0,0.0,39.7,EXCELLENT
2026-05-04 16:46:08,27.3,59.6,290.0,0.0,36.7,EXCELLENT
2026-05-04 16:46:10,27.3,59.5,291.0,0.0,37.0,EXCELLENT
2026-05-04 16:46:12,27.3,59.5,294.0,0.0,38.0,EXCELLENT
2026-05-04 16:46:14,27.3,59.4,293.0,0.0,37.7,EXCELLENT
2026-05-04 16:46:16,27.3,59.3,293.0,0.0,37.7,EXCELLENT
2026-05-04 16:46:18,27.3,59.3,294.0,0.0,38.0,EXCELLENT
2026-05-04 16:46:20,27.3,59.3,298.0,0.0,39.3,EXCELLENT
2026-05-04 16:46:22,27.3,59.3,294.0,0.0,38.0,EXCELLENT
2026-05-04 16:46:24,27.3,59.2,303.0,0.0,41.0,EXCELLENT
2026-05-04 16:46:26,27.3,59.3,304.0,0.0,41.3,EXCELLENT
2026-05-04 16:46:28,27.3,59.2,304.0,0.0,41.3,EXCELLENT
2026-05-04 16:46:30,27.3,58.6,305.0,0.0,41.7,EXCELLENT
2026-05-04 16:46:32,27.3,59.1,304.0,0.0,41.3,EXCELLENT
2026-05-04 16:46:34,27.3,59.1,295.0,0.0,38.3,EXCELLENT
2026-05-04 16:46:36,27.3,59.0,299.0,0.0,39.7,EXCELLENT
2026-05-04 16:46:38,27.3,59.0,303.0,0.0,41.0,EXCELLENT
2026-05-04 16:46:40,27.3,59.0,298.0,0.0,39.3,EXCELLENT
2026-05-04 16:46:42,27.3,59.0,304.0,0.0,41.3,EXCELLENT
2026-05-04 16:46:44,27.3,58.9,297.0,0.0,39.0,EXCELLENT
2026-05-04 16:46:46,27.3,58.9,301.0,0.0,40.3,EXCELLENT
2026-05-04 16:46:48,27.3,58.8,288.0,0.0,36.0,EXCELLENT
2026-05-04 16:46:50,27.3,58.2,291.0,0.0,37.0,EXCELLENT
2026-05-04 16:46:52,27.3,58.8,289.0,0.0,36.3,EXCELLENT
2026-05-04 16:46:54,27.3,58.7,302.0,0.0,40.7,EXCELLENT
2026-05-04 16:46:56,27.3,58.7,302.0,0.0,40.7,EXCELLENT
2026-05-04 16:46:58,27.3,58.6,300.0,0.0,40.0,EXCELLENT
2026-05-04 16:47:00,27.3,58.5,297.0,0.0,39.0,EXCELLENT
2026-05-04 16:47:02,27.3,58.5,291.0,0.0,37.0,EXCELLENT
2026-05-04 16:47:04,27.3,58.5,285.0,0.0,35.0,EXCELLENT
2026-05-04 16:47:06,27.3,58.4,290.0,0.0,36.7,EXCELLENT
2026-05-04 16:47:08,27.3,58.4,287.0,0.0,35.7,EXCELLENT
2026-05-04 16:47:10,27.3,58.4,288.0,0.0,36.0,EXCELLENT
2026-05-04 16:47:12,27.3,58.4,283.0,0.0,34.3,EXCELLENT
2026-05-04 16:47:14,27.3,58.4,283.0,0.0,34.3,EXCELLENT
2026-05-04 16:47:16,27.3,58.5,287.0,0.0,35.7,EXCELLENT
2026-05-04 16:47:18,27.3,57.8,278.0,0.0,32.7,EXCELLENT
2026-05-04 16:47:20,27.3,58.4,294.0,0.0,38.0,EXCELLENT
2026-05-04 16:47:22,27.3,58.4,288.0,0.0,36.0,EXCELLENT
2026-05-04 16:47:24,27.3,58.4,297.0,0.0,39.0,EXCELLENT
2026-05-04 16:47:26,27.3,58.3,289.0,0.0,36.3,EXCELLENT
2026-05-04 16:47:28,27.3,58.3,299.0,0.0,39.7,EXCELLENT
2026-05-04 16:47:30,27.3,58.3,291.0,0.0,37.0,EXCELLENT
2026-05-04 16:47:32,27.3,58.3,292.0,0.0,37.3,EXCELLENT
2026-05-04 16:47:34,27.3,57.9,290.0,0.0,36.7,EXCELLENT
2026-05-04 16:47:36,27.3,58.5,293.0,0.0,37.7,EXCELLENT
2026-05-04 16:47:38,27.3,58.4,293.0,0.0,37.7,EXCELLENT
2026-05-04 16:47:40,27.3,58.3,288.0,0.0,36.0,EXCELLENT
2026-05-04 16:47:42,27.3,58.2,285.0,0.0,35.0,EXCELLENT
2026-05-04 16:47:44,27.3,58.2,277.0,0.0,32.3,EXCELLENT
2026-05-04 16:47:46,27.3,58.1,286.0,0.0,35.3,EXCELLENT
2026-05-04 16:47:48,27.3,58.1,284.0,0.0,34.7,EXCELLENT
2026-05-04 16:47:50,27.3,58.0,284.0,0.0,34.7,EXCELLENT
2026-05-04 16:47:52,27.3,58.0,283.0,0.0,34.3,EXCELLENT
2026-05-04 16:47:54,27.3,58.1,295.0,0.0,38.3,EXCELLENT
2026-05-04 16:47:56,27.3,58.3,291.0,0.0,37.0,EXCELLENT
2026-05-04 16:47:58,27.3,58.9,294.0,0.0,38.0,EXCELLENT
2026-05-04 16:48:00,27.3,58.0,295.0,0.0,38.3,EXCELLENT
2026-05-04 16:48:02,27.3,58.3,288.0,0.0,36.0,EXCELLENT
2026-05-04 16:48:04,27.3,57.6,284.0,0.0,34.7,EXCELLENT
2026-05-04 16:48:06,27.3,58.0,289.0,0.0,36.3,EXCELLENT
2026-05-04 16:48:08,27.3,57.9,284.0,0.0,34.7,EXCELLENT
2026-05-04 16:48:10,27.3,57.8,280.0,0.0,33.3,EXCELLENT
2026-05-04 16:48:12,27.3,57.8,284.0,0.0,34.7,EXCELLENT
2026-05-04 16:48:14,27.3,57.3,277.0,0.0,32.3,EXCELLENT
2026-05-04 16:48:16,27.3,57.8,282.0,0.0,34.0,EXCELLENT
2026-05-04 16:48:18,27.3,57.2,286.0,0.0,35.3,EXCELLENT
2026-05-04 16:48:20,27.3,57.1,285.0,0.0,35.0,EXCELLENT
2026-05-04 16:48:22,27.3,57.1,283.0,0.0,34.3,EXCELLENT
2026-05-04 16:48:24,27.3,57.1,279.0,0.0,33.0,EXCELLENT
2026-05-04 16:48:26,27.3,57.1,284.0,0.0,34.7,EXCELLENT
2026-05-04 16:48:28,27.3,57.0,276.0,0.0,32.0,EXCELLENT
2026-05-04 16:48:30,27.3,57.1,286.0,0.0,35.3,EXCELLENT
2026-05-04 16:48:32,27.3,57.1,282.0,0.0,34.0,EXCELLENT
2026-05-04 16:48:34,27.3,57.7,283.0,0.0,34.3,EXCELLENT
2026-05-04 16:48:36,27.3,57.1,287.0,0.0,35.7,EXCELLENT
2026-05-04 16:48:38,27.3,57.5,289.0,0.0,36.3,EXCELLENT
2026-05-04 16:48:40,27.3,56.9,288.0,0.0,36.0,EXCELLENT
2026-05-04 16:48:42,27.3,56.9,288.0,0.0,36.0,EXCELLENT
2026-05-04 16:48:44,27.3,56.9,283.0,0.0,34.3,EXCELLENT
2026-05-04 16:48:46,27.2,56.9,286.0,0.0,35.3,EXCELLENT
2026-05-04 16:48:48,27.2,56.9,289.0,0.0,36.3,EXCELLENT
2026-05-04 16:48:50,27.3,56.9,290.0,0.0,36.7,EXCELLENT
2026-05-04 16:48:52,27.2,56.8,285.0,0.0,35.0,EXCELLENT
2026-05-04 16:48:54,27.2,56.8,279.0,0.0,33.0,EXCELLENT
2026-05-04 16:48:56,27.3,56.7,285.0,0.0,35.0,EXCELLENT
2026-05-04 16:48:58,27.2,56.7,281.0,0.0,33.7,EXCELLENT
2026-05-04 16:49:00,27.2,56.6,283.0,0.0,34.3,EXCELLENT
2026-05-04 16:49:02,27.3,56.6,283.0,0.0,34.3,EXCELLENT
2026-05-04 16:49:04,27.2,56.7,289.0,0.0,36.3,EXCELLENT
2026-05-04 16:49:06,27.2,56.5,289.0,0.0,36.3,EXCELLENT
2026-05-04 16:49:08,27.2,56.6,287.0,0.0,35.7,EXCELLENT
2026-05-04 16:49:10,27.2,56.5,284.0,0.0,34.7,EXCELLENT
2026-05-04 16:49:12,27.2,56.5,278.0,0.0,32.7,EXCELLENT
2026-05-04 16:49:14,27.2,56.6,278.0,0.0,32.7,EXCELLENT
2026-05-04 16:49:16,27.2,56.5,287.0,0.0,35.7,EXCELLENT
2026-05-04 16:49:18,27.2,56.4,278.0,0.0,32.7,EXCELLENT
2026-05-04 16:49:20,27.2,56.5,281.0,0.0,33.7,EXCELLENT
2026-05-04 16:49:22,27.2,56.5,281.0,0.0,33.7,EXCELLENT
2026-05-04 16:49:24,27.2,56.5,281.0,0.0,33.7,EXCELLENT
2026-05-04 16:49:26,27.2,56.5,287.0,0.0,35.7,EXCELLENT
2026-05-04 16:49:28,27.2,56.5,284.0,0.0,34.7,EXCELLENT
2026-05-04 16:49:30,27.2,56.4,290.0,0.0,36.7,EXCELLENT
2026-05-04 16:49:32,27.2,56.5,285.0,0.0,35.0,EXCELLENT
2026-05-04 16:49:34,27.2,56.5,284.0,0.0,34.7,EXCELLENT
2026-05-04 16:49:36,27.2,56.5,281.0,0.0,33.7,EXCELLENT
2026-05-04 16:49:38,27.1,56.4,289.0,0.0,36.3,EXCELLENT
2026-05-04 16:49:40,27.2,56.4,289.0,0.0,36.3,EXCELLENT
2026-05-04 16:49:42,27.2,56.4,277.0,0.0,32.3,EXCELLENT
2026-05-04 16:49:44,27.2,56.3,285.0,0.0,35.0,EXCELLENT
2026-05-04 16:49:46,27.2,56.2,287.0,0.0,35.7,EXCELLENT
2026-05-04 16:49:48,27.2,56.3,288.0,0.0,36.0,EXCELLENT
2026-05-04 16:49:50,27.2,56.1,283.0,0.0,34.3,EXCELLENT
2026-05-04 16:49:52,27.2,56.2,285.0,0.0,35.0,EXCELLENT
2026-05-04 16:49:54,27.2,56.2,288.0,0.0,36.0,EXCELLENT
2026-05-04 16:49:56,27.2,56.2,287.0,0.0,35.7,EXCELLENT
2026-05-04 16:49:58,27.2,56.2,287.0,0.0,35.7,EXCELLENT
2026-05-04 16:50:00,27.2,56.1,290.0,0.0,36.7,EXCELLENT
2026-05-04 16:50:02,27.1,56.1,294.0,0.0,38.0,EXCELLENT
2026-05-04 16:50:04,27.1,56.0,293.0,0.0,37.7,EXCELLENT
2026-05-04 16:50:06,27.1,56.0,288.0,0.0,36.0,EXCELLENT
2026-05-04 16:50:08,27.1,55.9,297.0,0.0,39.0,EXCELLENT
2026-05-04 16:50:10,27.1,55.9,293.0,0.0,37.7,EXCELLENT
2026-05-04 16:50:12,27.1,55.9,298.0,0.0,39.3,EXCELLENT
2026-05-04 16:50:14,27.1,55.8,297.0,0.0,39.0,EXCELLENT
2026-05-04 16:50:16,27.1,55.8,304.0,0.0,41.3,EXCELLENT
2026-05-04 16:50:18,27.1,56.0,302.0,0.0,40.7,EXCELLENT
2026-05-04 16:50:20,27.1,55.9,299.0,0.0,39.7,EXCELLENT
2026-05-04 16:50:22,27.1,56.0,294.0,0.0,38.0,EXCELLENT
2026-05-04 16:50:24,27.1,55.9,304.0,0.0,41.3,EXCELLENT
2026-05-04 16:50:26,27.1,56.0,293.0,0.0,37.7,EXCELLENT
2026-05-04 16:50:28,27.1,55.9,290.0,0.0,36.7,EXCELLENT
2026-05-04 16:50:30,27.1,55.9,277.0,0.0,32.3,EXCELLENT
2026-05-04 16:50:32,27.1,55.9,293.0,0.0,37.7,EXCELLENT
2026-05-04 16:50:34,27.1,55.9,297.0,0.0,39.0,EXCELLENT
2026-05-04 16:50:36,27.1,55.9,290.0,0.0,36.7,EXCELLENT
2026-05-04 16:50:38,27.1,55.9,285.0,0.0,35.0,EXCELLENT
2026-05-04 16:50:40,27.1,55.8,297.0,0.0,39.0,EXCELLENT
2026-05-04 16:50:42,27.1,55.8,291.0,0.0,37.0,EXCELLENT
2026-05-04 16:50:44,27.1,55.8,289.0,0.0,36.3,EXCELLENT
2026-05-04 16:50:46,27.1,55.9,291.0,0.0,37.0,EXCELLENT
2026-05-04 16:50:48,27.0,55.9,292.0,0.0,37.3,EXCELLENT
2026-05-04 16:50:50,27.0,55.8,288.0,0.0,36.0,EXCELLENT
2026-05-04 16:50:52,27.1,55.8,292.0,0.0,37.3,EXCELLENT
2026-05-04 16:50:54,27.1,55.7,288.0,0.0,36.0,EXCELLENT
2026-05-04 16:50:56,27.1,55.8,283.0,0.0,34.3,EXCELLENT
2026-05-04 16:50:58,27.0,55.8,283.0,0.0,34.3,EXCELLENT
2026-05-04 16:51:00,27.1,55.8,291.0,0.0,37.0,EXCELLENT
2026-05-04 16:51:02,27.0,55.8,288.0,0.0,36.0,EXCELLENT
2026-05-04 16:51:04,27.0,55.8,288.0,0.0,36.0,EXCELLENT
2026-05-04 16:51:06,27.0,55.9,294.0,0.0,38.0,EXCELLENT
2026-05-04 16:51:08,27.0,55.8,292.0,0.0,37.3,EXCELLENT
2026-05-04 16:51:10,27.0,55.7,286.0,0.0,35.3,EXCELLENT
2026-05-04 16:51:12,27.0,55.7,278.0,0.0,32.7,EXCELLENT
2026-05-04 16:51:14,27.0,55.7,282.0,0.0,34.0,EXCELLENT
2026-05-04 16:51:16,27.0,55.6,291.0,0.0,37.0,EXCELLENT
2026-05-04 16:51:18,27.0,55.4,281.0,0.0,33.7,EXCELLENT
2026-05-04 16:51:20,27.0,55.5,289.0,0.0,36.3,EXCELLENT
2026-05-04 16:51:22,27.0,55.5,292.0,0.0,37.3,EXCELLENT
2026-05-04 16:51:24,27.0,55.5,287.0,0.0,35.7,EXCELLENT
2026-05-04 16:51:26,27.0,55.5,293.0,0.0,37.7,EXCELLENT
2026-05-04 16:51:28,27.0,55.4,287.0,0.0,35.7,EXCELLENT
2026-05-04 16:51:30,27.0,55.5,281.0,0.0,33.7,EXCELLENT
2026-05-04 16:51:32,27.0,55.4,291.0,0.0,37.0,EXCELLENT
2026-05-04 16:51:34,27.0,55.5,288.0,0.0,36.0,EXCELLENT
2026-05-04 16:51:36,27.0,55.4,278.0,0.0,32.7,EXCELLENT
2026-05-04 16:51:38,27.0,55.4,277.0,0.0,32.3,EXCELLENT
2026-05-04 16:51:40,27.0,55.5,284.0,0.0,34.7,EXCELLENT
2026-05-04 16:51:42,27.0,55.6,271.0,0.0,30.3,EXCELLENT
2026-05-04 16:51:44,27.0,55.6,270.0,0.0,30.0,EXCELLENT
2026-05-04 16:51:46,27.0,55.6,279.0,0.0,33.0,EXCELLENT
2026-05-04 16:51:48,27.0,55.6,281.0,0.0,33.7,EXCELLENT
2026-05-04 16:51:50,27.0,55.6,277.0,0.0,32.3,EXCELLENT
2026-05-04 16:51:52,27.0,55.5,285.0,0.0,35.0,EXCELLENT
2026-05-04 16:51:54,26.9,55.5,281.0,0.0,33.7,EXCELLENT
2026-05-04 16:51:56,27.0,55.5,273.0,0.0,31.0,EXCELLENT
2026-05-04 16:51:58,26.9,55.6,285.0,0.0,35.0,EXCELLENT
2026-05-04 16:52:00,26.9,55.6,286.0,0.0,35.3,EXCELLENT
2026-05-04 16:52:02,26.9,55.6,283.0,0.0,34.3,EXCELLENT
2026-05-04 16:52:04,26.9,55.5,283.0,0.0,34.3,EXCELLENT
2026-05-04 16:52:06,27.0,55.5,283.0,0.0,34.3,EXCELLENT
2026-05-04 16:52:08,26.9,55.6,279.0,0.0,33.0,EXCELLENT
2026-05-04 16:52:10,26.9,55.6,287.0,0.0,35.7,EXCELLENT
2026-05-04 16:52:12,26.9,55.6,277.0,0.0,32.3,EXCELLENT
2026-05-04 16:52:14,26.9,55.6,280.0,0.0,33.3,EXCELLENT
2026-05-04 16:52:16,26.9,55.5,284.0,0.0,34.7,EXCELLENT
2026-05-04 16:52:18,26.9,55.4,288.0,0.0,36.0,EXCELLENT
2026-05-04 16:52:20,26.9,55.4,289.0,0.0,36.3,EXCELLENT
2026-05-04 16:52:22,26.9,55.4,287.0,0.0,35.7,EXCELLENT
2026-05-04 16:52:24,27.0,55.4,277.0,0.0,32.3,EXCELLENT
2026-05-04 16:52:26,26.9,55.4,286.0,0.0,35.3,EXCELLENT
2026-05-04 16:52:28,26.9,55.3,278.0,0.0,32.7,EXCELLENT
2026-05-04 16:52:30,26.9,55.4,287.0,0.0,35.7,EXCELLENT
2026-05-04 16:52:32,26.9,55.3,280.0,0.0,33.3,EXCELLENT
2026-05-04 16:52:34,26.9,55.4,274.0,0.0,31.3,EXCELLENT
2026-05-04 16:52:36,26.9,55.4,282.0,0.0,34.0,EXCELLENT
2026-05-04 16:52:38,26.9,55.4,283.0,0.0,34.3,EXCELLENT
2026-05-04 16:52:40,26.9,55.4,283.0,0.0,34.3,EXCELLENT
2026-05-04 16:52:42,26.9,55.3,279.0,0.0,33.0,EXCELLENT
2026-05-04 16:52:44,26.9,55.3,287.0,0.0,35.7,EXCELLENT
2026-05-04 16:52:46,26.9,55.2,288.0,0.0,36.0,EXCELLENT
2026-05-04 16:52:48,26.9,55.3,287.0,0.0,35.7,EXCELLENT
2026-05-04 16:52:50,26.9,55.2,289.0,0.0,36.3,EXCELLENT
2026-05-04 16:52:52,26.9,55.2,287.0,0.0,35.7,EXCELLENT
2026-05-04 16:52:54,26.9,55.2,273.0,0.0,31.0,EXCELLENT
2026-05-04 16:52:56,26.9,55.2,284.0,0.0,34.7,EXCELLENT
2026-05-04 16:52:58,26.9,55.3,284.0,0.0,34.7,EXCELLENT
2026-05-04 16:53:00,26.9,55.1,287.0,0.0,35.7,EXCELLENT
2026-05-04 16:53:02,26.9,55.0,279.0,0.0,33.0,EXCELLENT
2026-05-04 16:53:04,26.9,55.0,286.0,0.0,35.3,EXCELLENT
2026-05-04 16:53:06,26.9,55.1,281.0,0.0,33.7,EXCELLENT
2026-05-04 16:53:08,26.9,55.1,284.0,0.0,34.7,EXCELLENT
2026-05-04 16:53:10,26.9,55.1,285.0,0.0,35.0,EXCELLENT
2026-05-04 16:53:12,26.9,55.1,286.0,0.0,35.3,EXCELLENT
2026-05-04 16:53:14,26.9,55.1,286.0,0.0,35.3,EXCELLENT
2026-05-04 16:53:16,26.9,55.0,285.0,0.0,35.0,EXCELLENT
2026-05-04 16:53:18,26.9,55.0,286.0,0.0,35.3,EXCELLENT
2026-05-04 16:53:20,26.9,54.9,274.0,0.0,31.3,EXCELLENT
2026-05-04 16:53:22,26.9,55.0,278.0,0.0,32.7,EXCELLENT
2026-05-04 16:53:24,26.9,54.9,278.0,0.0,32.7,EXCELLENT
2026-05-04 16:53:26,26.9,54.9,289.0,0.0,36.3,EXCELLENT
2026-05-04 16:53:28,26.8,54.8,286.0,0.0,35.3,EXCELLENT
2026-05-04 16:53:30,26.8,54.9,287.0,0.0,35.7,EXCELLENT
2026-05-04 16:53:32,26.8,54.9,283.0,0.0,34.3,EXCELLENT
2026-05-04 16:53:34,26.9,55.0,283.0,0.0,34.3,EXCELLENT
2026-05-04 16:53:36,26.8,55.0,278.0,0.0,32.7,EXCELLENT
2026-05-04 16:53:38,26.9,55.0,284.0,0.0,34.7,EXCELLENT
2026-05-04 16:53:40,26.8,55.0,287.0,0.0,35.7,EXCELLENT
2026-05-04 16:53:42,26.8,55.0,281.0,0.0,33.7,EXCELLENT
2026-05-04 16:53:44,26.8,55.0,290.0,0.0,36.7,EXCELLENT
2026-05-04 16:53:46,26.8,55.0,278.0,0.0,32.7,EXCELLENT
2026-05-04 16:53:48,26.9,55.0,281.0,0.0,33.7,EXCELLENT
2026-05-04 16:53:50,26.9,55.0,289.0,0.0,36.3,EXCELLENT
2026-05-04 16:53:52,26.9,55.0,283.0,0.0,34.3,EXCELLENT
2026-05-04 16:53:54,26.8,54.9,288.0,0.0,36.0,EXCELLENT
2026-05-04 16:53:56,26.8,54.9,285.0,0.0,35.0,EXCELLENT
2026-05-04 16:53:58,26.8,54.8,282.0,0.0,34.0,EXCELLENT
2026-05-04 16:54:00,26.8,54.9,284.0,0.0,34.7,EXCELLENT
2026-05-04 16:54:02,26.9,54.7,288.0,0.0,36.0,EXCELLENT
2026-05-04 16:54:04,26.9,54.7,279.0,0.0,33.0,EXCELLENT
2026-05-04 16:54:06,26.8,54.8,286.0,0.0,35.3,EXCELLENT
2026-05-04 16:54:08,26.8,54.7,279.0,0.0,33.0,EXCELLENT
2026-05-04 16:54:10,26.9,54.7,287.0,0.0,35.7,EXCELLENT
2026-05-04 16:54:12,26.9,54.8,279.0,0.0,33.0,EXCELLENT
2026-05-04 16:54:14,26.9,54.8,281.0,0.0,33.7,EXCELLENT
2026-05-04 16:54:16,26.8,54.8,289.0,0.0,36.3,EXCELLENT
2026-05-04 16:54:18,26.8,54.6,285.0,0.0,35.0,EXCELLENT
2026-05-04 16:54:20,26.8,54.6,286.0,0.0,35.3,EXCELLENT
2026-05-04 16:54:22,26.8,54.5,287.0,0.0,35.7,EXCELLENT
2026-05-04 16:54:24,26.8,54.6,282.0,0.0,34.0,EXCELLENT
2026-05-04 16:54:26,26.8,54.7,280.0,0.0,33.3,EXCELLENT
2026-05-04 16:54:28,26.8,54.6,282.0,0.0,34.0,EXCELLENT
2026-05-04 16:54:30,26.8,54.6,282.0,0.0,34.0,EXCELLENT
2026-05-04 16:54:32,26.9,54.6,279.0,0.0,33.0,EXCELLENT
2026-05-04 16:54:34,26.8,54.5,274.0,0.0,31.3,EXCELLENT
2026-05-04 16:54:36,26.8,54.4,281.0,0.0,33.7,EXCELLENT
2026-05-04 16:54:38,26.8,54.4,280.0,0.0,33.3,EXCELLENT
2026-05-04 16:54:40,26.8,54.3,285.0,0.0,35.0,EXCELLENT
2026-05-04 16:54:42,26.8,54.4,288.0,0.0,36.0,EXCELLENT
2026-05-04 16:54:44,26.8,54.5,285.0,0.0,35.0,EXCELLENT
2026-05-04 16:54:46,26.8,54.4,277.0,0.0,32.3,EXCELLENT
2026-05-04 16:54:48,26.8,54.4,287.0,0.0,35.7,EXCELLENT
2026-05-04 16:54:50,26.8,54.3,277.0,0.0,32.3,EXCELLENT
2026-05-04 16:54:52,26.8,54.2,282.0,0.0,34.0,EXCELLENT
2026-05-04 16:54:54,26.8,54.2,286.0,0.0,35.3,EXCELLENT
2026-05-04 16:54:56,26.8,54.2,278.0,0.0,32.7,EXCELLENT
2026-05-04 16:54:58,26.8,54.2,284.0,0.0,34.7,EXCELLENT
2026-05-04 16:55:00,26.8,54.1,283.0,0.0,34.3,EXCELLENT
2026-05-04 16:55:02,26.8,54.1,283.0,0.0,34.3,EXCELLENT
2026-05-04 16:55:04,26.8,54.1,282.0,0.0,34.0,EXCELLENT
2026-05-04 16:55:06,26.8,54.1,283.0,0.0,34.3,EXCELLENT
2026-05-04 16:55:08,26.8,54.1,281.0,0.0,33.7,EXCELLENT
2026-05-04 16:55:10,26.8,54.2,282.0,0.0,34.0,EXCELLENT
2026-05-04 16:55:12,26.8,54.1,272.0,0.0,30.7,EXCELLENT
2026-05-04 16:55:14,26.8,54.1,286.0,0.0,35.3,EXCELLENT
2026-05-04 16:55:16,26.8,54.1,277.0,0.0,32.3,EXCELLENT
2026-05-04 16:55:18,26.8,54.0,286.0,0.0,35.3,EXCELLENT
2026-05-04 16:55:20,26.8,54.0,283.0,0.0,34.3,EXCELLENT
2026-05-04 16:55:22,26.8,54.1,278.0,0.0,32.7,EXCELLENT
2026-05-04 16:55:24,26.8,54.1,285.0,0.0,35.0,EXCELLENT
2026-05-04 16:55:26,26.8,54.1,278.0,0.0,32.7,EXCELLENT
2026-05-04 16:55:28,26.8,53.9,287.0,0.0,35.7,EXCELLENT
2026-05-04 16:55:30,26.8,53.9,275.0,0.0,31.7,EXCELLENT
2026-05-04 16:55:32,26.8,54.0,286.0,0.0,35.3,EXCELLENT
2026-05-04 16:55:34,26.8,53.9,285.0,0.0,35.0,EXCELLENT
2026-05-04 16:55:36,26.8,53.9,284.0,0.0,34.7,EXCELLENT
2026-05-04 16:55:38,26.8,53.9,285.0,0.0,35.0,EXCELLENT
2026-05-04 16:55:40,26.8,54.0,283.0,0.0,34.3,EXCELLENT
2026-05-04 16:55:42,26.8,53.9,289.0,0.0,36.3,EXCELLENT
2026-05-04 16:55:44,26.8,54.0,285.0,0.0,35.0,EXCELLENT
2026-05-04 16:55:46,26.8,54.0,283.0,0.0,34.3,EXCELLENT
2026-05-04 16:55:48,26.8,53.9,280.0,0.0,33.3,EXCELLENT
2026-05-04 16:55:50,26.8,53.9,283.0,0.0,34.3,EXCELLENT
2026-05-04 16:55:52,26.8,53.9,285.0,0.0,35.0,EXCELLENT
2026-05-04 16:55:54,26.8,53.9,286.0,0.0,35.3,EXCELLENT
2026-05-04 16:55:56,26.8,53.9,282.0,0.0,34.0,EXCELLENT
2026-05-04 16:55:58,26.8,54.0,279.0,0.0,33.0,EXCELLENT
2026-05-04 16:56:00,26.8,53.9,281.0,0.0,33.7,EXCELLENT
2026-05-04 16:56:02,26.7,53.9,286.0,0.0,35.3,EXCELLENT
2026-05-04 16:56:04,26.8,53.9,286.0,0.0,35.3,EXCELLENT
2026-05-04 16:56:06,26.8,53.9,282.0,0.0,34.0,EXCELLENT
2026-05-04 16:56:08,26.8,53.9,281.0,0.0,33.7,EXCELLENT
2026-05-04 16:56:10,26.8,53.9,278.0,0.0,32.7,EXCELLENT
2026-05-04 16:56:12,26.8,53.9,286.0,0.0,35.3,EXCELLENT
2026-05-04 16:56:14,26.8,53.9,278.0,0.0,32.7,EXCELLENT
2026-05-04 16:56:16,26.8,53.9,284.0,0.0,34.7,EXCELLENT
2026-05-04 16:56:18,26.8,53.8,283.0,0.0,34.3,EXCELLENT
2026-05-04 16:56:20,26.8,53.8,283.0,0.0,34.3,EXCELLENT
2026-05-04 16:56:22,26.8,53.9,286.0,0.0,35.3,EXCELLENT
2026-05-04 16:56:24,26.8,53.8,287.0,0.0,35.7,EXCELLENT
2026-05-04 16:56:26,26.8,53.7,278.0,0.0,32.7,EXCELLENT
2026-05-04 16:56:28,26.7,53.7,283.0,0.0,34.3,EXCELLENT
2026-05-04 16:56:30,26.7,53.8,282.0,0.0,34.0,EXCELLENT
2026-05-04 16:56:32,26.7,53.7,288.0,0.0,36.0,EXCELLENT
2026-05-04 16:56:34,26.7,53.8,285.0,0.0,35.0,EXCELLENT
2026-05-04 16:56:36,26.8,53.7,280.0,0.0,33.3,EXCELLENT
2026-05-04 16:56:38,26.8,53.7,283.0,0.0,34.3,EXCELLENT
2026-05-04 16:56:40,26.7,53.7,276.0,0.0,32.0,EXCELLENT
2026-05-04 16:56:42,26.7,53.8,287.0,0.0,35.7,EXCELLENT
2026-05-04 16:56:44,26.8,53.6,277.0,0.0,32.3,EXCELLENT
2026-05-04 16:56:46,26.7,53.7,285.0,0.0,35.0,EXCELLENT
2026-05-04 16:56:48,26.7,53.6,278.0,0.0,32.7,EXCELLENT
2026-05-04 16:56:50,26.7,53.6,279.0,0.0,33.0,EXCELLENT
2026-05-04 16:56:52,26.7,53.6,274.0,0.0,31.3,EXCELLENT
2026-05-04 16:56:54,26.7,53.5,279.0,0.0,33.0,EXCELLENT
2026-05-04 16:56:56,26.7,53.5,273.0,0.0,31.0,EXCELLENT
2026-05-04 16:56:58,26.7,53.4,284.0,0.0,34.7,EXCELLENT
2026-05-04 16:57:00,26.7,53.4,273.0,0.0,31.0,EXCELLENT
2026-05-04 16:57:02,26.7,53.5,272.0,0.0,30.7,EXCELLENT
2026-05-04 16:57:04,26.7,53.5,285.0,0.0,35.0,EXCELLENT
2026-05-04 16:57:06,26.7,53.4,274.0,0.0,31.3,EXCELLENT
2026-05-04 16:57:08,26.7,53.4,279.0,0.0,33.0,EXCELLENT
2026-05-04 16:57:10,26.7,53.4,273.0,0.0,31.0,EXCELLENT
2026-05-04 16:57:12,26.7,53.3,280.0,0.0,33.3,EXCELLENT
2026-05-04 16:57:14,26.7,53.4,272.0,0.0,30.7,EXCELLENT
2026-05-04 16:57:16,26.7,53.3,285.0,0.0,35.0,EXCELLENT
2026-05-04 16:57:18,26.7,53.4,272.0,0.0,30.7,EXCELLENT
2026-05-04 16:57:20,26.7,53.3,283.0,0.0,34.3,EXCELLENT
2026-05-04 16:57:22,26.7,53.4,289.0,0.0,36.3,EXCELLENT
2026-05-04 16:57:24,26.7,53.4,284.0,0.0,34.7,EXCELLENT
2026-05-04 16:57:26,26.7,53.5,276.0,0.0,32.0,EXCELLENT
2026-05-04 16:57:28,26.7,53.4,275.0,0.0,31.7,EXCELLENT
2026-05-04 16:57:30,26.7,53.4,279.0,0.0,33.0,EXCELLENT
2026-05-04 16:57:32,26.7,53.4,273.0,0.0,31.0,EXCELLENT
2026-05-04 16:57:34,26.7,53.4,287.0,0.0,35.7,EXCELLENT
2026-05-04 16:57:36,26.7,53.5,281.0,0.0,33.7,EXCELLENT
2026-05-04 16:57:38,26.7,53.4,282.0,0.0,34.0,EXCELLENT
2026-05-04 16:57:40,26.7,53.5,288.0,0.0,36.0,EXCELLENT
2026-05-04 16:57:42,26.7,53.4,277.0,0.0,32.3,EXCELLENT
2026-05-04 16:57:44,26.7,53.4,272.0,0.0,30.7,EXCELLENT
2026-05-04 16:57:46,26.7,53.4,281.0,0.0,33.7,EXCELLENT
2026-05-04 16:57:48,26.7,53.4,283.0,0.0,34.3,EXCELLENT
2026-05-04 16:57:50,26.7,53.4,272.0,0.0,30.7,EXCELLENT
2026-05-04 16:57:52,26.7,53.3,283.0,0.0,34.3,EXCELLENT
2026-05-04 16:57:54,26.7,53.3,277.0,0.0,32.3,EXCELLENT
2026-05-04 16:57:56,26.7,53.2,284.0,0.0,34.7,EXCELLENT
2026-05-04 16:57:58,26.7,53.2,278.0,0.0,32.7,EXCELLENT
2026-05-04 16:58:00,26.7,53.2,281.0,0.0,33.7,EXCELLENT
2026-05-04 16:58:02,26.7,53.2,278.0,0.0,32.7,EXCELLENT
2026-05-04 16:58:04,26.7,53.1,279.0,0.0,33.0,EXCELLENT
2026-05-04 16:58:06,26.7,53.1,287.0,0.0,35.7,EXCELLENT
2026-05-04 16:58:08,26.7,53.1,276.0,0.0,32.0,EXCELLENT
2026-05-04 16:58:10,26.7,53.2,281.0,0.0,33.7,EXCELLENT
2026-05-04 16:58:12,26.7,53.2,272.0,0.0,30.7,EXCELLENT
2026-05-04 16:58:14,26.7,53.2,278.0,0.0,32.7,EXCELLENT
2026-05-04 16:58:16,26.7,53.2,272.0,0.0,30.7,EXCELLENT
2026-05-04 16:58:18,26.7,53.3,278.0,0.0,32.7,EXCELLENT
2026-05-04 16:58:20,26.6,53.3,279.0,0.0,33.0,EXCELLENT
2026-05-04 16:58:22,26.7,53.2,282.0,0.0,34.0,EXCELLENT
2026-05-04 16:58:24,26.7,53.2,279.0,0.0,33.0,EXCELLENT
2026-05-04 16:58:26,26.7,53.3,279.0,0.0,33.0,EXCELLENT
2026-05-04 16:58:28,26.6,53.1,272.0,0.0,30.7,EXCELLENT
2026-05-04 16:58:30,26.7,53.1,275.0,0.0,31.7,EXCELLENT
2026-05-04 16:58:32,26.7,53.2,278.0,0.0,32.7,EXCELLENT
2026-05-04 16:58:34,26.7,53.2,281.0,0.0,33.7,EXCELLENT
2026-05-04 16:58:36,26.6,53.1,285.0,0.0,35.0,EXCELLENT
2026-05-04 16:58:38,26.6,53.1,273.0,0.0,31.0,EXCELLENT
2026-05-04 16:58:40,26.6,53.1,280.0,0.0,33.3,EXCELLENT
2026-05-04 16:58:42,26.6,53.0,276.0,0.0,32.0,EXCELLENT
2026-05-04 16:58:44,26.6,53.0,273.0,0.0,31.0,EXCELLENT
2026-05-04 16:58:46,26.6,53.1,285.0,0.0,35.0,EXCELLENT
2026-05-04 16:58:48,26.6,53.1,279.0,0.0,33.0,EXCELLENT
2026-05-04 16:58:50,26.7,52.9,277.0,0.0,32.3,EXCELLENT
2026-05-04 16:58:52,26.7,52.9,275.0,0.0,31.7,EXCELLENT
2026-05-04 16:58:54,26.6,52.9,282.0,0.0,34.0,EXCELLENT
2026-05-04 16:58:56,26.6,52.9,278.0,0.0,32.7,EXCELLENT
2026-05-04 16:58:58,26.6,53.0,275.0,0.0,31.7,EXCELLENT
2026-05-04 16:59:00,26.6,52.9,274.0,0.0,31.3,EXCELLENT
2026-05-04 16:59:02,26.6,53.0,278.0,0.0,32.7,EXCELLENT
2026-05-04 16:59:04,26.6,53.0,278.0,0.0,32.7,EXCELLENT
2026-05-04 16:59:06,26.6,53.0,277.0,0.0,32.3,EXCELLENT
2026-05-04 16:59:08,26.6,52.8,282.0,0.0,34.0,EXCELLENT
2026-05-04 16:59:10,26.6,52.9,282.0,0.0,34.0,EXCELLENT
2026-05-04 16:59:12,26.6,53.0,282.0,0.0,34.0,EXCELLENT
2026-05-04 16:59:14,26.6,52.9,272.0,0.0,30.7,EXCELLENT
2026-05-04 16:59:16,26.6,52.9,281.0,0.0,33.7,EXCELLENT
2026-05-04 16:59:18,26.6,53.0,281.0,0.0,33.7,EXCELLENT
2026-05-04 16:59:20,26.6,53.0,274.0,0.0,31.3,EXCELLENT
2026-05-04 16:59:22,26.6,52.9,284.0,0.0,34.7,EXCELLENT
2026-05-04 16:59:24,26.6,53.0,276.0,0.0,32.0,EXCELLENT
2026-05-04 16:59:26,26.6,53.1,271.0,0.0,30.3,EXCELLENT
2026-05-04 16:59:28,26.6,53.0,278.0,0.0,32.7,EXCELLENT
2026-05-04 16:59:30,26.6,52.9,274.0,0.0,31.3,EXCELLENT
2026-05-04 16:59:32,26.6,52.9,277.0,0.0,32.3,EXCELLENT
2026-05-04 16:59:34,26.6,52.9,282.0,0.0,34.0,EXCELLENT
2026-05-04 16:59:36,26.6,52.9,274.0,0.0,31.3,EXCELLENT
2026-05-04 16:59:38,26.6,52.9,280.0,0.0,33.3,EXCELLENT
2026-05-04 16:59:40,26.6,52.9,281.0,0.0,33.7,EXCELLENT
2026-05-04 16:59:42,26.6,52.9,283.0,0.0,34.3,EXCELLENT
2026-05-04 16:59:44,26.6,52.9,284.0,0.0,34.7,EXCELLENT
2026-05-04 16:59:46,26.6,53.0,283.0,0.0,34.3,EXCELLENT
2026-05-04 16:59:48,26.6,52.9,286.0,0.0,35.3,EXCELLENT
2026-05-04 16:59:50,26.6,52.8,281.0,0.0,33.7,EXCELLENT
2026-05-04 16:59:52,26.6,52.8,279.0,0.0,33.0,EXCELLENT
2026-05-04 16:59:54,26.6,52.9,287.0,0.0,35.7,EXCELLENT
2026-05-04 16:59:56,26.6,52.9,287.0,0.0,35.7,EXCELLENT
2026-05-04 16:59:58,26.6,52.8,279.0,0.0,33.0,EXCELLENT
2026-05-04 17:00:00,26.6,52.9,277.0,0.0,32.3,EXCELLENT
2026-05-04 17:00:02,26.6,52.8,277.0,0.0,32.3,EXCELLENT
2026-05-04 17:00:04,26.6,52.8,285.0,0.0,35.0,EXCELLENT
2026-05-04 17:00:06,26.6,52.7,281.0,0.0,33.7,EXCELLENT
2026-05-04 17:00:08,26.6,52.7,283.0,0.0,34.3,EXCELLENT
2026-05-04 17:00:10,26.6,52.7,280.0,0.0,33.3,EXCELLENT
2026-05-04 17:00:12,26.6,52.7,286.0,0.0,35.3,EXCELLENT
2026-05-04 17:00:16,26.6,52.7,277.0,0.0,32.3,EXCELLENT
2026-05-04 17:00:16,26.6,52.7,285.0,0.0,35.0,EXCELLENT
2026-05-04 17:00:18,26.6,52.7,275.0,0.0,31.7,EXCELLENT
2026-05-04 17:00:20,26.6,52.6,275.0,0.0,31.7,EXCELLENT
2026-05-04 17:00:22,26.6,52.7,281.0,0.0,33.7,EXCELLENT
2026-05-04 17:00:24,26.6,52.7,273.0,0.0,31.0,EXCELLENT
2026-05-04 17:00:26,26.6,52.8,283.0,0.0,34.3,EXCELLENT
2026-05-04 17:00:28,26.6,52.7,283.0,0.0,34.3,EXCELLENT
2026-05-04 17:00:30,26.6,52.7,272.0,0.0,30.7,EXCELLENT
2026-05-04 17:00:32,26.6,52.7,278.0,0.0,32.7,EXCELLENT
2026-05-04 17:00:34,26.6,52.7,284.0,0.0,34.7,EXCELLENT
2026-05-04 17:00:36,26.6,52.7,274.0,0.0,31.3,EXCELLENT
2026-05-04 17:00:38,26.6,52.6,280.0,0.0,33.3,EXCELLENT
2026-05-04 17:00:40,26.6,52.6,274.0,0.0,31.3,EXCELLENT
2026-05-04 17:00:42,26.6,52.6,281.0,0.0,33.7,EXCELLENT
2026-05-04 17:00:44,26.6,52.7,279.0,0.0,33.0,EXCELLENT
2026-05-04 17:00:46,26.6,52.6,284.0,0.0,34.7,EXCELLENT
2026-05-04 17:00:48,26.6,52.7,277.0,0.0,32.3,EXCELLENT
2026-05-04 17:00:51,26.6,52.7,282.0,0.0,34.0,EXCELLENT
2026-05-04 17:00:52,26.6,52.6,277.0,0.0,32.3,EXCELLENT
2026-05-04 17:00:54,26.6,52.6,282.0,0.0,34.0,EXCELLENT
2026-05-04 17:00:56,26.6,52.5,282.0,0.0,34.0,EXCELLENT
2026-05-04 17:00:58,26.6,52.6,278.0,0.0,32.7,EXCELLENT
2026-05-04 17:01:00,26.6,52.6,285.0,0.0,35.0,EXCELLENT
2026-05-04 17:01:02,26.6,52.6,278.0,0.0,32.7,EXCELLENT
2026-05-04 17:01:04,26.6,52.7,283.0,0.0,34.3,EXCELLENT
2026-05-04 17:01:06,26.6,52.6,277.0,0.0,32.3,EXCELLENT
2026-05-04 17:01:08,26.6,52.6,277.0,0.0,32.3,EXCELLENT
2026-05-04 17:01:10,26.6,52.7,277.0,0.0,32.3,EXCELLENT
2026-05-04 17:01:12,26.6,52.5,283.0,0.0,34.3,EXCELLENT
2026-05-04 17:01:14,26.6,52.5,282.0,0.0,34.0,EXCELLENT
2026-05-04 17:01:16,26.6,52.5,283.0,0.0,34.3,EXCELLENT
2026-05-04 17:01:18,26.6,52.5,282.0,0.0,34.0,EXCELLENT
2026-05-04 17:01:20,26.6,52.4,274.0,0.0,31.3,EXCELLENT
2026-05-04 17:01:22,26.6,52.4,277.0,0.0,32.3,EXCELLENT
2026-05-04 17:01:24,26.6,52.4,275.0,0.0,31.7,EXCELLENT
2026-05-04 17:01:26,26.6,52.5,282.0,0.0,34.0,EXCELLENT
2026-05-04 17:01:28,26.6,52.4,282.0,0.0,34.0,EXCELLENT
2026-05-04 17:01:30,26.6,52.5,277.0,0.0,32.3,EXCELLENT
2026-05-04 17:01:32,26.6,52.5,286.0,0.0,35.3,EXCELLENT
2026-05-04 17:01:34,26.6,52.4,281.0,0.0,33.7,EXCELLENT
2026-05-04 17:01:36,26.6,52.4,275.0,0.0,31.7,EXCELLENT
2026-05-04 17:01:38,26.6,52.4,283.0,0.0,34.3,EXCELLENT
2026-05-04 17:01:40,26.6,52.5,284.0,0.0,34.7,EXCELLENT
2026-05-04 17:01:42,26.6,52.3,278.0,0.0,32.7,EXCELLENT
2026-05-04 17:01:44,26.6,52.4,275.0,0.0,31.7,EXCELLENT
2026-05-04 17:01:46,26.6,52.5,273.0,0.0,31.0,EXCELLENT
2026-05-04 17:01:48,26.6,52.4,282.0,0.0,34.0,EXCELLENT
2026-05-04 17:01:50,26.6,52.3,262.0,0.0,27.3,EXCELLENT
2026-05-04 17:01:52,26.6,52.4,272.0,0.0,30.7,EXCELLENT
2026-05-04 17:01:54,26.6,52.4,273.0,0.0,31.0,EXCELLENT
2026-05-04 17:01:56,26.6,52.4,272.0,0.0,30.7,EXCELLENT
2026-05-04 17:01:58,26.6,52.4,274.0,0.0,31.3,EXCELLENT
2026-05-04 17:02:00,26.6,52.4,275.0,0.0,31.7,EXCELLENT
2026-05-04 17:02:03,26.6,52.4,277.0,0.0,32.3,EXCELLENT
2026-05-04 17:02:04,26.6,52.3,278.0,0.0,32.7,EXCELLENT
2026-05-04 17:02:06,26.6,52.3,273.0,0.0,31.0,EXCELLENT
2026-05-04 17:02:08,26.6,52.2,273.0,0.0,31.0,EXCELLENT
2026-05-04 17:02:10,26.6,52.2,277.0,0.0,32.3,EXCELLENT
2026-05-04 17:02:12,26.6,52.1,277.0,0.0,32.3,EXCELLENT
2026-05-04 17:02:14,26.6,52.1,278.0,0.0,32.7,EXCELLENT
2026-05-04 17:02:16,26.6,52.0,267.0,0.0,29.0,EXCELLENT
2026-05-04 17:02:18,26.6,52.1,283.0,0.0,34.3,EXCELLENT
2026-05-04 17:02:20,26.6,52.2,275.0,0.0,31.7,EXCELLENT
2026-05-04 17:02:22,26.6,52.1,281.0,0.0,33.7,EXCELLENT
2026-05-04 17:02:24,26.6,52.1,274.0,0.0,31.3,EXCELLENT
2026-05-04 17:02:26,26.6,52.1,282.0,0.0,34.0,EXCELLENT
2026-05-04 17:02:28,26.6,52.2,272.0,0.0,30.7,EXCELLENT
2026-05-04 17:02:30,26.6,52.1,274.0,0.0,31.3,EXCELLENT
2026-05-04 17:02:32,26.6,52.1,278.0,0.0,32.7,EXCELLENT
2026-05-04 17:02:34,26.6,52.0,277.0,0.0,32.3,EXCELLENT
2026-05-04 17:02:36,26.6,52.0,272.0,0.0,30.7,EXCELLENT
2026-05-04 17:02:38,26.6,52.0,281.0,0.0,33.7,EXCELLENT
2026-05-04 17:02:40,26.6,52.0,277.0,0.0,32.3,EXCELLENT
2026-05-04 17:02:42,26.6,52.1,262.0,0.0,27.3,EXCELLENT
2026-05-04 17:02:44,26.6,52.0,281.0,0.0,33.7,EXCELLENT
2026-05-04 17:02:46,26.6,52.0,274.0,0.0,31.3,EXCELLENT
2026-05-04 17:02:48,26.6,52.0,272.0,0.0,30.7,EXCELLENT
2026-05-04 17:02:50,26.6,52.0,282.0,0.0,34.0,EXCELLENT
2026-05-04 17:02:52,26.6,51.9,274.0,0.0,31.3,EXCELLENT
2026-05-04 17:02:54,26.6,52.0,275.0,0.0,31.7,EXCELLENT
2026-05-04 17:02:56,26.6,52.0,272.0,0.0,30.7,EXCELLENT
2026-05-04 17:02:58,26.6,52.1,281.0,0.0,33.7,EXCELLENT
2026-05-04 17:03:00,26.6,51.9,277.0,0.0,32.3,EXCELLENT
2026-05-04 17:03:03,26.6,51.9,276.0,0.0,32.0,EXCELLENT
2026-05-04 17:03:04,26.6,52.0,268.0,0.0,29.3,EXCELLENT
2026-05-04 17:03:06,26.6,51.9,278.0,0.0,32.7,EXCELLENT
2026-05-04 17:03:09,26.6,52.0,277.0,0.0,32.3,EXCELLENT
2026-05-04 17:03:11,26.6,51.8,281.0,0.0,33.7,EXCELLENT
2026-05-04 17:03:13,26.6,51.9,273.0,0.0,31.0,EXCELLENT
2026-05-04 17:03:14,26.6,51.9,278.0,0.0,32.7,EXCELLENT
2026-05-04 17:03:16,26.6,51.9,276.0,0.0,32.0,EXCELLENT
2026-05-04 17:03:18,26.6,51.8,281.0,0.0,33.7,EXCELLENT
2026-05-04 17:03:20,26.6,51.9,277.0,0.0,32.3,EXCELLENT
2026-05-04 17:03:22,26.6,51.9,272.0,0.0,30.7,EXCELLENT
2026-05-04 17:03:24,26.6,52.0,278.0,0.0,32.7,EXCELLENT
2026-05-04 17:03:26,26.6,51.9,272.0,0.0,30.7,EXCELLENT
2026-05-04 17:03:28,26.6,51.8,276.0,0.0,32.0,EXCELLENT
2026-05-04 17:03:31,26.6,51.9,287.0,0.0,35.7,EXCELLENT
2026-05-04 17:03:32,26.6,51.9,278.0,0.0,32.7,EXCELLENT
2026-05-04 17:03:34,26.6,51.8,277.0,0.0,32.3,EXCELLENT
2026-05-04 17:03:36,26.6,51.9,272.0,0.0,30.7,EXCELLENT
2026-05-04 17:03:39,26.6,51.8,283.0,0.0,34.3,EXCELLENT
2026-05-04 17:03:41,26.6,51.7,273.0,0.0,31.0,EXCELLENT
2026-05-04 17:03:43,26.6,51.8,281.0,0.0,33.7,EXCELLENT
2026-05-04 17:03:45,26.6,51.7,272.0,0.0,30.7,EXCELLENT
2026-05-04 17:03:47,26.6,51.8,275.0,0.0,31.7,EXCELLENT
2026-05-04 17:03:49,26.6,51.8,277.0,0.0,32.3,EXCELLENT
2026-05-04 17:03:51,26.6,51.8,276.0,0.0,32.0,EXCELLENT
2026-05-04 17:03:52,26.5,51.8,269.0,0.0,29.7,EXCELLENT
2026-05-04 17:03:55,26.6,51.8,275.0,0.0,31.7,EXCELLENT
2026-05-04 17:03:57,26.6,51.7,269.0,0.0,29.7,EXCELLENT
2026-05-04 17:03:59,26.6,51.7,279.0,0.0,33.0,EXCELLENT
2026-05-04 17:04:01,26.5,51.8,271.0,0.0,30.3,EXCELLENT
2026-05-04 17:04:03,26.5,51.8,277.0,0.0,32.3,EXCELLENT
2026-05-04 17:04:04,26.5,51.7,278.0,0.0,32.7,EXCELLENT
2026-05-04 17:04:06,26.6,51.8,273.0,0.0,31.0,EXCELLENT
2026-05-04 17:04:09,26.6,51.8,275.0,0.0,31.7,EXCELLENT
2026-05-04 17:04:10,26.6,51.8,282.0,0.0,34.0,EXCELLENT
2026-05-04 17:04:12,26.6,51.7,273.0,0.0,31.0,EXCELLENT
2026-05-04 17:04:15,26.5,51.7,273.0,0.0,31.0,EXCELLENT
2026-05-04 17:04:17,26.5,51.7,273.0,0.0,31.0,EXCELLENT
2026-05-04 17:04:19,26.6,51.8,277.0,0.0,32.3,EXCELLENT
2026-05-04 17:04:21,26.5,51.7,276.0,0.0,32.0,EXCELLENT
2026-05-04 17:04:23,26.5,51.8,277.0,0.0,32.3,EXCELLENT
2026-05-04 17:04:25,26.6,51.7,272.0,0.0,30.7,EXCELLENT
2026-05-04 17:04:27,26.6,51.8,275.0,0.0,31.7,EXCELLENT
2026-05-04 17:04:29,26.6,51.8,278.0,0.0,32.7,EXCELLENT
2026-05-04 17:04:31,26.6,51.7,272.0,0.0,30.7,EXCELLENT
2026-05-04 17:04:33,26.6,51.9,282.0,0.0,34.0,EXCELLENT
2026-05-04 17:04:35,26.6,51.8,275.0,0.0,31.7,EXCELLENT
2026-05-04 17:04:37,26.6,51.7,282.0,0.0,34.0,EXCELLENT
2026-05-04 17:04:39,26.6,51.7,275.0,0.0,31.7,EXCELLENT
2026-05-04 17:04:41,26.5,51.7,282.0,0.0,34.0,EXCELLENT
2026-05-04 17:04:43,26.6,51.7,282.0,0.0,34.0,EXCELLENT
2026-05-04 17:04:45,26.5,51.7,277.0,0.0,32.3,EXCELLENT
2026-05-04 17:04:47,26.6,51.6,272.0,0.0,30.7,EXCELLENT
2026-05-04 17:04:49,26.6,51.7,282.0,0.0,34.0,EXCELLENT
2026-05-04 17:04:51,26.6,51.6,275.0,0.0,31.7,EXCELLENT
2026-05-04 17:04:53,26.6,51.6,272.0,0.0,30.7,EXCELLENT
2026-05-04 17:04:55,26.6,51.5,279.0,0.0,33.0,EXCELLENT
2026-05-04 17:04:57,26.6,51.6,277.0,0.0,32.3,EXCELLENT
2026-05-04 17:04:59,26.6,51.6,274.0,0.0,31.3,EXCELLENT
2026-05-04 17:05:01,26.6,51.5,272.0,0.0,30.7,EXCELLENT
2026-05-04 17:05:02,26.6,51.5,273.0,0.0,31.0,EXCELLENT
2026-05-04 17:05:05,26.6,51.5,278.0,0.0,32.7,EXCELLENT
2026-05-04 17:05:07,26.5,51.5,276.0,0.0,32.0,EXCELLENT
2026-05-04 17:05:09,26.5,51.5,273.0,0.0,31.0,EXCELLENT
2026-05-04 17:05:11,26.5,51.4,272.0,0.0,30.7,EXCELLENT
2026-05-04 17:05:13,26.6,51.5,282.0,0.0,34.0,EXCELLENT
2026-05-04 17:05:15,26.5,51.5,274.0,0.0,31.3,EXCELLENT
2026-05-04 17:05:17,26.5,51.4,265.0,0.0,28.3,EXCELLENT
2026-05-04 17:05:19,26.6,51.4,281.0,0.0,33.7,EXCELLENT
2026-05-04 17:05:21,26.5,51.4,279.0,0.0,33.0,EXCELLENT
2026-05-04 17:05:23,26.5,51.4,281.0,0.0,33.7,EXCELLENT
2026-05-04 17:05:25,26.6,51.4,282.0,0.0,34.0,EXCELLENT
2026-05-04 17:05:27,26.5,51.5,276.0,0.0,32.0,EXCELLENT
2026-05-04 17:05:29,26.6,51.4,279.0,0.0,33.0,EXCELLENT
2026-05-04 17:05:31,26.5,51.4,272.0,0.0,30.7,EXCELLENT
2026-05-04 17:05:33,26.6,51.4,274.0,0.0,31.3,EXCELLENT
2026-05-04 17:05:35,26.6,51.4,278.0,0.0,32.7,EXCELLENT
2026-05-04 17:05:37,26.5,51.4,278.0,0.0,32.7,EXCELLENT
2026-05-04 17:05:39,26.5,51.5,277.0,0.0,32.3,EXCELLENT
2026-05-04 17:05:41,26.5,51.5,272.0,0.0,30.7,EXCELLENT
2026-05-04 17:05:43,26.6,51.5,272.0,0.0,30.7,EXCELLENT
2026-05-04 17:05:45,26.6,51.6,275.0,0.0,31.7,EXCELLENT
2026-05-04 17:05:47,26.5,51.5,277.0,0.0,32.3,EXCELLENT
2026-05-04 17:05:49,26.5,51.5,275.0,0.0,31.7,EXCELLENT
2026-05-04 17:05:51,26.6,51.5,276.0,0.0,32.0,EXCELLENT
2026-05-04 17:05:53,26.5,51.4,274.0,0.0,31.3,EXCELLENT
2026-05-04 17:05:55,26.6,51.4,270.0,0.0,30.0,EXCELLENT
2026-05-04 17:05:57,26.5,51.4,272.0,0.0,30.7,EXCELLENT
2026-05-04 17:05:59,26.5,51.4,275.0,0.0,31.7,EXCELLENT
2026-05-04 17:06:01,26.5,51.4,273.0,0.0,31.0,EXCELLENT
2026-05-04 17:06:03,26.5,51.4,273.0,0.0,31.0,EXCELLENT
2026-05-04 17:06:05,26.5,51.4,278.0,0.0,32.7,EXCELLENT
2026-05-04 17:06:07,26.5,51.4,278.0,0.0,32.7,EXCELLENT
2026-05-04 17:06:09,26.5,51.4,281.0,0.0,33.7,EXCELLENT
2026-05-04 17:06:11,26.5,51.5,279.0,0.0,33.0,EXCELLENT
2026-05-04 17:06:13,26.5,51.4,278.0,0.0,32.7,EXCELLENT
2026-05-04 17:06:15,26.6,51.4,272.0,0.0,30.7,EXCELLENT
2026-05-04 17:06:17,26.5,51.4,274.0,0.0,31.3,EXCELLENT
2026-05-04 17:06:19,26.5,51.3,277.0,0.0,32.3,EXCELLENT
2026-05-04 17:06:21,26.5,51.3,271.0,0.0,30.3,EXCELLENT
2026-05-04 17:06:23,26.5,51.3,279.0,0.0,33.0,EXCELLENT
2026-05-04 17:06:25,26.6,51.3,273.0,0.0,31.0,EXCELLENT
2026-05-04 17:06:27,26.5,51.3,274.0,0.0,31.3,EXCELLENT
2026-05-04 17:06:29,26.5,51.3,274.0,0.0,31.3,EXCELLENT
2026-05-04 17:06:31,26.5,51.4,272.0,0.0,30.7,EXCELLENT
2026-05-04 17:06:33,26.5,51.3,275.0,0.0,31.7,EXCELLENT
2026-05-04 17:06:35,26.5,51.3,275.0,0.0,31.7,EXCELLENT
2026-05-04 17:06:37,26.5,51.4,272.0,0.0,30.7,EXCELLENT
2026-05-04 17:06:39,26.5,51.3,275.0,0.0,31.7,EXCELLENT
2026-05-04 17:06:41,26.5,51.2,276.0,0.0,32.0,EXCELLENT
2026-05-04 17:06:43,26.5,51.2,266.0,0.0,28.7,EXCELLENT
2026-05-04 17:06:45,26.5,51.2,278.0,0.0,32.7,EXCELLENT
2026-05-04 17:06:47,26.5,51.2,275.0,0.0,31.7,EXCELLENT
2026-05-04 17:06:49,26.5,51.3,272.0,0.0,30.7,EXCELLENT
2026-05-04 17:06:51,26.5,51.2,276.0,0.0,32.0,EXCELLENT
2026-05-04 17:06:53,26.5,51.2,283.0,0.0,34.3,EXCELLENT
2026-05-04 17:06:55,26.5,51.1,279.0,0.0,33.0,EXCELLENT
2026-05-04 17:06:57,26.5,51.1,281.0,0.0,33.7,EXCELLENT
2026-05-04 17:06:59,26.5,51.1,275.0,0.0,31.7,EXCELLENT
2026-05-04 17:07:01,26.5,51.2,273.0,0.0,31.0,EXCELLENT
2026-05-04 17:07:03,26.5,51.2,274.0,0.0,31.3,EXCELLENT
2026-05-04 17:07:05,26.5,51.2,281.0,0.0,33.7,EXCELLENT
2026-05-04 17:07:07,26.5,51.2,278.0,0.0,32.7,EXCELLENT
2026-05-04 17:07:09,26.5,51.2,268.0,0.0,29.3,EXCELLENT
2026-05-04 17:07:11,26.5,51.3,272.0,0.0,30.7,EXCELLENT
2026-05-04 17:07:13,26.4,51.3,279.0,0.0,33.0,EXCELLENT
2026-05-04 17:07:15,26.5,51.3,275.0,0.0,31.7,EXCELLENT
2026-05-04 17:07:17,26.5,51.3,277.0,0.0,32.3,EXCELLENT
2026-05-04 17:07:19,26.5,51.3,278.0,0.0,32.7,EXCELLENT
2026-05-04 17:07:21,26.4,51.3,275.0,0.0,31.7,EXCELLENT
2026-05-04 17:07:23,26.5,51.3,277.0,0.0,32.3,EXCELLENT
2026-05-04 17:07:25,26.5,51.2,275.0,0.0,31.7,EXCELLENT
2026-05-04 17:07:27,26.4,51.2,277.0,0.0,32.3,EXCELLENT
2026-05-04 17:07:29,26.5,51.2,282.0,0.0,34.0,EXCELLENT
2026-05-04 17:07:31,26.5,51.2,272.0,0.0,30.7,EXCELLENT
2026-05-04 17:07:33,26.5,51.1,277.0,0.0,32.3,EXCELLENT
2026-05-04 17:07:35,26.5,51.2,270.0,0.0,30.0,EXCELLENT
2026-05-04 17:07:37,26.4,51.3,273.0,0.0,31.0,EXCELLENT
2026-05-04 17:07:39,26.5,51.1,272.0,0.0,30.7,EXCELLENT
2026-05-04 17:07:41,26.5,51.2,281.0,0.0,33.7,EXCELLENT
2026-05-04 17:07:43,26.5,51.1,275.0,0.0,31.7,EXCELLENT
2026-05-04 17:07:45,26.5,51.1,277.0,0.0,32.3,EXCELLENT
2026-05-04 17:07:47,26.5,51.2,280.0,0.0,33.3,EXCELLENT
2026-05-04 17:07:49,26.5,51.1,275.0,0.0,31.7,EXCELLENT
2026-05-04 17:07:51,26.5,51.1,272.0,0.0,30.7,EXCELLENT
2026-05-04 17:07:53,26.5,51.2,279.0,0.0,33.0,EXCELLENT
2026-05-04 17:07:55,26.5,51.1,273.0,0.0,31.0,EXCELLENT
2026-05-04 17:07:57,26.5,51.0,272.0,0.0,30.7,EXCELLENT
2026-05-04 17:07:59,26.5,51.0,276.0,0.0,32.0,EXCELLENT
2026-05-04 17:08:01,26.4,51.0,272.0,0.0,30.7,EXCELLENT
2026-05-04 17:08:03,26.4,51.0,272.0,0.0,30.7,EXCELLENT
2026-05-04 17:08:05,26.4,51.0,277.0,0.0,32.3,EXCELLENT
2026-05-04 17:08:07,26.4,51.1,274.0,0.0,31.3,EXCELLENT
2026-05-04 17:08:09,26.5,51.1,273.0,0.0,31.0,EXCELLENT
2026-05-04 17:08:11,26.5,51.1,281.0,0.0,33.7,EXCELLENT
2026-05-04 17:08:13,26.5,51.1,275.0,0.0,31.7,EXCELLENT
2026-05-04 17:08:15,26.5,51.1,272.0,0.0,30.7,EXCELLENT
2026-05-04 17:08:17,26.5,51.0,276.0,0.0,32.0,EXCELLENT
2026-05-04 17:08:19,26.5,51.0,275.0,0.0,31.7,EXCELLENT
2026-05-04 17:08:21,26.5,51.0,272.0,0.0,30.7,EXCELLENT
2026-05-04 17:08:23,26.5,51.0,272.0,0.0,30.7,EXCELLENT
2026-05-04 17:08:25,26.5,51.1,273.0,0.0,31.0,EXCELLENT
2026-05-04 17:08:27,26.5,51.0,273.0,0.0,31.0,EXCELLENT
2026-05-04 17:08:29,26.5,51.0,273.0,0.0,31.0,EXCELLENT
2026-05-04 17:08:31,26.5,50.9,275.0,0.0,31.7,EXCELLENT
2026-05-04 17:08:33,26.5,51.0,272.0,0.0,30.7,EXCELLENT
2026-05-04 17:08:35,26.5,51.0,275.0,0.0,31.7,EXCELLENT
2026-05-04 17:08:37,26.5,51.0,275.0,0.0,31.7,EXCELLENT
2026-05-04 17:08:39,26.5,51.0,272.0,0.0,30.7,EXCELLENT
2026-05-04 17:08:41,26.5,51.0,275.0,0.0,31.7,EXCELLENT
2026-05-04 17:08:43,26.5,50.9,274.0,0.0,31.3,EXCELLENT
2026-05-04 17:08:45,26.4,50.9,269.0,0.0,29.7,EXCELLENT
2026-05-04 17:08:47,26.5,50.9,271.0,0.0,30.3,EXCELLENT
2026-05-04 17:08:49,26.5,50.9,274.0,0.0,31.3,EXCELLENT
2026-05-04 17:08:51,26.5,50.9,274.0,0.0,31.3,EXCELLENT
2026-05-04 17:08:53,26.5,50.8,278.0,0.0,32.7,EXCELLENT
2026-05-04 17:08:55,26.5,50.9,277.0,0.0,32.3,EXCELLENT
2026-05-04 17:08:57,26.5,50.8,272.0,0.0,30.7,EXCELLENT
2026-05-04 17:08:59,26.5,50.9,272.0,0.0,30.7,EXCELLENT
2026-05-04 17:09:01,26.4,50.8,272.0,0.0,30.7,EXCELLENT
2026-05-04 17:09:03,26.4,50.8,272.0,0.0,30.7,EXCELLENT
2026-05-04 17:09:05,26.5,50.8,272.0,0.0,30.7,EXCELLENT
2026-05-04 17:09:07,26.5,50.9,274.0,0.0,31.3,EXCELLENT
2026-05-04 17:09:09,26.4,50.9,272.0,0.0,30.7,EXCELLENT
2026-05-04 17:09:11,26.4,50.9,272.0,0.0,30.7,EXCELLENT
2026-05-04 17:09:13,26.5,51.0,271.0,0.0,30.3,EXCELLENT
2026-05-04 17:09:15,26.5,50.9,272.0,0.0,30.7,EXCELLENT
2026-05-04 17:09:17,26.5,50.9,274.0,0.0,31.3,EXCELLENT
2026-05-04 17:09:19,26.5,50.9,272.0,0.0,30.7,EXCELLENT
2026-05-04 17:09:21,26.5,50.9,273.0,0.0,31.0,EXCELLENT
2026-05-04 17:09:23,26.5,50.9,276.0,0.0,32.0,EXCELLENT
2026-05-04 17:09:25,26.5,50.8,272.0,0.0,30.7,EXCELLENT
2026-05-04 17:09:27,26.5,50.9,274.0,0.0,31.3,EXCELLENT
2026-05-04 17:09:29,26.5,50.8,275.0,0.0,31.7,EXCELLENT
2026-05-04 17:09:31,26.5,50.9,275.0,0.0,31.7,EXCELLENT
2026-05-04 17:09:33,26.5,50.8,265.0,0.0,28.3,EXCELLENT
2026-05-04 17:09:35,26.5,50.8,272.0,0.0,30.7,EXCELLENT
2026-05-04 17:09:37,26.5,50.8,272.0,0.0,30.7,EXCELLENT
2026-05-04 17:09:39,26.5,50.7,272.0,0.0,30.7,EXCELLENT
2026-05-04 17:09:41,26.5,50.7,272.0,0.0,30.7,EXCELLENT
2026-05-04 17:09:43,26.5,50.8,277.0,0.0,32.3,EXCELLENT
2026-05-04 17:09:45,26.5,50.7,273.0,0.0,31.0,EXCELLENT
2026-05-04 17:09:47,26.5,50.6,271.0,0.0,30.3,EXCELLENT
2026-05-04 17:09:49,26.5,50.6,275.0,0.0,31.7,EXCELLENT
2026-05-04 17:09:51,26.5,50.6,272.0,0.0,30.7,EXCELLENT
2026-05-04 17:09:53,26.5,50.5,272.0,0.0,30.7,EXCELLENT
2026-05-04 17:09:55,26.5,50.6,272.0,0.0,30.7,EXCELLENT
2026-05-04 17:09:57,26.5,50.6,276.0,0.0,32.0,EXCELLENT
2026-05-04 17:09:59,26.5,50.5,266.0,0.0,28.7,EXCELLENT
2026-05-04 17:10:01,26.4,50.5,272.0,0.0,30.7,EXCELLENT
2026-05-04 17:10:03,26.5,50.5,277.0,0.0,32.3,EXCELLENT
2026-05-04 17:10:05,26.5,50.6,273.0,0.0,31.0,EXCELLENT
2026-05-04 17:10:07,26.5,50.6,277.0,0.0,32.3,EXCELLENT
2026-05-04 17:10:09,26.5,50.6,275.0,0.0,31.7,EXCELLENT
2026-05-04 17:10:11,26.5,50.6,269.0,0.0,29.7,EXCELLENT
2026-05-04 17:10:13,26.5,50.6,272.0,0.0,30.7,EXCELLENT
2026-05-04 17:10:15,26.4,50.7,273.0,0.0,31.0,EXCELLENT
2026-05-04 17:10:17,26.5,50.6,272.0,0.0,30.7,EXCELLENT
2026-05-04 17:10:19,26.4,50.7,272.0,0.0,30.7,EXCELLENT
2026-05-04 17:10:21,26.4,50.7,272.0,0.0,30.7,EXCELLENT
2026-05-04 17:10:23,26.4,50.5,272.0,0.0,30.7,EXCELLENT
2026-05-04 17:10:25,26.4,50.7,271.0,0.0,30.3,EXCELLENT
2026-05-04 17:10:27,26.5,50.6,272.0,0.0,30.7,EXCELLENT
2026-05-04 17:10:29,26.5,50.6,272.0,0.0,30.7,EXCELLENT
2026-05-04 17:10:31,26.4,50.6,274.0,0.0,31.3,EXCELLENT
2026-05-04 17:10:33,26.4,50.5,272.0,0.0,30.7,EXCELLENT
2026-05-04 17:10:35,26.4,50.5,272.0,0.0,30.7,EXCELLENT
2026-05-04 17:10:37,26.5,50.5,272.0,0.0,30.7,EXCELLENT
2026-05-04 17:10:39,26.5,50.5,273.0,0.0,31.0,EXCELLENT
2026-05-04 17:10:41,26.5,50.6,275.0,0.0,31.7,EXCELLENT
2026-05-04 17:10:43,26.4,50.5,270.0,0.0,30.0,EXCELLENT
2026-05-04 17:10:45,26.4,50.5,275.0,0.0,31.7,EXCELLENT
2026-05-04 17:10:47,26.4,50.6,270.0,0.0,30.0,EXCELLENT
2026-05-04 17:10:49,26.4,50.6,272.0,0.0,30.7,EXCELLENT
2026-05-04 17:10:51,26.4,50.6,276.0,0.0,32.0,EXCELLENT
2026-05-04 17:10:53,26.4,50.6,271.0,0.0,30.3,EXCELLENT
2026-05-04 17:10:55,26.4,50.6,270.0,0.0,30.0,EXCELLENT
2026-05-04 17:10:57,26.5,50.5,274.0,0.0,31.3,EXCELLENT
2026-05-04 17:10:59,26.5,50.5,274.0,0.0,31.3,EXCELLENT
2026-05-04 17:11:01,26.5,50.5,272.0,0.0,30.7,EXCELLENT
2026-05-04 17:11:03,26.4,50.5,272.0,0.0,30.7,EXCELLENT
2026-05-04 17:11:05,26.4,50.5,272.0,0.0,30.7,EXCELLENT
2026-05-04 17:11:07,26.4,50.5,267.0,0.0,29.0,EXCELLENT
2026-05-04 17:11:09,26.4,50.6,275.0,0.0,31.7,EXCELLENT
2026-05-04 17:11:11,26.5,50.4,271.0,0.0,30.3,EXCELLENT
2026-05-04 17:11:13,26.4,50.5,256.0,0.0,25.3,EXCELLENT
2026-05-04 17:11:15,26.4,50.3,269.0,0.0,29.7,EXCELLENT
2026-05-04 17:11:17,26.5,50.4,273.0,0.0,31.0,EXCELLENT
2026-05-04 17:11:19,26.4,50.3,272.0,0.0,30.7,EXCELLENT
2026-05-04 17:11:21,26.4,50.3,272.0,0.0,30.7,EXCELLENT
2026-05-04 17:11:23,26.4,50.4,270.0,0.0,30.0,EXCELLENT
2026-05-04 17:11:25,26.4,50.4,269.0,0.0,29.7,EXCELLENT
2026-05-04 17:11:27,26.5,50.4,272.0,0.0,30.7,EXCELLENT
2026-05-04 17:11:29,26.4,50.4,272.0,0.0,30.7,EXCELLENT
2026-05-04 17:11:31,26.5,50.5,272.0,0.0,30.7,EXCELLENT
2026-05-04 17:11:33,26.4,50.4,276.0,0.0,32.0,EXCELLENT
2026-05-04 17:11:35,26.4,50.4,263.0,0.0,27.7,EXCELLENT
2026-05-04 17:11:37,26.5,50.4,270.0,0.0,30.0,EXCELLENT
2026-05-04 17:11:39,26.5,50.5,274.0,0.0,31.3,EXCELLENT
2026-05-04 17:11:41,26.4,50.4,271.0,0.0,30.3,EXCELLENT
2026-05-04 17:11:43,26.4,50.3,274.0,0.0,31.3,EXCELLENT
2026-05-04 17:11:45,26.4,50.4,272.0,0.0,30.7,EXCELLENT
2026-05-04 17:11:47,26.4,50.5,273.0,0.0,31.0,EXCELLENT
2026-05-04 17:11:49,26.4,50.4,272.0,0.0,30.7,EXCELLENT
2026-05-04 17:11:51,26.4,50.4,272.0,0.0,30.7,EXCELLENT
2026-05-04 17:11:53,26.4,50.4,274.0,0.0,31.3,EXCELLENT
2026-05-04 17:11:55,26.5,50.4,270.0,0.0,30.0,EXCELLENT
2026-05-04 17:11:57,26.4,50.4,273.0,0.0,31.0,EXCELLENT
2026-05-04 17:11:59,26.4,50.4,272.0,0.0,30.7,EXCELLENT
2026-05-04 17:12:01,26.5,50.4,270.0,0.0,30.0,EXCELLENT
2026-05-04 17:12:03,26.4,50.4,272.0,0.0,30.7,EXCELLENT
2026-05-04 17:12:05,26.5,50.4,272.0,0.0,30.7,EXCELLENT
2026-05-04 17:12:07,26.4,50.4,273.0,0.0,31.0,EXCELLENT
2026-05-04 17:12:09,26.4,50.4,272.0,0.0,30.7,EXCELLENT
2026-05-04 17:12:11,26.4,50.4,268.0,0.0,29.3,EXCELLENT
2026-05-04 17:12:13,26.4,50.4,272.0,0.0,30.7,EXCELLENT
2026-05-04 17:12:15,26.4,50.4,269.0,0.0,29.7,EXCELLENT
2026-05-04 17:12:17,26.4,50.5,272.0,0.0,30.7,EXCELLENT
2026-05-04 17:12:19,26.4,50.6,272.0,0.0,30.7,EXCELLENT
2026-05-04 17:12:21,26.4,50.5,274.0,0.0,31.3,EXCELLENT
2026-05-04 17:12:23,26.4,50.5,269.0,0.0,29.7,EXCELLENT
2026-05-04 17:12:25,26.4,50.4,272.0,0.0,30.7,EXCELLENT
2026-05-04 17:12:27,26.4,50.4,271.0,0.0,30.3,EXCELLENT
2026-05-04 17:12:29,26.4,50.4,269.0,0.0,29.7,EXCELLENT
2026-05-04 17:12:31,26.4,50.4,267.0,0.0,29.0,EXCELLENT
2026-05-04 17:12:33,26.4,50.4,272.0,0.0,30.7,EXCELLENT
2026-05-04 17:12:35,26.4,50.4,269.0,0.0,29.7,EXCELLENT
2026-05-04 17:12:37,26.4,50.4,270.0,0.0,30.0,EXCELLENT
2026-05-04 17:12:39,26.4,50.4,269.0,0.0,29.7,EXCELLENT
2026-05-04 17:12:41,26.4,50.4,274.0,0.0,31.3,EXCELLENT
2026-05-04 17:12:43,26.4,50.4,270.0,0.0,30.0,EXCELLENT
2026-05-04 17:12:45,26.4,50.4,272.0,0.0,30.7,EXCELLENT
2026-05-04 17:12:47,26.4,50.5,269.0,0.0,29.7,EXCELLENT
2026-05-04 17:12:49,26.4,50.4,258.0,0.0,26.0,EXCELLENT
2026-05-04 17:12:51,26.4,50.6,269.0,0.0,29.7,EXCELLENT
2026-05-04 17:12:53,26.4,50.4,273.0,0.0,31.0,EXCELLENT
2026-05-04 17:12:55,26.4,50.5,272.0,0.0,30.7,EXCELLENT
2026-05-04 17:12:57,26.4,50.5,272.0,0.0,30.7,EXCELLENT
2026-05-04 17:12:59,26.4,50.5,269.0,0.0,29.7,EXCELLENT
2026-05-04 17:13:01,26.4,50.5,271.0,0.0,30.3,EXCELLENT
2026-05-04 17:13:03,26.4,50.6,267.0,0.0,29.0,EXCELLENT
2026-05-04 17:13:05,26.4,50.5,271.0,0.0,30.3,EXCELLENT
2026-05-04 17:13:07,26.4,50.6,276.0,0.0,32.0,EXCELLENT
2026-05-04 17:13:09,26.4,50.6,272.0,0.0,30.7,EXCELLENT
2026-05-04 17:13:11,26.4,50.5,271.0,0.0,30.3,EXCELLENT
2026-05-04 17:13:13,26.4,50.5,272.0,0.0,30.7,EXCELLENT
2026-05-04 17:13:15,26.4,50.5,265.0,0.0,28.3,EXCELLENT
2026-05-04 17:13:17,26.4,50.4,269.0,0.0,29.7,EXCELLENT
2026-05-04 17:13:19,26.4,50.5,269.0,0.0,29.7,EXCELLENT
2026-05-04 17:13:21,26.4,50.6,272.0,0.0,30.7,EXCELLENT
2026-05-04 17:13:23,26.4,50.4,272.0,0.0,30.7,EXCELLENT
2026-05-04 17:13:25,26.4,50.5,275.0,0.0,31.7,EXCELLENT
2026-05-04 17:13:27,26.4,50.5,270.0,0.0,30.0,EXCELLENT
2026-05-04 17:13:29,26.4,50.5,271.0,0.0,30.3,EXCELLENT
2026-05-04 17:13:31,26.4,50.5,272.0,0.0,30.7,EXCELLENT
2026-05-04 17:13:33,26.4,50.5,274.0,0.0,31.3,EXCELLENT
2026-05-04 17:13:35,26.4,50.5,266.0,0.0,28.7,EXCELLENT
2026-05-04 17:13:37,26.4,50.6,262.0,0.0,27.3,EXCELLENT
2026-05-04 17:13:39,26.4,50.8,272.0,0.0,30.7,EXCELLENT
2026-05-04 17:13:41,26.4,50.8,272.0,0.0,30.7,EXCELLENT
2026-05-04 17:13:43,26.4,50.9,271.0,0.0,30.3,EXCELLENT
2026-05-04 17:13:45,26.4,50.9,266.0,0.0,28.7,EXCELLENT
2026-05-04 17:13:47,26.4,51.0,272.0,0.0,30.7,EXCELLENT
2026-05-04 17:13:49,26.4,51.1,271.0,0.0,30.3,EXCELLENT
2026-05-04 17:13:51,26.4,50.9,269.0,0.0,29.7,EXCELLENT
2026-05-04 17:13:53,26.4,51.0,272.0,0.0,30.7,EXCELLENT
2026-05-04 17:13:55,26.4,50.9,270.0,0.0,30.0,EXCELLENT
2026-05-04 17:13:57,26.4,51.0,269.0,0.0,29.7,EXCELLENT
2026-05-04 17:13:59,26.4,50.8,270.0,0.0,30.0,EXCELLENT
2026-05-04 17:14:01,26.4,51.0,272.0,0.0,30.7,EXCELLENT
2026-05-04 17:14:03,26.4,50.9,272.0,0.0,30.7,EXCELLENT
2026-05-04 17:14:05,26.4,51.0,272.0,0.0,30.7,EXCELLENT
2026-05-04 17:14:07,26.4,51.0,268.0,0.0,29.3,EXCELLENT
2026-05-04 17:14:09,26.4,51.0,273.0,0.0,31.0,EXCELLENT
2026-05-04 17:14:11,26.4,51.0,270.0,0.0,30.0,EXCELLENT
2026-05-04 17:14:13,26.4,51.0,272.0,0.0,30.7,EXCELLENT
2026-05-04 17:14:15,26.4,51.0,266.0,0.0,28.7,EXCELLENT
2026-05-04 17:14:17,26.4,50.9,272.0,0.0,30.7,EXCELLENT
2026-05-04 17:14:19,26.4,51.0,274.0,0.0,31.3,EXCELLENT
2026-05-04 17:14:21,26.4,51.0,272.0,0.0,30.7,EXCELLENT
2026-05-04 17:14:23,26.4,51.0,272.0,0.0,30.7,EXCELLENT
2026-05-04 17:14:25,26.4,51.0,263.0,0.0,27.7,EXCELLENT
2026-05-04 17:14:27,26.4,50.9,275.0,0.0,31.7,EXCELLENT
2026-05-04 17:14:29,26.4,51.0,271.0,0.0,30.3,EXCELLENT
2026-05-04 17:14:31,26.4,50.9,272.0,0.0,30.7,EXCELLENT
2026-05-04 17:14:33,26.4,51.0,272.0,0.0,30.7,EXCELLENT
2026-05-04 17:14:35,26.4,50.9,271.0,0.0,30.3,EXCELLENT
2026-05-04 17:14:37,26.4,51.0,270.0,0.0,30.0,EXCELLENT
2026-05-04 17:14:39,26.4,51.0,267.0,0.0,29.0,EXCELLENT
2026-05-04 17:14:41,26.4,51.0,274.0,0.0,31.3,EXCELLENT
2026-05-04 17:14:43,26.4,50.9,273.0,0.0,31.0,EXCELLENT
2026-05-04 17:14:45,26.4,50.9,266.0,0.0,28.7,EXCELLENT
2026-05-04 17:14:47,26.4,50.9,273.0,0.0,31.0,EXCELLENT
2026-05-04 17:14:49,26.4,50.9,271.0,0.0,30.3,EXCELLENT
2026-05-04 17:14:51,26.4,51.0,265.0,0.0,28.3,EXCELLENT
2026-05-04 17:14:53,26.4,50.8,273.0,0.0,31.0,EXCELLENT
2026-05-04 17:14:55,26.4,50.9,272.0,0.0,30.7,EXCELLENT
2026-05-04 17:14:57,26.4,50.9,272.0,0.0,30.7,EXCELLENT
2026-05-04 17:14:59,26.4,50.8,269.0,0.0,29.7,EXCELLENT
2026-05-04 17:15:01,26.4,50.8,271.0,0.0,30.3,EXCELLENT
2026-05-04 17:15:03,26.4,50.7,266.0,0.0,28.7,EXCELLENT
2026-05-04 17:15:05,26.4,50.7,272.0,0.0,30.7,EXCELLENT
2026-05-04 17:15:07,26.4,50.7,272.0,0.0,30.7,EXCELLENT
2026-05-04 17:15:09,26.4,50.7,272.0,0.0,30.7,EXCELLENT
2026-05-04 17:15:11,26.4,50.7,273.0,0.0,31.0,EXCELLENT
2026-05-04 17:15:13,26.4,50.7,272.0,0.0,30.7,EXCELLENT
2026-05-04 17:15:15,26.4,50.7,270.0,0.0,30.0,EXCELLENT
2026-05-04 17:15:17,26.4,50.7,272.0,0.0,30.7,EXCELLENT
2026-05-04 17:15:19,26.4,50.7,272.0,0.0,30.7,EXCELLENT
2026-05-04 17:15:21,26.4,50.6,272.0,0.0,30.7,EXCELLENT
2026-05-04 17:15:23,26.4,50.7,271.0,0.0,30.3,EXCELLENT
2026-05-04 17:15:25,26.4,50.7,270.0,0.0,30.0,EXCELLENT
2026-05-04 17:15:27,26.4,50.7,268.0,0.0,29.3,EXCELLENT
2026-05-04 17:15:29,26.4,50.7,272.0,0.0,30.7,EXCELLENT
2026-05-04 17:15:31,26.3,50.7,272.0,0.0,30.7,EXCELLENT
2026-05-04 17:15:33,26.4,50.7,271.0,0.0,30.3,EXCELLENT
2026-05-04 17:15:35,26.4,50.6,272.0,0.0,30.7,EXCELLENT
2026-05-04 17:15:37,26.4,50.7,272.0,0.0,30.7,EXCELLENT
2026-05-04 17:15:39,26.4,50.7,262.0,0.0,27.3,EXCELLENT
2026-05-04 17:15:41,26.4,50.6,272.0,0.0,30.7,EXCELLENT
2026-05-04 17:15:43,26.4,50.6,271.0,0.0,30.3,EXCELLENT
2026-05-04 17:15:45,26.4,50.6,272.0,0.0,30.7,EXCELLENT
2026-05-04 17:15:47,26.3,50.6,272.0,0.0,30.7,EXCELLENT
2026-05-04 17:15:49,26.3,50.6,273.0,0.0,31.0,EXCELLENT
2026-05-04 17:15:51,26.3,50.6,268.0,0.0,29.3,EXCELLENT
2026-05-04 17:15:53,26.3,50.6,272.0,0.0,30.7,EXCELLENT
2026-05-04 17:15:55,26.3,50.6,272.0,0.0,30.7,EXCELLENT
2026-05-04 17:15:57,26.4,50.6,272.0,0.0,30.7,EXCELLENT
2026-05-04 17:15:59,26.3,50.6,267.0,0.0,29.0,EXCELLENT
2026-05-04 17:16:01,26.3,50.7,266.0,0.0,28.7,EXCELLENT
2026-05-04 17:16:03,26.3,50.6,270.0,0.0,30.0,EXCELLENT
2026-05-04 17:16:05,26.3,50.6,268.0,0.0,29.3,EXCELLENT
2026-05-04 17:16:07,26.4,50.6,270.0,0.0,30.0,EXCELLENT
2026-05-04 17:16:09,26.3,50.6,272.0,0.0,30.7,EXCELLENT
2026-05-04 17:16:11,26.3,50.6,272.0,0.0,30.7,EXCELLENT
2026-05-04 17:16:13,26.3,50.7,272.0,0.0,30.7,EXCELLENT
2026-05-04 17:16:15,26.3,50.7,269.0,0.0,29.7,EXCELLENT
2026-05-04 17:16:17,26.3,50.8,270.0,0.0,30.0,EXCELLENT
2026-05-04 17:16:19,26.3,50.8,271.0,0.0,30.3,EXCELLENT
2026-05-04 17:16:21,26.3,51.0,274.0,0.0,31.3,EXCELLENT
2026-05-04 17:16:23,26.3,51.0,272.0,0.0,30.7,EXCELLENT
2026-05-04 17:16:25,26.3,51.1,272.0,0.0,30.7,EXCELLENT
2026-05-04 17:16:27,26.3,51.3,266.0,0.0,28.7,EXCELLENT
2026-05-04 17:16:29,26.3,51.3,267.0,0.0,29.0,EXCELLENT
2026-05-04 17:16:31,26.3,51.3,272.0,0.0,30.7,EXCELLENT
2026-05-04 17:16:33,26.3,51.4,272.0,0.0,30.7,EXCELLENT
2026-05-04 17:16:35,26.3,51.3,272.0,0.0,30.7,EXCELLENT
2026-05-04 17:16:37,26.3,51.3,272.0,0.0,30.7,EXCELLENT
2026-05-04 17:16:39,26.3,51.2,272.0,0.0,30.7,EXCELLENT
2026-05-04 17:16:41,26.3,51.2,272.0,0.0,30.7,EXCELLENT
2026-05-04 17:16:43,26.3,51.2,273.0,0.0,31.0,EXCELLENT
2026-05-04 17:16:45,26.3,51.1,272.0,0.0,30.7,EXCELLENT
2026-05-04 17:16:47,26.3,51.1,272.0,0.0,30.7,EXCELLENT
2026-05-04 17:16:49,26.3,51.2,272.0,0.0,30.7,EXCELLENT
2026-05-04 17:16:51,26.3,51.2,275.0,0.0,31.7,EXCELLENT
2026-05-04 17:16:53,26.3,51.1,267.0,0.0,29.0,EXCELLENT
2026-05-04 17:16:55,26.2,51.2,270.0,0.0,30.0,EXCELLENT
2026-05-04 17:16:57,26.3,51.2,272.0,0.0,30.7,EXCELLENT
2026-05-04 17:16:59,26.3,51.2,272.0,0.0,30.7,EXCELLENT
2026-05-04 17:17:01,26.3,51.3,273.0,0.0,31.0,EXCELLENT
2026-05-04 17:17:03,26.3,51.2,271.0,0.0,30.3,EXCELLENT
2026-05-04 17:17:05,26.3,51.3,273.0,0.0,31.0,EXCELLENT
2026-05-04 17:17:07,26.2,51.2,272.0,0.0,30.7,EXCELLENT
2026-05-04 17:17:09,26.3,51.3,272.0,0.0,30.7,EXCELLENT
2026-05-04 17:17:11,26.3,51.3,272.0,0.0,30.7,EXCELLENT
2026-05-04 17:17:13,26.3,51.3,273.0,0.0,31.0,EXCELLENT
2026-05-04 17:17:15,26.3,51.3,270.0,0.0,30.0,EXCELLENT
2026-05-04 17:17:17,26.3,51.1,273.0,0.0,31.0,EXCELLENT
2026-05-04 17:17:19,26.3,51.3,271.0,0.0,30.3,EXCELLENT
2026-05-04 17:17:21,26.3,51.2,276.0,0.0,32.0,EXCELLENT
2026-05-04 17:17:23,26.3,51.2,272.0,0.0,30.7,EXCELLENT
2026-05-04 17:17:25,26.3,51.2,273.0,0.0,31.0,EXCELLENT
2026-05-04 17:17:27,26.3,51.2,278.0,0.0,32.7,EXCELLENT
2026-05-04 17:17:29,26.3,51.2,282.0,0.0,34.0,EXCELLENT
2026-05-04 17:17:31,26.2,51.3,272.0,0.0,30.7,EXCELLENT
2026-05-04 17:17:33,26.3,51.2,275.0,0.0,31.7,EXCELLENT
2026-05-04 17:17:35,26.3,51.3,272.0,0.0,30.7,EXCELLENT
2026-05-04 17:17:37,26.2,51.3,272.0,0.0,30.7,EXCELLENT
2026-05-04 17:17:39,26.3,51.3,273.0,0.0,31.0,EXCELLENT
2026-05-04 17:17:41,26.3,51.4,271.0,0.0,30.3,EXCELLENT
2026-05-04 17:17:43,26.3,51.3,271.0,0.0,30.3,EXCELLENT
2026-05-04 17:17:45,26.2,51.3,272.0,0.0,30.7,EXCELLENT
2026-05-04 17:17:47,26.2,51.4,273.0,0.0,31.0,EXCELLENT
2026-05-04 17:17:49,26.3,51.3,267.0,0.0,29.0,EXCELLENT
2026-05-04 17:17:51,26.3,51.2,270.0,0.0,30.0,EXCELLENT
2026-05-04 17:17:53,26.3,51.2,272.0,0.0,30.7,EXCELLENT
2026-05-04 17:17:55,26.3,51.2,272.0,0.0,30.7,EXCELLENT
2026-05-04 17:17:57,26.3,51.3,270.0,0.0,30.0,EXCELLENT
2026-05-04 17:17:59,26.2,51.2,265.0,0.0,28.3,EXCELLENT
2026-05-04 17:18:01,26.2,51.2,270.0,0.0,30.0,EXCELLENT
2026-05-04 17:18:03,26.3,51.3,270.0,0.0,30.0,EXCELLENT
2026-05-04 17:18:05,26.2,51.3,271.0,0.0,30.3,EXCELLENT
2026-05-04 17:18:07,26.3,51.2,268.0,0.0,29.3,EXCELLENT
2026-05-04 17:18:09,26.3,51.3,272.0,0.0,30.7,EXCELLENT
2026-05-04 17:18:11,26.2,51.3,272.0,0.0,30.7,EXCELLENT
2026-05-04 17:18:13,26.3,51.3,272.0,0.0,30.7,EXCELLENT
2026-05-04 17:18:15,26.3,51.3,272.0,0.0,30.7,EXCELLENT
2026-05-04 17:18:17,26.3,51.3,273.0,0.0,31.0,EXCELLENT
2026-05-04 17:18:19,26.3,51.4,272.0,0.0,30.7,EXCELLENT
2026-05-04 17:18:21,26.3,51.4,271.0,0.0,30.3,EXCELLENT
2026-05-04 17:18:23,26.3,51.3,274.0,0.0,31.3,EXCELLENT
2026-05-04 17:18:25,26.2,51.4,272.0,0.0,30.7,EXCELLENT
2026-05-04 17:18:27,26.3,51.2,265.0,0.0,28.3,EXCELLENT
2026-05-04 17:18:29,26.2,51.3,265.0,0.0,28.3,EXCELLENT
2026-05-04 17:18:31,26.3,51.3,272.0,0.0,30.7,EXCELLENT
2026-05-04 17:18:33,26.3,51.4,272.0,0.0,30.7,EXCELLENT
2026-05-04 17:18:35,26.3,51.3,273.0,0.0,31.0,EXCELLENT
2026-05-04 17:18:37,26.3,51.3,272.0,0.0,30.7,EXCELLENT
2026-05-04 17:18:39,26.3,51.3,272.0,0.0,30.7,EXCELLENT
2026-05-04 17:18:41,26.3,51.3,272.0,0.0,30.7,EXCELLENT
2026-05-04 17:18:43,26.3,51.2,269.0,0.0,29.7,EXCELLENT
2026-05-04 17:18:45,26.3,51.2,267.0,0.0,29.0,EXCELLENT
2026-05-04 17:18:47,26.3,51.3,274.0,0.0,31.3,EXCELLENT
2026-05-04 17:18:49,26.3,51.2,270.0,0.0,30.0,EXCELLENT
2026-05-04 17:18:51,26.3,51.2,272.0,0.0,30.7,EXCELLENT
2026-05-04 17:18:53,26.3,51.2,271.0,0.0,30.3,EXCELLENT
2026-05-04 17:18:55,26.2,51.2,271.0,0.0,30.3,EXCELLENT
2026-05-04 17:18:57,26.2,51.3,272.0,0.0,30.7,EXCELLENT
2026-05-04 17:18:59,26.3,51.1,269.0,0.0,29.7,EXCELLENT
2026-05-04 17:19:01,26.2,51.2,271.0,0.0,30.3,EXCELLENT
2026-05-04 17:19:03,26.3,51.2,273.0,0.0,31.0,EXCELLENT
2026-05-04 17:19:05,26.3,51.2,273.0,0.0,31.0,EXCELLENT
2026-05-04 17:19:07,26.3,51.2,269.0,0.0,29.7,EXCELLENT
2026-05-04 17:19:09,26.3,51.2,272.0,0.0,30.7,EXCELLENT
2026-05-04 17:19:11,26.3,51.2,274.0,0.0,31.3,EXCELLENT
2026-05-04 17:19:13,26.3,51.2,273.0,0.0,31.0,EXCELLENT
2026-05-04 17:19:15,26.3,51.2,273.0,0.0,31.0,EXCELLENT
2026-05-04 17:19:17,26.3,51.2,271.0,0.0,30.3,EXCELLENT
2026-05-04 17:19:19,26.3,51.3,272.0,0.0,30.7,EXCELLENT
2026-05-04 17:19:21,26.3,51.3,273.0,0.0,31.0,EXCELLENT
2026-05-04 17:19:23,26.3,51.3,273.0,0.0,31.0,EXCELLENT
2026-05-04 17:19:25,26.3,51.3,278.0,0.0,32.7,EXCELLENT
2026-05-04 17:19:27,26.3,51.3,270.0,0.0,30.0,EXCELLENT
2026-05-04 17:19:29,26.3,51.2,272.0,0.0,30.7,EXCELLENT
2026-05-04 17:19:31,26.3,51.1,275.0,0.0,31.7,EXCELLENT
2026-05-04 17:19:33,26.3,51.0,272.0,0.0,30.7,EXCELLENT
2026-05-04 17:19:35,26.3,51.1,272.0,0.0,30.7,EXCELLENT
2026-05-04 17:19:37,26.3,51.1,271.0,0.0,30.3,EXCELLENT
2026-05-04 17:19:39,26.3,51.2,274.0,0.0,31.3,EXCELLENT
2026-05-04 17:19:41,26.3,51.0,271.0,0.0,30.3,EXCELLENT
2026-05-04 17:19:43,26.3,51.0,264.0,0.0,28.0,EXCELLENT
2026-05-04 17:19:45,26.3,51.0,273.0,0.0,31.0,EXCELLENT
2026-05-04 17:19:47,26.3,51.0,270.0,0.0,30.0,EXCELLENT
2026-05-04 17:19:49,26.3,51.0,271.0,0.0,30.3,EXCELLENT
2026-05-04 17:19:51,26.3,51.0,272.0,0.0,30.7,EXCELLENT
2026-05-04 17:19:53,26.2,51.0,272.0,0.0,30.7,EXCELLENT
2026-05-04 17:19:55,26.3,51.0,274.0,0.0,31.3,EXCELLENT
2026-05-04 17:19:57,26.3,51.0,273.0,0.0,31.0,EXCELLENT
2026-05-04 17:19:59,26.2,51.0,271.0,0.0,30.3,EXCELLENT
2026-05-04 17:20:01,26.2,51.0,269.0,0.0,29.7,EXCELLENT
2026-05-04 17:20:03,26.3,51.0,273.0,0.0,31.0,EXCELLENT
2026-05-04 17:20:05,26.3,51.0,254.0,0.0,24.7,EXCELLENT
2026-05-04 17:20:07,26.2,51.0,270.0,0.0,30.0,EXCELLENT
2026-05-04 17:20:09,26.2,51.1,272.0,0.0,30.7,EXCELLENT
2026-05-04 17:20:11,26.2,50.9,273.0,0.0,31.0,EXCELLENT
2026-05-04 17:20:13,26.2,51.0,266.0,0.0,28.7,EXCELLENT
2026-05-04 17:20:15,26.2,51.0,273.0,0.0,31.0,EXCELLENT
2026-05-04 17:20:17,26.2,51.0,262.0,0.0,27.3,EXCELLENT
2026-05-04 17:20:19,26.3,51.1,272.0,0.0,30.7,EXCELLENT
2026-05-04 17:20:21,26.2,51.0,273.0,0.0,31.0,EXCELLENT
2026-05-04 17:20:23,26.2,51.1,274.0,0.0,31.3,EXCELLENT
2026-05-04 17:20:25,26.2,51.1,272.0,0.0,30.7,EXCELLENT
2026-05-04 17:20:27,26.2,51.1,272.0,0.0,30.7,EXCELLENT
2026-05-04 17:20:29,26.2,51.1,276.0,0.0,32.0,EXCELLENT
2026-05-04 17:20:31,26.2,51.1,269.0,0.0,29.7,EXCELLENT
2026-05-04 17:20:33,26.2,51.0,272.0,0.0,30.7,EXCELLENT
2026-05-04 17:20:35,26.2,51.1,272.0,0.0,30.7,EXCELLENT
2026-05-04 17:20:37,26.2,51.1,273.0,0.0,31.0,EXCELLENT
2026-05-04 17:20:39,26.2,51.0,272.0,0.0,30.7,EXCELLENT
2026-05-04 17:20:41,26.2,51.0,269.0,0.0,29.7,EXCELLENT
2026-05-04 17:20:43,26.2,51.1,272.0,0.0,30.7,EXCELLENT
2026-05-04 17:20:45,26.2,51.0,268.0,0.0,29.3,EXCELLENT
2026-05-04 17:20:47,26.2,51.1,267.0,0.0,29.0,EXCELLENT
2026-05-04 17:20:49,26.2,51.0,272.0,0.0,30.7,EXCELLENT
2026-05-04 17:20:51,26.2,51.0,272.0,0.0,30.7,EXCELLENT
2026-05-04 17:20:53,26.2,51.0,267.0,0.0,29.0,EXCELLENT
2026-05-04 17:20:55,26.2,51.0,270.0,0.0,30.0,EXCELLENT
2026-05-04 17:20:57,26.2,50.9,270.0,0.0,30.0,EXCELLENT
2026-05-04 17:20:59,26.2,51.0,272.0,0.0,30.7,EXCELLENT
2026-05-04 17:21:01,26.2,51.0,273.0,0.0,31.0,EXCELLENT
2026-05-04 17:21:03,26.2,50.9,272.0,0.0,30.7,EXCELLENT
2026-05-04 17:21:05,26.2,51.0,267.0,0.0,29.0,EXCELLENT
2026-05-04 17:21:07,26.2,50.9,274.0,0.0,31.3,EXCELLENT
2026-05-04 17:21:09,26.2,51.0,272.0,0.0,30.7,EXCELLENT
2026-05-04 17:21:11,26.2,51.0,267.0,0.0,29.0,EXCELLENT
2026-05-04 17:21:13,26.2,51.0,272.0,0.0,30.7,EXCELLENT
2026-05-04 17:21:15,26.2,51.0,272.0,0.0,30.7,EXCELLENT
2026-05-04 17:21:17,26.2,51.0,274.0,0.0,31.3,EXCELLENT
2026-05-04 17:21:19,26.2,51.1,261.0,0.0,27.0,EXCELLENT
2026-05-04 17:21:21,26.2,51.0,269.0,0.0,29.7,EXCELLENT
2026-05-04 17:21:23,26.2,51.0,271.0,0.0,30.3,EXCELLENT
2026-05-04 17:21:25,26.2,51.0,272.0,0.0,30.7,EXCELLENT
2026-05-04 17:21:27,26.2,50.9,272.0,0.0,30.7,EXCELLENT
2026-05-04 17:21:29,26.2,50.9,272.0,0.0,30.7,EXCELLENT
2026-05-04 17:21:31,26.2,50.9,273.0,0.0,31.0,EXCELLENT
2026-05-04 17:21:33,26.2,51.0,270.0,0.0,30.0,EXCELLENT
2026-05-04 17:21:35,26.2,50.9,272.0,0.0,30.7,EXCELLENT
2026-05-04 17:21:37,26.2,50.9,269.0,0.0,29.7,EXCELLENT
2026-05-04 17:21:39,26.2,50.9,270.0,0.0,30.0,EXCELLENT
2026-05-04 17:21:41,26.2,50.9,266.0,0.0,28.7,EXCELLENT
2026-05-04 17:21:43,26.2,50.9,267.0,0.0,29.0,EXCELLENT
2026-05-04 17:21:45,26.2,50.9,266.0,0.0,28.7,EXCELLENT
2026-05-04 17:21:47,26.2,50.9,272.0,0.0,30.7,EXCELLENT
2026-05-04 17:21:49,26.2,50.9,272.0,0.0,30.7,EXCELLENT
2026-05-04 17:21:51,26.2,50.8,267.0,0.0,29.0,EXCELLENT
2026-05-04 17:21:53,26.2,50.8,269.0,0.0,29.7,EXCELLENT
2026-05-04 17:21:55,26.2,50.9,272.0,0.0,30.7,EXCELLENT
2026-05-04 17:21:57,26.2,50.8,267.0,0.0,29.0,EXCELLENT
2026-05-04 17:21:59,26.2,50.8,271.0,0.0,30.3,EXCELLENT
2026-05-04 17:22:01,26.2,50.8,267.0,0.0,29.0,EXCELLENT
2026-05-04 17:22:03,26.2,50.9,269.0,0.0,29.7,EXCELLENT
2026-05-04 17:22:05,26.2,50.8,272.0,0.0,30.7,EXCELLENT
2026-05-04 17:22:07,26.2,50.9,262.0,0.0,27.3,EXCELLENT
2026-05-04 17:22:09,26.2,50.8,270.0,0.0,30.0,EXCELLENT
2026-05-04 17:22:11,26.2,50.8,271.0,0.0,30.3,EXCELLENT
2026-05-04 17:22:13,26.1,50.8,272.0,0.0,30.7,EXCELLENT
2026-05-04 17:22:15,26.2,50.9,268.0,0.0,29.3,EXCELLENT
2026-05-04 17:22:17,26.2,50.8,268.0,0.0,29.3,EXCELLENT
2026-05-04 17:22:19,26.2,50.8,268.0,0.0,29.3,EXCELLENT
2026-05-04 17:22:21,26.1,50.9,273.0,0.0,31.0,EXCELLENT
2026-05-04 17:22:23,26.2,50.9,275.0,0.0,31.7,EXCELLENT
2026-05-04 17:22:25,26.1,50.9,268.0,0.0,29.3,EXCELLENT
2026-05-04 17:22:27,26.1,50.9,270.0,0.0,30.0,EXCELLENT
2026-05-04 17:22:29,26.2,50.9,272.0,0.0,30.7,EXCELLENT
2026-05-04 17:22:31,26.1,50.9,272.0,0.0,30.7,EXCELLENT
2026-05-04 17:22:33,26.1,50.9,265.0,0.0,28.3,EXCELLENT
2026-05-04 17:22:35,26.1,51.0,272.0,0.0,30.7,EXCELLENT
2026-05-04 17:22:37,26.2,51.0,274.0,0.0,31.3,EXCELLENT
2026-05-04 17:22:39,26.1,50.9,269.0,0.0,29.7,EXCELLENT
2026-05-04 17:22:41,26.2,51.0,265.0,0.0,28.3,EXCELLENT
2026-05-04 17:22:43,26.1,51.0,272.0,0.0,30.7,EXCELLENT
2026-05-04 17:22:45,26.1,50.9,272.0,0.0,30.7,EXCELLENT
2026-05-04 17:22:47,26.1,50.9,272.0,0.0,30.7,EXCELLENT
2026-05-04 17:22:49,26.1,50.9,272.0,0.0,30.7,EXCELLENT
2026-05-04 17:22:51,26.1,51.0,275.0,0.0,31.7,EXCELLENT
2026-05-04 17:22:53,26.1,51.1,274.0,0.0,31.3,EXCELLENT
2026-05-04 17:22:55,26.1,50.9,266.0,0.0,28.7,EXCELLENT
2026-05-04 17:22:57,26.1,51.0,272.0,0.0,30.7,EXCELLENT
2026-05-04 17:22:59,26.1,50.9,271.0,0.0,30.3,EXCELLENT
2026-05-04 17:23:01,26.1,51.1,267.0,0.0,29.0,EXCELLENT
2026-05-04 17:23:03,26.1,51.0,274.0,0.0,31.3,EXCELLENT
2026-05-04 17:23:05,26.1,51.0,272.0,0.0,30.7,EXCELLENT
2026-05-04 17:23:07,26.1,51.0,272.0,0.0,30.7,EXCELLENT
2026-05-04 17:23:09,26.1,51.1,272.0,0.0,30.7,EXCELLENT
2026-05-04 17:23:11,26.1,51.0,270.0,0.0,30.0,EXCELLENT
2026-05-04 17:23:13,26.1,51.0,272.0,0.0,30.7,EXCELLENT
2026-05-04 17:23:15,26.1,51.1,271.0,0.0,30.3,EXCELLENT
2026-05-04 17:23:17,26.1,51.1,273.0,0.0,31.0,EXCELLENT
2026-05-04 17:23:19,26.1,51.0,273.0,0.0,31.0,EXCELLENT
2026-05-04 17:23:21,26.1,51.0,267.0,0.0,29.0,EXCELLENT
2026-05-04 17:23:23,26.1,51.1,272.0,0.0,30.7,EXCELLENT
2026-05-04 17:23:25,26.1,51.1,272.0,0.0,30.7,EXCELLENT
2026-05-04 17:23:27,26.1,50.9,272.0,0.0,30.7,EXCELLENT
2026-05-04 17:23:29,26.2,51.0,268.0,0.0,29.3,EXCELLENT
2026-05-04 17:23:31,26.1,51.0,270.0,0.0,30.0,EXCELLENT
2026-05-04 17:23:33,26.1,51.0,264.0,0.0,28.0,EXCELLENT
2026-05-04 17:23:35,26.1,51.0,266.0,0.0,28.7,EXCELLENT
2026-05-04 17:23:37,26.1,51.1,269.0,0.0,29.7,EXCELLENT
2026-05-04 17:23:39,26.2,51.0,272.0,0.0,30.7,EXCELLENT
2026-05-04 17:23:41,26.1,51.0,269.0,0.0,29.7,EXCELLENT
2026-05-04 17:23:43,26.1,51.0,265.0,0.0,28.3,EXCELLENT
2026-05-04 17:23:45,26.2,51.0,270.0,0.0,30.0,EXCELLENT
2026-05-04 17:23:47,26.1,50.9,271.0,0.0,30.3,EXCELLENT
2026-05-04 17:23:49,26.1,50.8,272.0,0.0,30.7,EXCELLENT
2026-05-04 17:23:51,26.1,50.8,272.0,0.0,30.7,EXCELLENT
2026-05-04 17:23:53,26.1,50.9,269.0,0.0,29.7,EXCELLENT
2026-05-04 17:23:55,26.1,50.9,272.0,0.0,30.7,EXCELLENT
2026-05-04 17:23:57,26.1,50.9,273.0,0.0,31.0,EXCELLENT
2026-05-04 17:23:59,26.1,50.8,269.0,0.0,29.7,EXCELLENT
2026-05-04 17:24:01,26.1,50.8,269.0,0.0,29.7,EXCELLENT
2026-05-04 17:24:03,26.1,50.8,272.0,0.0,30.7,EXCELLENT
2026-05-04 17:24:05,26.1,50.9,272.0,0.0,30.7,EXCELLENT
2026-05-04 17:24:07,26.1,50.9,273.0,0.0,31.0,EXCELLENT
2026-05-04 17:24:09,26.1,50.9,260.0,0.0,26.7,EXCELLENT
2026-05-04 17:24:11,26.1,50.9,272.0,0.0,30.7,EXCELLENT
2026-05-04 17:24:13,26.1,50.9,272.0,0.0,30.7,EXCELLENT
2026-05-04 17:24:15,26.1,50.9,272.0,0.0,30.7,EXCELLENT
2026-05-04 17:24:17,26.1,50.9,263.0,0.0,27.7,EXCELLENT
2026-05-04 17:24:19,26.1,50.9,268.0,0.0,29.3,EXCELLENT
2026-05-04 17:24:21,26.1,50.9,272.0,0.0,30.7,EXCELLENT
2026-05-04 17:24:23,26.1,50.9,270.0,0.0,30.0,EXCELLENT
2026-05-04 17:24:25,26.1,50.8,269.0,0.0,29.7,EXCELLENT
2026-05-04 17:24:27,26.1,50.8,271.0,0.0,30.3,EXCELLENT
2026-05-04 17:24:29,26.1,50.8,272.0,0.0,30.7,EXCELLENT
2026-05-04 17:24:31,26.1,50.8,267.0,0.0,29.0,EXCELLENT
2026-05-04 17:24:33,26.1,50.9,272.0,0.0,30.7,EXCELLENT
2026-05-04 17:24:35,26.1,50.9,265.0,0.0,28.3,EXCELLENT
2026-05-04 17:24:37,26.1,50.8,272.0,0.0,30.7,EXCELLENT
2026-05-04 17:24:39,26.1,50.9,267.0,0.0,29.0,EXCELLENT
2026-05-04 17:24:41,26.1,50.8,269.0,0.0,29.7,EXCELLENT
2026-05-04 17:24:43,26.1,50.8,271.0,0.0,30.3,EXCELLENT
2026-05-04 17:24:45,26.1,50.8,272.0,0.0,30.7,EXCELLENT
2026-05-04 17:24:47,26.1,50.9,270.0,0.0,30.0,EXCELLENT
2026-05-04 17:24:49,26.1,50.8,272.0,0.0,30.7,EXCELLENT
2026-05-04 17:24:51,26.1,50.8,272.0,0.0,30.7,EXCELLENT
2026-05-04 17:24:53,26.1,50.8,272.0,0.0,30.7,EXCELLENT
2026-05-04 17:24:55,26.1,50.9,271.0,0.0,30.3,EXCELLENT
2026-05-04 17:24:57,26.1,50.8,257.0,0.0,25.7,EXCELLENT
2026-05-04 17:24:59,26.1,50.8,267.0,0.0,29.0,EXCELLENT
2026-05-04 17:25:01,26.1,50.7,266.0,0.0,28.7,EXCELLENT
2026-05-04 17:25:03,26.1,50.8,272.0,0.0,30.7,EXCELLENT
2026-05-04 17:25:05,26.1,50.8,271.0,0.0,30.3,EXCELLENT
2026-05-04 17:25:07,26.1,50.7,270.0,0.0,30.0,EXCELLENT
2026-05-04 17:25:09,26.1,50.7,273.0,0.0,31.0,EXCELLENT
2026-05-04 17:25:11,26.1,50.7,272.0,0.0,30.7,EXCELLENT
2026-05-04 17:25:13,26.1,50.7,266.0,0.0,28.7,EXCELLENT
2026-05-04 17:25:15,26.1,50.7,272.0,0.0,30.7,EXCELLENT
2026-05-04 17:25:17,26.1,50.8,272.0,0.0,30.7,EXCELLENT
2026-05-04 17:25:19,26.1,50.7,272.0,0.0,30.7,EXCELLENT
2026-05-04 17:25:21,26.1,50.7,274.0,0.0,31.3,EXCELLENT
2026-05-04 17:25:23,26.1,50.7,269.0,0.0,29.7,EXCELLENT
2026-05-04 17:25:25,26.1,50.8,274.0,0.0,31.3,EXCELLENT
2026-05-04 17:25:27,26.1,50.7,272.0,0.0,30.7,EXCELLENT
2026-05-04 17:25:29,26.1,50.7,267.0,0.0,29.0,EXCELLENT
2026-05-04 17:25:31,26.0,50.8,260.0,0.0,26.7,EXCELLENT
2026-05-04 17:25:33,26.1,50.8,266.0,0.0,28.7,EXCELLENT
2026-05-04 17:25:35,26.1,50.8,268.0,0.0,29.3,EXCELLENT
2026-05-04 17:25:37,26.1,50.9,272.0,0.0,30.7,EXCELLENT
2026-05-04 17:25:39,26.1,50.8,271.0,0.0,30.3,EXCELLENT
2026-05-04 17:25:41,26.1,50.8,268.0,0.0,29.3,EXCELLENT
2026-05-04 17:25:43,26.0,50.9,275.0,0.0,31.7,EXCELLENT
2026-05-04 17:25:45,26.1,50.8,265.0,0.0,28.3,EXCELLENT
2026-05-04 17:25:47,26.1,50.8,272.0,0.0,30.7,EXCELLENT
2026-05-04 17:25:49,26.0,50.7,272.0,0.0,30.7,EXCELLENT
2026-05-04 17:25:51,26.0,50.8,272.0,0.0,30.7,EXCELLENT
2026-05-04 17:25:53,26.1,50.8,267.0,0.0,29.0,EXCELLENT
2026-05-04 17:25:55,26.1,50.9,272.0,0.0,30.7,EXCELLENT
2026-05-04 17:25:57,26.0,50.9,272.0,0.0,30.7,EXCELLENT
2026-05-04 17:25:59,26.1,50.8,270.0,0.0,30.0,EXCELLENT
2026-05-04 17:26:01,26.0,50.9,269.0,0.0,29.7,EXCELLENT
2026-05-04 17:26:03,26.0,50.9,272.0,0.0,30.7,EXCELLENT
2026-05-04 17:26:05,26.1,50.9,272.0,0.0,30.7,EXCELLENT
2026-05-04 17:26:07,26.1,50.9,272.0,0.0,30.7,EXCELLENT
2026-05-04 17:26:09,26.0,50.8,270.0,0.0,30.0,EXCELLENT
2026-05-04 17:26:11,26.1,50.8,265.0,0.0,28.3,EXCELLENT
2026-05-04 17:26:13,26.1,50.7,270.0,0.0,30.0,EXCELLENT
2026-05-04 17:26:15,26.1,50.8,272.0,0.0,30.7,EXCELLENT
2026-05-04 17:26:17,26.1,50.6,267.0,0.0,29.0,EXCELLENT
2026-05-04 17:26:19,26.0,50.8,271.0,0.0,30.3,EXCELLENT
2026-05-04 17:26:21,26.0,50.9,272.0,0.0,30.7,EXCELLENT
2026-05-04 17:26:23,26.1,50.7,272.0,0.0,30.7,EXCELLENT
2026-05-04 17:26:25,26.0,50.8,272.0,0.0,30.7,EXCELLENT
2026-05-04 17:26:27,26.0,50.8,267.0,0.0,29.0,EXCELLENT
2026-05-04 17:26:29,26.1,50.7,265.0,0.0,28.3,EXCELLENT
2026-05-04 17:26:31,26.1,50.8,265.0,0.0,28.3,EXCELLENT
2026-05-04 17:26:33,26.1,50.8,268.0,0.0,29.3,EXCELLENT
2026-05-04 17:26:35,26.0,50.7,265.0,0.0,28.3,EXCELLENT
2026-05-04 17:26:37,26.1,50.8,270.0,0.0,30.0,EXCELLENT
2026-05-04 17:26:39,26.0,50.7,272.0,0.0,30.7,EXCELLENT
2026-05-04 17:26:41,26.0,50.7,273.0,0.0,31.0,EXCELLENT
2026-05-04 17:26:43,26.1,50.7,272.0,0.0,30.7,EXCELLENT
2026-05-04 17:26:45,26.1,50.7,272.0,0.0,30.7,EXCELLENT
2026-05-04 17:26:47,26.0,50.8,272.0,0.0,30.7,EXCELLENT
2026-05-04 17:26:49,26.1,50.7,265.0,0.0,28.3,EXCELLENT
2026-05-04 17:26:51,26.1,50.8,272.0,0.0,30.7,EXCELLENT
2026-05-04 17:26:53,26.1,50.7,273.0,0.0,31.0,EXCELLENT
2026-05-04 17:26:55,26.0,50.7,268.0,0.0,29.3,EXCELLENT
2026-05-04 17:26:57,26.1,50.7,273.0,0.0,31.0,EXCELLENT
2026-05-04 17:26:59,26.1,50.7,267.0,0.0,29.0,EXCELLENT
2026-05-04 17:27:01,26.0,50.7,271.0,0.0,30.3,EXCELLENT
2026-05-04 17:27:03,26.1,50.7,270.0,0.0,30.0,EXCELLENT
2026-05-04 17:27:05,26.0,50.7,270.0,0.0,30.0,EXCELLENT
2026-05-04 17:27:07,26.0,50.7,272.0,0.0,30.7,EXCELLENT
2026-05-04 17:27:09,26.1,50.7,272.0,0.0,30.7,EXCELLENT
2026-05-04 17:27:11,26.1,50.7,272.0,0.0,30.7,EXCELLENT
2026-05-04 17:27:13,26.0,50.6,269.0,0.0,29.7,EXCELLENT
2026-05-04 17:27:15,26.0,50.6,263.0,0.0,27.7,EXCELLENT
2026-05-04 17:27:17,26.1,50.6,269.0,0.0,29.7,EXCELLENT
2026-05-04 17:27:19,26.0,50.6,271.0,0.0,30.3,EXCELLENT
2026-05-04 17:27:21,26.0,50.6,263.0,0.0,27.7,EXCELLENT
2026-05-04 17:27:23,26.0,50.7,270.0,0.0,30.0,EXCELLENT
2026-05-04 17:27:25,26.0,50.6,271.0,0.0,30.3,EXCELLENT
2026-05-04 17:27:27,26.0,50.7,272.0,0.0,30.7,EXCELLENT
2026-05-04 17:27:29,26.0,50.7,268.0,0.0,29.3,EXCELLENT
2026-05-04 17:27:31,26.0,50.7,265.0,0.0,28.3,EXCELLENT
2026-05-04 17:27:33,26.0,50.8,272.0,0.0,30.7,EXCELLENT
2026-05-04 17:27:35,26.0,50.8,267.0,0.0,29.0,EXCELLENT
2026-05-04 17:27:37,26.0,50.8,265.0,0.0,28.3,EXCELLENT
2026-05-04 17:27:39,26.0,50.8,261.0,0.0,27.0,EXCELLENT
2026-05-04 17:27:41,26.0,50.8,272.0,0.0,30.7,EXCELLENT
2026-05-04 17:27:43,26.0,50.9,269.0,0.0,29.7,EXCELLENT
2026-05-04 17:27:45,26.0,50.9,272.0,0.0,30.7,EXCELLENT
2026-05-04 17:27:47,26.0,50.8,270.0,0.0,30.0,EXCELLENT
2026-05-04 17:27:49,26.0,50.8,268.0,0.0,29.3,EXCELLENT
2026-05-04 17:27:51,26.0,50.8,271.0,0.0,30.3,EXCELLENT
2026-05-04 17:27:53,26.0,50.8,270.0,0.0,30.0,EXCELLENT
2026-05-04 17:27:55,26.0,50.8,272.0,0.0,30.7,EXCELLENT
2026-05-04 17:27:57,26.0,50.9,272.0,0.0,30.7,EXCELLENT
2026-05-04 17:27:59,26.0,50.8,269.0,0.0,29.7,EXCELLENT
2026-05-04 17:28:01,26.0,50.7,270.0,0.0,30.0,EXCELLENT
2026-05-04 17:28:03,26.0,50.7,272.0,0.0,30.7,EXCELLENT
2026-05-04 17:28:05,26.0,50.7,266.0,0.0,28.7,EXCELLENT
2026-05-04 17:28:07,26.0,50.8,272.0,0.0,30.7,EXCELLENT
2026-05-04 17:28:09,26.0,50.7,272.0,0.0,30.7,EXCELLENT
2026-05-04 17:28:11,26.0,50.7,271.0,0.0,30.3,EXCELLENT
2026-05-04 17:28:13,26.0,50.7,269.0,0.0,29.7,EXCELLENT
2026-05-04 17:28:15,26.0,50.7,269.0,0.0,29.7,EXCELLENT
2026-05-04 17:28:17,26.0,50.7,272.0,0.0,30.7,EXCELLENT
2026-05-04 17:28:19,26.0,50.6,270.0,0.0,30.0,EXCELLENT
2026-05-04 17:28:21,26.0,50.6,272.0,0.0,30.7,EXCELLENT
2026-05-04 17:28:23,26.0,50.7,265.0,0.0,28.3,EXCELLENT
2026-05-04 17:28:25,26.0,50.7,272.0,0.0,30.7,EXCELLENT
2026-05-04 17:28:27,26.0,50.7,272.0,0.0,30.7,EXCELLENT
2026-05-04 17:28:29,26.0,50.8,273.0,0.0,31.0,EXCELLENT
2026-05-04 17:28:31,26.0,50.7,272.0,0.0,30.7,EXCELLENT
2026-05-04 17:28:33,26.0,50.7,267.0,0.0,29.0,EXCELLENT
2026-05-04 17:28:35,26.0,50.7,272.0,0.0,30.7,EXCELLENT
2026-05-04 17:28:37,26.0,50.7,270.0,0.0,30.0,EXCELLENT
2026-05-04 17:28:39,26.0,50.7,256.0,0.0,25.3,EXCELLENT
2026-05-04 17:28:41,26.0,50.7,270.0,0.0,30.0,EXCELLENT
2026-05-04 17:28:43,26.0,50.7,273.0,0.0,31.0,EXCELLENT
2026-05-04 17:28:45,26.0,50.7,265.0,0.0,28.3,EXCELLENT
2026-05-04 17:28:47,26.0,50.6,271.0,0.0,30.3,EXCELLENT
2026-05-04 17:28:49,26.0,50.6,267.0,0.0,29.0,EXCELLENT
2026-05-04 17:28:51,26.0,50.5,272.0,0.0,30.7,EXCELLENT
2026-05-04 17:28:53,26.0,50.5,272.0,0.0,30.7,EXCELLENT
2026-05-04 17:28:55,26.0,50.6,270.0,0.0,30.0,EXCELLENT
2026-05-04 17:28:57,26.0,50.6,270.0,0.0,30.0,EXCELLENT
2026-05-04 17:28:59,26.0,50.6,268.0,0.0,29.3,EXCELLENT
2026-05-04 17:29:01,26.0,50.6,261.0,0.0,27.0,EXCELLENT
2026-05-04 17:29:03,26.0,50.6,270.0,0.0,30.0,EXCELLENT
2026-05-04 17:29:05,26.0,50.7,268.0,0.0,29.3,EXCELLENT
2026-05-04 17:29:07,26.0,50.7,268.0,0.0,29.3,EXCELLENT
2026-05-04 17:29:09,26.0,50.7,263.0,0.0,27.7,EXCELLENT
2026-05-04 17:29:11,26.0,50.6,270.0,0.0,30.0,EXCELLENT
2026-05-04 17:29:13,26.0,50.7,272.0,0.0,30.7,EXCELLENT
2026-05-04 17:29:15,26.0,50.7,272.0,0.0,30.7,EXCELLENT
2026-05-04 17:29:17,26.0,50.7,271.0,0.0,30.3,EXCELLENT
2026-05-04 17:29:19,26.0,50.6,272.0,0.0,30.7,EXCELLENT
2026-05-04 17:29:21,26.0,50.7,269.0,0.0,29.7,EXCELLENT
2026-05-04 17:29:23,26.0,50.6,266.0,0.0,28.7,EXCELLENT
2026-05-04 17:29:25,26.0,50.6,265.0,0.0,28.3,EXCELLENT
2026-05-04 17:29:27,26.0,50.6,260.0,0.0,26.7,EXCELLENT
2026-05-04 17:29:29,26.0,50.7,266.0,0.0,28.7,EXCELLENT
2026-05-04 17:29:31,26.0,50.7,269.0,0.0,29.7,EXCELLENT
2026-05-04 17:29:33,26.0,50.7,267.0,0.0,29.0,EXCELLENT
2026-05-04 17:29:35,26.0,50.6,272.0,0.0,30.7,EXCELLENT
2026-05-04 17:29:37,26.0,50.5,267.0,0.0,29.0,EXCELLENT
2026-05-04 17:29:39,26.0,50.6,272.0,0.0,30.7,EXCELLENT
2026-05-04 17:29:41,26.0,50.6,272.0,0.0,30.7,EXCELLENT
2026-05-04 17:29:43,26.0,50.7,272.0,0.0,30.7,EXCELLENT
2026-05-04 17:29:45,26.0,50.6,272.0,0.0,30.7,EXCELLENT
2026-05-04 17:29:47,26.0,50.6,265.0,0.0,28.3,EXCELLENT
2026-05-04 17:29:49,26.0,50.6,261.0,0.0,27.0,EXCELLENT
2026-05-04 17:29:51,26.0,50.7,272.0,0.0,30.7,EXCELLENT
2026-05-04 17:29:53,26.0,50.8,271.0,0.0,30.3,EXCELLENT
2026-05-04 17:29:55,26.0,50.7,273.0,0.0,31.0,EXCELLENT
2026-05-04 17:29:57,26.0,50.7,272.0,0.0,30.7,EXCELLENT
2026-05-04 17:29:59,26.0,50.7,273.0,0.0,31.0,EXCELLENT
2026-05-04 17:30:01,26.0,50.6,272.0,0.0,30.7,EXCELLENT
2026-05-04 17:30:03,26.0,50.6,265.0,0.0,28.3,EXCELLENT
2026-05-04 17:30:05,26.0,50.6,267.0,0.0,29.0,EXCELLENT
2026-05-04 17:30:07,26.0,50.5,271.0,0.0,30.3,EXCELLENT
2026-05-04 17:30:09,25.9,50.6,269.0,0.0,29.7,EXCELLENT
2026-05-04 17:30:11,26.0,50.6,270.0,0.0,30.0,EXCELLENT
2026-05-04 17:30:13,26.0,50.6,272.0,0.0,30.7,EXCELLENT
2026-05-04 17:30:15,26.0,50.6,258.0,0.0,26.0,EXCELLENT
2026-05-04 17:30:17,26.0,50.6,266.0,0.0,28.7,EXCELLENT
2026-05-04 17:30:19,26.0,50.6,267.0,0.0,29.0,EXCELLENT
2026-05-04 17:30:21,26.0,50.5,272.0,0.0,30.7,EXCELLENT
2026-05-04 17:30:23,26.0,50.6,268.0,0.0,29.3,EXCELLENT
2026-05-04 17:30:25,26.0,50.6,267.0,0.0,29.0,EXCELLENT
2026-05-04 17:30:27,26.0,50.6,266.0,0.0,28.7,EXCELLENT
2026-05-04 17:30:29,25.9,50.6,266.0,0.0,28.7,EXCELLENT
2026-05-04 17:30:31,26.0,50.6,263.0,0.0,27.7,EXCELLENT
2026-05-04 17:30:33,26.0,50.6,270.0,0.0,30.0,EXCELLENT
2026-05-04 17:30:35,26.0,50.6,272.0,0.0,30.7,EXCELLENT
2026-05-04 17:30:37,26.0,50.6,272.0,0.0,30.7,EXCELLENT
2026-05-04 17:30:39,26.0,50.5,270.0,0.0,30.0,EXCELLENT
2026-05-04 17:30:41,26.0,50.6,272.0,0.0,30.7,EXCELLENT
2026-05-04 17:30:43,26.0,50.6,269.0,0.0,29.7,EXCELLENT
2026-05-04 17:30:45,26.0,50.5,260.0,0.0,26.7,EXCELLENT
2026-05-04 17:30:47,26.0,50.5,272.0,0.0,30.7,EXCELLENT
2026-05-04 17:30:49,26.0,50.5,267.0,0.0,29.0,EXCELLENT
2026-05-04 17:30:51,26.0,50.6,272.0,0.0,30.7,EXCELLENT
2026-05-04 17:30:53,26.0,50.6,271.0,0.0,30.3,EXCELLENT
2026-05-04 17:30:55,26.0,50.5,266.0,0.0,28.7,EXCELLENT
2026-05-04 17:30:57,26.0,50.6,267.0,0.0,29.0,EXCELLENT
2026-05-04 17:30:59,26.0,50.5,265.0,0.0,28.3,EXCELLENT
2026-05-04 17:31:01,26.0,50.5,269.0,0.0,29.7,EXCELLENT
2026-05-04 17:31:03,26.0,50.5,263.0,0.0,27.7,EXCELLENT
2026-05-04 17:31:05,26.0,50.5,270.0,0.0,30.0,EXCELLENT
2026-05-04 17:31:07,26.0,50.4,271.0,0.0,30.3,EXCELLENT
2026-05-04 17:31:09,26.0,50.4,272.0,0.0,30.7,EXCELLENT
2026-05-04 17:31:11,26.0,50.4,272.0,0.0,30.7,EXCELLENT
2026-05-04 17:31:13,26.0,50.4,265.0,0.0,28.3,EXCELLENT
2026-05-04 17:31:15,25.9,50.5,267.0,0.0,29.0,EXCELLENT
2026-05-04 17:31:17,26.0,50.4,272.0,0.0,30.7,EXCELLENT
2026-05-04 17:31:19,26.0,50.5,272.0,0.0,30.7,EXCELLENT
2026-05-04 17:31:21,26.0,50.6,272.0,0.0,30.7,EXCELLENT
2026-05-04 17:31:23,26.0,50.5,272.0,0.0,30.7,EXCELLENT
2026-05-04 17:31:25,26.0,50.5,272.0,0.0,30.7,EXCELLENT
2026-05-04 17:31:27,26.0,50.5,268.0,0.0,29.3,EXCELLENT
2026-05-04 17:31:29,26.0,50.5,261.0,0.0,27.0,EXCELLENT
2026-05-04 17:31:31,26.0,50.4,273.0,0.0,31.0,EXCELLENT
2026-05-04 17:31:34,25.9,50.4,272.0,0.0,30.7,EXCELLENT
2026-05-04 17:31:35,26.0,50.4,267.0,0.0,29.0,EXCELLENT
2026-05-04 17:31:37,26.0,50.3,272.0,0.0,30.7,EXCELLENT
2026-05-04 17:31:39,26.0,50.4,272.0,0.0,30.7,EXCELLENT
2026-05-04 17:31:41,26.0,50.3,272.0,0.0,30.7,EXCELLENT
2026-05-04 17:31:43,26.0,50.2,269.0,0.0,29.7,EXCELLENT
2026-05-04 17:31:45,26.0,50.2,261.0,0.0,27.0,EXCELLENT
2026-05-04 17:31:47,26.0,50.2,265.0,0.0,28.3,EXCELLENT
2026-05-04 17:31:49,26.0,50.2,270.0,0.0,30.0,EXCELLENT
2026-05-04 17:31:51,26.0,50.3,263.0,0.0,27.7,EXCELLENT
2026-05-04 17:31:53,26.0,50.3,266.0,0.0,28.7,EXCELLENT
2026-05-04 17:31:55,26.0,50.2,262.0,0.0,27.3,EXCELLENT
2026-05-04 17:31:57,26.0,50.3,266.0,0.0,28.7,EXCELLENT
2026-05-04 17:32:00,26.0,50.3,270.0,0.0,30.0,EXCELLENT
2026-05-04 17:32:01,26.0,50.3,272.0,0.0,30.7,EXCELLENT
2026-05-04 17:32:04,26.0,50.2,273.0,0.0,31.0,EXCELLENT
2026-05-04 17:32:06,26.0,50.3,266.0,0.0,28.7,EXCELLENT
2026-05-04 17:32:07,26.0,50.3,264.0,0.0,28.0,EXCELLENT
2026-05-04 17:32:09,26.0,50.3,272.0,0.0,30.7,EXCELLENT
2026-05-04 17:32:11,26.0,50.3,272.0,0.0,30.7,EXCELLENT
2026-05-04 17:32:14,26.0,50.3,273.0,0.0,31.0,EXCELLENT
2026-05-04 17:32:16,26.0,50.3,262.0,0.0,27.3,EXCELLENT
2026-05-04 17:32:17,25.9,50.3,261.0,0.0,27.0,EXCELLENT
2026-05-04 17:32:19,25.9,50.3,263.0,0.0,27.7,EXCELLENT
2026-05-04 17:32:21,26.0,50.2,272.0,0.0,30.7,EXCELLENT
2026-05-04 17:32:23,26.0,50.2,269.0,0.0,29.7,EXCELLENT
2026-05-04 17:32:25,26.0,50.2,272.0,0.0,30.7,EXCELLENT
2026-05-04 17:32:27,26.0,50.2,266.0,0.0,28.7,EXCELLENT
2026-05-04 17:32:29,26.0,50.2,259.0,0.0,26.3,EXCELLENT
2026-05-04 17:32:31,26.0,50.3,263.0,0.0,27.7,EXCELLENT
2026-05-04 17:32:33,26.0,50.2,274.0,0.0,31.3,EXCELLENT
2026-05-04 17:32:35,26.0,50.2,271.0,0.0,30.3,EXCELLENT
2026-05-04 17:32:37,26.0,50.2,272.0,0.0,30.7,EXCELLENT
2026-05-04 17:32:39,26.0,50.1,264.0,0.0,28.0,EXCELLENT
2026-05-04 17:32:41,26.0,50.1,272.0,0.0,30.7,EXCELLENT
2026-05-04 17:32:43,26.0,50.1,257.0,0.0,25.7,EXCELLENT
2026-05-04 17:32:45,26.0,50.1,263.0,0.0,27.7,EXCELLENT
2026-05-04 17:32:47,26.0,50.1,265.0,0.0,28.3,EXCELLENT
2026-05-04 17:32:49,26.0,50.1,268.0,0.0,29.3,EXCELLENT
2026-05-04 17:32:51,26.0,50.1,260.0,0.0,26.7,EXCELLENT
2026-05-04 17:32:53,25.9,50.2,272.0,0.0,30.7,EXCELLENT
2026-05-04 17:32:55,25.9,50.1,269.0,0.0,29.7,EXCELLENT
2026-05-04 17:32:57,26.0,50.2,263.0,0.0,27.7,EXCELLENT
2026-05-04 17:32:59,25.9,50.1,261.0,0.0,27.0,EXCELLENT
2026-05-04 17:33:01,25.9,50.2,271.0,0.0,30.3,EXCELLENT
2026-05-04 17:33:03,25.9,50.3,271.0,0.0,30.3,EXCELLENT
2026-05-04 17:33:05,26.0,50.2,266.0,0.0,28.7,EXCELLENT
2026-05-04 17:33:07,26.0,50.2,258.0,0.0,26.0,EXCELLENT
2026-05-04 17:33:09,25.9,50.2,272.0,0.0,30.7,EXCELLENT
2026-05-04 17:33:11,26.0,50.2,258.0,0.0,26.0,EXCELLENT
2026-05-04 17:33:13,25.9,50.3,267.0,0.0,29.0,EXCELLENT
2026-05-04 17:33:15,26.0,50.2,272.0,0.0,30.7,EXCELLENT
2026-05-04 17:33:17,26.0,50.2,272.0,0.0,30.7,EXCELLENT
2026-05-04 17:33:19,25.9,50.3,267.0,0.0,29.0,EXCELLENT
2026-05-04 17:33:21,25.9,50.3,271.0,0.0,30.3,EXCELLENT
2026-05-04 17:33:23,26.0,50.4,267.0,0.0,29.0,EXCELLENT
2026-05-04 17:33:25,25.9,50.3,270.0,0.0,30.0,EXCELLENT
2026-05-04 17:33:27,26.0,50.3,265.0,0.0,28.3,EXCELLENT
2026-05-04 17:33:29,26.0,50.3,268.0,0.0,29.3,EXCELLENT
2026-05-04 17:33:31,26.0,50.2,262.0,0.0,27.3,EXCELLENT
2026-05-04 17:33:33,26.0,50.3,270.0,0.0,30.0,EXCELLENT
2026-05-04 17:33:35,26.0,50.3,270.0,0.0,30.0,EXCELLENT
2026-05-04 17:33:37,26.0,50.2,262.0,0.0,27.3,EXCELLENT
2026-05-04 17:33:39,26.0,50.3,263.0,0.0,27.7,EXCELLENT
2026-05-04 17:33:41,26.0,50.3,262.0,0.0,27.3,EXCELLENT
2026-05-04 17:33:43,26.0,50.3,271.0,0.0,30.3,EXCELLENT
2026-05-04 17:33:45,26.0,50.3,260.0,0.0,26.7,EXCELLENT
2026-05-04 17:33:47,26.0,50.4,272.0,0.0,30.7,EXCELLENT
2026-05-04 17:33:49,25.9,50.4,272.0,0.0,30.7,EXCELLENT
2026-05-04 17:33:51,26.0,50.4,257.0,0.0,25.7,EXCELLENT
2026-05-04 17:33:53,25.9,50.3,264.0,0.0,28.0,EXCELLENT
2026-05-04 17:33:55,26.0,50.4,270.0,0.0,30.0,EXCELLENT
2026-05-04 17:33:57,26.0,50.4,267.0,0.0,29.0,EXCELLENT
2026-05-04 17:33:59,26.0,50.3,269.0,0.0,29.7,EXCELLENT
2026-05-04 17:34:01,26.0,50.3,272.0,0.0,30.7,EXCELLENT
2026-05-04 17:34:03,26.0,50.4,272.0,0.0,30.7,EXCELLENT
2026-05-04 17:34:05,26.0,50.4,270.0,0.0,30.0,EXCELLENT
2026-05-04 17:34:07,25.9,50.4,269.0,0.0,29.7,EXCELLENT
2026-05-04 17:34:09,26.0,50.4,272.0,0.0,30.7,EXCELLENT
2026-05-04 17:34:11,26.0,50.4,272.0,0.0,30.7,EXCELLENT
2026-05-04 17:34:13,26.0,50.4,266.0,0.0,28.7,EXCELLENT
2026-05-04 17:34:15,26.0,50.2,270.0,0.0,30.0,EXCELLENT
2026-05-04 17:34:17,26.0,50.3,270.0,0.0,30.0,EXCELLENT
2026-05-04 17:34:19,26.0,50.4,269.0,0.0,29.7,EXCELLENT
2026-05-04 17:34:21,26.0,50.4,271.0,0.0,30.3,EXCELLENT
2026-05-04 17:34:23,26.0,50.3,270.0,0.0,30.0,EXCELLENT
2026-05-04 17:34:25,26.0,50.3,264.0,0.0,28.0,EXCELLENT
2026-05-04 17:34:27,25.9,50.2,272.0,0.0,30.7,EXCELLENT
2026-05-04 17:34:29,25.9,50.3,271.0,0.0,30.3,EXCELLENT
2026-05-04 17:34:31,25.9,50.3,268.0,0.0,29.3,EXCELLENT
2026-05-04 17:34:33,25.9,50.3,267.0,0.0,29.0,EXCELLENT
2026-05-04 17:34:35,26.0,50.3,258.0,0.0,26.0,EXCELLENT
2026-05-04 17:34:37,26.0,50.3,266.0,0.0,28.7,EXCELLENT
2026-05-04 17:34:39,26.0,50.3,266.0,0.0,28.7,EXCELLENT
2026-05-04 17:34:41,25.9,50.3,262.0,0.0,27.3,EXCELLENT
2026-05-04 17:34:43,26.0,50.2,271.0,0.0,30.3,EXCELLENT
2026-05-04 17:34:45,25.9,50.3,272.0,0.0,30.7,EXCELLENT
2026-05-04 17:34:47,25.9,50.3,262.0,0.0,27.3,EXCELLENT
2026-05-04 17:34:49,25.9,50.3,262.0,0.0,27.3,EXCELLENT
2026-05-04 17:34:51,25.9,50.4,272.0,0.0,30.7,EXCELLENT
2026-05-04 17:34:53,25.9,50.3,262.0,0.0,27.3,EXCELLENT
2026-05-04 17:34:55,25.9,50.3,273.0,0.0,31.0,EXCELLENT
2026-05-04 17:34:57,25.9,50.4,272.0,0.0,30.7,EXCELLENT
2026-05-04 17:34:59,25.9,50.3,267.0,0.0,29.0,EXCELLENT
2026-05-04 17:35:01,25.9,50.4,262.0,0.0,27.3,EXCELLENT
2026-05-04 17:35:03,25.9,50.4,272.0,0.0,30.7,EXCELLENT
2026-05-04 17:35:05,25.9,50.4,272.0,0.0,30.7,EXCELLENT
2026-05-04 17:35:07,25.9,50.4,270.0,0.0,30.0,EXCELLENT
2026-05-04 17:35:09,25.9,50.4,268.0,0.0,29.3,EXCELLENT
2026-05-04 17:35:11,25.9,50.4,272.0,0.0,30.7,EXCELLENT
2026-05-04 17:35:13,25.9,50.4,270.0,0.0,30.0,EXCELLENT
2026-05-04 17:35:16,25.9,50.4,268.0,0.0,29.3,EXCELLENT
2026-05-04 17:35:17,25.9,50.3,264.0,0.0,28.0,EXCELLENT
2026-05-04 17:35:19,25.9,50.4,272.0,0.0,30.7,EXCELLENT
2026-05-04 17:35:21,25.9,50.5,270.0,0.0,30.0,EXCELLENT
2026-05-04 17:35:24,25.9,50.4,269.0,0.0,29.7,EXCELLENT
2026-05-04 17:35:26,25.9,50.4,266.0,0.0,28.7,EXCELLENT
2026-05-04 17:35:28,25.9,50.4,265.0,0.0,28.3,EXCELLENT
2026-05-04 17:35:30,26.0,50.4,257.0,0.0,25.7,EXCELLENT
2026-05-04 17:35:32,25.9,50.4,266.0,0.0,28.7,EXCELLENT
2026-05-04 17:35:34,25.9,50.4,265.0,0.0,28.3,EXCELLENT
2026-05-04 17:35:36,25.9,50.4,269.0,0.0,29.7,EXCELLENT
2026-05-04 17:35:38,25.9,50.5,271.0,0.0,30.3,EXCELLENT
2026-05-04 17:35:39,25.9,50.5,272.0,0.0,30.7,EXCELLENT
2026-05-04 17:35:41,25.9,50.5,272.0,0.0,30.7,EXCELLENT
2026-05-04 17:35:43,25.9,50.4,268.0,0.0,29.3,EXCELLENT
2026-05-04 17:35:46,25.9,50.4,269.0,0.0,29.7,EXCELLENT
2026-05-04 17:35:48,25.9,50.4,272.0,0.0,30.7,EXCELLENT
2026-05-04 17:35:50,25.9,50.4,272.0,0.0,30.7,EXCELLENT
2026-05-04 17:35:52,25.9,50.3,272.0,0.0,30.7,EXCELLENT
2026-05-04 17:35:54,25.9,50.4,272.0,0.0,30.7,EXCELLENT
2026-05-04 17:35:56,25.9,50.4,254.0,0.0,24.7,EXCELLENT
2026-05-04 17:35:58,25.9,50.3,266.0,0.0,28.7,EXCELLENT
2026-05-04 17:36:00,25.9,50.4,271.0,0.0,30.3,EXCELLENT
2026-05-04 17:36:02,25.9,50.4,267.0,0.0,29.0,EXCELLENT
2026-05-04 17:36:04,25.9,50.5,267.0,0.0,29.0,EXCELLENT
2026-05-04 17:36:06,25.9,50.5,265.0,0.0,28.3,EXCELLENT
2026-05-04 17:36:08,25.9,50.4,263.0,0.0,27.7,EXCELLENT
2026-05-04 17:36:10,25.9,50.4,267.0,0.0,29.0,EXCELLENT
2026-05-04 17:36:12,25.9,50.5,269.0,0.0,29.7,EXCELLENT
2026-05-04 17:36:14,25.9,50.5,267.0,0.0,29.0,EXCELLENT
2026-05-04 17:36:17,25.9,50.5,268.0,0.0,29.3,EXCELLENT
2026-05-04 17:36:18,25.9,50.4,269.0,0.0,29.7,EXCELLENT
2026-05-04 17:36:20,25.9,50.4,271.0,0.0,30.3,EXCELLENT
2026-05-04 17:36:21,25.9,50.5,272.0,0.0,30.7,EXCELLENT
2026-05-04 17:36:24,25.9,50.4,272.0,0.0,30.7,EXCELLENT
2026-05-04 17:36:26,25.9,50.5,272.0,0.0,30.7,EXCELLENT
2026-05-04 17:36:28,25.9,50.4,272.0,0.0,30.7,EXCELLENT
2026-05-04 17:36:30,25.9,50.4,272.0,0.0,30.7,EXCELLENT
2026-05-04 17:36:32,25.9,50.4,271.0,0.0,30.3,EXCELLENT
2026-05-04 17:36:34,25.9,50.4,262.0,0.0,27.3,EXCELLENT
2026-05-04 17:36:37,25.9,50.4,272.0,0.0,30.7,EXCELLENT
2026-05-04 17:36:38,25.9,50.5,265.0,0.0,28.3,EXCELLENT
2026-05-04 17:36:40,25.9,50.5,272.0,0.0,30.7,EXCELLENT
2026-05-04 17:36:42,25.9,50.4,272.0,0.0,30.7,EXCELLENT
2026-05-04 17:36:44,25.9,50.5,263.0,0.0,27.7,EXCELLENT
2026-05-04 17:36:46,26.0,50.5,271.0,0.0,30.3,EXCELLENT
2026-05-04 17:36:48,25.9,50.4,271.0,0.0,30.3,EXCELLENT
2026-05-04 17:36:50,25.9,50.4,272.0,0.0,30.7,EXCELLENT
2026-05-04 17:36:52,25.9,50.4,272.0,0.0,30.7,EXCELLENT
2026-05-04 17:36:54,25.9,50.5,272.0,0.0,30.7,EXCELLENT
2026-05-04 17:36:56,25.9,50.4,272.0,0.0,30.7,EXCELLENT
2026-05-04 17:36:58,25.9,50.4,267.0,0.0,29.0,EXCELLENT
2026-05-04 17:37:00,26.0,50.3,272.0,0.0,30.7,EXCELLENT
2026-05-04 17:37:02,25.9,50.4,272.0,0.0,30.7,EXCELLENT
2026-05-04 17:37:04,25.9,50.4,268.0,0.0,29.3,EXCELLENT
2026-05-04 17:37:06,25.9,50.4,272.0,0.0,30.7,EXCELLENT
2026-05-04 17:37:08,25.9,50.3,269.0,0.0,29.7,EXCELLENT
2026-05-04 17:37:10,25.9,50.3,257.0,0.0,25.7,EXCELLENT
2026-05-04 17:37:12,25.9,50.4,268.0,0.0,29.3,EXCELLENT
2026-05-04 17:37:14,25.9,50.3,262.0,0.0,27.3,EXCELLENT
2026-05-04 17:37:16,25.9,50.4,271.0,0.0,30.3,EXCELLENT
2026-05-04 17:37:18,25.9,50.4,271.0,0.0,30.3,EXCELLENT
2026-05-04 17:37:20,25.9,50.4,266.0,0.0,28.7,EXCELLENT
2026-05-04 17:37:22,25.9,50.4,267.0,0.0,29.0,EXCELLENT
2026-05-04 17:37:24,25.9,50.3,268.0,0.0,29.3,EXCELLENT
2026-05-04 17:37:26,25.9,50.4,271.0,0.0,30.3,EXCELLENT
2026-05-04 17:37:28,25.9,50.3,271.0,0.0,30.3,EXCELLENT
2026-05-04 17:37:30,25.9,50.4,272.0,0.0,30.7,EXCELLENT
2026-05-04 17:37:32,25.9,50.3,266.0,0.0,28.7,EXCELLENT
2026-05-04 17:37:34,25.9,50.3,267.0,0.0,29.0,EXCELLENT
2026-05-04 17:37:36,25.9,50.3,267.0,0.0,29.0,EXCELLENT
2026-05-04 17:37:38,25.9,50.4,263.0,0.0,27.7,EXCELLENT
2026-05-04 17:37:40,25.9,50.2,258.0,0.0,26.0,EXCELLENT
2026-05-04 17:37:42,25.9,50.3,271.0,0.0,30.3,EXCELLENT
2026-05-04 17:37:44,25.9,50.3,273.0,0.0,31.0,EXCELLENT
2026-05-04 17:37:46,25.9,50.2,268.0,0.0,29.3,EXCELLENT
2026-05-04 17:37:48,25.9,50.2,265.0,0.0,28.3,EXCELLENT
2026-05-04 17:37:50,25.9,50.2,264.0,0.0,28.0,EXCELLENT
2026-05-04 17:37:52,25.9,50.2,268.0,0.0,29.3,EXCELLENT
2026-05-04 17:37:54,25.9,50.3,271.0,0.0,30.3,EXCELLENT
2026-05-04 17:37:56,25.9,50.3,269.0,0.0,29.7,EXCELLENT
2026-05-04 17:37:58,25.9,50.2,265.0,0.0,28.3,EXCELLENT
2026-05-04 17:38:00,25.9,50.3,272.0,0.0,30.7,EXCELLENT
2026-05-04 17:38:02,25.9,50.3,272.0,0.0,30.7,EXCELLENT
2026-05-04 17:38:04,25.9,50.2,268.0,0.0,29.3,EXCELLENT
2026-05-04 17:38:06,25.9,50.2,259.0,0.0,26.3,EXCELLENT
2026-05-04 17:38:08,25.9,50.2,272.0,0.0,30.7,EXCELLENT
2026-05-04 17:38:10,25.9,50.2,261.0,0.0,27.0,EXCELLENT
2026-05-04 17:38:12,25.9,50.3,271.0,0.0,30.3,EXCELLENT
2026-05-04 17:38:14,25.9,50.2,272.0,0.0,30.7,EXCELLENT
2026-05-04 17:38:16,25.9,50.2,265.0,0.0,28.3,EXCELLENT
2026-05-04 17:38:18,25.9,50.2,270.0,0.0,30.0,EXCELLENT
2026-05-04 17:38:20,25.9,50.3,261.0,0.0,27.0,EXCELLENT
2026-05-04 17:38:22,25.9,50.3,270.0,0.0,30.0,EXCELLENT
2026-05-04 17:38:24,25.9,50.3,269.0,0.0,29.7,EXCELLENT
2026-05-04 17:38:26,25.9,50.3,268.0,0.0,29.3,EXCELLENT
2026-05-04 17:38:28,25.9,50.2,267.0,0.0,29.0,EXCELLENT
2026-05-04 17:38:30,25.9,50.3,266.0,0.0,28.7,EXCELLENT
2026-05-04 17:38:32,25.9,50.4,269.0,0.0,29.7,EXCELLENT
2026-05-04 17:38:34,25.9,50.4,273.0,0.0,31.0,EXCELLENT
2026-05-04 17:38:36,25.9,50.3,268.0,0.0,29.3,EXCELLENT
2026-05-04 17:38:38,25.9,50.2,269.0,0.0,29.7,EXCELLENT
2026-05-04 17:38:40,25.9,50.2,269.0,0.0,29.7,EXCELLENT
2026-05-04 17:38:42,25.9,50.2,271.0,0.0,30.3,EXCELLENT
2026-05-04 17:38:44,25.9,50.2,261.0,0.0,27.0,EXCELLENT
2026-05-04 17:38:46,25.9,50.2,262.0,0.0,27.3,EXCELLENT
2026-05-04 17:38:48,25.9,50.2,272.0,0.0,30.7,EXCELLENT
2026-05-04 17:38:50,25.9,50.3,267.0,0.0,29.0,EXCELLENT
2026-05-04 17:38:52,25.9,50.2,271.0,0.0,30.3,EXCELLENT
2026-05-04 17:38:54,25.9,50.2,269.0,0.0,29.7,EXCELLENT
2026-05-04 17:38:56,25.9,50.2,270.0,0.0,30.0,EXCELLENT
2026-05-04 17:38:58,25.9,50.1,270.0,0.0,30.0,EXCELLENT
2026-05-04 17:39:00,25.9,50.2,267.0,0.0,29.0,EXCELLENT
2026-05-04 17:39:02,25.9,50.2,256.0,0.0,25.3,EXCELLENT
2026-05-04 17:39:04,25.9,50.1,271.0,0.0,30.3,EXCELLENT
2026-05-04 17:39:06,25.9,50.1,269.0,0.0,29.7,EXCELLENT
2026-05-04 17:39:08,25.9,50.1,272.0,0.0,30.7,EXCELLENT
2026-05-04 17:39:10,25.9,50.1,271.0,0.0,30.3,EXCELLENT
2026-05-04 17:39:12,25.9,50.1,261.0,0.0,27.0,EXCELLENT
2026-05-04 17:39:14,25.9,50.2,262.0,0.0,27.3,EXCELLENT
2026-05-04 17:39:16,25.9,50.1,258.0,0.0,26.0,EXCELLENT
2026-05-04 17:39:18,25.9,50.1,262.0,0.0,27.3,EXCELLENT
2026-05-04 17:39:20,25.9,50.1,272.0,0.0,30.7,EXCELLENT
2026-05-04 17:39:22,25.9,50.1,267.0,0.0,29.0,EXCELLENT
2026-05-04 17:39:24,25.9,50.1,257.0,0.0,25.7,EXCELLENT
2026-05-04 17:39:26,25.9,50.1,272.0,0.0,30.7,EXCELLENT
2026-05-04 17:39:28,25.9,50.0,264.0,0.0,28.0,EXCELLENT
2026-05-04 17:39:30,25.9,50.0,265.0,0.0,28.3,EXCELLENT
2026-05-04 17:39:32,25.9,50.0,265.0,0.0,28.3,EXCELLENT
2026-05-04 17:39:34,25.9,50.0,256.0,0.0,25.3,EXCELLENT
2026-05-04 17:39:36,25.9,50.0,267.0,0.0,29.0,EXCELLENT
2026-05-04 17:39:38,25.9,50.0,267.0,0.0,29.0,EXCELLENT
2026-05-04 17:39:40,25.9,50.1,272.0,0.0,30.7,EXCELLENT
2026-05-04 17:39:42,25.9,50.1,272.0,0.0,30.7,EXCELLENT
2026-05-04 17:39:44,25.9,50.0,267.0,0.0,29.0,EXCELLENT
2026-05-04 17:39:46,25.9,50.1,265.0,0.0,28.3,EXCELLENT
2026-05-04 17:39:48,25.9,50.1,262.0,0.0,27.3,EXCELLENT
2026-05-04 17:39:50,25.9,50.1,272.0,0.0,30.7,EXCELLENT
2026-05-04 17:39:52,25.9,50.0,272.0,0.0,30.7,EXCELLENT
2026-05-04 17:39:54,25.9,50.1,268.0,0.0,29.3,EXCELLENT
2026-05-04 17:39:56,25.9,50.0,271.0,0.0,30.3,EXCELLENT
2026-05-04 17:39:58,25.9,50.0,266.0,0.0,28.7,EXCELLENT
2026-05-04 17:40:00,25.9,49.9,266.0,0.0,28.7,EXCELLENT
2026-05-04 17:40:02,25.9,49.9,272.0,0.0,30.7,EXCELLENT
2026-05-04 17:40:04,25.9,49.9,271.0,0.0,30.3,EXCELLENT
2026-05-04 17:40:06,25.9,50.0,269.0,0.0,29.7,EXCELLENT
2026-05-04 17:40:08,25.9,50.0,269.0,0.0,29.7,EXCELLENT
2026-05-04 17:40:10,25.9,50.0,269.0,0.0,29.7,EXCELLENT
2026-05-04 17:40:12,25.9,50.0,266.0,0.0,28.7,EXCELLENT
2026-05-04 17:40:14,25.9,50.0,271.0,0.0,30.3,EXCELLENT
2026-05-04 17:40:16,25.9,49.9,271.0,0.0,30.3,EXCELLENT
2026-05-04 17:40:18,25.9,50.0,270.0,0.0,30.0,EXCELLENT
2026-05-04 17:40:20,25.9,50.0,272.0,0.0,30.7,EXCELLENT
2026-05-04 17:40:22,25.9,50.1,267.0,0.0,29.0,EXCELLENT
2026-05-04 17:40:24,25.9,50.0,272.0,0.0,30.7,EXCELLENT
2026-05-04 17:40:26,25.9,50.0,269.0,0.0,29.7,EXCELLENT
2026-05-04 17:40:28,25.9,50.0,265.0,0.0,28.3,EXCELLENT
2026-05-04 17:40:30,25.9,50.0,267.0,0.0,29.0,EXCELLENT
2026-05-04 17:40:32,25.9,50.1,269.0,0.0,29.7,EXCELLENT
2026-05-04 17:40:34,25.9,50.0,257.0,0.0,25.7,EXCELLENT
2026-05-04 17:40:36,25.9,50.0,271.0,0.0,30.3,EXCELLENT
2026-05-04 17:40:38,25.9,49.9,255.0,0.0,25.0,EXCELLENT
2026-05-04 17:40:40,25.9,49.9,269.0,0.0,29.7,EXCELLENT
2026-05-04 17:40:42,25.9,50.0,269.0,0.0,29.7,EXCELLENT
2026-05-04 17:40:44,25.9,49.9,272.0,0.0,30.7,EXCELLENT
2026-05-04 17:40:46,25.9,50.0,265.0,0.0,28.3,EXCELLENT
2026-05-04 17:40:48,25.9,49.9,265.0,0.0,28.3,EXCELLENT
2026-05-04 17:40:50,25.9,49.9,271.0,0.0,30.3,EXCELLENT
2026-05-04 17:40:52,25.9,49.9,269.0,0.0,29.7,EXCELLENT
2026-05-04 17:40:54,25.9,49.9,265.0,0.0,28.3,EXCELLENT
2026-05-04 17:40:56,25.9,49.9,263.0,0.0,27.7,EXCELLENT
2026-05-04 17:40:58,25.9,49.9,267.0,0.0,29.0,EXCELLENT
2026-05-04 17:41:00,25.9,49.8,262.0,0.0,27.3,EXCELLENT
2026-05-04 17:41:02,25.9,49.8,266.0,0.0,28.7,EXCELLENT
2026-05-04 17:41:04,25.9,49.8,270.0,0.0,30.0,EXCELLENT
2026-05-04 17:41:06,25.9,49.9,272.0,0.0,30.7,EXCELLENT
2026-05-04 17:41:08,25.9,49.9,263.0,0.0,27.7,EXCELLENT
2026-05-04 17:41:10,25.9,49.9,271.0,0.0,30.3,EXCELLENT
2026-05-04 17:41:12,25.9,49.9,270.0,0.0,30.0,EXCELLENT
2026-05-04 17:41:14,25.9,49.8,270.0,0.0,30.0,EXCELLENT
2026-05-04 17:41:16,25.8,49.8,272.0,0.0,30.7,EXCELLENT
2026-05-04 17:41:18,25.9,49.9,272.0,0.0,30.7,EXCELLENT
2026-05-04 17:41:20,25.9,49.9,272.0,0.0,30.7,EXCELLENT
2026-05-04 17:41:22,25.9,49.9,270.0,0.0,30.0,EXCELLENT
2026-05-04 17:41:24,25.9,49.8,269.0,0.0,29.7,EXCELLENT
2026-05-04 17:41:26,25.9,49.8,266.0,0.0,28.7,EXCELLENT
2026-05-04 17:41:28,25.9,49.8,272.0,0.0,30.7,EXCELLENT
2026-05-04 17:41:30,25.9,49.7,272.0,0.0,30.7,EXCELLENT
2026-05-04 17:41:32,25.9,49.8,263.0,0.0,27.7,EXCELLENT
2026-05-04 17:41:34,25.9,49.9,272.0,0.0,30.7,EXCELLENT
2026-05-04 17:41:36,25.9,49.8,263.0,0.0,27.7,EXCELLENT
2026-05-04 17:41:38,25.9,49.7,266.0,0.0,28.7,EXCELLENT
2026-05-04 17:41:40,25.9,49.7,261.0,0.0,27.0,EXCELLENT
2026-05-04 17:41:42,25.9,49.8,269.0,0.0,29.7,EXCELLENT
2026-05-04 17:41:44,25.9,49.7,272.0,0.0,30.7,EXCELLENT
2026-05-04 17:41:46,25.9,49.8,270.0,0.0,30.0,EXCELLENT
2026-05-04 17:41:48,25.9,49.8,267.0,0.0,29.0,EXCELLENT
2026-05-04 17:41:50,25.9,49.9,270.0,0.0,30.0,EXCELLENT
2026-05-04 17:41:52,25.8,49.9,272.0,0.0,30.7,EXCELLENT
2026-05-04 17:41:54,25.9,49.9,259.0,0.0,26.3,EXCELLENT
2026-05-04 17:41:56,25.9,49.8,268.0,0.0,29.3,EXCELLENT
2026-05-04 17:41:58,25.9,49.8,264.0,0.0,28.0,EXCELLENT
2026-05-04 17:42:00,25.9,49.8,263.0,0.0,27.7,EXCELLENT
2026-05-04 17:42:02,25.9,49.8,264.0,0.0,28.0,EXCELLENT
2026-05-04 17:42:04,25.9,49.9,263.0,0.0,27.7,EXCELLENT
2026-05-04 17:42:06,25.9,49.8,268.0,0.0,29.3,EXCELLENT
2026-05-04 17:42:08,25.9,49.7,261.0,0.0,27.0,EXCELLENT
2026-05-04 17:42:10,25.9,49.8,271.0,0.0,30.3,EXCELLENT
2026-05-04 17:42:12,25.9,49.7,263.0,0.0,27.7,EXCELLENT
2026-05-04 17:42:14,25.8,49.7,265.0,0.0,28.3,EXCELLENT
2026-05-04 17:42:16,25.9,49.8,270.0,0.0,30.0,EXCELLENT
2026-05-04 17:42:18,25.9,49.8,265.0,0.0,28.3,EXCELLENT
2026-05-04 17:42:20,25.9,49.8,268.0,0.0,29.3,EXCELLENT
2026-05-04 17:42:22,25.9,49.8,263.0,0.0,27.7,EXCELLENT
2026-05-04 17:42:24,25.9,49.8,256.0,0.0,25.3,EXCELLENT
2026-05-04 17:42:26,25.9,49.8,262.0,0.0,27.3,EXCELLENT
2026-05-04 17:42:28,25.9,49.8,269.0,0.0,29.7,EXCELLENT
2026-05-04 17:42:30,25.9,49.8,266.0,0.0,28.7,EXCELLENT
2026-05-04 17:42:32,25.9,49.7,269.0,0.0,29.7,EXCELLENT
2026-05-04 17:42:34,25.9,49.6,268.0,0.0,29.3,EXCELLENT
2026-05-04 17:42:36,25.9,49.7,262.0,0.0,27.3,EXCELLENT
2026-05-04 17:42:38,25.8,49.7,267.0,0.0,29.0,EXCELLENT
2026-05-04 17:42:40,25.9,49.7,267.0,0.0,29.0,EXCELLENT
2026-05-04 17:42:42,25.9,49.6,270.0,0.0,30.0,EXCELLENT
2026-05-04 17:42:44,25.9,49.6,266.0,0.0,28.7,EXCELLENT
2026-05-04 17:42:46,25.9,49.6,270.0,0.0,30.0,EXCELLENT
2026-05-04 17:42:48,25.9,49.6,270.0,0.0,30.0,EXCELLENT
2026-05-04 17:42:50,25.9,49.5,259.0,0.0,26.3,EXCELLENT
2026-05-04 17:42:52,25.9,49.5,262.0,0.0,27.3,EXCELLENT
2026-05-04 17:42:54,25.9,49.6,272.0,0.0,30.7,EXCELLENT
2026-05-04 17:42:56,25.9,49.5,269.0,0.0,29.7,EXCELLENT
2026-05-04 17:42:58,25.8,49.6,268.0,0.0,29.3,EXCELLENT
2026-05-04 17:43:00,25.9,49.5,267.0,0.0,29.0,EXCELLENT
2026-05-04 17:43:02,25.9,49.5,266.0,0.0,28.7,EXCELLENT
2026-05-04 17:43:04,25.8,49.5,264.0,0.0,28.0,EXCELLENT
2026-05-04 17:43:06,25.9,49.6,272.0,0.0,30.7,EXCELLENT
2026-05-04 17:43:08,25.9,49.5,266.0,0.0,28.7,EXCELLENT
2026-05-04 17:43:10,25.9,49.7,267.0,0.0,29.0,EXCELLENT
2026-05-04 17:43:12,25.9,49.6,262.0,0.0,27.3,EXCELLENT
2026-05-04 17:43:14,25.9,49.7,269.0,0.0,29.7,EXCELLENT
2026-05-04 17:43:16,25.8,49.7,270.0,0.0,30.0,EXCELLENT
2026-05-04 17:43:18,25.9,49.6,259.0,0.0,26.3,EXCELLENT
2026-05-04 17:43:20,25.9,49.7,266.0,0.0,28.7,EXCELLENT
2026-05-04 17:43:22,25.9,49.6,269.0,0.0,29.7,EXCELLENT
2026-05-04 17:43:24,25.9,49.7,269.0,0.0,29.7,EXCELLENT
2026-05-04 17:43:26,25.9,49.7,263.0,0.0,27.7,EXCELLENT
2026-05-04 17:43:28,25.9,49.6,270.0,0.0,30.0,EXCELLENT
2026-05-04 17:43:30,25.8,49.8,270.0,0.0,30.0,EXCELLENT
2026-05-04 17:43:32,25.9,49.7,263.0,0.0,27.7,EXCELLENT
2026-05-04 17:43:34,25.8,49.6,271.0,0.0,30.3,EXCELLENT
2026-05-04 17:43:36,25.9,49.6,262.0,0.0,27.3,EXCELLENT
2026-05-04 17:43:38,25.9,49.6,256.0,0.0,25.3,EXCELLENT
2026-05-04 17:43:40,25.8,49.6,268.0,0.0,29.3,EXCELLENT
2026-05-04 17:43:42,25.8,49.7,256.0,0.0,25.3,EXCELLENT
2026-05-04 17:43:44,25.9,49.7,269.0,0.0,29.7,EXCELLENT
2026-05-04 17:43:46,25.8,49.7,268.0,0.0,29.3,EXCELLENT
2026-05-04 17:43:48,25.8,49.7,272.0,0.0,30.7,EXCELLENT
2026-05-04 17:43:51,25.8,49.7,263.0,0.0,27.7,EXCELLENT
2026-05-04 17:43:52,25.8,49.8,262.0,0.0,27.3,EXCELLENT
2026-05-04 17:43:54,25.8,49.8,271.0,0.0,30.3,EXCELLENT
2026-05-04 17:43:56,25.8,49.8,267.0,0.0,29.0,EXCELLENT
2026-05-04 17:43:58,25.9,49.7,266.0,0.0,28.7,EXCELLENT
2026-05-04 17:44:01,25.8,49.8,269.0,0.0,29.7,EXCELLENT
2026-05-04 17:44:02,25.8,49.8,258.0,0.0,26.0,EXCELLENT
2026-05-04 17:44:04,25.8,49.8,271.0,0.0,30.3,EXCELLENT
2026-05-04 17:44:06,25.8,49.7,267.0,0.0,29.0,EXCELLENT
2026-05-04 17:44:08,25.8,49.7,266.0,0.0,28.7,EXCELLENT
2026-05-04 17:44:10,25.8,49.7,272.0,0.0,30.7,EXCELLENT
2026-05-04 17:44:12,25.9,49.7,267.0,0.0,29.0,EXCELLENT
2026-05-04 17:44:14,25.8,49.7,266.0,0.0,28.7,EXCELLENT
2026-05-04 17:44:16,25.8,49.7,266.0,0.0,28.7,EXCELLENT
2026-05-04 17:44:18,25.8,49.8,272.0,0.0,30.7,EXCELLENT
2026-05-04 17:44:20,25.9,49.7,272.0,0.0,30.7,EXCELLENT
2026-05-04 17:44:22,25.8,49.8,271.0,0.0,30.3,EXCELLENT
2026-05-04 17:44:24,25.8,49.8,265.0,0.0,28.3,EXCELLENT
2026-05-04 17:44:26,25.8,49.8,257.0,0.0,25.7,EXCELLENT
2026-05-04 17:44:28,25.9,49.7,256.0,0.0,25.3,EXCELLENT
2026-05-04 17:44:30,25.8,49.8,272.0,0.0,30.7,EXCELLENT
2026-05-04 17:44:32,25.8,49.8,271.0,0.0,30.3,EXCELLENT
2026-05-04 17:44:34,25.8,49.8,272.0,0.0,30.7,EXCELLENT
2026-05-04 17:44:36,25.8,49.9,272.0,0.0,30.7,EXCELLENT
2026-05-04 17:44:38,25.8,49.8,264.0,0.0,28.0,EXCELLENT
2026-05-04 17:44:40,25.8,49.9,266.0,0.0,28.7,EXCELLENT
2026-05-04 17:44:42,25.8,49.9,268.0,0.0,29.3,EXCELLENT
2026-05-04 17:44:44,25.8,49.9,261.0,0.0,27.0,EXCELLENT
2026-05-04 17:44:46,25.8,49.9,262.0,0.0,27.3,EXCELLENT
2026-05-04 17:44:48,25.8,49.9,270.0,0.0,30.0,EXCELLENT
2026-05-04 17:44:50,25.9,49.9,270.0,0.0,30.0,EXCELLENT
2026-05-04 17:44:52,25.8,49.9,263.0,0.0,27.7,EXCELLENT
2026-05-04 17:44:54,25.8,49.8,263.0,0.0,27.7,EXCELLENT
2026-05-04 17:45:00,25.8,49.8,258.0,0.0,26.0,EXCELLENT
2026-05-04 17:45:00,25.8,49.7,265.0,0.0,28.3,EXCELLENT
2026-05-04 17:45:00,25.8,49.9,259.0,0.0,26.3,EXCELLENT
2026-05-04 17:45:02,25.8,49.9,265.0,0.0,28.3,EXCELLENT
2026-05-04 17:45:04,25.8,49.9,263.0,0.0,27.7,EXCELLENT
2026-05-04 17:45:06,25.8,50.0,267.0,0.0,29.0,EXCELLENT
2026-05-04 17:45:12,25.9,50.1,263.0,0.0,27.7,EXCELLENT
2026-05-04 17:45:12,25.8,50.1,269.0,0.0,29.7,EXCELLENT
2026-05-04 17:45:12,25.8,50.1,259.0,0.0,26.3,EXCELLENT
2026-05-04 17:45:14,25.8,50.2,256.0,0.0,25.3,EXCELLENT
2026-05-04 17:45:16,25.8,50.3,270.0,0.0,30.0,EXCELLENT
2026-05-04 17:45:18,25.8,50.2,259.0,0.0,26.3,EXCELLENT
2026-05-04 17:45:20,25.8,50.5,256.0,0.0,25.3,EXCELLENT
2026-05-04 17:45:22,25.8,50.6,264.0,0.0,28.0,EXCELLENT
2026-05-04 17:45:24,25.8,50.7,266.0,0.0,28.7,EXCELLENT
2026-05-04 17:45:26,25.9,50.8,270.0,0.0,30.0,EXCELLENT
2026-05-04 17:45:28,25.8,51.0,266.0,0.0,28.7,EXCELLENT
2026-05-04 17:45:30,25.9,51.3,272.0,0.0,30.7,EXCELLENT
2026-05-04 17:45:32,25.9,51.4,267.0,0.0,29.0,EXCELLENT
2026-05-04 17:45:34,25.9,51.5,256.0,0.0,25.3,EXCELLENT
2026-05-04 17:45:37,25.9,51.6,257.0,0.0,25.7,EXCELLENT
2026-05-04 17:45:38,25.9,51.8,272.0,0.0,30.7,EXCELLENT
2026-05-04 17:45:41,25.8,51.7,269.0,0.0,29.7,EXCELLENT
2026-05-04 17:45:42,25.9,51.7,261.0,0.0,27.0,EXCELLENT
2026-05-04 17:45:44,25.8,51.8,265.0,0.0,28.3,EXCELLENT
2026-05-04 17:45:46,25.9,51.9,263.0,0.0,27.7,EXCELLENT
2026-05-04 17:45:48,25.9,52.0,264.0,0.0,28.0,EXCELLENT
2026-05-04 17:45:50,25.9,52.2,256.0,0.0,25.3,EXCELLENT
2026-05-04 17:45:52,25.9,52.4,270.0,0.0,30.0,EXCELLENT
2026-05-04 17:45:54,25.9,52.2,269.0,0.0,29.7,EXCELLENT
2026-05-04 17:46:00,25.9,52.3,270.0,0.0,30.0,EXCELLENT
2026-05-04 17:46:00,25.9,52.2,253.0,0.0,24.3,EXCELLENT
2026-05-04 17:46:00,25.9,52.3,269.0,0.0,29.7,EXCELLENT
2026-05-04 17:46:03,25.9,52.4,266.0,0.0,28.7,EXCELLENT
2026-05-04 17:46:04,25.9,52.4,268.0,0.0,29.3,EXCELLENT
2026-05-04 17:46:06,25.9,52.3,268.0,0.0,29.3,EXCELLENT
2026-05-04 17:46:08,25.9,52.3,257.0,0.0,25.7,EXCELLENT
2026-05-04 17:46:10,25.9,52.2,263.0,0.0,27.7,EXCELLENT
2026-05-04 17:46:12,25.9,52.2,258.0,0.0,26.0,EXCELLENT
2026-05-04 17:46:14,25.9,52.1,273.0,0.0,31.0,EXCELLENT
2026-05-04 17:46:16,25.9,52.1,271.0,0.0,30.3,EXCELLENT
2026-05-04 17:46:18,25.9,52.1,271.0,0.0,30.3,EXCELLENT
2026-05-04 17:46:20,25.9,52.2,272.0,0.0,30.7,EXCELLENT
2026-05-04 17:46:22,25.9,52.0,272.0,0.0,30.7,EXCELLENT
2026-05-04 17:46:24,25.9,52.1,271.0,0.0,30.3,EXCELLENT
2026-05-04 17:46:26,25.9,52.2,263.0,0.0,27.7,EXCELLENT
2026-05-04 17:46:28,25.9,52.2,266.0,0.0,28.7,EXCELLENT
2026-05-04 17:46:30,25.9,52.4,267.0,0.0,29.0,EXCELLENT
2026-05-04 17:46:32,25.9,52.6,273.0,0.0,31.0,EXCELLENT
2026-05-04 17:46:34,25.9,52.6,272.0,0.0,30.7,EXCELLENT
2026-05-04 17:46:36,25.9,52.7,261.0,0.0,27.0,EXCELLENT
2026-05-04 17:46:38,25.9,52.8,267.0,0.0,29.0,EXCELLENT
2026-05-04 17:46:40,25.9,52.8,273.0,0.0,31.0,EXCELLENT
2026-05-04 17:46:42,25.9,52.9,261.0,0.0,27.0,EXCELLENT
2026-05-04 17:46:44,25.9,52.9,274.0,0.0,31.3,EXCELLENT
2026-05-04 17:46:46,25.9,52.9,270.0,0.0,30.0,EXCELLENT
2026-05-04 17:46:48,25.9,53.0,272.0,0.0,30.7,EXCELLENT
2026-05-04 17:46:50,25.9,53.1,270.0,0.0,30.0,EXCELLENT
2026-05-04 17:46:52,25.9,53.2,269.0,0.0,29.7,EXCELLENT
2026-05-04 17:46:54,25.9,53.2,271.0,0.0,30.3,EXCELLENT
2026-05-04 17:46:56,25.9,53.3,267.0,0.0,29.0,EXCELLENT
2026-05-04 17:46:58,25.9,53.4,263.0,0.0,27.7,EXCELLENT
2026-05-04 17:47:00,25.9,53.3,270.0,0.0,30.0,EXCELLENT
2026-05-04 17:47:02,25.9,53.4,262.0,0.0,27.3,EXCELLENT
2026-05-04 17:47:04,25.9,53.3,272.0,0.0,30.7,EXCELLENT
2026-05-04 17:47:06,25.9,53.3,264.0,0.0,28.0,EXCELLENT
2026-05-04 17:47:08,25.9,53.4,273.0,0.0,31.0,EXCELLENT
2026-05-04 17:47:10,25.9,53.4,272.0,0.0,30.7,EXCELLENT
2026-05-04 17:47:12,25.9,53.5,269.0,0.0,29.7,EXCELLENT
2026-05-04 17:47:14,25.9,53.5,261.0,0.0,27.0,EXCELLENT
2026-05-04 17:47:16,25.9,53.5,266.0,0.0,28.7,EXCELLENT
2026-05-04 17:47:18,25.9,53.6,273.0,0.0,31.0,EXCELLENT
2026-05-04 17:47:20,25.9,53.6,269.0,0.0,29.7,EXCELLENT
2026-05-04 17:47:22,25.9,53.7,265.0,0.0,28.3,EXCELLENT
2026-05-04 17:47:24,25.9,53.6,271.0,0.0,30.3,EXCELLENT
2026-05-04 17:47:26,25.9,53.7,272.0,0.0,30.7,EXCELLENT
2026-05-04 17:47:28,25.9,53.7,272.0,0.0,30.7,EXCELLENT
2026-05-04 17:47:30,25.9,53.7,266.0,0.0,28.7,EXCELLENT
2026-05-04 17:47:32,25.9,53.8,275.0,0.0,31.7,EXCELLENT
2026-05-04 17:47:34,25.9,53.7,267.0,0.0,29.0,EXCELLENT
2026-05-04 17:47:36,25.9,53.8,272.0,0.0,30.7,EXCELLENT
2026-05-04 17:47:38,25.9,53.8,275.0,0.0,31.7,EXCELLENT
2026-05-04 17:47:40,25.9,53.8,272.0,0.0,30.7,EXCELLENT
2026-05-04 17:47:42,25.9,53.8,272.0,0.0,30.7,EXCELLENT
2026-05-04 17:47:44,25.9,53.9,265.0,0.0,28.3,EXCELLENT
2026-05-04 17:47:46,25.9,53.9,266.0,0.0,28.7,EXCELLENT
2026-05-04 17:47:48,25.9,53.9,273.0,0.0,31.0,EXCELLENT
2026-05-04 17:47:50,25.8,53.9,272.0,0.0,30.7,EXCELLENT
2026-05-04 17:47:52,25.9,53.9,272.0,0.0,30.7,EXCELLENT
2026-05-04 17:47:54,25.9,54.0,270.0,0.0,30.0,EXCELLENT
2026-05-04 17:47:56,25.9,54.0,272.0,0.0,30.7,EXCELLENT
2026-05-04 17:47:58,25.8,54.1,272.0,0.0,30.7,EXCELLENT
2026-05-04 17:48:00,25.9,54.0,272.0,0.0,30.7,EXCELLENT
2026-05-04 17:48:02,25.9,54.1,272.0,0.0,30.7,EXCELLENT
2026-05-04 17:48:04,25.9,54.1,263.0,0.0,27.7,EXCELLENT
2026-05-04 17:48:06,25.8,54.1,272.0,0.0,30.7,EXCELLENT
2026-05-04 17:48:08,25.8,54.1,272.0,0.0,30.7,EXCELLENT
2026-05-04 17:48:10,25.8,54.2,271.0,0.0,30.3,EXCELLENT
2026-05-04 17:48:12,25.9,54.2,271.0,0.0,30.3,EXCELLENT
2026-05-04 17:48:14,25.8,54.1,272.0,0.0,30.7,EXCELLENT
2026-05-04 17:48:16,25.9,54.2,270.0,0.0,30.0,EXCELLENT
2026-05-04 17:48:18,25.8,54.3,269.0,0.0,29.7,EXCELLENT
2026-05-04 17:48:20,25.8,54.2,270.0,0.0,30.0,EXCELLENT
2026-05-04 17:48:22,25.8,54.3,272.0,0.0,30.7,EXCELLENT
2026-05-04 17:48:24,25.9,54.3,275.0,0.0,31.7,EXCELLENT
2026-05-04 17:48:26,25.8,54.4,272.0,0.0,30.7,EXCELLENT
2026-05-04 17:48:28,25.9,54.3,273.0,0.0,31.0,EXCELLENT
2026-05-04 17:48:30,25.9,54.3,264.0,0.0,28.0,EXCELLENT
2026-05-04 17:48:32,25.8,54.4,270.0,0.0,30.0,EXCELLENT
2026-05-04 17:48:34,25.8,54.4,276.0,0.0,32.0,EXCELLENT
2026-05-04 17:48:36,25.8,54.4,274.0,0.0,31.3,EXCELLENT
2026-05-04 17:48:38,25.8,54.5,270.0,0.0,30.0,EXCELLENT
2026-05-04 17:48:40,25.8,54.5,272.0,0.0,30.7,EXCELLENT
2026-05-04 17:48:42,25.8,54.5,271.0,0.0,30.3,EXCELLENT
2026-05-04 17:48:44,25.8,54.5,275.0,0.0,31.7,EXCELLENT
2026-05-04 17:48:46,25.8,54.5,274.0,0.0,31.3,EXCELLENT
2026-05-04 17:48:48,25.8,54.6,269.0,0.0,29.7,EXCELLENT
2026-05-04 17:48:50,25.8,54.5,272.0,0.0,30.7,EXCELLENT
2026-05-04 17:48:52,25.8,54.6,271.0,0.0,30.3,EXCELLENT
2026-05-04 17:48:54,25.8,54.6,274.0,0.0,31.3,EXCELLENT
2026-05-04 17:48:56,25.8,54.7,272.0,0.0,30.7,EXCELLENT
2026-05-04 17:48:58,25.8,54.6,272.0,0.0,30.7,EXCELLENT
2026-05-04 17:49:00,25.8,54.7,276.0,0.0,32.0,EXCELLENT
2026-05-04 17:49:02,25.8,54.7,272.0,0.0,30.7,EXCELLENT
2026-05-04 17:49:04,25.8,54.7,273.0,0.0,31.0,EXCELLENT
2026-05-04 17:49:06,25.8,54.8,272.0,0.0,30.7,EXCELLENT
2026-05-04 17:49:08,25.8,54.7,265.0,0.0,28.3,EXCELLENT
2026-05-04 17:49:10,25.8,54.8,272.0,0.0,30.7,EXCELLENT
2026-05-04 17:49:12,25.8,54.8,271.0,0.0,30.3,EXCELLENT
2026-05-04 17:49:14,25.8,54.8,272.0,0.0,30.7,EXCELLENT
2026-05-04 17:49:16,25.8,54.8,275.0,0.0,31.7,EXCELLENT
2026-05-04 17:49:18,25.8,54.8,263.0,0.0,27.7,EXCELLENT
2026-05-04 17:49:20,25.8,54.9,272.0,0.0,30.7,EXCELLENT
2026-05-04 17:49:22,25.8,54.8,271.0,0.0,30.3,EXCELLENT
2026-05-04 17:49:24,25.8,54.9,272.0,0.0,30.7,EXCELLENT
2026-05-04 17:49:26,25.9,54.9,275.0,0.0,31.7,EXCELLENT
2026-05-04 17:49:28,25.8,55.0,272.0,0.0,30.7,EXCELLENT
2026-05-04 17:49:30,25.8,55.0,272.0,0.0,30.7,EXCELLENT
2026-05-04 17:49:32,25.8,55.0,272.0,0.0,30.7,EXCELLENT
2026-05-04 17:49:34,25.9,55.0,275.0,0.0,31.7,EXCELLENT
2026-05-04 17:49:36,25.8,55.0,276.0,0.0,32.0,EXCELLENT
2026-05-04 17:49:38,25.8,55.1,273.0,0.0,31.0,EXCELLENT
2026-05-04 17:49:40,25.8,55.0,273.0,0.0,31.0,EXCELLENT
2026-05-04 17:49:42,25.9,55.0,274.0,0.0,31.3,EXCELLENT
2026-05-04 17:49:44,25.9,55.1,271.0,0.0,30.3,EXCELLENT
2026-05-04 17:49:46,25.8,55.1,273.0,0.0,31.0,EXCELLENT
2026-05-04 17:49:48,25.8,55.1,272.0,0.0,30.7,EXCELLENT
2026-05-04 17:49:50,25.8,55.1,272.0,0.0,30.7,EXCELLENT
2026-05-04 17:49:52,25.8,55.2,269.0,0.0,29.7,EXCELLENT
2026-05-04 17:49:54,25.8,55.2,272.0,0.0,30.7,EXCELLENT
2026-05-04 17:49:56,25.8,55.2,270.0,0.0,30.0,EXCELLENT
2026-05-04 17:49:58,25.8,55.3,272.0,0.0,30.7,EXCELLENT
2026-05-04 17:50:00,25.8,55.2,278.0,0.0,32.7,EXCELLENT
2026-05-04 17:50:02,25.8,55.2,268.0,0.0,29.3,EXCELLENT
2026-05-04 17:50:04,25.8,55.3,274.0,0.0,31.3,EXCELLENT
2026-05-04 17:50:06,25.8,55.3,270.0,0.0,30.0,EXCELLENT
2026-05-04 17:50:08,25.8,55.4,274.0,0.0,31.3,EXCELLENT
2026-05-04 17:50:10,25.8,55.4,275.0,0.0,31.7,EXCELLENT
2026-05-04 17:50:12,25.8,55.5,279.0,0.0,33.0,EXCELLENT
2026-05-04 17:50:14,25.8,55.5,272.0,0.0,30.7,EXCELLENT
2026-05-04 17:50:16,25.9,55.5,269.0,0.0,29.7,EXCELLENT
2026-05-04 17:50:18,25.8,55.6,272.0,0.0,30.7,EXCELLENT
2026-05-04 17:50:20,25.8,55.6,272.0,0.0,30.7,EXCELLENT
2026-05-04 17:50:22,25.8,55.6,273.0,0.0,31.0,EXCELLENT
2026-05-04 17:50:24,25.8,55.6,275.0,0.0,31.7,EXCELLENT
2026-05-04 17:50:26,25.8,55.7,276.0,0.0,32.0,EXCELLENT
2026-05-04 17:50:28,25.8,55.7,272.0,0.0,30.7,EXCELLENT
2026-05-04 17:50:30,25.8,55.7,272.0,0.0,30.7,EXCELLENT
2026-05-04 17:50:32,25.8,55.7,272.0,0.0,30.7,EXCELLENT
2026-05-04 17:50:34,25.8,55.7,272.0,0.0,30.7,EXCELLENT
2026-05-04 17:50:36,25.8,55.7,273.0,0.0,31.0,EXCELLENT
2026-05-04 17:50:38,25.8,55.8,275.0,0.0,31.7,EXCELLENT
2026-05-04 17:50:40,25.8,55.8,272.0,0.0,30.7,EXCELLENT
2026-05-04 17:50:42,25.8,55.8,274.0,0.0,31.3,EXCELLENT
2026-05-04 17:50:44,25.8,55.9,274.0,0.0,31.3,EXCELLENT
2026-05-04 17:50:46,25.8,55.9,275.0,0.0,31.7,EXCELLENT
2026-05-04 17:50:48,25.8,55.9,276.0,0.0,32.0,EXCELLENT
2026-05-04 17:50:50,25.8,55.9,266.0,0.0,28.7,EXCELLENT
2026-05-04 17:50:52,25.8,55.9,275.0,0.0,31.7,EXCELLENT
2026-05-04 17:50:54,25.8,55.9,269.0,0.0,29.7,EXCELLENT
2026-05-04 17:50:56,25.8,55.9,275.0,0.0,31.7,EXCELLENT
2026-05-04 17:50:58,25.8,56.0,274.0,0.0,31.3,EXCELLENT
2026-05-04 17:51:00,25.8,56.0,278.0,0.0,32.7,EXCELLENT
2026-05-04 17:51:02,25.8,56.1,277.0,0.0,32.3,EXCELLENT
2026-05-04 17:51:04,25.8,56.1,280.0,0.0,33.3,EXCELLENT
2026-05-04 17:51:06,25.8,56.1,278.0,0.0,32.7,EXCELLENT
2026-05-04 17:51:08,25.8,56.1,278.0,0.0,32.7,EXCELLENT
2026-05-04 17:51:10,25.8,56.1,272.0,0.0,30.7,EXCELLENT
2026-05-04 17:51:12,25.8,56.2,280.0,0.0,33.3,EXCELLENT
2026-05-04 17:51:14,25.8,56.2,272.0,0.0,30.7,EXCELLENT
2026-05-04 17:51:16,25.8,56.1,270.0,0.0,30.0,EXCELLENT
2026-05-04 17:51:18,25.8,56.1,273.0,0.0,31.0,EXCELLENT
2026-05-04 17:51:20,25.8,56.2,266.0,0.0,28.7,EXCELLENT
2026-05-04 17:51:22,25.8,56.3,281.0,0.0,33.7,EXCELLENT
2026-05-04 17:51:24,25.8,56.2,274.0,0.0,31.3,EXCELLENT
2026-05-04 17:51:26,25.8,56.3,274.0,0.0,31.3,EXCELLENT
2026-05-04 17:51:28,25.8,56.3,277.0,0.0,32.3,EXCELLENT
2026-05-04 17:51:30,25.8,56.3,275.0,0.0,31.7,EXCELLENT
2026-05-04 17:51:32,25.8,56.3,277.0,0.0,32.3,EXCELLENT
2026-05-04 17:51:34,25.8,56.4,277.0,0.0,32.3,EXCELLENT
2026-05-04 17:51:36,25.8,56.4,274.0,0.0,31.3,EXCELLENT
2026-05-04 17:51:38,25.8,56.4,274.0,0.0,31.3,EXCELLENT
2026-05-04 17:51:40,25.8,56.5,269.0,0.0,29.7,EXCELLENT
2026-05-04 17:51:42,25.8,56.7,272.0,0.0,30.7,EXCELLENT
2026-05-04 17:51:44,25.8,56.7,278.0,0.0,32.7,EXCELLENT
2026-05-04 17:51:46,25.8,56.8,272.0,0.0,30.7,EXCELLENT
2026-05-04 17:51:48,25.8,56.8,279.0,0.0,33.0,EXCELLENT
2026-05-04 17:51:50,25.8,57.0,277.0,0.0,32.3,EXCELLENT
2026-05-04 17:51:52,25.8,57.2,268.0,0.0,29.3,EXCELLENT
2026-05-04 17:51:54,25.9,57.3,269.0,0.0,29.7,EXCELLENT
2026-05-04 17:51:56,25.9,57.3,275.0,0.0,31.7,EXCELLENT
2026-05-04 17:51:58,25.8,57.5,277.0,0.0,32.3,EXCELLENT
2026-05-04 17:52:00,25.8,57.4,279.0,0.0,33.0,EXCELLENT
2026-05-04 17:52:02,25.8,57.4,274.0,0.0,31.3,EXCELLENT
2026-05-04 17:52:04,25.8,57.5,272.0,0.0,30.7,EXCELLENT
2026-05-04 17:52:06,25.9,57.5,273.0,0.0,31.0,EXCELLENT
2026-05-04 17:52:08,25.8,57.6,272.0,0.0,30.7,EXCELLENT
2026-05-04 17:52:10,25.8,57.6,277.0,0.0,32.3,EXCELLENT
2026-05-04 17:52:12,25.8,57.5,273.0,0.0,31.0,EXCELLENT
2026-05-04 17:52:14,25.9,57.5,278.0,0.0,32.7,EXCELLENT
2026-05-04 17:52:16,25.8,57.6,272.0,0.0,30.7,EXCELLENT
2026-05-04 17:52:18,25.8,57.6,281.0,0.0,33.7,EXCELLENT
2026-05-04 17:52:20,25.8,57.6,270.0,0.0,30.0,EXCELLENT
2026-05-04 17:52:22,25.9,57.6,274.0,0.0,31.3,EXCELLENT
2026-05-04 17:52:24,25.8,57.6,277.0,0.0,32.3,EXCELLENT
2026-05-04 17:52:26,25.8,57.7,276.0,0.0,32.0,EXCELLENT
2026-05-04 17:52:28,25.8,57.6,277.0,0.0,32.3,EXCELLENT
2026-05-04 17:52:30,25.8,57.7,270.0,0.0,30.0,EXCELLENT
2026-05-04 17:52:32,25.8,57.7,282.0,0.0,34.0,EXCELLENT
2026-05-04 17:52:34,25.8,57.7,273.0,0.0,31.0,EXCELLENT
2026-05-04 17:52:36,25.8,57.7,274.0,0.0,31.3,EXCELLENT
2026-05-04 17:52:38,25.8,57.7,272.0,0.0,30.7,EXCELLENT
2026-05-04 17:52:40,25.8,57.7,274.0,0.0,31.3,EXCELLENT
2026-05-04 17:52:42,25.8,57.7,272.0,0.0,30.7,EXCELLENT
2026-05-04 17:52:44,25.8,57.7,275.0,0.0,31.7,EXCELLENT
2026-05-04 17:52:46,25.9,57.7,274.0,0.0,31.3,EXCELLENT
2026-05-04 17:52:48,25.9,57.7,273.0,0.0,31.0,EXCELLENT
2026-05-04 17:52:50,25.8,57.7,277.0,0.0,32.3,EXCELLENT
2026-05-04 17:52:52,25.8,57.7,274.0,0.0,31.3,EXCELLENT
2026-05-04 17:52:54,25.9,57.7,275.0,0.0,31.7,EXCELLENT
2026-05-04 17:52:56,25.8,57.7,273.0,0.0,31.0,EXCELLENT
2026-05-04 17:52:58,25.8,57.7,273.0,0.0,31.0,EXCELLENT
2026-05-04 17:53:00,25.8,57.7,275.0,0.0,31.7,EXCELLENT
2026-05-04 17:53:02,25.9,57.7,271.0,0.0,30.3,EXCELLENT
2026-05-04 17:53:04,25.8,57.7,280.0,0.0,33.3,EXCELLENT
2026-05-04 17:53:06,25.8,57.8,272.0,0.0,30.7,EXCELLENT
2026-05-04 17:53:08,25.9,57.8,272.0,0.0,30.7,EXCELLENT
2026-05-04 17:53:10,25.8,57.8,276.0,0.0,32.0,EXCELLENT
2026-05-04 17:53:12,25.8,57.7,272.0,0.0,30.7,EXCELLENT
2026-05-04 17:53:14,25.8,57.7,274.0,0.0,31.3,EXCELLENT
2026-05-04 17:53:16,25.8,57.7,282.0,0.0,34.0,EXCELLENT
2026-05-04 17:53:18,25.8,57.7,282.0,0.0,34.0,EXCELLENT
2026-05-04 17:53:20,25.8,57.7,283.0,0.0,34.3,EXCELLENT
2026-05-04 17:53:22,25.8,57.7,271.0,0.0,30.3,EXCELLENT
2026-05-04 17:53:24,25.8,57.7,276.0,0.0,32.0,EXCELLENT
2026-05-04 17:53:26,25.8,57.7,277.0,0.0,32.3,EXCELLENT
2026-05-04 17:53:28,25.8,57.6,272.0,0.0,30.7,EXCELLENT
2026-05-04 17:53:30,25.8,57.7,275.0,0.0,31.7,EXCELLENT
2026-05-04 17:53:32,25.8,57.7,278.0,0.0,32.7,EXCELLENT
2026-05-04 17:53:34,25.8,57.8,282.0,0.0,34.0,EXCELLENT
2026-05-04 17:53:36,25.8,57.8,282.0,0.0,34.0,EXCELLENT
2026-05-04 17:53:38,25.8,57.8,272.0,0.0,30.7,EXCELLENT
2026-05-04 17:53:40,25.8,57.8,279.0,0.0,33.0,EXCELLENT
2026-05-04 17:53:42,25.8,57.8,279.0,0.0,33.0,EXCELLENT
2026-05-04 17:53:44,25.8,57.8,272.0,0.0,30.7,EXCELLENT
2026-05-04 17:53:46,25.8,57.7,281.0,0.0,33.7,EXCELLENT
2026-05-04 17:53:48,25.8,57.7,276.0,0.0,32.0,EXCELLENT
2026-05-04 17:53:50,25.8,57.7,283.0,0.0,34.3,EXCELLENT
2026-05-04 17:53:52,25.8,57.7,274.0,0.0,31.3,EXCELLENT
2026-05-04 17:53:54,25.8,57.7,278.0,0.0,32.7,EXCELLENT
2026-05-04 17:53:56,25.8,57.7,277.0,0.0,32.3,EXCELLENT
2026-05-04 17:53:58,25.8,57.6,281.0,0.0,33.7,EXCELLENT
2026-05-04 17:54:00,25.8,57.6,282.0,0.0,34.0,EXCELLENT
2026-05-04 17:54:02,25.8,57.7,276.0,0.0,32.0,EXCELLENT
2026-05-04 17:54:04,25.8,57.7,273.0,0.0,31.0,EXCELLENT
2026-05-04 17:54:06,25.8,57.7,277.0,0.0,32.3,EXCELLENT
2026-05-04 17:54:08,25.8,57.7,283.0,0.0,34.3,EXCELLENT
2026-05-04 17:54:10,25.8,57.7,270.0,0.0,30.0,EXCELLENT
2026-05-04 17:54:12,25.8,57.6,274.0,0.0,31.3,EXCELLENT
2026-05-04 17:54:14,25.8,57.7,276.0,0.0,32.0,EXCELLENT
2026-05-04 17:54:16,25.8,57.7,279.0,0.0,33.0,EXCELLENT
2026-05-04 17:54:18,25.8,57.7,283.0,0.0,34.3,EXCELLENT
2026-05-04 17:54:20,25.8,57.7,276.0,0.0,32.0,EXCELLENT
2026-05-04 17:54:22,25.8,57.7,277.0,0.0,32.3,EXCELLENT
2026-05-04 17:54:24,25.8,57.8,279.0,0.0,33.0,EXCELLENT
2026-05-04 17:54:26,25.8,57.7,279.0,0.0,33.0,EXCELLENT
2026-05-04 17:54:28,25.8,57.8,284.0,0.0,34.7,EXCELLENT
2026-05-04 17:54:30,25.8,57.8,274.0,0.0,31.3,EXCELLENT
2026-05-04 17:54:32,25.7,57.9,272.0,0.0,30.7,EXCELLENT
2026-05-04 17:54:34,25.7,57.8,283.0,0.0,34.3,EXCELLENT
2026-05-04 17:54:36,25.7,57.9,284.0,0.0,34.7,EXCELLENT
2026-05-04 17:54:38,25.8,58.0,277.0,0.0,32.3,EXCELLENT
2026-05-04 17:54:40,25.7,58.0,282.0,0.0,34.0,EXCELLENT
2026-05-04 17:54:42,25.8,58.0,281.0,0.0,33.7,EXCELLENT
2026-05-04 17:54:44,25.7,58.1,275.0,0.0,31.7,EXCELLENT
2026-05-04 17:54:46,25.7,58.1,275.0,0.0,31.7,EXCELLENT
2026-05-04 17:54:48,25.7,58.1,279.0,0.0,33.0,EXCELLENT
2026-05-04 17:54:50,25.7,58.1,273.0,0.0,31.0,EXCELLENT
2026-05-04 17:54:52,25.7,58.1,277.0,0.0,32.3,EXCELLENT
2026-05-04 17:54:54,25.7,58.1,274.0,0.0,31.3,EXCELLENT
2026-05-04 17:54:56,25.7,58.1,279.0,0.0,33.0,EXCELLENT
2026-05-04 17:54:58,25.7,58.2,267.0,0.0,29.0,EXCELLENT
2026-05-04 17:55:00,25.7,58.2,277.0,0.0,32.3,EXCELLENT
2026-05-04 17:55:02,25.7,58.2,278.0,0.0,32.7,EXCELLENT
2026-05-04 17:55:04,25.7,58.1,281.0,0.0,33.7,EXCELLENT
2026-05-04 17:55:06,25.7,58.1,276.0,0.0,32.0,EXCELLENT
2026-05-04 17:55:08,25.7,58.1,279.0,0.0,33.0,EXCELLENT
2026-05-04 17:55:10,25.7,58.2,281.0,0.0,33.7,EXCELLENT
2026-05-04 17:55:12,25.7,58.1,274.0,0.0,31.3,EXCELLENT
2026-05-04 17:55:14,25.7,58.2,280.0,0.0,33.3,EXCELLENT
2026-05-04 17:55:16,25.7,58.2,273.0,0.0,31.0,EXCELLENT
2026-05-04 17:55:18,25.6,58.2,279.0,0.0,33.0,EXCELLENT
2026-05-04 17:55:20,25.7,58.2,278.0,0.0,32.7,EXCELLENT
2026-05-04 17:55:22,25.7,58.2,278.0,0.0,32.7,EXCELLENT
2026-05-04 17:55:24,25.6,58.2,281.0,0.0,33.7,EXCELLENT
2026-05-04 17:55:26,25.7,58.2,275.0,0.0,31.7,EXCELLENT
2026-05-04 17:55:28,25.7,58.2,273.0,0.0,31.0,EXCELLENT
2026-05-04 17:55:30,25.7,58.3,273.0,0.0,31.0,EXCELLENT
2026-05-04 17:55:32,25.6,58.3,281.0,0.0,33.7,EXCELLENT
2026-05-04 17:55:34,25.6,58.3,275.0,0.0,31.7,EXCELLENT
2026-05-04 17:55:36,25.7,58.2,279.0,0.0,33.0,EXCELLENT
2026-05-04 17:55:38,25.7,58.3,277.0,0.0,32.3,EXCELLENT
2026-05-04 17:55:40,25.6,58.3,272.0,0.0,30.7,EXCELLENT
2026-05-04 17:55:42,25.7,58.3,278.0,0.0,32.7,EXCELLENT
2026-05-04 17:55:44,25.7,58.3,279.0,0.0,33.0,EXCELLENT
2026-05-04 17:55:46,25.6,58.3,273.0,0.0,31.0,EXCELLENT
2026-05-04 17:55:48,25.6,58.3,283.0,0.0,34.3,EXCELLENT
2026-05-04 17:55:50,25.7,58.3,278.0,0.0,32.7,EXCELLENT
2026-05-04 17:55:52,25.6,58.3,274.0,0.0,31.3,EXCELLENT
2026-05-04 17:55:54,25.6,58.3,278.0,0.0,32.7,EXCELLENT
2026-05-04 17:55:56,25.6,58.2,279.0,0.0,33.0,EXCELLENT
2026-05-04 17:55:58,25.6,58.2,274.0,0.0,31.3,EXCELLENT
2026-05-04 17:56:00,25.6,58.3,281.0,0.0,33.7,EXCELLENT
2026-05-04 17:56:02,25.7,58.3,278.0,0.0,32.7,EXCELLENT
2026-05-04 17:56:04,25.6,58.3,272.0,0.0,30.7,EXCELLENT
2026-05-04 17:56:06,25.7,58.3,282.0,0.0,34.0,EXCELLENT
2026-05-04 17:56:08,25.6,58.3,282.0,0.0,34.0,EXCELLENT
2026-05-04 17:56:10,25.7,58.4,277.0,0.0,32.3,EXCELLENT
2026-05-04 17:56:12,25.6,58.4,272.0,0.0,30.7,EXCELLENT
2026-05-04 17:56:14,25.6,58.3,272.0,0.0,30.7,EXCELLENT
2026-05-04 17:56:16,25.6,58.4,275.0,0.0,31.7,EXCELLENT
2026-05-04 17:56:18,25.6,58.4,280.0,0.0,33.3,EXCELLENT
2026-05-04 17:56:20,25.7,58.4,275.0,0.0,31.7,EXCELLENT
2026-05-04 17:56:22,25.6,58.4,275.0,0.0,31.7,EXCELLENT
2026-05-04 17:56:24,25.6,58.4,277.0,0.0,32.3,EXCELLENT
2026-05-04 17:56:26,25.6,58.4,278.0,0.0,32.7,EXCELLENT
2026-05-04 17:56:28,25.6,58.4,281.0,0.0,33.7,EXCELLENT
2026-05-04 17:56:30,25.7,58.3,275.0,0.0,31.7,EXCELLENT
2026-05-04 17:56:32,25.6,58.4,275.0,0.0,31.7,EXCELLENT
2026-05-04 17:56:34,25.6,58.4,284.0,0.0,34.7,EXCELLENT
2026-05-04 17:56:36,25.7,58.3,279.0,0.0,33.0,EXCELLENT
2026-05-04 17:56:38,25.6,58.4,278.0,0.0,32.7,EXCELLENT
2026-05-04 17:56:40,25.6,58.4,273.0,0.0,31.0,EXCELLENT
2026-05-04 17:56:42,25.6,58.3,279.0,0.0,33.0,EXCELLENT
2026-05-04 17:56:44,25.6,58.4,272.0,0.0,30.7,EXCELLENT
2026-05-04 17:56:46,25.6,58.4,279.0,0.0,33.0,EXCELLENT
2026-05-04 17:56:48,25.6,58.4,276.0,0.0,32.0,EXCELLENT
2026-05-04 17:56:50,25.6,58.4,273.0,0.0,31.0,EXCELLENT
2026-05-04 17:56:52,25.6,58.5,278.0,0.0,32.7,EXCELLENT
2026-05-04 17:56:54,25.6,58.5,281.0,0.0,33.7,EXCELLENT
2026-05-04 17:56:56,25.6,58.5,274.0,0.0,31.3,EXCELLENT
2026-05-04 17:56:58,25.6,58.4,279.0,0.0,33.0,EXCELLENT
2026-05-04 17:57:00,25.6,58.5,272.0,0.0,30.7,EXCELLENT
2026-05-04 17:57:02,25.6,58.5,275.0,0.0,31.7,EXCELLENT
2026-05-04 17:57:04,25.6,58.5,273.0,0.0,31.0,EXCELLENT
2026-05-04 17:57:06,25.6,58.5,273.0,0.0,31.0,EXCELLENT
2026-05-04 17:57:08,25.6,58.5,278.0,0.0,32.7,EXCELLENT
2026-05-04 17:57:10,25.6,58.5,274.0,0.0,31.3,EXCELLENT
2026-05-04 17:57:12,25.6,58.5,282.0,0.0,34.0,EXCELLENT
2026-05-04 17:57:14,25.6,58.5,282.0,0.0,34.0,EXCELLENT
2026-05-04 17:57:16,25.6,58.5,273.0,0.0,31.0,EXCELLENT
2026-05-04 17:57:18,25.6,58.6,285.0,0.0,35.0,EXCELLENT
2026-05-04 17:57:20,25.6,58.5,273.0,0.0,31.0,EXCELLENT
2026-05-04 17:57:22,25.6,58.6,281.0,0.0,33.7,EXCELLENT
2026-05-04 17:57:24,25.6,58.6,278.0,0.0,32.7,EXCELLENT
2026-05-04 17:57:26,25.6,58.6,276.0,0.0,32.0,EXCELLENT
2026-05-04 17:57:28,25.5,58.5,277.0,0.0,32.3,EXCELLENT
2026-05-04 17:57:30,25.5,58.6,279.0,0.0,33.0,EXCELLENT
2026-05-04 17:57:32,25.6,58.6,276.0,0.0,32.0,EXCELLENT
2026-05-04 17:57:34,25.5,58.7,273.0,0.0,31.0,EXCELLENT
2026-05-04 17:57:36,25.6,58.7,279.0,0.0,33.0,EXCELLENT
2026-05-04 17:57:38,25.6,58.6,276.0,0.0,32.0,EXCELLENT
2026-05-04 17:57:40,25.6,58.6,279.0,0.0,33.0,EXCELLENT
2026-05-04 17:57:42,25.5,58.7,272.0,0.0,30.7,EXCELLENT
2026-05-04 17:57:44,25.5,58.7,272.0,0.0,30.7,EXCELLENT
2026-05-04 17:57:46,25.5,58.7,272.0,0.0,30.7,EXCELLENT
2026-05-04 17:57:48,25.5,58.8,272.0,0.0,30.7,EXCELLENT
2026-05-04 17:57:50,25.5,58.7,276.0,0.0,32.0,EXCELLENT
2026-05-04 17:57:52,25.5,58.8,278.0,0.0,32.7,EXCELLENT
2026-05-04 17:57:54,25.5,58.8,277.0,0.0,32.3,EXCELLENT
2026-05-04 17:57:56,25.5,58.8,275.0,0.0,31.7,EXCELLENT
2026-05-04 17:57:58,25.5,58.8,274.0,0.0,31.3,EXCELLENT
2026-05-04 17:58:00,25.5,58.8,278.0,0.0,32.7,EXCELLENT
2026-05-04 17:58:02,25.5,58.9,275.0,0.0,31.7,EXCELLENT
2026-05-04 17:58:04,25.5,58.8,277.0,0.0,32.3,EXCELLENT
2026-05-04 17:58:06,25.5,58.9,281.0,0.0,33.7,EXCELLENT
2026-05-04 17:58:08,25.5,58.8,277.0,0.0,32.3,EXCELLENT
2026-05-04 17:58:10,25.5,58.8,283.0,0.0,34.3,EXCELLENT
2026-05-04 17:58:12,25.5,58.9,274.0,0.0,31.3,EXCELLENT
2026-05-04 17:58:14,25.5,58.9,272.0,0.0,30.7,EXCELLENT
2026-05-04 17:58:16,25.5,59.0,279.0,0.0,33.0,EXCELLENT
2026-05-04 17:58:18,25.5,58.9,283.0,0.0,34.3,EXCELLENT
2026-05-04 17:58:20,25.5,58.9,278.0,0.0,32.7,EXCELLENT
2026-05-04 17:58:22,25.5,59.0,275.0,0.0,31.7,EXCELLENT
2026-05-04 17:58:24,25.5,58.9,280.0,0.0,33.3,EXCELLENT
2026-05-04 17:58:26,25.5,58.9,273.0,0.0,31.0,EXCELLENT
2026-05-04 17:58:28,25.5,58.9,272.0,0.0,30.7,EXCELLENT
2026-05-04 17:58:30,25.5,58.9,272.0,0.0,30.7,EXCELLENT
2026-05-04 17:58:32,25.5,58.9,275.0,0.0,31.7,EXCELLENT
2026-05-04 17:58:34,25.5,58.9,272.0,0.0,30.7,EXCELLENT
2026-05-04 17:58:36,25.5,58.9,275.0,0.0,31.7,EXCELLENT
2026-05-04 17:58:38,25.4,58.9,279.0,0.0,33.0,EXCELLENT
2026-05-04 17:58:40,25.5,58.9,266.0,0.0,28.7,EXCELLENT
2026-05-04 17:58:42,25.4,58.9,277.0,0.0,32.3,EXCELLENT
2026-05-04 17:58:44,25.5,58.9,278.0,0.0,32.7,EXCELLENT
2026-05-04 17:58:46,25.5,58.9,267.0,0.0,29.0,EXCELLENT
2026-05-04 17:58:48,25.5,58.9,272.0,0.0,30.7,EXCELLENT
2026-05-04 17:58:50,25.5,58.9,278.0,0.0,32.7,EXCELLENT
2026-05-04 17:58:52,25.5,58.9,274.0,0.0,31.3,EXCELLENT
2026-05-04 17:58:54,25.5,59.0,278.0,0.0,32.7,EXCELLENT
2026-05-04 17:58:56,25.5,58.9,272.0,0.0,30.7,EXCELLENT
2026-05-04 17:58:58,25.5,58.9,283.0,0.0,34.3,EXCELLENT
2026-05-04 17:59:00,25.5,58.9,284.0,0.0,34.7,EXCELLENT
2026-05-04 17:59:02,25.5,58.9,272.0,0.0,30.7,EXCELLENT
2026-05-04 17:59:04,25.4,58.9,275.0,0.0,31.7,EXCELLENT
2026-05-04 17:59:06,25.5,58.8,273.0,0.0,31.0,EXCELLENT
2026-05-04 17:59:08,25.5,58.9,281.0,0.0,33.7,EXCELLENT
2026-05-04 17:59:10,25.5,58.8,278.0,0.0,32.7,EXCELLENT
2026-05-04 17:59:12,25.5,58.8,281.0,0.0,33.7,EXCELLENT
2026-05-04 17:59:14,25.5,58.8,276.0,0.0,32.0,EXCELLENT
2026-05-04 17:59:16,25.5,58.8,272.0,0.0,30.7,EXCELLENT
2026-05-04 17:59:18,25.4,58.8,279.0,0.0,33.0,EXCELLENT
2026-05-04 17:59:20,25.5,58.9,277.0,0.0,32.3,EXCELLENT
2026-05-04 17:59:22,25.5,58.9,272.0,0.0,30.7,EXCELLENT
2026-05-04 17:59:24,25.5,58.9,277.0,0.0,32.3,EXCELLENT
2026-05-04 17:59:26,25.4,58.9,279.0,0.0,33.0,EXCELLENT
2026-05-04 17:59:28,25.4,59.0,288.0,0.0,36.0,EXCELLENT
2026-05-04 17:59:30,25.5,59.1,277.0,0.0,32.3,EXCELLENT
2026-05-04 17:59:32,25.4,59.2,279.0,0.0,33.0,EXCELLENT
2026-05-04 17:59:34,25.4,59.3,282.0,0.0,34.0,EXCELLENT
2026-05-04 17:59:36,25.4,59.3,277.0,0.0,32.3,EXCELLENT
2026-05-04 17:59:38,25.4,59.3,279.0,0.0,33.0,EXCELLENT
2026-05-04 17:59:40,25.5,59.3,275.0,0.0,31.7,EXCELLENT
2026-05-04 17:59:42,25.4,59.2,274.0,0.0,31.3,EXCELLENT
2026-05-04 17:59:44,25.5,59.3,279.0,0.0,33.0,EXCELLENT
2026-05-04 17:59:46,25.4,59.2,276.0,0.0,32.0,EXCELLENT
2026-05-04 17:59:48,25.5,59.1,285.0,0.0,35.0,EXCELLENT
2026-05-04 17:59:50,25.4,59.1,272.0,0.0,30.7,EXCELLENT
2026-05-04 17:59:52,25.5,59.1,280.0,0.0,33.3,EXCELLENT
2026-05-04 17:59:54,25.4,59.0,275.0,0.0,31.7,EXCELLENT
2026-05-04 17:59:56,25.4,59.0,277.0,0.0,32.3,EXCELLENT
2026-05-04 17:59:58,25.4,59.0,276.0,0.0,32.0,EXCELLENT
2026-05-04 18:00:00,25.4,59.0,281.0,0.0,33.7,EXCELLENT
2026-05-04 18:00:02,25.5,58.9,278.0,0.0,32.7,EXCELLENT
2026-05-04 18:00:04,25.4,58.9,278.0,0.0,32.7,EXCELLENT
2026-05-04 18:00:06,25.5,58.9,277.0,0.0,32.3,EXCELLENT
2026-05-04 18:00:08,25.4,59.0,281.0,0.0,33.7,EXCELLENT
2026-05-04 18:00:10,25.4,59.0,273.0,0.0,31.0,EXCELLENT
2026-05-04 18:00:12,25.4,59.0,282.0,0.0,34.0,EXCELLENT
2026-05-04 18:00:14,25.5,58.9,285.0,0.0,35.0,EXCELLENT
2026-05-04 18:00:16,25.4,59.0,272.0,0.0,30.7,EXCELLENT
2026-05-04 18:00:18,25.5,58.9,277.0,0.0,32.3,EXCELLENT
2026-05-04 18:00:20,25.5,58.9,282.0,0.0,34.0,EXCELLENT
2026-05-04 18:00:22,25.5,59.0,278.0,0.0,32.7,EXCELLENT
2026-05-04 18:00:24,25.5,58.9,272.0,0.0,30.7,EXCELLENT
2026-05-04 18:00:26,25.5,58.9,277.0,0.0,32.3,EXCELLENT
2026-05-04 18:00:28,25.5,59.0,279.0,0.0,33.0,EXCELLENT
2026-05-04 18:00:30,25.5,59.0,272.0,0.0,30.7,EXCELLENT
2026-05-04 18:00:32,25.5,58.9,277.0,0.0,32.3,EXCELLENT
2026-05-04 18:00:34,25.5,59.0,277.0,0.0,32.3,EXCELLENT
2026-05-04 18:00:36,25.5,58.9,277.0,0.0,32.3,EXCELLENT
2026-05-04 18:00:38,25.5,59.0,272.0,0.0,30.7,EXCELLENT
2026-05-04 18:00:40,25.5,58.9,275.0,0.0,31.7,EXCELLENT
2026-05-04 18:00:42,25.4,58.9,273.0,0.0,31.0,EXCELLENT
2026-05-04 18:00:44,25.5,58.9,274.0,0.0,31.3,EXCELLENT
2026-05-04 18:00:46,25.5,58.9,278.0,0.0,32.7,EXCELLENT
2026-05-04 18:00:48,25.5,58.9,273.0,0.0,31.0,EXCELLENT
2026-05-04 18:00:50,25.5,58.9,273.0,0.0,31.0,EXCELLENT
2026-05-04 18:00:52,25.5,58.9,281.0,0.0,33.7,EXCELLENT
2026-05-04 18:00:54,25.5,58.9,274.0,0.0,31.3,EXCELLENT
2026-05-04 18:00:56,25.5,58.9,279.0,0.0,33.0,EXCELLENT
2026-05-04 18:00:58,25.5,59.0,276.0,0.0,32.0,EXCELLENT
2026-05-04 18:01:00,25.5,59.0,272.0,0.0,30.7,EXCELLENT
2026-05-04 18:01:02,25.5,58.9,274.0,0.0,31.3,EXCELLENT
2026-05-04 18:01:04,25.5,58.9,273.0,0.0,31.0,EXCELLENT
2026-05-04 18:01:06,25.5,58.9,278.0,0.0,32.7,EXCELLENT
2026-05-04 18:01:08,25.5,58.8,279.0,0.0,33.0,EXCELLENT
2026-05-04 18:01:10,25.5,58.9,281.0,0.0,33.7,EXCELLENT
2026-05-04 18:01:12,25.5,58.9,282.0,0.0,34.0,EXCELLENT
2026-05-04 18:01:14,25.5,58.8,281.0,0.0,33.7,EXCELLENT
2026-05-04 18:01:16,25.5,58.9,278.0,0.0,32.7,EXCELLENT
2026-05-04 18:01:18,25.5,58.9,275.0,0.0,31.7,EXCELLENT
2026-05-04 18:01:20,25.5,58.9,281.0,0.0,33.7,EXCELLENT
2026-05-04 18:01:22,25.5,58.9,273.0,0.0,31.0,EXCELLENT
2026-05-04 18:01:24,25.5,58.9,278.0,0.0,32.7,EXCELLENT
2026-05-04 18:01:26,25.5,58.9,267.0,0.0,29.0,EXCELLENT
2026-05-04 18:01:28,25.4,58.9,276.0,0.0,32.0,EXCELLENT
2026-05-04 18:01:30,25.5,58.9,265.0,0.0,28.3,EXCELLENT
2026-05-04 18:01:32,25.5,58.8,277.0,0.0,32.3,EXCELLENT
2026-05-04 18:01:34,25.4,58.9,275.0,0.0,31.7,EXCELLENT
2026-05-04 18:01:36,25.5,58.9,273.0,0.0,31.0,EXCELLENT
2026-05-04 18:01:38,25.5,58.8,279.0,0.0,33.0,EXCELLENT
2026-05-04 18:01:40,25.5,58.9,272.0,0.0,30.7,EXCELLENT
2026-05-04 18:01:42,25.4,58.9,278.0,0.0,32.7,EXCELLENT
2026-05-04 18:01:44,25.5,58.8,278.0,0.0,32.7,EXCELLENT
2026-05-04 18:01:46,25.4,58.9,273.0,0.0,31.0,EXCELLENT
2026-05-04 18:01:48,25.5,58.8,280.0,0.0,33.3,EXCELLENT
2026-05-04 18:01:50,25.5,58.8,272.0,0.0,30.7,EXCELLENT
2026-05-04 18:01:52,25.4,58.9,265.0,0.0,28.3,EXCELLENT
2026-05-04 18:01:54,25.5,58.8,279.0,0.0,33.0,EXCELLENT
2026-05-04 18:01:56,25.4,58.8,271.0,0.0,30.3,EXCELLENT
2026-05-04 18:01:58,25.4,58.8,278.0,0.0,32.7,EXCELLENT
2026-05-04 18:02:00,25.4,58.9,272.0,0.0,30.7,EXCELLENT
2026-05-04 18:02:02,25.4,58.8,273.0,0.0,31.0,EXCELLENT
2026-05-04 18:02:04,25.4,58.9,277.0,0.0,32.3,EXCELLENT
2026-05-04 18:02:06,25.4,58.9,273.0,0.0,31.0,EXCELLENT
2026-05-04 18:02:08,25.4,58.9,275.0,0.0,31.7,EXCELLENT
2026-05-04 18:02:10,25.4,58.9,276.0,0.0,32.0,EXCELLENT
2026-05-04 18:02:12,25.4,58.9,274.0,0.0,31.3,EXCELLENT
2026-05-04 18:02:14,25.4,58.9,277.0,0.0,32.3,EXCELLENT
2026-05-04 18:02:16,25.4,58.9,274.0,0.0,31.3,EXCELLENT
2026-05-04 18:02:18,25.4,58.9,272.0,0.0,30.7,EXCELLENT
2026-05-04 18:02:20,25.4,59.0,277.0,0.0,32.3,EXCELLENT
2026-05-04 18:02:22,25.4,59.0,279.0,0.0,33.0,EXCELLENT
2026-05-04 18:02:24,25.4,59.0,272.0,0.0,30.7,EXCELLENT
2026-05-04 18:02:26,25.4,58.9,278.0,0.0,32.7,EXCELLENT
2026-05-04 18:02:28,25.4,58.9,278.0,0.0,32.7,EXCELLENT
2026-05-04 18:02:30,25.4,58.9,272.0,0.0,30.7,EXCELLENT
2026-05-04 18:02:32,25.4,58.9,278.0,0.0,32.7,EXCELLENT
2026-05-04 18:02:34,25.4,58.9,281.0,0.0,33.7,EXCELLENT
2026-05-04 18:02:36,25.4,58.9,282.0,0.0,34.0,EXCELLENT
2026-05-04 18:02:38,25.4,58.9,273.0,0.0,31.0,EXCELLENT
2026-05-04 18:02:40,25.4,58.9,269.0,0.0,29.7,EXCELLENT
2026-05-04 18:02:42,25.4,58.9,275.0,0.0,31.7,EXCELLENT
2026-05-04 18:02:44,25.4,58.9,271.0,0.0,30.3,EXCELLENT
2026-05-04 18:02:46,25.4,58.9,272.0,0.0,30.7,EXCELLENT
2026-05-04 18:02:48,25.4,58.9,268.0,0.0,29.3,EXCELLENT
2026-05-04 18:02:50,25.3,58.9,281.0,0.0,33.7,EXCELLENT
2026-05-04 18:02:52,25.4,58.8,273.0,0.0,31.0,EXCELLENT
2026-05-04 18:02:54,25.4,58.9,278.0,0.0,32.7,EXCELLENT
2026-05-04 18:02:56,25.4,58.9,277.0,0.0,32.3,EXCELLENT
2026-05-04 18:02:58,25.4,58.9,272.0,0.0,30.7,EXCELLENT
2026-05-04 18:03:00,25.4,58.9,270.0,0.0,30.0,EXCELLENT
2026-05-04 18:03:02,25.4,58.9,277.0,0.0,32.3,EXCELLENT
2026-05-04 18:03:04,25.4,58.9,277.0,0.0,32.3,EXCELLENT
2026-05-04 18:03:06,25.4,58.9,270.0,0.0,30.0,EXCELLENT
2026-05-04 18:03:08,25.4,58.9,273.0,0.0,31.0,EXCELLENT
2026-05-04 18:03:10,25.4,59.0,277.0,0.0,32.3,EXCELLENT
2026-05-04 18:03:12,25.4,58.9,276.0,0.0,32.0,EXCELLENT
2026-05-04 18:03:14,25.4,58.9,272.0,0.0,30.7,EXCELLENT
2026-05-04 18:03:16,25.4,58.8,275.0,0.0,31.7,EXCELLENT
2026-05-04 18:03:18,25.4,58.9,272.0,0.0,30.7,EXCELLENT
2026-05-04 18:03:20,25.4,58.9,278.0,0.0,32.7,EXCELLENT
2026-05-04 18:03:22,25.4,58.9,273.0,0.0,31.0,EXCELLENT
2026-05-04 18:03:24,25.4,58.9,279.0,0.0,33.0,EXCELLENT
2026-05-04 18:03:26,25.4,58.8,275.0,0.0,31.7,EXCELLENT
2026-05-04 18:03:28,25.4,58.8,270.0,0.0,30.0,EXCELLENT
2026-05-04 18:03:30,25.4,58.8,265.0,0.0,28.3,EXCELLENT
2026-05-04 18:03:32,25.4,58.8,272.0,0.0,30.7,EXCELLENT
2026-05-04 18:03:34,25.3,58.8,278.0,0.0,32.7,EXCELLENT
2026-05-04 18:03:36,25.4,58.7,272.0,0.0,30.7,EXCELLENT
2026-05-04 18:03:38,25.4,58.8,279.0,0.0,33.0,EXCELLENT
2026-05-04 18:03:40,25.4,58.7,275.0,0.0,31.7,EXCELLENT
2026-05-04 18:03:42,25.3,58.8,279.0,0.0,33.0,EXCELLENT
2026-05-04 18:03:44,25.4,58.8,271.0,0.0,30.3,EXCELLENT
2026-05-04 18:03:46,25.3,58.8,272.0,0.0,30.7,EXCELLENT
2026-05-04 18:03:48,25.3,58.8,274.0,0.0,31.3,EXCELLENT
2026-05-04 18:03:51,25.3,58.7,275.0,0.0,31.7,EXCELLENT
2026-05-04 18:03:52,25.3,58.8,272.0,0.0,30.7,EXCELLENT
2026-05-04 18:03:54,25.3,58.8,272.0,0.0,30.7,EXCELLENT
2026-05-04 18:03:56,25.3,58.8,269.0,0.0,29.7,EXCELLENT
2026-05-04 18:03:58,25.3,58.8,272.0,0.0,30.7,EXCELLENT
2026-05-04 18:04:00,25.3,58.8,272.0,0.0,30.7,EXCELLENT
2026-05-04 18:04:02,25.3,58.8,272.0,0.0,30.7,EXCELLENT
2026-05-04 18:04:04,25.3,58.7,274.0,0.0,31.3,EXCELLENT
2026-05-04 18:04:06,25.3,58.8,275.0,0.0,31.7,EXCELLENT
2026-05-04 18:04:08,25.3,58.8,274.0,0.0,31.3,EXCELLENT
2026-05-04 18:04:10,25.3,58.9,276.0,0.0,32.0,EXCELLENT
2026-05-04 18:04:12,25.3,58.9,272.0,0.0,30.7,EXCELLENT
2026-05-04 18:04:14,25.3,58.9,270.0,0.0,30.0,EXCELLENT
2026-05-04 18:04:16,25.3,58.9,262.0,0.0,27.3,EXCELLENT
2026-05-04 18:04:18,25.3,58.9,276.0,0.0,32.0,EXCELLENT
2026-05-04 18:04:20,25.3,58.9,272.0,0.0,30.7,EXCELLENT
2026-05-04 18:04:22,25.3,58.9,275.0,0.0,31.7,EXCELLENT
2026-05-04 18:04:24,25.3,58.9,272.0,0.0,30.7,EXCELLENT
2026-05-04 18:04:26,25.3,58.9,275.0,0.0,31.7,EXCELLENT
2026-05-04 18:04:28,25.3,58.9,278.0,0.0,32.7,EXCELLENT
2026-05-04 18:04:30,25.3,58.9,266.0,0.0,28.7,EXCELLENT
2026-05-04 18:04:32,25.3,59.0,272.0,0.0,30.7,EXCELLENT
2026-05-04 18:04:34,25.3,59.0,274.0,0.0,31.3,EXCELLENT
2026-05-04 18:04:36,25.3,59.0,273.0,0.0,31.0,EXCELLENT
2026-05-04 18:04:38,25.3,58.9,274.0,0.0,31.3,EXCELLENT
2026-05-04 18:04:40,25.3,59.0,272.0,0.0,30.7,EXCELLENT
2026-05-04 18:04:42,25.3,58.9,272.0,0.0,30.7,EXCELLENT
2026-05-04 18:04:44,25.3,58.9,269.0,0.0,29.7,EXCELLENT
2026-05-04 18:04:46,25.3,58.9,272.0,0.0,30.7,EXCELLENT
2026-05-04 18:04:48,25.3,58.9,275.0,0.0,31.7,EXCELLENT
2026-05-04 18:04:50,25.3,58.9,272.0,0.0,30.7,EXCELLENT
2026-05-04 18:04:52,25.2,58.9,275.0,0.0,31.7,EXCELLENT
2026-05-04 18:04:54,25.3,59.0,273.0,0.0,31.0,EXCELLENT
2026-05-04 18:04:56,25.3,58.9,272.0,0.0,30.7,EXCELLENT
2026-05-04 18:04:58,25.2,59.0,272.0,0.0,30.7,EXCELLENT
2026-05-04 18:05:00,25.3,58.9,270.0,0.0,30.0,EXCELLENT
2026-05-04 18:05:02,25.3,58.9,278.0,0.0,32.7,EXCELLENT
2026-05-04 18:05:04,25.3,58.9,273.0,0.0,31.0,EXCELLENT
2026-05-04 18:05:06,25.3,59.0,278.0,0.0,32.7,EXCELLENT
2026-05-04 18:05:08,25.3,59.0,269.0,0.0,29.7,EXCELLENT
2026-05-04 18:05:10,25.3,58.9,276.0,0.0,32.0,EXCELLENT
2026-05-04 18:05:12,25.3,59.0,274.0,0.0,31.3,EXCELLENT
2026-05-04 18:05:14,25.3,58.9,271.0,0.0,30.3,EXCELLENT
2026-05-04 18:05:16,25.3,58.9,272.0,0.0,30.7,EXCELLENT
2026-05-04 18:05:18,25.3,58.9,272.0,0.0,30.7,EXCELLENT
2026-05-04 18:05:20,25.3,58.8,277.0,0.0,32.3,EXCELLENT
2026-05-04 18:05:22,25.3,58.9,277.0,0.0,32.3,EXCELLENT
2026-05-04 18:05:24,25.3,58.8,272.0,0.0,30.7,EXCELLENT
2026-05-04 18:05:26,25.3,58.9,273.0,0.0,31.0,EXCELLENT
2026-05-04 18:05:28,25.3,58.8,270.0,0.0,30.0,EXCELLENT
2026-05-04 18:05:30,25.3,58.9,270.0,0.0,30.0,EXCELLENT
2026-05-04 18:05:32,25.3,59.0,272.0,0.0,30.7,EXCELLENT
2026-05-04 18:05:34,25.2,58.8,272.0,0.0,30.7,EXCELLENT
2026-05-04 18:05:36,25.3,58.9,272.0,0.0,30.7,EXCELLENT
2026-05-04 18:05:38,25.3,58.9,272.0,0.0,30.7,EXCELLENT
2026-05-04 18:05:40,25.3,58.9,279.0,0.0,33.0,EXCELLENT
2026-05-04 18:05:42,25.3,58.9,275.0,0.0,31.7,EXCELLENT
2026-05-04 18:05:44,25.3,59.0,277.0,0.0,32.3,EXCELLENT
2026-05-04 18:05:46,25.3,58.9,278.0,0.0,32.7,EXCELLENT
2026-05-04 18:05:48,25.3,58.9,275.0,0.0,31.7,EXCELLENT
2026-05-04 18:05:50,25.3,59.0,272.0,0.0,30.7,EXCELLENT
2026-05-04 18:05:52,25.3,59.0,277.0,0.0,32.3,EXCELLENT
2026-05-04 18:05:54,25.3,58.9,283.0,0.0,34.3,EXCELLENT
2026-05-04 18:05:56,25.2,59.0,279.0,0.0,33.0,EXCELLENT
2026-05-04 18:05:58,25.3,59.0,272.0,0.0,30.7,EXCELLENT
2026-05-04 18:06:00,25.3,58.9,275.0,0.0,31.7,EXCELLENT
2026-05-04 18:06:02,25.3,58.9,273.0,0.0,31.0,EXCELLENT
2026-05-04 18:06:04,25.3,58.8,277.0,0.0,32.3,EXCELLENT
2026-05-04 18:06:06,25.3,58.9,276.0,0.0,32.0,EXCELLENT
2026-05-04 18:06:08,25.3,58.9,276.0,0.0,32.0,EXCELLENT
2026-05-04 18:06:10,25.3,58.9,277.0,0.0,32.3,EXCELLENT
2026-05-04 18:06:12,25.3,58.8,274.0,0.0,31.3,EXCELLENT
2026-05-04 18:06:14,25.3,58.8,272.0,0.0,30.7,EXCELLENT
2026-05-04 18:06:16,25.3,58.8,277.0,0.0,32.3,EXCELLENT
2026-05-04 18:06:18,25.3,58.9,268.0,0.0,29.3,EXCELLENT
2026-05-04 18:06:20,25.3,58.8,273.0,0.0,31.0,EXCELLENT
2026-05-04 18:06:22,25.3,58.8,279.0,0.0,33.0,EXCELLENT
2026-05-04 18:06:24,25.3,58.8,279.0,0.0,33.0,EXCELLENT
2026-05-04 18:06:26,25.3,58.7,272.0,0.0,30.7,EXCELLENT
2026-05-04 18:06:28,25.3,58.8,272.0,0.0,30.7,EXCELLENT
2026-05-04 18:06:30,25.3,58.8,272.0,0.0,30.7,EXCELLENT
2026-05-04 18:06:32,25.3,58.7,272.0,0.0,30.7,EXCELLENT
2026-05-04 18:06:34,25.3,58.7,272.0,0.0,30.7,EXCELLENT
2026-05-04 18:06:36,25.3,58.8,272.0,0.0,30.7,EXCELLENT
2026-05-04 18:06:38,25.3,58.8,270.0,0.0,30.0,EXCELLENT
2026-05-04 18:06:40,25.3,58.8,271.0,0.0,30.3,EXCELLENT
2026-05-04 18:06:42,25.3,58.8,278.0,0.0,32.7,EXCELLENT
2026-05-04 18:06:44,25.3,58.8,272.0,0.0,30.7,EXCELLENT
2026-05-04 18:06:46,25.3,58.8,272.0,0.0,30.7,EXCELLENT
2026-05-04 18:06:49,25.3,58.8,266.0,0.0,28.7,EXCELLENT
2026-05-04 18:06:50,25.3,58.8,271.0,0.0,30.3,EXCELLENT
2026-05-04 18:06:52,25.3,58.9,272.0,0.0,30.7,EXCELLENT
2026-05-04 18:06:54,25.3,58.9,274.0,0.0,31.3,EXCELLENT
2026-05-04 18:06:56,25.3,58.8,272.0,0.0,30.7,EXCELLENT
2026-05-04 18:06:58,25.2,58.8,273.0,0.0,31.0,EXCELLENT
2026-05-04 18:07:00,25.2,58.9,275.0,0.0,31.7,EXCELLENT
2026-05-04 18:07:02,25.3,58.8,272.0,0.0,30.7,EXCELLENT
2026-05-04 18:07:05,25.2,58.8,277.0,0.0,32.3,EXCELLENT
2026-05-04 18:07:07,25.3,58.9,272.0,0.0,30.7,EXCELLENT
2026-05-04 18:07:08,25.2,58.9,270.0,0.0,30.0,EXCELLENT
2026-05-04 18:07:10,25.2,58.9,272.0,0.0,30.7,EXCELLENT
2026-05-04 18:07:12,25.2,58.9,273.0,0.0,31.0,EXCELLENT
2026-05-04 18:07:14,25.2,58.9,275.0,0.0,31.7,EXCELLENT
2026-05-04 18:07:17,25.3,59.0,278.0,0.0,32.7,EXCELLENT
2026-05-04 18:07:19,25.2,58.9,272.0,0.0,30.7,EXCELLENT
2026-05-04 18:07:21,25.2,58.9,271.0,0.0,30.3,EXCELLENT
2026-05-04 18:07:23,25.2,59.0,272.0,0.0,30.7,EXCELLENT
2026-05-04 18:07:25,25.2,59.0,275.0,0.0,31.7,EXCELLENT
2026-05-04 18:07:27,25.2,59.0,273.0,0.0,31.0,EXCELLENT
2026-05-04 18:07:29,25.2,59.1,273.0,0.0,31.0,EXCELLENT
2026-05-04 18:07:31,25.2,59.1,274.0,0.0,31.3,EXCELLENT
2026-05-04 18:07:33,25.2,59.0,267.0,0.0,29.0,EXCELLENT
2026-05-04 18:07:35,25.2,59.0,277.0,0.0,32.3,EXCELLENT
2026-05-04 18:07:37,25.2,59.0,275.0,0.0,31.7,EXCELLENT
2026-05-04 18:07:39,25.3,59.0,271.0,0.0,30.3,EXCELLENT
2026-05-04 18:07:41,25.2,59.0,272.0,0.0,30.7,EXCELLENT
2026-05-04 18:07:43,25.2,59.0,276.0,0.0,32.0,EXCELLENT
2026-05-04 18:07:44,25.2,59.0,272.0,0.0,30.7,EXCELLENT
2026-05-04 18:07:46,25.2,59.1,272.0,0.0,30.7,EXCELLENT
2026-05-04 18:07:49,25.2,59.1,271.0,0.0,30.3,EXCELLENT
2026-05-04 18:07:51,25.2,59.1,275.0,0.0,31.7,EXCELLENT
2026-05-04 18:07:53,25.2,59.1,276.0,0.0,32.0,EXCELLENT
2026-05-04 18:07:55,25.2,59.2,270.0,0.0,30.0,EXCELLENT
2026-05-04 18:07:56,25.2,59.1,272.0,0.0,30.7,EXCELLENT
2026-05-04 18:07:58,25.2,59.1,272.0,0.0,30.7,EXCELLENT
2026-05-04 18:08:01,25.2,59.3,270.0,0.0,30.0,EXCELLENT
2026-05-04 18:08:03,25.2,59.2,272.0,0.0,30.7,EXCELLENT
2026-05-04 18:08:05,25.2,59.1,276.0,0.0,32.0,EXCELLENT
2026-05-04 18:08:07,25.2,59.2,270.0,0.0,30.0,EXCELLENT
2026-05-04 18:08:09,25.2,59.2,274.0,0.0,31.3,EXCELLENT
2026-05-04 18:08:11,25.2,59.1,276.0,0.0,32.0,EXCELLENT
2026-05-04 18:08:12,25.2,59.1,275.0,0.0,31.7,EXCELLENT
2026-05-04 18:08:14,25.2,59.2,276.0,0.0,32.0,EXCELLENT
2026-05-04 18:08:17,25.2,59.1,272.0,0.0,30.7,EXCELLENT
2026-05-04 18:08:19,25.2,59.1,278.0,0.0,32.7,EXCELLENT
2026-05-04 18:08:21,25.2,59.1,267.0,0.0,29.0,EXCELLENT
2026-05-04 18:08:23,25.2,59.1,272.0,0.0,30.7,EXCELLENT
2026-05-04 18:08:25,25.2,59.2,277.0,0.0,32.3,EXCELLENT
2026-05-04 18:08:27,25.2,59.2,270.0,0.0,30.0,EXCELLENT
2026-05-04 18:08:29,25.2,59.2,272.0,0.0,30.7,EXCELLENT
2026-05-04 18:08:31,25.2,59.1,274.0,0.0,31.3,EXCELLENT
2026-05-04 18:08:32,25.2,59.2,273.0,0.0,31.0,EXCELLENT
2026-05-04 18:08:34,25.2,59.2,272.0,0.0,30.7,EXCELLENT
2026-05-04 18:08:37,25.2,59.2,261.0,0.0,27.0,EXCELLENT
2026-05-04 18:08:39,25.2,59.2,272.0,0.0,30.7,EXCELLENT
2026-05-04 18:08:40,25.2,59.2,273.0,0.0,31.0,EXCELLENT
2026-05-04 18:08:42,25.2,59.2,275.0,0.0,31.7,EXCELLENT
2026-05-04 18:08:45,25.2,59.2,273.0,0.0,31.0,EXCELLENT
2026-05-04 18:08:47,25.2,59.2,261.0,0.0,27.0,EXCELLENT
2026-05-04 18:08:49,25.2,59.2,272.0,0.0,30.7,EXCELLENT
2026-05-04 18:08:50,25.2,59.2,275.0,0.0,31.7,EXCELLENT
2026-05-04 18:08:52,25.2,59.2,274.0,0.0,31.3,EXCELLENT
2026-05-04 18:08:55,25.2,59.2,273.0,0.0,31.0,EXCELLENT
2026-05-04 18:08:57,25.2,59.2,272.0,0.0,30.7,EXCELLENT
2026-05-04 18:08:59,25.2,59.2,272.0,0.0,30.7,EXCELLENT
2026-05-04 18:09:01,25.2,59.2,278.0,0.0,32.7,EXCELLENT
2026-05-04 18:09:03,25.2,59.1,272.0,0.0,30.7,EXCELLENT
2026-05-04 18:09:05,25.2,59.2,273.0,0.0,31.0,EXCELLENT
2026-05-04 18:09:06,25.2,59.1,273.0,0.0,31.0,EXCELLENT
2026-05-04 18:09:09,25.2,59.1,262.0,0.0,27.3,EXCELLENT
2026-05-04 18:09:11,25.2,59.1,274.0,0.0,31.3,EXCELLENT
2026-05-04 18:09:13,25.2,59.1,275.0,0.0,31.7,EXCELLENT
2026-05-04 18:09:15,25.2,59.0,272.0,0.0,30.7,EXCELLENT
2026-05-04 18:09:17,25.2,59.1,272.0,0.0,30.7,EXCELLENT
2026-05-04 18:09:19,25.3,59.1,276.0,0.0,32.0,EXCELLENT
2026-05-04 18:09:21,25.2,59.0,272.0,0.0,30.7,EXCELLENT
2026-05-04 18:09:23,25.2,59.1,269.0,0.0,29.7,EXCELLENT
2026-05-04 18:09:25,25.3,59.0,270.0,0.0,30.0,EXCELLENT
2026-05-04 18:09:27,25.3,59.0,272.0,0.0,30.7,EXCELLENT
2026-05-04 18:09:29,25.2,59.0,271.0,0.0,30.3,EXCELLENT
2026-05-04 18:09:31,25.2,59.0,277.0,0.0,32.3,EXCELLENT
2026-05-04 18:09:33,25.3,59.0,270.0,0.0,30.0,EXCELLENT
2026-05-04 18:09:35,25.3,58.9,266.0,0.0,28.7,EXCELLENT
2026-05-04 18:09:37,25.2,59.0,274.0,0.0,31.3,EXCELLENT
2026-05-04 18:09:39,25.3,59.0,272.0,0.0,30.7,EXCELLENT
2026-05-04 18:09:41,25.2,58.9,270.0,0.0,30.0,EXCELLENT
2026-05-04 18:09:43,25.2,58.9,272.0,0.0,30.7,EXCELLENT
2026-05-04 18:09:45,25.3,58.9,276.0,0.0,32.0,EXCELLENT
2026-05-04 18:09:47,25.3,59.0,272.0,0.0,30.7,EXCELLENT
2026-05-04 18:09:49,25.3,58.9,272.0,0.0,30.7,EXCELLENT
2026-05-04 18:09:51,25.2,58.9,273.0,0.0,31.0,EXCELLENT
2026-05-04 18:09:53,25.2,58.8,271.0,0.0,30.3,EXCELLENT
2026-05-04 18:09:55,25.3,58.9,272.0,0.0,30.7,EXCELLENT
2026-05-04 18:09:57,25.2,58.9,274.0,0.0,31.3,EXCELLENT
2026-05-04 18:09:59,25.3,58.9,269.0,0.0,29.7,EXCELLENT
2026-05-04 18:10:01,25.2,58.8,272.0,0.0,30.7,EXCELLENT
2026-05-04 18:10:03,25.2,58.8,275.0,0.0,31.7,EXCELLENT
2026-05-04 18:10:05,25.2,58.9,272.0,0.0,30.7,EXCELLENT
2026-05-04 18:10:07,25.2,58.9,272.0,0.0,30.7,EXCELLENT
2026-05-04 18:10:09,25.3,58.8,272.0,0.0,30.7,EXCELLENT
2026-05-04 18:10:11,25.2,58.7,273.0,0.0,31.0,EXCELLENT
2026-05-04 18:10:13,25.3,58.7,276.0,0.0,32.0,EXCELLENT
2026-05-04 18:10:15,25.3,58.7,270.0,0.0,30.0,EXCELLENT
2026-05-04 18:10:17,25.3,58.8,269.0,0.0,29.7,EXCELLENT
2026-05-04 18:10:19,25.3,58.8,272.0,0.0,30.7,EXCELLENT
2026-05-04 18:10:21,25.2,58.8,272.0,0.0,30.7,EXCELLENT
2026-05-04 18:10:23,25.3,58.7,261.0,0.0,27.0,EXCELLENT
2026-05-04 18:10:25,25.3,58.7,273.0,0.0,31.0,EXCELLENT
2026-05-04 18:10:27,25.2,58.8,274.0,0.0,31.3,EXCELLENT
2026-05-04 18:10:29,25.2,58.8,270.0,0.0,30.0,EXCELLENT
2026-05-04 18:10:31,25.2,58.7,272.0,0.0,30.7,EXCELLENT
2026-05-04 18:10:33,25.3,58.7,273.0,0.0,31.0,EXCELLENT
2026-05-04 18:10:35,25.3,58.8,273.0,0.0,31.0,EXCELLENT
2026-05-04 18:10:37,25.3,58.7,272.0,0.0,30.7,EXCELLENT
2026-05-04 18:10:39,25.2,58.7,276.0,0.0,32.0,EXCELLENT
2026-05-04 18:10:41,25.2,58.7,272.0,0.0,30.7,EXCELLENT
2026-05-04 18:10:43,25.2,58.7,265.0,0.0,28.3,EXCELLENT
2026-05-04 18:10:45,25.2,58.7,272.0,0.0,30.7,EXCELLENT
2026-05-04 18:10:47,25.3,58.8,270.0,0.0,30.0,EXCELLENT
2026-05-04 18:10:49,25.2,58.7,271.0,0.0,30.3,EXCELLENT
2026-05-04 18:10:51,25.3,58.7,274.0,0.0,31.3,EXCELLENT
2026-05-04 18:10:53,25.2,58.7,273.0,0.0,31.0,EXCELLENT
2026-05-04 18:10:55,25.2,58.7,273.0,0.0,31.0,EXCELLENT
2026-05-04 18:10:57,25.3,58.7,276.0,0.0,32.0,EXCELLENT
2026-05-04 18:10:59,25.2,58.7,273.0,0.0,31.0,EXCELLENT
2026-05-04 18:11:01,25.3,58.6,273.0,0.0,31.0,EXCELLENT
2026-05-04 18:11:03,25.2,58.6,276.0,0.0,32.0,EXCELLENT
2026-05-04 18:11:05,25.3,58.6,273.0,0.0,31.0,EXCELLENT
2026-05-04 18:11:07,25.2,58.7,272.0,0.0,30.7,EXCELLENT
2026-05-04 18:11:09,25.2,58.7,274.0,0.0,31.3,EXCELLENT
2026-05-04 18:11:11,25.2,58.7,261.0,0.0,27.0,EXCELLENT
2026-05-04 18:11:13,25.2,58.6,272.0,0.0,30.7,EXCELLENT
2026-05-04 18:11:15,25.2,58.7,263.0,0.0,27.7,EXCELLENT
2026-05-04 18:11:17,25.2,58.6,268.0,0.0,29.3,EXCELLENT
2026-05-04 18:11:19,25.2,58.6,267.0,0.0,29.0,EXCELLENT
2026-05-04 18:11:21,25.2,58.6,273.0,0.0,31.0,EXCELLENT
2026-05-04 18:11:23,25.2,58.6,271.0,0.0,30.3,EXCELLENT
2026-05-04 18:11:25,25.2,58.6,272.0,0.0,30.7,EXCELLENT
2026-05-04 18:11:27,25.2,58.6,272.0,0.0,30.7,EXCELLENT
2026-05-04 18:11:29,25.3,58.7,275.0,0.0,31.7,EXCELLENT
2026-05-04 18:11:31,25.2,58.7,269.0,0.0,29.7,EXCELLENT
2026-05-04 18:11:33,25.2,58.7,271.0,0.0,30.3,EXCELLENT
2026-05-04 18:11:35,25.2,58.6,272.0,0.0,30.7,EXCELLENT
2026-05-04 18:11:37,25.2,58.7,272.0,0.0,30.7,EXCELLENT
2026-05-04 18:11:39,25.2,58.7,271.0,0.0,30.3,EXCELLENT
2026-05-04 18:11:41,25.2,58.7,272.0,0.0,30.7,EXCELLENT
2026-05-04 18:11:43,25.2,58.6,273.0,0.0,31.0,EXCELLENT
2026-05-04 18:11:45,25.2,58.7,272.0,0.0,30.7,EXCELLENT
2026-05-04 18:11:47,25.2,58.6,272.0,0.0,30.7,EXCELLENT
2026-05-04 18:11:49,25.2,58.6,272.0,0.0,30.7,EXCELLENT
2026-05-04 18:11:51,25.2,58.7,272.0,0.0,30.7,EXCELLENT
2026-05-04 18:11:53,25.2,58.7,272.0,0.0,30.7,EXCELLENT
2026-05-04 18:11:55,25.2,58.7,269.0,0.0,29.7,EXCELLENT
2026-05-04 18:11:57,25.3,58.7,275.0,0.0,31.7,EXCELLENT
2026-05-04 18:11:59,25.2,58.7,249.0,0.0,23.0,EXCELLENT
2026-05-04 18:12:01,25.2,58.7,270.0,0.0,30.0,EXCELLENT
2026-05-04 18:12:03,25.2,58.6,271.0,0.0,30.3,EXCELLENT
2026-05-04 18:12:05,25.2,58.6,272.0,0.0,30.7,EXCELLENT
2026-05-04 18:12:07,25.2,58.6,272.0,0.0,30.7,EXCELLENT
2026-05-04 18:12:09,25.2,58.6,266.0,0.0,28.7,EXCELLENT
2026-05-04 18:12:11,25.2,58.6,267.0,0.0,29.0,EXCELLENT
2026-05-04 18:12:13,25.2,58.5,271.0,0.0,30.3,EXCELLENT
2026-05-04 18:12:15,25.2,58.5,270.0,0.0,30.0,EXCELLENT
2026-05-04 18:12:17,25.2,58.5,268.0,0.0,29.3,EXCELLENT
2026-05-04 18:12:19,25.2,58.5,272.0,0.0,30.7,EXCELLENT
2026-05-04 18:12:21,25.2,58.5,268.0,0.0,29.3,EXCELLENT
2026-05-04 18:12:23,25.2,58.4,271.0,0.0,30.3,EXCELLENT
2026-05-04 18:12:25,25.2,58.5,264.0,0.0,28.0,EXCELLENT
2026-05-04 18:12:27,25.2,58.5,269.0,0.0,29.7,EXCELLENT
2026-05-04 18:12:29,25.2,58.5,273.0,0.0,31.0,EXCELLENT
2026-05-04 18:12:31,25.2,58.5,271.0,0.0,30.3,EXCELLENT
2026-05-04 18:12:33,25.2,58.5,273.0,0.0,31.0,EXCELLENT
2026-05-04 18:12:35,25.2,58.4,273.0,0.0,31.0,EXCELLENT
2026-05-04 18:12:37,25.2,58.5,268.0,0.0,29.3,EXCELLENT
2026-05-04 18:12:39,25.2,58.4,270.0,0.0,30.0,EXCELLENT
2026-05-04 18:12:41,25.2,58.4,270.0,0.0,30.0,EXCELLENT
2026-05-04 18:12:43,25.2,58.4,275.0,0.0,31.7,EXCELLENT
2026-05-04 18:12:45,25.2,58.4,263.0,0.0,27.7,EXCELLENT
2026-05-04 18:12:47,25.2,58.4,272.0,0.0,30.7,EXCELLENT
2026-05-04 18:12:49,25.2,58.4,273.0,0.0,31.0,EXCELLENT
2026-05-04 18:12:51,25.2,58.5,272.0,0.0,30.7,EXCELLENT
2026-05-04 18:12:53,25.2,58.4,268.0,0.0,29.3,EXCELLENT
2026-05-04 18:12:55,25.2,58.3,274.0,0.0,31.3,EXCELLENT
2026-05-04 18:12:57,25.2,58.3,272.0,0.0,30.7,EXCELLENT
2026-05-04 18:12:59,25.2,58.3,271.0,0.0,30.3,EXCELLENT
2026-05-04 18:13:01,25.2,58.3,272.0,0.0,30.7,EXCELLENT
2026-05-04 18:13:03,25.2,58.2,267.0,0.0,29.0,EXCELLENT
2026-05-04 18:13:05,25.2,58.2,272.0,0.0,30.7,EXCELLENT
2026-05-04 18:13:07,25.2,58.2,272.0,0.0,30.7,EXCELLENT
2026-05-04 18:13:09,25.2,58.2,272.0,0.0,30.7,EXCELLENT
2026-05-04 18:13:11,25.2,58.1,272.0,0.0,30.7,EXCELLENT
2026-05-04 18:13:13,25.2,58.1,262.0,0.0,27.3,EXCELLENT
2026-05-04 18:13:15,25.2,58.2,269.0,0.0,29.7,EXCELLENT
2026-05-04 18:13:17,25.2,58.1,272.0,0.0,30.7,EXCELLENT
2026-05-04 18:13:19,25.2,58.1,271.0,0.0,30.3,EXCELLENT
2026-05-04 18:13:21,25.2,58.1,272.0,0.0,30.7,EXCELLENT
2026-05-04 18:13:23,25.3,58.0,270.0,0.0,30.0,EXCELLENT
2026-05-04 18:13:25,25.2,58.0,267.0,0.0,29.0,EXCELLENT
2026-05-04 18:13:27,25.2,58.0,270.0,0.0,30.0,EXCELLENT
2026-05-04 18:13:29,25.2,58.0,272.0,0.0,30.7,EXCELLENT
2026-05-04 18:13:31,25.2,58.0,267.0,0.0,29.0,EXCELLENT
2026-05-04 18:13:33,25.2,58.0,271.0,0.0,30.3,EXCELLENT
2026-05-04 18:13:35,25.2,57.9,264.0,0.0,28.0,EXCELLENT
2026-05-04 18:13:37,25.3,58.0,268.0,0.0,29.3,EXCELLENT
2026-05-04 18:13:39,25.2,57.9,266.0,0.0,28.7,EXCELLENT
2026-05-04 18:13:41,25.2,57.9,270.0,0.0,30.0,EXCELLENT
2026-05-04 18:13:43,25.2,57.9,272.0,0.0,30.7,EXCELLENT
2026-05-04 18:13:45,25.2,57.9,273.0,0.0,31.0,EXCELLENT
2026-05-04 18:13:47,25.2,57.9,267.0,0.0,29.0,EXCELLENT
2026-05-04 18:13:49,25.2,57.9,272.0,0.0,30.7,EXCELLENT
2026-05-04 18:13:51,25.2,57.9,272.0,0.0,30.7,EXCELLENT
2026-05-04 18:13:53,25.3,57.9,267.0,0.0,29.0,EXCELLENT
2026-05-04 18:13:55,25.2,58.0,269.0,0.0,29.7,EXCELLENT
2026-05-04 18:13:57,25.2,57.9,267.0,0.0,29.0,EXCELLENT
2026-05-04 18:13:59,25.2,57.9,270.0,0.0,30.0,EXCELLENT
2026-05-04 18:14:01,25.2,57.8,261.0,0.0,27.0,EXCELLENT
2026-05-04 18:14:03,25.2,57.9,267.0,0.0,29.0,EXCELLENT
2026-05-04 18:14:05,25.2,57.8,275.0,0.0,31.7,EXCELLENT
2026-05-04 18:14:07,25.2,57.7,270.0,0.0,30.0,EXCELLENT
2026-05-04 18:14:09,25.2,57.7,267.0,0.0,29.0,EXCELLENT
2026-05-04 18:14:11,25.2,57.8,270.0,0.0,30.0,EXCELLENT
2026-05-04 18:14:13,25.2,57.7,272.0,0.0,30.7,EXCELLENT
2026-05-04 18:14:15,25.2,57.8,272.0,0.0,30.7,EXCELLENT
2026-05-04 18:14:17,25.2,57.8,271.0,0.0,30.3,EXCELLENT
2026-05-04 18:14:19,25.2,57.8,263.0,0.0,27.7,EXCELLENT
2026-05-04 18:14:21,25.2,57.8,270.0,0.0,30.0,EXCELLENT
2026-05-04 18:14:23,25.2,57.8,271.0,0.0,30.3,EXCELLENT
2026-05-04 18:14:25,25.2,57.9,267.0,0.0,29.0,EXCELLENT
2026-05-04 18:14:27,25.2,57.9,264.0,0.0,28.0,EXCELLENT
2026-05-04 18:14:29,25.2,57.8,267.0,0.0,29.0,EXCELLENT
2026-05-04 18:14:31,25.2,57.8,270.0,0.0,30.0,EXCELLENT
2026-05-04 18:14:33,25.2,57.8,272.0,0.0,30.7,EXCELLENT
2026-05-04 18:14:35,25.2,57.7,272.0,0.0,30.7,EXCELLENT
2026-05-04 18:14:37,25.2,57.7,272.0,0.0,30.7,EXCELLENT
2026-05-04 18:14:39,25.2,57.7,272.0,0.0,30.7,EXCELLENT
2026-05-04 18:14:41,25.2,57.7,272.0,0.0,30.7,EXCELLENT
2026-05-04 18:14:43,25.2,57.7,269.0,0.0,29.7,EXCELLENT
2026-05-04 18:14:45,25.2,57.7,272.0,0.0,30.7,EXCELLENT
2026-05-04 18:14:47,25.2,57.7,263.0,0.0,27.7,EXCELLENT
2026-05-04 18:14:49,25.2,57.7,268.0,0.0,29.3,EXCELLENT
2026-05-04 18:14:51,25.2,57.6,272.0,0.0,30.7,EXCELLENT
2026-05-04 18:14:53,25.2,57.7,268.0,0.0,29.3,EXCELLENT
2026-05-04 18:14:55,25.2,57.7,271.0,0.0,30.3,EXCELLENT
2026-05-04 18:14:57,25.2,57.6,271.0,0.0,30.3,EXCELLENT
2026-05-04 18:14:59,25.2,57.6,270.0,0.0,30.0,EXCELLENT
2026-05-04 18:15:01,25.2,57.7,269.0,0.0,29.7,EXCELLENT
2026-05-04 18:15:03,25.2,57.7,270.0,0.0,30.0,EXCELLENT
2026-05-04 18:15:05,25.2,57.7,272.0,0.0,30.7,EXCELLENT
2026-05-04 18:15:07,25.2,57.7,272.0,0.0,30.7,EXCELLENT
2026-05-04 18:15:09,25.1,57.7,272.0,0.0,30.7,EXCELLENT
2026-05-04 18:15:11,25.2,57.7,271.0,0.0,30.3,EXCELLENT
2026-05-04 18:15:13,25.2,57.7,266.0,0.0,28.7,EXCELLENT
2026-05-04 18:15:15,25.2,57.5,261.0,0.0,27.0,EXCELLENT
2026-05-04 18:15:17,25.1,57.5,266.0,0.0,28.7,EXCELLENT
2026-05-04 18:15:19,25.1,57.5,272.0,0.0,30.7,EXCELLENT
2026-05-04 18:15:21,25.1,57.5,266.0,0.0,28.7,EXCELLENT
2026-05-04 18:15:23,25.1,57.6,269.0,0.0,29.7,EXCELLENT
2026-05-04 18:15:25,25.1,57.5,272.0,0.0,30.7,EXCELLENT
2026-05-04 18:15:27,25.1,57.6,273.0,0.0,31.0,EXCELLENT
2026-05-04 18:15:29,25.1,57.5,272.0,0.0,30.7,EXCELLENT
2026-05-04 18:15:31,25.1,57.5,270.0,0.0,30.0,EXCELLENT
2026-05-04 18:15:33,25.1,57.6,272.0,0.0,30.7,EXCELLENT
2026-05-04 18:15:35,25.1,57.5,271.0,0.0,30.3,EXCELLENT
2026-05-04 18:15:37,25.1,57.6,270.0,0.0,30.0,EXCELLENT
2026-05-04 18:15:39,25.1,57.6,268.0,0.0,29.3,EXCELLENT
2026-05-04 18:15:41,25.1,57.6,270.0,0.0,30.0,EXCELLENT
2026-05-04 18:15:43,25.1,57.6,267.0,0.0,29.0,EXCELLENT
2026-05-04 18:15:45,25.1,57.6,267.0,0.0,29.0,EXCELLENT
2026-05-04 18:15:47,25.1,57.6,269.0,0.0,29.7,EXCELLENT
2026-05-04 18:15:49,25.1,57.5,264.0,0.0,28.0,EXCELLENT
2026-05-04 18:15:51,25.1,57.5,266.0,0.0,28.7,EXCELLENT
2026-05-04 18:15:53,25.1,57.4,267.0,0.0,29.0,EXCELLENT
2026-05-04 18:15:55,25.1,57.5,267.0,0.0,29.0,EXCELLENT
2026-05-04 18:15:57,25.1,57.4,272.0,0.0,30.7,EXCELLENT
2026-05-04 18:15:59,25.1,57.5,269.0,0.0,29.7,EXCELLENT
2026-05-04 18:16:01,25.1,57.5,268.0,0.0,29.3,EXCELLENT
2026-05-04 18:16:03,25.1,57.5,256.0,0.0,25.3,EXCELLENT
2026-05-04 18:16:05,25.1,57.4,272.0,0.0,30.7,EXCELLENT
2026-05-04 18:16:07,25.1,57.5,269.0,0.0,29.7,EXCELLENT
2026-05-04 18:16:09,25.1,57.4,266.0,0.0,28.7,EXCELLENT
2026-05-04 18:16:11,25.1,57.5,272.0,0.0,30.7,EXCELLENT
2026-05-04 18:16:13,25.1,57.5,272.0,0.0,30.7,EXCELLENT
2026-05-04 18:16:15,25.1,57.6,268.0,0.0,29.3,EXCELLENT
2026-05-04 18:16:17,25.1,57.4,267.0,0.0,29.0,EXCELLENT
2026-05-04 18:16:19,25.1,57.4,272.0,0.0,30.7,EXCELLENT
2026-05-04 18:16:21,25.1,57.3,265.0,0.0,28.3,EXCELLENT
2026-05-04 18:16:23,25.1,57.4,266.0,0.0,28.7,EXCELLENT
2026-05-04 18:16:25,25.1,57.4,265.0,0.0,28.3,EXCELLENT
2026-05-04 18:16:27,25.1,57.4,272.0,0.0,30.7,EXCELLENT
2026-05-04 18:16:29,25.1,57.4,268.0,0.0,29.3,EXCELLENT
2026-05-04 18:16:31,25.1,57.3,263.0,0.0,27.7,EXCELLENT
2026-05-04 18:16:33,25.1,57.3,272.0,0.0,30.7,EXCELLENT
2026-05-04 18:16:35,25.1,57.3,263.0,0.0,27.7,EXCELLENT
2026-05-04 18:16:37,25.1,57.3,272.0,0.0,30.7,EXCELLENT
2026-05-04 18:16:39,25.1,57.2,264.0,0.0,28.0,EXCELLENT
2026-05-04 18:16:41,25.1,57.3,269.0,0.0,29.7,EXCELLENT
2026-05-04 18:16:43,25.1,57.3,265.0,0.0,28.3,EXCELLENT
2026-05-04 18:16:45,25.1,57.3,265.0,0.0,28.3,EXCELLENT
2026-05-04 18:16:47,25.1,57.3,266.0,0.0,28.7,EXCELLENT
2026-05-04 18:16:49,25.1,57.3,269.0,0.0,29.7,EXCELLENT
2026-05-04 18:16:51,25.1,57.3,256.0,0.0,25.3,EXCELLENT
2026-05-04 18:16:53,25.1,57.3,268.0,0.0,29.3,EXCELLENT
2026-05-04 18:16:55,25.1,57.3,272.0,0.0,30.7,EXCELLENT
2026-05-04 18:16:57,25.1,57.3,263.0,0.0,27.7,EXCELLENT
2026-05-04 18:16:59,25.1,57.3,263.0,0.0,27.7,EXCELLENT
2026-05-04 18:17:01,25.1,57.2,272.0,0.0,30.7,EXCELLENT
2026-05-04 18:17:03,25.1,57.3,271.0,0.0,30.3,EXCELLENT
2026-05-04 18:17:05,25.1,57.2,257.0,0.0,25.7,EXCELLENT
2026-05-04 18:17:07,25.1,57.2,272.0,0.0,30.7,EXCELLENT
2026-05-04 18:17:09,25.1,57.2,271.0,0.0,30.3,EXCELLENT
2026-05-04 18:17:11,25.1,57.2,267.0,0.0,29.0,EXCELLENT
2026-05-04 18:17:13,25.1,57.2,265.0,0.0,28.3,EXCELLENT
2026-05-04 18:17:15,25.1,57.1,264.0,0.0,28.0,EXCELLENT
2026-05-04 18:17:17,25.1,57.2,261.0,0.0,27.0,EXCELLENT
2026-05-04 18:17:19,25.0,57.2,272.0,0.0,30.7,EXCELLENT
2026-05-04 18:17:21,25.1,57.2,266.0,0.0,28.7,EXCELLENT
2026-05-04 18:17:23,25.0,57.3,267.0,0.0,29.0,EXCELLENT
2026-05-04 18:17:25,25.0,57.3,267.0,0.0,29.0,EXCELLENT
2026-05-04 18:17:27,25.0,57.2,268.0,0.0,29.3,EXCELLENT
2026-05-04 18:17:29,25.0,57.2,265.0,0.0,28.3,EXCELLENT
2026-05-04 18:17:31,25.0,57.2,270.0,0.0,30.0,EXCELLENT
2026-05-04 18:17:33,25.0,57.3,272.0,0.0,30.7,EXCELLENT
2026-05-04 18:17:35,25.0,57.2,271.0,0.0,30.3,EXCELLENT
2026-05-04 18:17:37,25.0,57.2,264.0,0.0,28.0,EXCELLENT
2026-05-04 18:17:39,25.0,57.1,262.0,0.0,27.3,EXCELLENT
2026-05-04 18:17:41,25.0,57.2,267.0,0.0,29.0,EXCELLENT
2026-05-04 18:17:43,25.0,57.1,272.0,0.0,30.7,EXCELLENT
2026-05-04 18:17:45,25.0,57.2,261.0,0.0,27.0,EXCELLENT
2026-05-04 18:17:47,25.0,57.2,269.0,0.0,29.7,EXCELLENT
2026-05-04 18:17:49,25.0,57.2,271.0,0.0,30.3,EXCELLENT
2026-05-04 18:17:51,25.0,57.2,268.0,0.0,29.3,EXCELLENT
2026-05-04 18:17:53,25.0,57.2,261.0,0.0,27.0,EXCELLENT
2026-05-04 18:17:55,25.0,57.2,272.0,0.0,30.7,EXCELLENT
2026-05-04 18:17:57,25.0,57.3,265.0,0.0,28.3,EXCELLENT
2026-05-04 18:17:59,25.0,57.2,267.0,0.0,29.0,EXCELLENT
2026-05-04 18:18:01,25.0,57.2,271.0,0.0,30.3,EXCELLENT
2026-05-04 18:18:03,25.0,57.3,266.0,0.0,28.7,EXCELLENT
2026-05-04 18:18:05,25.0,57.2,256.0,0.0,25.3,EXCELLENT
2026-05-04 18:18:07,25.0,57.3,271.0,0.0,30.3,EXCELLENT
2026-05-04 18:18:09,25.0,57.3,267.0,0.0,29.0,EXCELLENT
2026-05-04 18:18:11,25.0,57.3,266.0,0.0,28.7,EXCELLENT
2026-05-04 18:18:13,25.0,57.3,263.0,0.0,27.7,EXCELLENT
2026-05-04 18:18:15,25.0,57.3,271.0,0.0,30.3,EXCELLENT
2026-05-04 18:18:17,25.0,57.3,261.0,0.0,27.0,EXCELLENT
2026-05-04 18:18:19,25.0,57.3,266.0,0.0,28.7,EXCELLENT
2026-05-04 18:18:21,25.0,57.3,267.0,0.0,29.0,EXCELLENT
2026-05-04 18:18:23,25.0,57.3,260.0,0.0,26.7,EXCELLENT
2026-05-04 18:18:25,25.0,57.3,267.0,0.0,29.0,EXCELLENT
2026-05-04 18:18:27,25.0,57.3,268.0,0.0,29.3,EXCELLENT
2026-05-04 18:18:29,25.0,57.3,268.0,0.0,29.3,EXCELLENT
2026-05-04 18:18:31,25.0,57.3,265.0,0.0,28.3,EXCELLENT
2026-05-04 18:18:33,25.0,57.3,262.0,0.0,27.3,EXCELLENT
2026-05-04 18:18:35,25.0,57.3,271.0,0.0,30.3,EXCELLENT
2026-05-04 18:18:37,25.0,57.3,270.0,0.0,30.0,EXCELLENT
2026-05-04 18:18:39,25.0,57.2,271.0,0.0,30.3,EXCELLENT
2026-05-04 18:18:41,25.0,57.2,270.0,0.0,30.0,EXCELLENT
2026-05-04 18:18:43,25.0,57.2,262.0,0.0,27.3,EXCELLENT
2026-05-04 18:18:45,25.0,57.3,271.0,0.0,30.3,EXCELLENT
2026-05-04 18:18:47,25.0,57.2,266.0,0.0,28.7,EXCELLENT
2026-05-04 18:18:49,25.0,57.1,266.0,0.0,28.7,EXCELLENT
2026-05-04 18:18:51,25.0,57.2,262.0,0.0,27.3,EXCELLENT
2026-05-04 18:18:53,25.0,57.3,267.0,0.0,29.0,EXCELLENT
2026-05-04 18:18:55,25.0,57.2,269.0,0.0,29.7,EXCELLENT
2026-05-04 18:18:57,25.0,57.1,272.0,0.0,30.7,EXCELLENT
2026-05-04 18:18:59,25.0,57.2,271.0,0.0,30.3,EXCELLENT
2026-05-04 18:19:01,25.0,57.2,265.0,0.0,28.3,EXCELLENT
2026-05-04 18:19:03,25.0,57.2,264.0,0.0,28.0,EXCELLENT
2026-05-04 18:19:05,25.0,57.2,263.0,0.0,27.7,EXCELLENT
2026-05-04 18:19:07,25.0,57.1,265.0,0.0,28.3,EXCELLENT
2026-05-04 18:19:09,25.0,57.2,267.0,0.0,29.0,EXCELLENT
2026-05-04 18:19:11,25.0,57.1,266.0,0.0,28.7,EXCELLENT
2026-05-04 18:19:13,25.0,57.1,259.0,0.0,26.3,EXCELLENT
2026-05-04 18:19:15,25.0,57.1,262.0,0.0,27.3,EXCELLENT
2026-05-04 18:19:17,25.0,57.1,267.0,0.0,29.0,EXCELLENT
2026-05-04 18:19:19,25.0,57.1,267.0,0.0,29.0,EXCELLENT
2026-05-04 18:19:21,25.0,57.1,261.0,0.0,27.0,EXCELLENT
2026-05-04 18:19:23,25.0,57.1,267.0,0.0,29.0,EXCELLENT
2026-05-04 18:19:25,25.0,57.1,266.0,0.0,28.7,EXCELLENT
2026-05-04 18:19:27,25.0,57.0,261.0,0.0,27.0,EXCELLENT
2026-05-04 18:19:29,25.0,57.0,265.0,0.0,28.3,EXCELLENT
2026-05-04 18:19:31,25.0,57.1,261.0,0.0,27.0,EXCELLENT
2026-05-04 18:19:33,25.0,57.1,269.0,0.0,29.7,EXCELLENT
2026-05-04 18:19:35,25.0,57.1,266.0,0.0,28.7,EXCELLENT
2026-05-04 18:19:37,25.0,57.0,262.0,0.0,27.3,EXCELLENT
2026-05-04 18:19:39,25.0,57.0,272.0,0.0,30.7,EXCELLENT
2026-05-04 18:19:41,25.0,57.1,266.0,0.0,28.7,EXCELLENT
2026-05-04 18:19:43,25.0,57.0,271.0,0.0,30.3,EXCELLENT
2026-05-04 18:19:45,25.0,56.9,256.0,0.0,25.3,EXCELLENT
2026-05-04 18:19:47,25.0,57.0,263.0,0.0,27.7,EXCELLENT
2026-05-04 18:19:49,25.0,57.0,265.0,0.0,28.3,EXCELLENT
2026-05-04 18:19:51,25.0,57.0,269.0,0.0,29.7,EXCELLENT
2026-05-04 18:19:53,25.0,57.0,263.0,0.0,27.7,EXCELLENT
2026-05-04 18:19:55,25.0,57.1,267.0,0.0,29.0,EXCELLENT
2026-05-04 18:19:57,25.0,57.0,269.0,0.0,29.7,EXCELLENT
2026-05-04 18:19:59,25.0,57.0,265.0,0.0,28.3,EXCELLENT
2026-05-04 18:20:01,25.0,57.0,265.0,0.0,28.3,EXCELLENT
2026-05-04 18:20:03,25.0,57.0,267.0,0.0,29.0,EXCELLENT
2026-05-04 18:20:05,25.0,56.9,265.0,0.0,28.3,EXCELLENT
2026-05-04 18:20:07,25.0,56.9,260.0,0.0,26.7,EXCELLENT
2026-05-04 18:20:09,25.0,56.9,272.0,0.0,30.7,EXCELLENT
2026-05-04 18:20:11,25.0,56.9,262.0,0.0,27.3,EXCELLENT
2026-05-04 18:20:13,25.0,57.0,260.0,0.0,26.7,EXCELLENT
2026-05-04 18:20:15,25.0,56.9,257.0,0.0,25.7,EXCELLENT
2026-05-04 18:20:17,25.0,56.9,260.0,0.0,26.7,EXCELLENT
2026-05-04 18:20:19,25.0,56.9,265.0,0.0,28.3,EXCELLENT
2026-05-04 18:20:21,25.0,56.9,267.0,0.0,29.0,EXCELLENT
2026-05-04 18:20:23,25.0,56.8,266.0,0.0,28.7,EXCELLENT
2026-05-04 18:20:25,25.0,57.0,263.0,0.0,27.7,EXCELLENT
2026-05-04 18:20:27,25.0,56.9,267.0,0.0,29.0,EXCELLENT
2026-05-04 18:20:29,25.0,56.9,267.0,0.0,29.0,EXCELLENT
2026-05-04 18:20:31,25.0,56.9,271.0,0.0,30.3,EXCELLENT
2026-05-04 18:20:33,25.0,56.9,269.0,0.0,29.7,EXCELLENT
2026-05-04 18:20:35,24.9,56.9,268.0,0.0,29.3,EXCELLENT
2026-05-04 18:20:37,25.0,56.9,272.0,0.0,30.7,EXCELLENT
2026-05-04 18:20:39,25.0,56.8,266.0,0.0,28.7,EXCELLENT
2026-05-04 18:20:41,25.0,56.8,265.0,0.0,28.3,EXCELLENT
2026-05-04 18:20:43,25.0,56.8,266.0,0.0,28.7,EXCELLENT
2026-05-04 18:20:45,24.9,56.8,253.0,0.0,24.3,EXCELLENT
2026-05-04 18:20:47,25.0,56.8,270.0,0.0,30.0,EXCELLENT
2026-05-04 18:20:49,25.0,56.7,261.0,0.0,27.0,EXCELLENT
2026-05-04 18:20:51,25.0,56.8,266.0,0.0,28.7,EXCELLENT
2026-05-04 18:20:53,25.0,56.8,270.0,0.0,30.0,EXCELLENT
2026-05-04 18:20:55,25.0,56.8,261.0,0.0,27.0,EXCELLENT
2026-05-04 18:20:57,25.0,56.8,258.0,0.0,26.0,EXCELLENT
2026-05-04 18:20:59,25.0,56.9,265.0,0.0,28.3,EXCELLENT
2026-05-04 18:21:01,24.9,56.8,261.0,0.0,27.0,EXCELLENT
2026-05-04 18:21:03,25.0,56.8,266.0,0.0,28.7,EXCELLENT
2026-05-04 18:21:05,25.0,56.8,266.0,0.0,28.7,EXCELLENT
2026-05-04 18:21:07,25.0,56.8,260.0,0.0,26.7,EXCELLENT
2026-05-04 18:21:09,25.0,56.7,266.0,0.0,28.7,EXCELLENT
2026-05-04 18:21:11,25.0,56.7,262.0,0.0,27.3,EXCELLENT
2026-05-04 18:21:13,25.0,56.7,261.0,0.0,27.0,EXCELLENT
2026-05-04 18:21:15,24.9,56.7,262.0,0.0,27.3,EXCELLENT
2026-05-04 18:21:17,25.0,56.8,266.0,0.0,28.7,EXCELLENT
2026-05-04 18:21:19,24.9,56.7,269.0,0.0,29.7,EXCELLENT
2026-05-04 18:21:21,25.0,56.7,262.0,0.0,27.3,EXCELLENT
2026-05-04 18:21:23,24.9,56.8,260.0,0.0,26.7,EXCELLENT
2026-05-04 18:21:25,24.9,56.7,256.0,0.0,25.3,EXCELLENT
2026-05-04 18:21:27,24.9,56.8,262.0,0.0,27.3,EXCELLENT
2026-05-04 18:21:29,24.9,56.7,266.0,0.0,28.7,EXCELLENT
2026-05-04 18:21:31,24.9,56.7,272.0,0.0,30.7,EXCELLENT
2026-05-04 18:21:33,25.0,56.7,261.0,0.0,27.0,EXCELLENT
2026-05-04 18:21:35,25.0,56.7,272.0,0.0,30.7,EXCELLENT
2026-05-04 18:21:37,24.9,56.8,267.0,0.0,29.0,EXCELLENT
2026-05-04 18:21:39,25.0,56.7,269.0,0.0,29.7,EXCELLENT
2026-05-04 18:21:41,24.9,56.8,261.0,0.0,27.0,EXCELLENT
2026-05-04 18:21:43,24.9,56.8,261.0,0.0,27.0,EXCELLENT
2026-05-04 18:21:45,24.9,56.7,253.0,0.0,24.3,EXCELLENT
2026-05-04 18:21:47,24.9,56.8,260.0,0.0,26.7,EXCELLENT
2026-05-04 18:21:49,24.9,56.8,266.0,0.0,28.7,EXCELLENT
2026-05-04 18:21:51,24.9,56.8,263.0,0.0,27.7,EXCELLENT
2026-05-04 18:21:53,24.9,56.8,266.0,0.0,28.7,EXCELLENT
2026-05-04 18:21:55,24.9,56.8,261.0,0.0,27.0,EXCELLENT
2026-05-04 18:21:57,24.9,56.8,261.0,0.0,27.0,EXCELLENT
2026-05-04 18:21:59,24.9,56.9,264.0,0.0,28.0,EXCELLENT
2026-05-04 18:22:01,24.9,56.9,268.0,0.0,29.3,EXCELLENT
2026-05-04 18:22:03,24.9,56.9,259.0,0.0,26.3,EXCELLENT
2026-05-04 18:22:05,24.9,56.8,257.0,0.0,25.7,EXCELLENT
2026-05-04 18:22:07,24.9,56.8,269.0,0.0,29.7,EXCELLENT
2026-05-04 18:22:09,24.9,56.8,256.0,0.0,25.3,EXCELLENT
2026-05-04 18:22:11,24.9,56.8,262.0,0.0,27.3,EXCELLENT
2026-05-04 18:22:13,24.9,56.8,265.0,0.0,28.3,EXCELLENT
2026-05-04 18:22:15,24.9,56.8,261.0,0.0,27.0,EXCELLENT
2026-05-04 18:22:17,24.9,56.8,267.0,0.0,29.0,EXCELLENT
2026-05-04 18:22:19,24.9,56.9,269.0,0.0,29.7,EXCELLENT
2026-05-04 18:22:21,24.9,56.8,264.0,0.0,28.0,EXCELLENT
2026-05-04 18:22:23,24.9,56.8,261.0,0.0,27.0,EXCELLENT
2026-05-04 18:22:25,24.9,56.8,260.0,0.0,26.7,EXCELLENT
2026-05-04 18:22:27,24.9,56.8,257.0,0.0,25.7,EXCELLENT
2026-05-04 18:22:29,24.9,56.9,265.0,0.0,28.3,EXCELLENT
2026-05-04 18:22:31,24.9,56.8,257.0,0.0,25.7,EXCELLENT
2026-05-04 18:22:33,24.9,56.9,264.0,0.0,28.0,EXCELLENT
2026-05-04 18:22:35,24.9,56.9,267.0,0.0,29.0,EXCELLENT
2026-05-04 18:22:37,24.9,56.9,260.0,0.0,26.7,EXCELLENT
2026-05-04 18:22:39,24.9,56.9,267.0,0.0,29.0,EXCELLENT
2026-05-04 18:22:41,24.9,56.9,266.0,0.0,28.7,EXCELLENT
2026-05-04 18:22:43,24.9,56.9,270.0,0.0,30.0,EXCELLENT
2026-05-04 18:22:45,24.9,57.0,256.0,0.0,25.3,EXCELLENT
2026-05-04 18:22:47,24.9,56.9,271.0,0.0,30.3,EXCELLENT
2026-05-04 18:22:49,24.9,57.0,261.0,0.0,27.0,EXCELLENT
2026-05-04 18:22:51,24.9,56.9,259.0,0.0,26.3,EXCELLENT
2026-05-04 18:22:53,24.9,56.8,265.0,0.0,28.3,EXCELLENT
2026-05-04 18:22:55,24.9,56.9,263.0,0.0,27.7,EXCELLENT
2026-05-04 18:22:57,24.9,56.8,258.0,0.0,26.0,EXCELLENT
2026-05-04 18:22:59,24.9,56.8,262.0,0.0,27.3,EXCELLENT
2026-05-04 18:23:01,24.9,56.9,272.0,0.0,30.7,EXCELLENT
2026-05-04 18:23:03,24.9,56.9,266.0,0.0,28.7,EXCELLENT
2026-05-04 18:23:05,24.9,56.9,258.0,0.0,26.0,EXCELLENT
2026-05-04 18:23:07,24.9,56.9,266.0,0.0,28.7,EXCELLENT
2026-05-04 18:23:09,24.9,56.8,265.0,0.0,28.3,EXCELLENT
2026-05-04 18:23:11,24.9,56.9,259.0,0.0,26.3,EXCELLENT
2026-05-04 18:23:13,24.9,56.9,266.0,0.0,28.7,EXCELLENT
2026-05-04 18:23:15,24.9,56.9,265.0,0.0,28.3,EXCELLENT
2026-05-04 18:23:17,24.9,56.9,269.0,0.0,29.7,EXCELLENT
2026-05-04 18:23:19,24.9,56.8,263.0,0.0,27.7,EXCELLENT
2026-05-04 18:23:21,24.9,57.0,266.0,0.0,28.7,EXCELLENT
2026-05-04 18:23:23,24.9,56.8,257.0,0.0,25.7,EXCELLENT
2026-05-04 18:23:25,24.9,56.8,262.0,0.0,27.3,EXCELLENT
2026-05-04 18:23:27,24.9,56.8,267.0,0.0,29.0,EXCELLENT
2026-05-04 18:23:29,24.9,56.8,259.0,0.0,26.3,EXCELLENT
2026-05-04 18:23:31,24.9,56.8,262.0,0.0,27.3,EXCELLENT
2026-05-04 18:23:33,24.9,56.7,261.0,0.0,27.0,EXCELLENT
2026-05-04 18:23:35,24.9,56.7,261.0,0.0,27.0,EXCELLENT
2026-05-04 18:23:37,24.9,56.8,261.0,0.0,27.0,EXCELLENT
2026-05-04 18:23:39,24.9,56.7,259.0,0.0,26.3,EXCELLENT
2026-05-04 18:23:41,24.9,56.7,260.0,0.0,26.7,EXCELLENT
2026-05-04 18:23:43,24.9,56.7,250.0,0.0,23.3,EXCELLENT
2026-05-04 18:23:45,24.9,56.7,261.0,0.0,27.0,EXCELLENT
2026-05-04 18:23:47,24.9,56.7,262.0,0.0,27.3,EXCELLENT
2026-05-04 18:23:49,25.0,56.6,267.0,0.0,29.0,EXCELLENT
2026-05-04 18:23:51,24.9,56.7,262.0,0.0,27.3,EXCELLENT
2026-05-04 18:23:53,24.9,56.6,270.0,0.0,30.0,EXCELLENT
2026-05-04 18:23:55,24.9,56.6,259.0,0.0,26.3,EXCELLENT
2026-05-04 18:23:57,24.9,56.6,269.0,0.0,29.7,EXCELLENT
2026-05-04 18:23:59,24.9,56.6,267.0,0.0,29.0,EXCELLENT
2026-05-04 18:24:01,24.9,56.6,260.0,0.0,26.7,EXCELLENT
2026-05-04 18:24:03,24.9,56.6,266.0,0.0,28.7,EXCELLENT
2026-05-04 18:24:05,24.9,56.5,263.0,0.0,27.7,EXCELLENT
2026-05-04 18:24:07,24.9,56.6,267.0,0.0,29.0,EXCELLENT
2026-05-04 18:24:09,24.9,56.6,268.0,0.0,29.3,EXCELLENT
2026-05-04 18:24:11,24.9,56.6,268.0,0.0,29.3,EXCELLENT
2026-05-04 18:24:13,24.9,56.6,259.0,0.0,26.3,EXCELLENT
2026-05-04 18:24:15,24.9,56.7,266.0,0.0,28.7,EXCELLENT
2026-05-04 18:24:17,24.9,56.6,261.0,0.0,27.0,EXCELLENT
2026-05-04 18:24:19,24.9,56.7,261.0,0.0,27.0,EXCELLENT
2026-05-04 18:24:21,24.9,56.6,258.0,0.0,26.0,EXCELLENT
2026-05-04 18:24:23,24.9,56.7,263.0,0.0,27.7,EXCELLENT
2026-05-04 18:24:25,25.0,56.6,261.0,0.0,27.0,EXCELLENT
2026-05-04 18:24:27,24.9,56.7,265.0,0.0,28.3,EXCELLENT
2026-05-04 18:24:29,25.0,56.6,265.0,0.0,28.3,EXCELLENT
2026-05-04 18:24:31,24.9,56.6,267.0,0.0,29.0,EXCELLENT
2026-05-04 18:24:33,25.0,56.6,256.0,0.0,25.3,EXCELLENT
2026-05-04 18:24:35,24.9,56.6,259.0,0.0,26.3,EXCELLENT
2026-05-04 18:24:37,24.9,56.6,256.0,0.0,25.3,EXCELLENT
2026-05-04 18:24:39,24.9,56.6,258.0,0.0,26.0,EXCELLENT
2026-05-04 18:24:41,24.9,56.6,267.0,0.0,29.0,EXCELLENT
2026-05-04 18:24:43,25.0,56.5,260.0,0.0,26.7,EXCELLENT
2026-05-04 18:24:45,24.9,56.6,259.0,0.0,26.3,EXCELLENT
2026-05-04 18:24:47,24.9,56.6,267.0,0.0,29.0,EXCELLENT
2026-05-04 18:24:49,24.9,56.5,267.0,0.0,29.0,EXCELLENT
2026-05-04 18:24:51,25.0,56.6,259.0,0.0,26.3,EXCELLENT
2026-05-04 18:24:53,24.9,56.6,261.0,0.0,27.0,EXCELLENT
2026-05-04 18:24:55,24.9,56.6,258.0,0.0,26.0,EXCELLENT
2026-05-04 18:24:57,25.0,56.6,267.0,0.0,29.0,EXCELLENT
2026-05-04 18:24:59,24.9,56.6,254.0,0.0,24.7,EXCELLENT
2026-05-04 18:25:01,24.9,56.6,259.0,0.0,26.3,EXCELLENT
2026-05-04 18:25:03,24.9,56.7,262.0,0.0,27.3,EXCELLENT
2026-05-04 18:25:05,24.9,56.6,261.0,0.0,27.0,EXCELLENT
2026-05-04 18:25:07,24.9,56.7,266.0,0.0,28.7,EXCELLENT
2026-05-04 18:25:09,24.9,56.6,265.0,0.0,28.3,EXCELLENT
2026-05-04 18:25:11,24.9,56.7,259.0,0.0,26.3,EXCELLENT
2026-05-04 18:25:13,24.9,56.6,263.0,0.0,27.7,EXCELLENT
2026-05-04 18:25:15,24.9,56.7,254.0,0.0,24.7,EXCELLENT
2026-05-04 18:25:17,24.9,56.6,263.0,0.0,27.7,EXCELLENT
2026-05-04 18:25:19,24.9,56.6,268.0,0.0,29.3,EXCELLENT
2026-05-04 18:25:21,24.9,56.6,263.0,0.0,27.7,EXCELLENT
2026-05-04 18:25:23,24.9,56.6,262.0,0.0,27.3,EXCELLENT
2026-05-04 18:25:25,24.9,56.6,253.0,0.0,24.3,EXCELLENT
2026-05-04 18:25:27,24.9,56.6,253.0,0.0,24.3,EXCELLENT
2026-05-04 18:25:29,24.9,56.6,257.0,0.0,25.7,EXCELLENT
2026-05-04 18:25:31,24.9,56.5,260.0,0.0,26.7,EXCELLENT
2026-05-04 18:25:33,24.9,56.5,261.0,0.0,27.0,EXCELLENT
2026-05-04 18:25:35,24.9,56.6,262.0,0.0,27.3,EXCELLENT
2026-05-04 18:25:37,24.9,56.6,267.0,0.0,29.0,EXCELLENT
2026-05-04 18:25:39,24.9,56.6,263.0,0.0,27.7,EXCELLENT
2026-05-04 18:25:41,24.9,56.6,262.0,0.0,27.3,EXCELLENT
2026-05-04 18:25:43,24.9,56.5,262.0,0.0,27.3,EXCELLENT
2026-05-04 18:25:45,25.0,56.5,261.0,0.0,27.0,EXCELLENT
2026-05-04 18:25:47,24.9,56.6,256.0,0.0,25.3,EXCELLENT
2026-05-04 18:25:49,24.9,56.6,271.0,0.0,30.3,EXCELLENT
2026-05-04 18:25:51,24.9,56.6,269.0,0.0,29.7,EXCELLENT
2026-05-04 18:25:53,24.9,56.6,259.0,0.0,26.3,EXCELLENT
2026-05-04 18:25:55,24.9,56.6,267.0,0.0,29.0,EXCELLENT
2026-05-04 18:25:57,24.9,56.6,261.0,0.0,27.0,EXCELLENT
2026-05-04 18:25:59,24.9,56.6,269.0,0.0,29.7,EXCELLENT
2026-05-04 18:26:01,24.9,56.7,257.0,0.0,25.7,EXCELLENT
2026-05-04 18:26:03,24.9,56.6,262.0,0.0,27.3,EXCELLENT
2026-05-04 18:26:05,24.9,56.6,260.0,0.0,26.7,EXCELLENT
2026-05-04 18:26:07,24.9,56.5,266.0,0.0,28.7,EXCELLENT
2026-05-04 18:26:09,24.9,56.6,261.0,0.0,27.0,EXCELLENT
2026-05-04 18:26:11,24.9,56.5,261.0,0.0,27.0,EXCELLENT
2026-05-04 18:26:13,24.9,56.6,257.0,0.0,25.7,EXCELLENT
2026-05-04 18:26:15,24.9,56.5,263.0,0.0,27.7,EXCELLENT
2026-05-04 18:26:17,24.9,56.5,259.0,0.0,26.3,EXCELLENT
2026-05-04 18:26:19,24.9,56.5,268.0,0.0,29.3,EXCELLENT
2026-05-04 18:26:21,24.9,56.5,267.0,0.0,29.0,EXCELLENT
2026-05-04 18:26:23,24.9,56.5,256.0,0.0,25.3,EXCELLENT
2026-05-04 18:26:25,24.9,56.5,265.0,0.0,28.3,EXCELLENT
2026-05-04 18:26:27,24.9,56.6,263.0,0.0,27.7,EXCELLENT
2026-05-04 18:26:29,24.9,56.6,260.0,0.0,26.7,EXCELLENT
2026-05-04 18:26:31,24.9,56.5,263.0,0.0,27.7,EXCELLENT
2026-05-04 18:26:33,24.9,56.5,268.0,0.0,29.3,EXCELLENT
2026-05-04 18:26:35,24.9,56.5,256.0,0.0,25.3,EXCELLENT
2026-05-04 18:26:37,24.9,56.6,261.0,0.0,27.0,EXCELLENT
2026-05-04 18:26:39,24.9,56.5,260.0,0.0,26.7,EXCELLENT
2026-05-04 18:26:41,24.9,56.5,258.0,0.0,26.0,EXCELLENT
2026-05-04 18:26:43,24.9,56.5,259.0,0.0,26.3,EXCELLENT
2026-05-04 18:26:45,24.9,56.6,262.0,0.0,27.3,EXCELLENT
2026-05-04 18:26:47,24.9,56.6,257.0,0.0,25.7,EXCELLENT
2026-05-04 18:26:49,24.9,56.5,263.0,0.0,27.7,EXCELLENT
2026-05-04 18:26:51,24.9,56.5,268.0,0.0,29.3,EXCELLENT
2026-05-04 18:26:53,24.9,56.4,263.0,0.0,27.7,EXCELLENT
2026-05-04 18:26:55,24.9,56.4,267.0,0.0,29.0,EXCELLENT
2026-05-04 18:26:57,24.9,56.4,261.0,0.0,27.0,EXCELLENT
2026-05-04 18:26:59,24.9,56.5,259.0,0.0,26.3,EXCELLENT
2026-05-04 18:27:01,24.9,56.5,262.0,0.0,27.3,EXCELLENT
2026-05-04 18:27:03,24.9,56.5,265.0,0.0,28.3,EXCELLENT
2026-05-04 18:27:05,24.9,56.5,269.0,0.0,29.7,EXCELLENT
2026-05-04 18:27:07,24.9,56.5,268.0,0.0,29.3,EXCELLENT
2026-05-04 18:27:09,24.9,56.5,267.0,0.0,29.0,EXCELLENT
2026-05-04 18:27:11,24.9,56.6,266.0,0.0,28.7,EXCELLENT
2026-05-04 18:27:13,24.8,56.6,266.0,0.0,28.7,EXCELLENT
2026-05-04 18:27:15,24.9,56.5,266.0,0.0,28.7,EXCELLENT
2026-05-04 18:27:17,24.9,56.5,259.0,0.0,26.3,EXCELLENT
2026-05-04 18:27:19,24.9,56.5,258.0,0.0,26.0,EXCELLENT
2026-05-04 18:27:21,24.9,56.5,257.0,0.0,25.7,EXCELLENT
2026-05-04 18:27:23,24.9,56.5,260.0,0.0,26.7,EXCELLENT
2026-05-04 18:27:25,24.9,56.5,266.0,0.0,28.7,EXCELLENT
2026-05-04 18:27:27,24.9,56.5,267.0,0.0,29.0,EXCELLENT
2026-05-04 18:27:29,24.9,56.5,263.0,0.0,27.7,EXCELLENT
2026-05-04 18:27:31,24.9,56.4,261.0,0.0,27.0,EXCELLENT
2026-05-04 18:27:33,24.9,56.5,266.0,0.0,28.7,EXCELLENT
2026-05-04 18:27:35,24.9,56.5,258.0,0.0,26.0,EXCELLENT
2026-05-04 18:27:37,24.9,56.5,265.0,0.0,28.3,EXCELLENT
2026-05-04 18:27:39,24.9,56.5,263.0,0.0,27.7,EXCELLENT
2026-05-04 18:27:41,24.9,56.6,257.0,0.0,25.7,EXCELLENT
2026-05-04 18:27:43,24.9,56.5,263.0,0.0,27.7,EXCELLENT
2026-05-04 18:27:45,24.9,56.6,262.0,0.0,27.3,EXCELLENT
2026-05-04 18:27:47,24.8,56.6,256.0,0.0,25.3,EXCELLENT
2026-05-04 18:27:49,24.9,56.5,255.0,0.0,25.0,EXCELLENT
2026-05-04 18:27:51,24.9,56.6,258.0,0.0,26.0,EXCELLENT
2026-05-04 18:27:53,24.9,56.5,265.0,0.0,28.3,EXCELLENT
2026-05-04 18:27:55,24.9,56.6,263.0,0.0,27.7,EXCELLENT
2026-05-04 18:27:57,24.9,56.5,262.0,0.0,27.3,EXCELLENT
2026-05-04 18:27:59,24.8,56.6,260.0,0.0,26.7,EXCELLENT
2026-05-04 18:28:01,24.9,56.6,263.0,0.0,27.7,EXCELLENT
2026-05-04 18:28:03,24.8,56.6,258.0,0.0,26.0,EXCELLENT
2026-05-04 18:28:05,24.9,56.6,266.0,0.0,28.7,EXCELLENT
2026-05-04 18:28:07,24.8,56.6,260.0,0.0,26.7,EXCELLENT
2026-05-04 18:28:09,24.8,56.6,260.0,0.0,26.7,EXCELLENT
2026-05-04 18:28:11,24.8,56.6,261.0,0.0,27.0,EXCELLENT
2026-05-04 18:28:13,24.9,56.6,257.0,0.0,25.7,EXCELLENT
2026-05-04 18:28:15,24.9,56.6,253.0,0.0,24.3,EXCELLENT
2026-05-04 18:28:17,24.9,56.5,259.0,0.0,26.3,EXCELLENT
2026-05-04 18:28:19,24.8,56.6,265.0,0.0,28.3,EXCELLENT
2026-05-04 18:28:21,24.9,56.6,265.0,0.0,28.3,EXCELLENT
2026-05-04 18:28:23,24.9,56.7,267.0,0.0,29.0,EXCELLENT
2026-05-04 18:28:25,24.9,56.6,255.0,0.0,25.0,EXCELLENT
2026-05-04 18:28:27,24.9,56.6,259.0,0.0,26.3,EXCELLENT
2026-05-04 18:28:29,24.9,56.6,266.0,0.0,28.7,EXCELLENT
2026-05-04 18:28:31,24.8,56.6,259.0,0.0,26.3,EXCELLENT
2026-05-04 18:28:33,24.9,56.7,263.0,0.0,27.7,EXCELLENT
2026-05-04 18:28:35,24.9,56.7,262.0,0.0,27.3,EXCELLENT
2026-05-04 18:28:37,24.9,56.6,256.0,0.0,25.3,EXCELLENT
2026-05-04 18:28:39,24.9,56.6,259.0,0.0,26.3,EXCELLENT
2026-05-04 18:28:41,24.9,56.6,256.0,0.0,25.3,EXCELLENT
2026-05-04 18:28:43,24.9,56.6,258.0,0.0,26.0,EXCELLENT
2026-05-04 18:28:45,24.8,56.5,266.0,0.0,28.7,EXCELLENT
2026-05-04 18:28:47,24.9,56.5,259.0,0.0,26.3,EXCELLENT
2026-05-04 18:28:49,24.9,56.5,262.0,0.0,27.3,EXCELLENT
2026-05-04 18:28:51,24.8,56.5,259.0,0.0,26.3,EXCELLENT
2026-05-04 18:28:53,24.9,56.6,261.0,0.0,27.0,EXCELLENT
2026-05-04 18:28:55,24.8,56.6,263.0,0.0,27.7,EXCELLENT
2026-05-04 18:28:57,24.8,56.6,257.0,0.0,25.7,EXCELLENT
2026-05-04 18:28:59,24.9,56.6,256.0,0.0,25.3,EXCELLENT
2026-05-04 18:29:01,24.9,56.5,267.0,0.0,29.0,EXCELLENT
2026-05-04 18:29:03,24.9,56.6,258.0,0.0,26.0,EXCELLENT
2026-05-04 18:29:05,24.9,56.5,260.0,0.0,26.7,EXCELLENT
2026-05-04 18:29:07,24.9,56.6,267.0,0.0,29.0,EXCELLENT
2026-05-04 18:29:09,24.9,56.5,261.0,0.0,27.0,EXCELLENT
2026-05-04 18:29:11,24.8,56.6,259.0,0.0,26.3,EXCELLENT
2026-05-04 18:29:13,24.8,56.5,263.0,0.0,27.7,EXCELLENT
2026-05-04 18:29:15,24.8,56.5,261.0,0.0,27.0,EXCELLENT
2026-05-04 18:29:17,24.9,56.6,263.0,0.0,27.7,EXCELLENT
2026-05-04 18:29:19,24.8,56.5,267.0,0.0,29.0,EXCELLENT
2026-05-04 18:29:21,24.8,56.4,262.0,0.0,27.3,EXCELLENT
2026-05-04 18:29:23,24.9,56.4,257.0,0.0,25.7,EXCELLENT
2026-05-04 18:29:25,24.9,56.4,257.0,0.0,25.7,EXCELLENT
2026-05-04 18:29:27,24.8,56.5,259.0,0.0,26.3,EXCELLENT
2026-05-04 18:29:29,24.8,56.5,257.0,0.0,25.7,EXCELLENT
2026-05-04 18:29:31,24.9,56.5,262.0,0.0,27.3,EXCELLENT
2026-05-04 18:29:34,24.8,56.5,259.0,0.0,26.3,EXCELLENT
2026-05-04 18:29:35,24.9,56.6,262.0,0.0,27.3,EXCELLENT
2026-05-04 18:29:37,24.9,56.6,262.0,0.0,27.3,EXCELLENT
2026-05-04 18:29:39,24.8,56.6,266.0,0.0,28.7,EXCELLENT
2026-05-04 18:29:41,24.8,56.7,267.0,0.0,29.0,EXCELLENT
2026-05-04 18:29:43,24.8,56.7,262.0,0.0,27.3,EXCELLENT
2026-05-04 18:29:45,24.8,56.8,266.0,0.0,28.7,EXCELLENT
2026-05-04 18:29:47,24.8,56.9,267.0,0.0,29.0,EXCELLENT
2026-05-04 18:29:49,24.8,56.9,260.0,0.0,26.7,EXCELLENT
2026-05-04 18:29:51,24.8,56.9,261.0,0.0,27.0,EXCELLENT
2026-05-04 18:29:53,24.8,57.1,266.0,0.0,28.7,EXCELLENT
2026-05-04 18:29:55,24.8,57.2,269.0,0.0,29.7,EXCELLENT
2026-05-04 18:29:57,24.8,57.2,257.0,0.0,25.7,EXCELLENT
2026-05-04 18:29:59,24.8,57.3,262.0,0.0,27.3,EXCELLENT
2026-05-04 18:30:01,24.8,57.4,261.0,0.0,27.0,EXCELLENT
2026-05-04 18:30:03,24.8,57.6,263.0,0.0,27.7,EXCELLENT
2026-05-04 18:30:05,24.9,57.8,259.0,0.0,26.3,EXCELLENT
2026-05-04 18:30:07,24.9,57.7,267.0,0.0,29.0,EXCELLENT
2026-05-04 18:30:09,24.8,57.8,266.0,0.0,28.7,EXCELLENT
2026-05-04 18:30:11,24.9,58.0,266.0,0.0,28.7,EXCELLENT
2026-05-04 18:30:13,24.8,58.1,256.0,0.0,25.3,EXCELLENT
2026-05-04 18:30:15,24.8,58.2,269.0,0.0,29.7,EXCELLENT
2026-05-04 18:30:17,24.9,58.3,268.0,0.0,29.3,EXCELLENT
2026-05-04 18:30:19,24.9,58.4,269.0,0.0,29.7,EXCELLENT
2026-05-04 18:30:21,24.8,58.4,261.0,0.0,27.0,EXCELLENT
2026-05-04 18:30:23,24.9,58.5,262.0,0.0,27.3,EXCELLENT
2026-05-04 18:30:25,24.8,58.6,261.0,0.0,27.0,EXCELLENT
2026-05-04 18:30:27,24.8,58.7,267.0,0.0,29.0,EXCELLENT
2026-05-04 18:30:29,24.9,58.8,262.0,0.0,27.3,EXCELLENT
2026-05-04 18:30:31,24.8,58.8,262.0,0.0,27.3,EXCELLENT
2026-05-04 18:30:33,24.9,59.0,266.0,0.0,28.7,EXCELLENT
2026-05-04 18:30:35,24.9,59.1,268.0,0.0,29.3,EXCELLENT
2026-05-04 18:30:37,24.9,59.1,261.0,0.0,27.0,EXCELLENT
2026-05-04 18:30:39,24.8,59.2,262.0,0.0,27.3,EXCELLENT
2026-05-04 18:30:41,24.9,59.2,269.0,0.0,29.7,EXCELLENT
2026-05-04 18:30:43,24.9,59.3,259.0,0.0,26.3,EXCELLENT
2026-05-04 18:30:45,24.9,59.3,267.0,0.0,29.0,EXCELLENT
2026-05-04 18:30:47,24.9,59.5,262.0,0.0,27.3,EXCELLENT
2026-05-04 18:30:49,24.9,59.5,267.0,0.0,29.0,EXCELLENT
2026-05-04 18:30:51,24.9,59.6,267.0,0.0,29.0,EXCELLENT
2026-05-04 18:30:53,24.9,59.7,269.0,0.0,29.7,EXCELLENT
2026-05-04 18:30:55,24.9,59.7,265.0,0.0,28.3,EXCELLENT
2026-05-04 18:30:57,24.9,59.9,270.0,0.0,30.0,EXCELLENT
2026-05-04 18:30:59,24.9,60.0,265.0,0.0,28.3,EXCELLENT
2026-05-04 18:31:01,24.9,60.0,268.0,0.0,29.3,EXCELLENT
2026-05-04 18:31:03,24.9,60.1,271.0,0.0,30.3,EXCELLENT
2026-05-04 18:31:05,24.9,60.1,269.0,0.0,29.7,EXCELLENT
2026-05-04 18:31:07,24.9,60.2,263.0,0.0,27.7,EXCELLENT
2026-05-04 18:31:09,24.9,60.2,265.0,0.0,28.3,EXCELLENT
2026-05-04 18:31:11,24.9,60.3,267.0,0.0,29.0,EXCELLENT
2026-05-04 18:31:13,24.9,60.4,271.0,0.0,30.3,EXCELLENT
2026-05-04 18:31:15,24.9,60.4,272.0,0.0,30.7,EXCELLENT
2026-05-04 18:31:17,25.0,60.6,266.0,0.0,28.7,EXCELLENT
2026-05-04 18:31:19,25.0,60.5,263.0,0.0,27.7,EXCELLENT
2026-05-04 18:31:21,24.9,60.6,272.0,0.0,30.7,EXCELLENT
2026-05-04 18:31:23,24.9,60.8,272.0,0.0,30.7,EXCELLENT
2026-05-04 18:31:25,24.9,60.8,272.0,0.0,30.7,EXCELLENT
2026-05-04 18:31:27,24.9,60.9,267.0,0.0,29.0,EXCELLENT
2026-05-04 18:31:29,25.0,60.9,267.0,0.0,29.0,EXCELLENT
2026-05-04 18:31:31,25.0,61.0,271.0,0.0,30.3,EXCELLENT
2026-05-04 18:31:33,25.0,61.0,269.0,0.0,29.7,EXCELLENT
2026-05-04 18:31:35,25.0,61.1,268.0,0.0,29.3,EXCELLENT
2026-05-04 18:31:37,25.0,61.1,270.0,0.0,30.0,EXCELLENT
2026-05-04 18:31:39,25.0,61.4,270.0,0.0,30.0,EXCELLENT
2026-05-04 18:31:41,25.0,61.5,272.0,0.0,30.7,EXCELLENT
2026-05-04 18:31:43,25.0,61.4,272.0,0.0,30.7,EXCELLENT
2026-05-04 18:31:45,25.0,61.5,268.0,0.0,29.3,EXCELLENT
2026-05-04 18:31:47,25.0,61.5,272.0,0.0,30.7,EXCELLENT
2026-05-04 18:31:49,25.0,61.5,272.0,0.0,30.7,EXCELLENT
2026-05-04 18:31:51,25.0,61.6,272.0,0.0,30.7,EXCELLENT
2026-05-04 18:31:53,25.0,61.7,267.0,0.0,29.0,EXCELLENT
2026-05-04 18:31:55,25.1,61.7,272.0,0.0,30.7,EXCELLENT
2026-05-04 18:31:57,25.0,61.9,269.0,0.0,29.7,EXCELLENT
2026-05-04 18:31:59,25.0,62.0,259.0,0.0,26.3,EXCELLENT
2026-05-04 18:32:01,25.0,62.1,271.0,0.0,30.3,EXCELLENT
2026-05-04 18:32:03,25.0,62.1,273.0,0.0,31.0,EXCELLENT
2026-05-04 18:32:05,25.0,62.1,272.0,0.0,30.7,EXCELLENT
2026-05-04 18:32:08,25.0,62.2,271.0,0.0,30.3,EXCELLENT
2026-05-04 18:32:09,25.1,62.2,270.0,0.0,30.0,EXCELLENT
2026-05-04 18:32:11,25.0,62.3,270.0,0.0,30.0,EXCELLENT
2026-05-04 18:32:14,25.0,62.2,271.0,0.0,30.3,EXCELLENT
2026-05-04 18:32:15,25.1,62.2,270.0,0.0,30.0,EXCELLENT
2026-05-04 18:32:17,25.1,62.3,271.0,0.0,30.3,EXCELLENT
2026-05-04 18:32:19,25.1,62.3,272.0,0.0,30.7,EXCELLENT
2026-05-04 18:32:21,25.0,62.4,273.0,0.0,31.0,EXCELLENT
2026-05-04 18:32:23,25.1,62.4,272.0,0.0,30.7,EXCELLENT
2026-05-04 18:32:25,25.1,62.4,270.0,0.0,30.0,EXCELLENT
2026-05-04 18:32:27,25.1,62.5,274.0,0.0,31.3,EXCELLENT
2026-05-04 18:32:29,25.1,62.6,272.0,0.0,30.7,EXCELLENT
2026-05-04 18:32:31,25.1,62.6,275.0,0.0,31.7,EXCELLENT
2026-05-04 18:32:33,25.1,62.8,273.0,0.0,31.0,EXCELLENT
2026-05-04 18:32:35,25.1,62.8,269.0,0.0,29.7,EXCELLENT
2026-05-04 18:32:37,25.1,62.9,273.0,0.0,31.0,EXCELLENT
2026-05-04 18:32:39,25.1,63.0,275.0,0.0,31.7,EXCELLENT
2026-05-04 18:32:41,25.1,63.1,264.0,0.0,28.0,EXCELLENT
2026-05-04 18:32:43,25.1,63.0,273.0,0.0,31.0,EXCELLENT
2026-05-04 18:32:46,25.1,63.1,272.0,0.0,30.7,EXCELLENT
2026-05-04 18:32:47,25.1,63.2,274.0,0.0,31.3,EXCELLENT
2026-05-04 18:32:49,25.1,63.4,278.0,0.0,32.7,EXCELLENT
2026-05-04 18:32:51,25.1,63.4,272.0,0.0,30.7,EXCELLENT
2026-05-04 18:32:53,25.1,63.3,273.0,0.0,31.0,EXCELLENT
2026-05-04 18:32:55,25.1,63.3,274.0,0.0,31.3,EXCELLENT
2026-05-04 18:32:57,25.1,63.5,273.0,0.0,31.0,EXCELLENT
2026-05-04 18:32:59,25.2,63.6,272.0,0.0,30.7,EXCELLENT
2026-05-04 18:33:01,25.1,63.6,275.0,0.0,31.7,EXCELLENT
2026-05-04 18:33:03,25.1,63.7,272.0,0.0,30.7,EXCELLENT
2026-05-04 18:33:05,25.1,63.6,272.0,0.0,30.7,EXCELLENT
2026-05-04 18:33:07,25.1,63.7,273.0,0.0,31.0,EXCELLENT
2026-05-04 18:33:09,25.2,63.8,277.0,0.0,32.3,EXCELLENT
2026-05-04 18:33:11,25.2,63.8,277.0,0.0,32.3,EXCELLENT
2026-05-04 18:33:13,25.1,63.8,279.0,0.0,33.0,EXCELLENT
2026-05-04 18:33:15,25.2,63.8,277.0,0.0,32.3,EXCELLENT
2026-05-04 18:33:17,25.1,63.8,275.0,0.0,31.7,EXCELLENT
2026-05-04 18:33:19,25.2,63.9,273.0,0.0,31.0,EXCELLENT
2026-05-04 18:33:21,25.1,64.0,277.0,0.0,32.3,EXCELLENT
2026-05-04 18:33:23,25.1,64.0,278.0,0.0,32.7,EXCELLENT
2026-05-04 18:33:25,25.2,64.1,274.0,0.0,31.3,EXCELLENT
2026-05-04 18:33:27,25.2,64.1,278.0,0.0,32.7,EXCELLENT
2026-05-04 18:33:29,25.2,64.3,272.0,0.0,30.7,EXCELLENT
2026-05-04 18:33:31,25.2,64.2,272.0,0.0,30.7,EXCELLENT
2026-05-04 18:33:33,25.2,64.2,279.0,0.0,33.0,EXCELLENT
2026-05-04 18:33:35,25.2,64.3,279.0,0.0,33.0,EXCELLENT
2026-05-04 18:33:37,25.2,64.4,282.0,0.0,34.0,EXCELLENT
2026-05-04 18:33:39,25.2,64.4,278.0,0.0,32.7,EXCELLENT
2026-05-04 18:33:41,25.2,64.4,277.0,0.0,32.3,EXCELLENT
2026-05-04 18:33:43,25.2,64.5,275.0,0.0,31.7,EXCELLENT
2026-05-04 18:33:45,25.2,64.5,272.0,0.0,30.7,EXCELLENT
2026-05-04 18:33:47,25.2,64.5,272.0,0.0,30.7,EXCELLENT
2026-05-04 18:33:49,25.2,64.6,278.0,0.0,32.7,EXCELLENT
2026-05-04 18:33:51,25.2,64.7,273.0,0.0,31.0,EXCELLENT
2026-05-04 18:33:53,25.2,64.8,276.0,0.0,32.0,EXCELLENT
2026-05-04 18:33:55,25.2,64.8,274.0,0.0,31.3,EXCELLENT
2026-05-04 18:33:57,25.2,64.8,275.0,0.0,31.7,EXCELLENT
2026-05-04 18:33:59,25.2,64.9,275.0,0.0,31.7,EXCELLENT
2026-05-04 18:34:01,25.2,65.1,281.0,0.0,33.7,EXCELLENT
2026-05-04 18:34:03,25.3,65.1,274.0,0.0,31.3,EXCELLENT
2026-05-04 18:34:05,25.3,65.1,278.0,0.0,32.7,EXCELLENT
2026-05-04 18:34:07,25.3,65.1,285.0,0.0,35.0,EXCELLENT
2026-05-04 18:34:09,25.3,65.1,279.0,0.0,33.0,EXCELLENT
2026-05-04 18:34:11,25.3,65.0,281.0,0.0,33.7,EXCELLENT
2026-05-04 18:34:13,25.3,65.1,281.0,0.0,33.7,EXCELLENT
2026-05-04 18:34:15,25.3,65.2,275.0,0.0,31.7,EXCELLENT
2026-05-04 18:34:17,25.3,65.2,278.0,0.0,32.7,EXCELLENT
2026-05-04 18:34:19,25.3,65.3,281.0,0.0,33.7,EXCELLENT
2026-05-04 18:34:21,25.3,65.3,278.0,0.0,32.7,EXCELLENT
2026-05-04 18:34:23,25.3,65.5,279.0,0.0,33.0,EXCELLENT
2026-05-04 18:34:25,25.3,65.6,284.0,0.0,34.7,EXCELLENT
2026-05-04 18:34:27,25.3,65.6,283.0,0.0,34.3,EXCELLENT
2026-05-04 18:34:29,25.3,65.5,272.0,0.0,30.7,EXCELLENT
2026-05-04 18:34:31,25.3,65.5,272.0,0.0,30.7,EXCELLENT
2026-05-04 18:34:33,25.3,65.7,277.0,0.0,32.3,EXCELLENT
2026-05-04 18:34:35,25.3,65.7,278.0,0.0,32.7,EXCELLENT
2026-05-04 18:34:37,25.3,65.8,286.0,0.0,35.3,EXCELLENT
2026-05-04 18:34:39,25.3,65.8,287.0,0.0,35.7,EXCELLENT
2026-05-04 18:34:41,25.3,65.9,281.0,0.0,33.7,EXCELLENT
2026-05-04 18:34:43,25.3,65.9,279.0,0.0,33.0,EXCELLENT
2026-05-04 18:34:45,25.3,65.9,283.0,0.0,34.3,EXCELLENT
2026-05-04 18:34:47,25.3,65.9,281.0,0.0,33.7,EXCELLENT
2026-05-04 18:34:49,25.3,66.0,286.0,0.0,35.3,EXCELLENT
2026-05-04 18:34:51,25.3,66.1,273.0,0.0,31.0,EXCELLENT
2026-05-04 18:34:53,25.3,66.2,280.0,0.0,33.3,EXCELLENT
2026-05-04 18:34:55,25.3,66.0,278.0,0.0,32.7,EXCELLENT
2026-05-04 18:34:57,25.3,66.0,279.0,0.0,33.0,EXCELLENT
2026-05-04 18:34:59,25.3,66.1,277.0,0.0,32.3,EXCELLENT
2026-05-04 18:35:01,25.4,66.1,285.0,0.0,35.0,EXCELLENT
2026-05-04 18:35:03,25.4,66.2,278.0,0.0,32.7,EXCELLENT
2026-05-04 18:35:05,25.4,66.3,273.0,0.0,31.0,EXCELLENT
2026-05-04 18:35:07,25.3,66.3,281.0,0.0,33.7,EXCELLENT
2026-05-04 18:35:10,25.3,66.4,281.0,0.0,33.7,EXCELLENT
2026-05-04 18:35:11,25.3,66.6,279.0,0.0,33.0,EXCELLENT
2026-05-04 18:35:13,25.4,66.5,281.0,0.0,33.7,EXCELLENT
2026-05-04 18:35:15,25.3,66.7,271.0,0.0,30.3,EXCELLENT
2026-05-04 18:35:17,25.4,66.7,287.0,0.0,35.7,EXCELLENT
2026-05-04 18:35:19,25.4,66.8,279.0,0.0,33.0,EXCELLENT
2026-05-04 18:35:21,25.4,66.9,285.0,0.0,35.0,EXCELLENT
2026-05-04 18:35:23,25.4,66.9,283.0,0.0,34.3,EXCELLENT
2026-05-04 18:35:25,25.4,66.9,286.0,0.0,35.3,EXCELLENT
2026-05-04 18:35:27,25.4,66.8,289.0,0.0,36.3,EXCELLENT
2026-05-04 18:35:29,25.4,67.0,281.0,0.0,33.7,EXCELLENT
2026-05-04 18:35:31,25.4,67.0,281.0,0.0,33.7,EXCELLENT
2026-05-04 18:35:33,25.4,67.1,279.0,0.0,33.0,EXCELLENT
2026-05-04 18:35:35,25.4,67.0,282.0,0.0,34.0,EXCELLENT
2026-05-04 18:35:37,25.4,67.0,286.0,0.0,35.3,EXCELLENT
2026-05-04 18:35:39,25.4,67.1,282.0,0.0,34.0,EXCELLENT
2026-05-04 18:35:41,25.4,67.1,286.0,0.0,35.3,EXCELLENT
2026-05-04 18:35:43,25.4,67.1,285.0,0.0,35.0,EXCELLENT
2026-05-04 18:35:45,25.4,67.0,284.0,0.0,34.7,EXCELLENT
2026-05-04 18:35:47,25.4,67.0,283.0,0.0,34.3,EXCELLENT
2026-05-04 18:35:49,25.4,66.9,288.0,0.0,36.0,EXCELLENT
2026-05-04 18:35:51,25.4,67.0,287.0,0.0,35.7,EXCELLENT
2026-05-04 18:35:53,25.4,67.0,289.0,0.0,36.3,EXCELLENT
2026-05-04 18:35:55,25.4,66.9,285.0,0.0,35.0,EXCELLENT
2026-05-04 18:35:57,25.4,66.9,283.0,0.0,34.3,EXCELLENT
2026-05-04 18:35:59,25.4,66.8,280.0,0.0,33.3,EXCELLENT
2026-05-04 18:36:01,25.4,66.9,283.0,0.0,34.3,EXCELLENT
2026-05-04 18:36:03,25.4,66.8,284.0,0.0,34.7,EXCELLENT
2026-05-04 18:36:05,25.4,66.8,287.0,0.0,35.7,EXCELLENT
2026-05-04 18:36:07,25.4,66.8,288.0,0.0,36.0,EXCELLENT
2026-05-04 18:36:09,25.4,66.8,287.0,0.0,35.7,EXCELLENT
2026-05-04 18:36:11,25.4,66.8,281.0,0.0,33.7,EXCELLENT
2026-05-04 18:36:13,25.4,66.7,288.0,0.0,36.0,EXCELLENT
2026-05-04 18:36:15,25.5,66.7,285.0,0.0,35.0,EXCELLENT
2026-05-04 18:36:17,25.4,66.7,289.0,0.0,36.3,EXCELLENT
2026-05-04 18:36:19,25.4,66.6,274.0,0.0,31.3,EXCELLENT
2026-05-04 18:36:21,25.4,66.6,282.0,0.0,34.0,EXCELLENT
2026-05-04 18:36:23,25.4,66.5,288.0,0.0,36.0,EXCELLENT
2026-05-04 18:36:25,25.4,66.5,285.0,0.0,35.0,EXCELLENT
2026-05-04 18:36:27,25.4,66.5,290.0,0.0,36.7,EXCELLENT
2026-05-04 18:36:30,25.4,66.5,279.0,0.0,33.0,EXCELLENT
2026-05-04 18:36:31,25.5,66.5,291.0,0.0,37.0,EXCELLENT
2026-05-04 18:36:33,25.4,66.4,278.0,0.0,32.7,EXCELLENT
2026-05-04 18:36:35,25.4,66.3,282.0,0.0,34.0,EXCELLENT
2026-05-04 18:36:37,25.4,66.3,283.0,0.0,34.3,EXCELLENT
2026-05-04 18:36:39,25.5,66.3,282.0,0.0,34.0,EXCELLENT
2026-05-04 18:36:41,25.4,66.2,286.0,0.0,35.3,EXCELLENT
2026-05-04 18:36:43,25.4,66.2,289.0,0.0,36.3,EXCELLENT
2026-05-04 18:36:45,25.4,66.1,273.0,0.0,31.0,EXCELLENT
2026-05-04 18:36:47,25.4,66.1,287.0,0.0,35.7,EXCELLENT
2026-05-04 18:36:49,25.4,66.0,287.0,0.0,35.7,EXCELLENT
2026-05-04 18:36:51,25.4,65.9,283.0,0.0,34.3,EXCELLENT
2026-05-04 18:36:53,25.4,65.9,285.0,0.0,35.0,EXCELLENT
2026-05-04 18:36:55,25.5,65.9,283.0,0.0,34.3,EXCELLENT
2026-05-04 18:36:57,25.4,65.8,285.0,0.0,35.0,EXCELLENT
2026-05-04 18:36:59,25.4,65.8,272.0,0.0,30.7,EXCELLENT
2026-05-04 18:37:01,25.4,65.7,286.0,0.0,35.3,EXCELLENT
2026-05-04 18:37:03,25.5,65.7,287.0,0.0,35.7,EXCELLENT
2026-05-04 18:37:05,25.4,65.7,278.0,0.0,32.7,EXCELLENT
2026-05-04 18:37:07,25.4,65.6,275.0,0.0,31.7,EXCELLENT
2026-05-04 18:37:09,25.4,65.6,287.0,0.0,35.7,EXCELLENT
2026-05-04 18:37:11,25.4,65.6,283.0,0.0,34.3,EXCELLENT
2026-05-04 18:37:13,25.4,65.5,289.0,0.0,36.3,EXCELLENT
2026-05-04 18:37:15,25.4,65.4,287.0,0.0,35.7,EXCELLENT
2026-05-04 18:37:17,25.4,65.4,285.0,0.0,35.0,EXCELLENT
2026-05-04 18:37:19,25.4,65.4,285.0,0.0,35.0,EXCELLENT
2026-05-04 18:37:21,25.4,65.4,287.0,0.0,35.7,EXCELLENT
2026-05-04 18:37:23,25.4,65.3,290.0,0.0,36.7,EXCELLENT
2026-05-04 18:37:25,25.4,65.3,286.0,0.0,35.3,EXCELLENT
2026-05-04 18:37:27,25.4,65.3,286.0,0.0,35.3,EXCELLENT
2026-05-04 18:37:30,25.4,65.3,285.0,0.0,35.0,EXCELLENT
2026-05-04 18:37:31,25.4,65.2,285.0,0.0,35.0,EXCELLENT
2026-05-04 18:37:33,25.4,65.2,273.0,0.0,31.0,EXCELLENT
2026-05-04 18:37:35,25.4,65.1,285.0,0.0,35.0,EXCELLENT
2026-05-04 18:37:37,25.4,65.1,284.0,0.0,34.7,EXCELLENT
2026-05-04 18:37:39,25.4,65.1,282.0,0.0,34.0,EXCELLENT
2026-05-04 18:37:41,25.4,65.1,285.0,0.0,35.0,EXCELLENT
2026-05-04 18:37:43,25.4,65.1,288.0,0.0,36.0,EXCELLENT
2026-05-04 18:37:46,25.4,65.0,278.0,0.0,32.7,EXCELLENT
2026-05-04 18:37:47,25.4,65.0,286.0,0.0,35.3,EXCELLENT
2026-05-04 18:37:49,25.4,64.9,286.0,0.0,35.3,EXCELLENT
2026-05-04 18:37:51,25.4,64.9,285.0,0.0,35.0,EXCELLENT
2026-05-04 18:37:53,25.4,64.9,289.0,0.0,36.3,EXCELLENT
2026-05-04 18:37:55,25.4,64.8,282.0,0.0,34.0,EXCELLENT
2026-05-04 18:37:57,25.4,64.9,282.0,0.0,34.0,EXCELLENT
2026-05-04 18:37:59,25.4,64.8,281.0,0.0,33.7,EXCELLENT
2026-05-04 18:38:01,25.4,64.8,286.0,0.0,35.3,EXCELLENT
2026-05-04 18:38:03,25.4,64.7,282.0,0.0,34.0,EXCELLENT
2026-05-04 18:38:05,25.4,64.7,279.0,0.0,33.0,EXCELLENT
2026-05-04 18:38:08,25.4,64.7,286.0,0.0,35.3,EXCELLENT
2026-05-04 18:38:09,25.4,64.7,289.0,0.0,36.3,EXCELLENT
2026-05-04 18:38:11,25.4,64.6,279.0,0.0,33.0,EXCELLENT
2026-05-04 18:38:13,25.4,64.7,286.0,0.0,35.3,EXCELLENT
2026-05-04 18:38:16,25.4,64.6,280.0,0.0,33.3,EXCELLENT
2026-05-04 18:38:17,25.4,64.5,276.0,0.0,32.0,EXCELLENT
2026-05-04 18:38:19,25.4,64.5,279.0,0.0,33.0,EXCELLENT
2026-05-04 18:38:21,25.4,64.5,272.0,0.0,30.7,EXCELLENT
2026-05-04 18:38:23,25.4,64.4,285.0,0.0,35.0,EXCELLENT
2026-05-04 18:38:26,25.4,64.4,280.0,0.0,33.3,EXCELLENT
2026-05-04 18:38:27,25.4,64.4,284.0,0.0,34.7,EXCELLENT
2026-05-04 18:38:29,25.3,64.4,287.0,0.0,35.7,EXCELLENT
2026-05-04 18:38:31,25.4,64.4,274.0,0.0,31.3,EXCELLENT
2026-05-04 18:38:33,25.4,64.4,275.0,0.0,31.7,EXCELLENT
2026-05-04 18:38:35,25.4,64.3,277.0,0.0,32.3,EXCELLENT
2026-05-04 18:38:38,25.4,64.3,277.0,0.0,32.3,EXCELLENT
2026-05-04 18:38:39,25.4,64.2,285.0,0.0,35.0,EXCELLENT
2026-05-04 18:38:41,25.4,64.2,276.0,0.0,32.0,EXCELLENT
2026-05-04 18:38:43,25.4,64.1,275.0,0.0,31.7,EXCELLENT
2026-05-04 18:38:45,25.3,64.1,276.0,0.0,32.0,EXCELLENT
2026-05-04 18:38:48,25.4,64.1,275.0,0.0,31.7,EXCELLENT
2026-05-04 18:38:49,25.3,64.0,287.0,0.0,35.7,EXCELLENT
2026-05-04 18:38:51,25.4,64.0,282.0,0.0,34.0,EXCELLENT
2026-05-04 18:38:53,25.3,64.0,281.0,0.0,33.7,EXCELLENT
2026-05-04 18:38:55,25.3,64.1,277.0,0.0,32.3,EXCELLENT
2026-05-04 18:38:58,25.4,64.1,272.0,0.0,30.7,EXCELLENT
2026-05-04 18:38:59,25.4,64.0,277.0,0.0,32.3,EXCELLENT
2026-05-04 18:39:01,25.3,64.0,284.0,0.0,34.7,EXCELLENT
2026-05-04 18:39:04,25.3,63.9,287.0,0.0,35.7,EXCELLENT
2026-05-04 18:39:06,25.3,63.9,286.0,0.0,35.3,EXCELLENT
2026-05-04 18:39:07,25.3,63.8,280.0,0.0,33.3,EXCELLENT
2026-05-04 18:39:09,25.3,63.8,274.0,0.0,31.3,EXCELLENT
2026-05-04 18:39:11,25.4,63.8,284.0,0.0,34.7,EXCELLENT
2026-05-04 18:39:14,25.3,63.8,279.0,0.0,33.0,EXCELLENT
2026-05-04 18:39:15,25.3,63.7,277.0,0.0,32.3,EXCELLENT
2026-05-04 18:39:17,25.3,63.6,274.0,0.0,31.3,EXCELLENT
2026-05-04 18:39:20,25.3,63.6,281.0,0.0,33.7,EXCELLENT
2026-05-04 18:39:21,25.3,63.7,283.0,0.0,34.3,EXCELLENT
2026-05-04 18:39:23,25.3,63.6,278.0,0.0,32.7,EXCELLENT
2026-05-04 18:39:25,25.3,63.6,277.0,0.0,32.3,EXCELLENT
2026-05-04 18:39:28,25.3,63.5,283.0,0.0,34.3,EXCELLENT
2026-05-04 18:39:30,25.3,63.5,274.0,0.0,31.3,EXCELLENT
2026-05-04 18:39:32,25.3,63.5,278.0,0.0,32.7,EXCELLENT
2026-05-04 18:39:34,25.3,63.5,279.0,0.0,33.0,EXCELLENT
2026-05-04 18:39:36,25.3,63.5,275.0,0.0,31.7,EXCELLENT
2026-05-04 18:39:37,25.3,63.4,277.0,0.0,32.3,EXCELLENT
2026-05-04 18:39:39,25.3,63.4,272.0,0.0,30.7,EXCELLENT
2026-05-04 18:39:42,25.3,63.4,278.0,0.0,32.7,EXCELLENT
2026-05-04 18:39:44,25.3,63.4,285.0,0.0,35.0,EXCELLENT
2026-05-04 18:39:46,25.3,63.4,278.0,0.0,32.7,EXCELLENT
2026-05-04 18:39:48,25.3,63.3,281.0,0.0,33.7,EXCELLENT
2026-05-04 18:39:50,25.3,63.3,272.0,0.0,30.7,EXCELLENT
2026-05-04 18:39:52,25.3,63.3,282.0,0.0,34.0,EXCELLENT
2026-05-04 18:39:54,25.3,63.3,282.0,0.0,34.0,EXCELLENT
2026-05-04 18:39:56,25.2,63.2,282.0,0.0,34.0,EXCELLENT
2026-05-04 18:39:58,25.3,63.2,273.0,0.0,31.0,EXCELLENT
2026-05-04 18:39:59,25.3,63.2,278.0,0.0,32.7,EXCELLENT
2026-05-04 18:40:01,25.3,63.1,270.0,0.0,30.0,EXCELLENT
2026-05-04 18:40:04,25.2,63.1,279.0,0.0,33.0,EXCELLENT
2026-05-04 18:40:06,25.3,63.1,273.0,0.0,31.0,EXCELLENT
2026-05-04 18:40:08,25.3,63.0,279.0,0.0,33.0,EXCELLENT
2026-05-04 18:40:09,25.3,63.0,278.0,0.0,32.7,EXCELLENT
2026-05-04 18:40:11,25.3,63.0,273.0,0.0,31.0,EXCELLENT
2026-05-04 18:40:14,25.3,63.0,281.0,0.0,33.7,EXCELLENT
2026-05-04 18:40:16,25.3,62.9,272.0,0.0,30.7,EXCELLENT
2026-05-04 18:40:18,25.2,62.9,282.0,0.0,34.0,EXCELLENT
2026-05-04 18:40:20,25.3,62.8,273.0,0.0,31.0,EXCELLENT
2026-05-04 18:40:22,25.3,62.9,272.0,0.0,30.7,EXCELLENT
2026-05-04 18:40:23,25.3,62.8,271.0,0.0,30.3,EXCELLENT
2026-05-04 18:40:26,25.3,62.7,276.0,0.0,32.0,EXCELLENT
2026-05-04 18:40:28,25.2,62.7,274.0,0.0,31.3,EXCELLENT
2026-05-04 18:40:30,25.3,62.6,283.0,0.0,34.3,EXCELLENT
2026-05-04 18:40:32,25.3,62.6,282.0,0.0,34.0,EXCELLENT
2026-05-04 18:40:34,25.3,62.6,278.0,0.0,32.7,EXCELLENT
2026-05-04 18:40:36,25.2,62.6,273.0,0.0,31.0,EXCELLENT
2026-05-04 18:40:38,25.3,62.5,282.0,0.0,34.0,EXCELLENT
2026-05-04 18:40:39,25.3,62.4,277.0,0.0,32.3,EXCELLENT
2026-05-04 18:40:41,25.3,62.4,277.0,0.0,32.3,EXCELLENT
2026-05-04 18:40:44,25.3,62.3,275.0,0.0,31.7,EXCELLENT
2026-05-04 18:40:46,25.2,62.3,271.0,0.0,30.3,EXCELLENT
2026-05-04 18:40:48,25.3,62.3,276.0,0.0,32.0,EXCELLENT
2026-05-04 18:40:50,25.3,62.3,275.0,0.0,31.7,EXCELLENT
2026-05-04 18:40:52,25.3,62.2,278.0,0.0,32.7,EXCELLENT
2026-05-04 18:40:54,25.2,62.2,274.0,0.0,31.3,EXCELLENT
2026-05-04 18:40:56,25.3,62.2,282.0,0.0,34.0,EXCELLENT
2026-05-04 18:40:58,25.2,62.3,277.0,0.0,32.3,EXCELLENT
2026-05-04 18:41:00,25.2,62.2,268.0,0.0,29.3,EXCELLENT
2026-05-04 18:41:01,25.2,62.3,277.0,0.0,32.3,EXCELLENT
2026-05-04 18:41:04,25.3,62.2,274.0,0.0,31.3,EXCELLENT
2026-05-04 18:41:06,25.2,62.1,281.0,0.0,33.7,EXCELLENT
2026-05-04 18:41:08,25.2,62.1,278.0,0.0,32.7,EXCELLENT
2026-05-04 18:41:10,25.3,62.0,277.0,0.0,32.3,EXCELLENT
2026-05-04 18:41:12,25.2,62.0,272.0,0.0,30.7,EXCELLENT
2026-05-04 18:41:14,25.2,62.0,272.0,0.0,30.7,EXCELLENT
2026-05-04 18:41:16,25.2,62.0,273.0,0.0,31.0,EXCELLENT
2026-05-04 18:41:18,25.3,61.9,276.0,0.0,32.0,EXCELLENT
2026-05-04 18:41:20,25.2,62.0,272.0,0.0,30.7,EXCELLENT
2026-05-04 18:41:22,25.2,61.9,276.0,0.0,32.0,EXCELLENT
2026-05-04 18:41:24,25.2,61.8,279.0,0.0,33.0,EXCELLENT
2026-05-04 18:41:26,25.2,61.8,272.0,0.0,30.7,EXCELLENT
2026-05-04 18:41:28,25.3,61.8,275.0,0.0,31.7,EXCELLENT
2026-05-04 18:41:30,25.2,61.8,279.0,0.0,33.0,EXCELLENT
2026-05-04 18:41:32,25.3,61.8,272.0,0.0,30.7,EXCELLENT
2026-05-04 18:41:34,25.2,61.8,272.0,0.0,30.7,EXCELLENT
2026-05-04 18:41:36,25.2,61.7,272.0,0.0,30.7,EXCELLENT
2026-05-04 18:41:38,25.2,61.6,275.0,0.0,31.7,EXCELLENT
2026-05-04 18:41:40,25.2,61.6,272.0,0.0,30.7,EXCELLENT
2026-05-04 18:41:42,25.2,61.6,275.0,0.0,31.7,EXCELLENT
2026-05-04 18:41:44,25.2,61.6,275.0,0.0,31.7,EXCELLENT
2026-05-04 18:41:46,25.2,61.6,272.0,0.0,30.7,EXCELLENT
2026-05-04 18:41:48,25.2,61.6,277.0,0.0,32.3,EXCELLENT
2026-05-04 18:41:50,25.2,61.5,276.0,0.0,32.0,EXCELLENT
2026-05-04 18:41:52,25.2,61.5,279.0,0.0,33.0,EXCELLENT
2026-05-04 18:41:54,25.2,61.5,272.0,0.0,30.7,EXCELLENT
2026-05-04 18:41:56,25.2,61.5,273.0,0.0,31.0,EXCELLENT
2026-05-04 18:41:58,25.2,61.4,276.0,0.0,32.0,EXCELLENT
2026-05-04 18:42:00,25.2,61.4,271.0,0.0,30.3,EXCELLENT
2026-05-04 18:42:02,25.2,61.4,277.0,0.0,32.3,EXCELLENT
2026-05-04 18:42:04,25.2,61.4,281.0,0.0,33.7,EXCELLENT
2026-05-04 18:42:06,25.2,61.4,269.0,0.0,29.7,EXCELLENT
2026-05-04 18:42:08,25.2,61.4,279.0,0.0,33.0,EXCELLENT
2026-05-04 18:42:10,25.2,61.3,270.0,0.0,30.0,EXCELLENT
2026-05-04 18:42:12,25.2,61.3,274.0,0.0,31.3,EXCELLENT
2026-05-04 18:42:14,25.2,61.3,278.0,0.0,32.7,EXCELLENT
2026-05-04 18:42:16,25.2,61.3,277.0,0.0,32.3,EXCELLENT
2026-05-04 18:42:18,25.2,61.3,274.0,0.0,31.3,EXCELLENT
2026-05-04 18:42:20,25.2,61.3,273.0,0.0,31.0,EXCELLENT
2026-05-04 18:42:22,25.2,61.2,272.0,0.0,30.7,EXCELLENT
2026-05-04 18:42:24,25.1,61.2,275.0,0.0,31.7,EXCELLENT
2026-05-04 18:42:26,25.2,61.3,276.0,0.0,32.0,EXCELLENT
2026-05-04 18:42:28,25.1,61.2,278.0,0.0,32.7,EXCELLENT
2026-05-04 18:42:30,25.2,61.3,260.0,0.0,26.7,EXCELLENT
2026-05-04 18:42:32,25.2,61.3,275.0,0.0,31.7,EXCELLENT
2026-05-04 18:42:34,25.2,61.2,273.0,0.0,31.0,EXCELLENT
2026-05-04 18:42:36,25.1,61.2,272.0,0.0,30.7,EXCELLENT
2026-05-04 18:42:38,25.1,61.2,274.0,0.0,31.3,EXCELLENT
2026-05-04 18:42:40,25.2,61.2,278.0,0.0,32.7,EXCELLENT
2026-05-04 18:42:42,25.1,61.2,272.0,0.0,30.7,EXCELLENT
2026-05-04 18:42:44,25.1,61.2,272.0,0.0,30.7,EXCELLENT
2026-05-04 18:42:46,25.1,61.2,274.0,0.0,31.3,EXCELLENT
2026-05-04 18:42:48,25.1,61.2,270.0,0.0,30.0,EXCELLENT
2026-05-04 18:42:50,25.1,61.2,274.0,0.0,31.3,EXCELLENT
2026-05-04 18:42:52,25.1,61.2,266.0,0.0,28.7,EXCELLENT
2026-05-04 18:42:54,25.1,61.2,272.0,0.0,30.7,EXCELLENT
2026-05-04 18:42:56,25.1,61.1,275.0,0.0,31.7,EXCELLENT
2026-05-04 18:42:58,25.1,61.2,277.0,0.0,32.3,EXCELLENT
2026-05-04 18:43:00,25.1,61.1,275.0,0.0,31.7,EXCELLENT
2026-05-04 18:43:02,25.1,61.2,277.0,0.0,32.3,EXCELLENT
2026-05-04 18:43:04,25.1,61.1,270.0,0.0,30.0,EXCELLENT
2026-05-04 18:43:06,25.1,61.1,275.0,0.0,31.7,EXCELLENT
2026-05-04 18:43:08,25.1,61.1,275.0,0.0,31.7,EXCELLENT
2026-05-04 18:43:10,25.1,61.0,273.0,0.0,31.0,EXCELLENT
2026-05-04 18:43:12,25.1,61.0,269.0,0.0,29.7,EXCELLENT
2026-05-04 18:43:14,25.1,61.0,271.0,0.0,30.3,EXCELLENT
2026-05-04 18:43:16,25.1,61.0,270.0,0.0,30.0,EXCELLENT
2026-05-04 18:43:18,25.1,60.9,272.0,0.0,30.7,EXCELLENT
2026-05-04 18:43:20,25.1,60.9,272.0,0.0,30.7,EXCELLENT
2026-05-04 18:43:22,25.1,60.9,270.0,0.0,30.0,EXCELLENT
2026-05-04 18:43:24,25.1,60.9,273.0,0.0,31.0,EXCELLENT
2026-05-04 18:43:26,25.1,60.9,271.0,0.0,30.3,EXCELLENT
2026-05-04 18:43:28,25.1,60.9,272.0,0.0,30.7,EXCELLENT
2026-05-04 18:43:30,25.1,60.9,272.0,0.0,30.7,EXCELLENT
2026-05-04 18:43:32,25.1,60.8,277.0,0.0,32.3,EXCELLENT
2026-05-04 18:43:34,25.1,60.8,274.0,0.0,31.3,EXCELLENT
2026-05-04 18:43:36,25.1,60.8,250.0,0.0,23.3,EXCELLENT
2026-05-04 18:43:38,25.1,60.8,275.0,0.0,31.7,EXCELLENT
2026-05-04 18:43:40,25.1,60.8,272.0,0.0,30.7,EXCELLENT
2026-05-04 18:43:42,25.1,60.8,274.0,0.0,31.3,EXCELLENT
2026-05-04 18:43:44,25.1,60.9,269.0,0.0,29.7,EXCELLENT
2026-05-04 18:43:46,25.1,60.8,272.0,0.0,30.7,EXCELLENT
2026-05-04 18:43:48,25.1,60.8,272.0,0.0,30.7,EXCELLENT
2026-05-04 18:43:50,25.1,60.8,272.0,0.0,30.7,EXCELLENT
2026-05-04 18:43:52,25.1,60.7,272.0,0.0,30.7,EXCELLENT
2026-05-04 18:43:54,25.1,60.7,272.0,0.0,30.7,EXCELLENT
2026-05-04 18:43:56,25.1,60.6,272.0,0.0,30.7,EXCELLENT
2026-05-04 18:43:58,25.1,60.6,270.0,0.0,30.0,EXCELLENT
2026-05-04 18:44:00,25.1,60.6,274.0,0.0,31.3,EXCELLENT
2026-05-04 18:44:02,25.0,60.6,270.0,0.0,30.0,EXCELLENT
2026-05-04 18:44:04,25.1,60.6,272.0,0.0,30.7,EXCELLENT
2026-05-04 18:44:06,25.1,60.6,268.0,0.0,29.3,EXCELLENT
2026-05-04 18:44:08,25.1,60.6,270.0,0.0,30.0,EXCELLENT
2026-05-04 18:44:10,25.1,60.6,272.0,0.0,30.7,EXCELLENT
2026-05-04 18:44:12,25.1,60.6,272.0,0.0,30.7,EXCELLENT
2026-05-04 18:44:14,25.1,60.6,271.0,0.0,30.3,EXCELLENT
2026-05-04 18:44:16,25.1,60.5,268.0,0.0,29.3,EXCELLENT
2026-05-04 18:44:18,25.0,60.5,272.0,0.0,30.7,EXCELLENT
2026-05-04 18:44:20,25.0,60.5,274.0,0.0,31.3,EXCELLENT
2026-05-04 18:44:22,25.1,60.4,272.0,0.0,30.7,EXCELLENT
2026-05-04 18:44:24,25.1,60.4,270.0,0.0,30.0,EXCELLENT
2026-05-04 18:44:26,25.0,60.4,272.0,0.0,30.7,EXCELLENT
2026-05-04 18:44:28,25.0,60.3,270.0,0.0,30.0,EXCELLENT
2026-05-04 18:44:30,25.1,60.3,271.0,0.0,30.3,EXCELLENT
2026-05-04 18:44:32,25.1,60.4,262.0,0.0,27.3,EXCELLENT
2026-05-04 18:44:34,25.0,60.3,273.0,0.0,31.0,EXCELLENT
2026-05-04 18:44:36,25.1,60.3,274.0,0.0,31.3,EXCELLENT
2026-05-04 18:44:38,25.1,60.3,272.0,0.0,30.7,EXCELLENT
2026-05-04 18:44:40,25.0,60.3,272.0,0.0,30.7,EXCELLENT
2026-05-04 18:44:42,25.0,60.3,272.0,0.0,30.7,EXCELLENT
2026-05-04 18:44:44,25.1,60.3,272.0,0.0,30.7,EXCELLENT
2026-05-04 18:44:46,25.0,60.2,272.0,0.0,30.7,EXCELLENT
2026-05-04 18:44:48,25.1,60.2,267.0,0.0,29.0,EXCELLENT
2026-05-04 18:44:50,25.0,60.1,267.0,0.0,29.0,EXCELLENT
2026-05-04 18:44:52,25.0,60.1,272.0,0.0,30.7,EXCELLENT
2026-05-04 18:44:54,25.0,60.1,272.0,0.0,30.7,EXCELLENT
2026-05-04 18:44:56,25.0,60.1,272.0,0.0,30.7,EXCELLENT
2026-05-04 18:44:58,25.0,60.1,271.0,0.0,30.3,EXCELLENT
2026-05-04 18:45:00,25.0,60.1,272.0,0.0,30.7,EXCELLENT
2026-05-04 18:45:02,25.0,60.1,272.0,0.0,30.7,EXCELLENT
2026-05-04 18:45:04,25.0,60.1,270.0,0.0,30.0,EXCELLENT
2026-05-04 18:45:06,25.0,60.0,267.0,0.0,29.0,EXCELLENT
2026-05-04 18:45:08,25.1,60.0,267.0,0.0,29.0,EXCELLENT
2026-05-04 18:45:10,25.0,60.0,270.0,0.0,30.0,EXCELLENT
2026-05-04 18:45:12,25.0,60.1,271.0,0.0,30.3,EXCELLENT
2026-05-04 18:45:14,25.0,60.0,272.0,0.0,30.7,EXCELLENT
2026-05-04 18:45:16,25.0,59.9,267.0,0.0,29.0,EXCELLENT
2026-05-04 18:45:18,25.0,60.0,272.0,0.0,30.7,EXCELLENT
2026-05-04 18:45:20,25.0,59.9,263.0,0.0,27.7,EXCELLENT
2026-05-04 18:45:22,25.0,59.9,267.0,0.0,29.0,EXCELLENT
2026-05-04 18:45:24,25.1,59.9,272.0,0.0,30.7,EXCELLENT
2026-05-04 18:45:26,25.0,59.9,272.0,0.0,30.7,EXCELLENT
2026-05-04 18:45:28,25.0,59.9,272.0,0.0,30.7,EXCELLENT
2026-05-04 18:45:30,25.0,59.8,269.0,0.0,29.7,EXCELLENT
2026-05-04 18:45:32,25.0,59.9,272.0,0.0,30.7,EXCELLENT
2026-05-04 18:45:34,25.0,59.9,270.0,0.0,30.0,EXCELLENT
2026-05-04 18:45:36,25.0,59.9,267.0,0.0,29.0,EXCELLENT
2026-05-04 18:45:38,25.0,59.8,258.0,0.0,26.0,EXCELLENT
2026-05-04 18:45:40,25.0,59.8,272.0,0.0,30.7,EXCELLENT
2026-05-04 18:45:42,25.0,59.8,269.0,0.0,29.7,EXCELLENT
2026-05-04 18:45:44,25.0,59.7,267.0,0.0,29.0,EXCELLENT
2026-05-04 18:45:46,25.0,59.7,265.0,0.0,28.3,EXCELLENT
2026-05-04 18:45:48,25.0,59.7,272.0,0.0,30.7,EXCELLENT
2026-05-04 18:45:50,25.0,59.7,273.0,0.0,31.0,EXCELLENT
2026-05-04 18:45:52,25.0,59.7,267.0,0.0,29.0,EXCELLENT
2026-05-04 18:45:54,25.0,59.7,272.0,0.0,30.7,EXCELLENT
2026-05-04 18:45:56,25.0,59.7,270.0,0.0,30.0,EXCELLENT
2026-05-04 18:45:58,25.0,59.7,267.0,0.0,29.0,EXCELLENT
2026-05-04 18:46:00,25.0,59.8,272.0,0.0,30.7,EXCELLENT
2026-05-04 18:46:02,25.0,59.7,272.0,0.0,30.7,EXCELLENT
2026-05-04 18:46:04,25.0,59.7,260.0,0.0,26.7,EXCELLENT
2026-05-04 18:46:06,25.1,59.6,270.0,0.0,30.0,EXCELLENT
2026-05-04 18:46:08,25.0,59.6,269.0,0.0,29.7,EXCELLENT
2026-05-04 18:46:10,25.0,59.5,272.0,0.0,30.7,EXCELLENT
2026-05-04 18:46:12,25.0,59.4,273.0,0.0,31.0,EXCELLENT
2026-05-04 18:46:14,25.0,59.5,271.0,0.0,30.3,EXCELLENT
2026-05-04 18:46:16,25.0,59.4,267.0,0.0,29.0,EXCELLENT
2026-05-04 18:46:18,25.0,59.3,270.0,0.0,30.0,EXCELLENT
2026-05-04 18:46:20,25.0,59.3,271.0,0.0,30.3,EXCELLENT
2026-05-04 18:46:22,25.0,59.4,272.0,0.0,30.7,EXCELLENT
2026-05-04 18:46:24,25.0,59.4,267.0,0.0,29.0,EXCELLENT
2026-05-04 18:46:26,25.0,59.5,256.0,0.0,25.3,EXCELLENT
2026-05-04 18:46:28,25.0,59.5,267.0,0.0,29.0,EXCELLENT
2026-05-04 18:46:30,25.0,59.5,259.0,0.0,26.3,EXCELLENT
2026-05-04 18:46:32,25.0,59.4,272.0,0.0,30.7,EXCELLENT
2026-05-04 18:46:34,25.0,59.3,266.0,0.0,28.7,EXCELLENT
2026-05-04 18:46:36,25.0,59.3,271.0,0.0,30.3,EXCELLENT
2026-05-04 18:46:38,25.0,59.2,269.0,0.0,29.7,EXCELLENT
2026-05-04 18:46:40,25.0,59.1,267.0,0.0,29.0,EXCELLENT
2026-05-04 18:46:42,25.0,59.1,258.0,0.0,26.0,EXCELLENT
2026-05-04 18:46:44,25.0,59.1,265.0,0.0,28.3,EXCELLENT
2026-05-04 18:46:46,25.0,59.1,266.0,0.0,28.7,EXCELLENT
2026-05-04 18:46:48,25.0,59.1,267.0,0.0,29.0,EXCELLENT
2026-05-04 18:46:50,25.0,59.0,266.0,0.0,28.7,EXCELLENT
2026-05-04 18:46:52,25.0,59.0,265.0,0.0,28.3,EXCELLENT
2026-05-04 18:46:54,25.0,59.0,267.0,0.0,29.0,EXCELLENT
2026-05-04 18:46:56,25.0,59.0,272.0,0.0,30.7,EXCELLENT
2026-05-04 18:46:58,25.0,59.0,269.0,0.0,29.7,EXCELLENT
2026-05-04 18:47:00,25.0,58.9,269.0,0.0,29.7,EXCELLENT
2026-05-04 18:47:02,25.0,59.0,272.0,0.0,30.7,EXCELLENT
2026-05-04 18:47:04,25.0,59.0,266.0,0.0,28.7,EXCELLENT
2026-05-04 18:47:06,25.0,59.0,272.0,0.0,30.7,EXCELLENT
2026-05-04 18:47:08,25.0,59.0,267.0,0.0,29.0,EXCELLENT
2026-05-04 18:47:10,25.0,59.0,272.0,0.0,30.7,EXCELLENT
2026-05-04 18:47:12,25.0,58.9,263.0,0.0,27.7,EXCELLENT
2026-05-04 18:47:14,25.0,59.0,271.0,0.0,30.3,EXCELLENT
2026-05-04 18:47:16,25.0,58.9,272.0,0.0,30.7,EXCELLENT
2026-05-04 18:47:18,25.0,58.8,269.0,0.0,29.7,EXCELLENT
2026-05-04 18:47:20,25.0,58.8,269.0,0.0,29.7,EXCELLENT
2026-05-04 18:47:22,25.0,58.8,264.0,0.0,28.0,EXCELLENT
2026-05-04 18:47:24,25.0,58.7,271.0,0.0,30.3,EXCELLENT
2026-05-04 18:47:26,25.0,58.8,266.0,0.0,28.7,EXCELLENT
2026-05-04 18:47:28,25.0,58.8,269.0,0.0,29.7,EXCELLENT
2026-05-04 18:47:30,25.0,58.8,271.0,0.0,30.3,EXCELLENT
2026-05-04 18:47:32,25.0,58.8,262.0,0.0,27.3,EXCELLENT
2026-05-04 18:47:34,24.9,58.8,265.0,0.0,28.3,EXCELLENT
2026-05-04 18:47:36,24.9,58.7,272.0,0.0,30.7,EXCELLENT
2026-05-04 18:47:38,25.0,58.7,267.0,0.0,29.0,EXCELLENT
2026-05-04 18:47:40,25.0,58.7,260.0,0.0,26.7,EXCELLENT
2026-05-04 18:47:42,25.0,58.7,269.0,0.0,29.7,EXCELLENT
2026-05-04 18:47:44,25.0,58.6,261.0,0.0,27.0,EXCELLENT
2026-05-04 18:47:46,25.0,58.7,272.0,0.0,30.7,EXCELLENT
2026-05-04 18:47:48,25.0,58.7,262.0,0.0,27.3,EXCELLENT
2026-05-04 18:47:50,24.9,58.7,272.0,0.0,30.7,EXCELLENT
2026-05-04 18:47:52,25.0,58.7,267.0,0.0,29.0,EXCELLENT
2026-05-04 18:47:54,25.0,58.7,264.0,0.0,28.0,EXCELLENT
2026-05-04 18:47:56,25.0,58.7,266.0,0.0,28.7,EXCELLENT
2026-05-04 18:47:58,25.0,58.6,266.0,0.0,28.7,EXCELLENT
2026-05-04 18:48:00,25.0,58.6,267.0,0.0,29.0,EXCELLENT
2026-05-04 18:48:02,24.9,58.6,264.0,0.0,28.0,EXCELLENT
2026-05-04 18:48:04,25.0,58.6,262.0,0.0,27.3,EXCELLENT
2026-05-04 18:48:06,24.9,58.6,259.0,0.0,26.3,EXCELLENT
2026-05-04 18:48:08,24.9,58.6,267.0,0.0,29.0,EXCELLENT
2026-05-04 18:48:10,25.0,58.6,270.0,0.0,30.0,EXCELLENT
2026-05-04 18:48:12,24.9,58.6,269.0,0.0,29.7,EXCELLENT
2026-05-04 18:48:14,25.0,58.5,256.0,0.0,25.3,EXCELLENT
2026-05-04 18:48:16,24.9,58.4,263.0,0.0,27.7,EXCELLENT
2026-05-04 18:48:18,24.9,58.4,268.0,0.0,29.3,EXCELLENT
2026-05-04 18:48:20,24.9,58.3,258.0,0.0,26.0,EXCELLENT
2026-05-04 18:48:22,24.9,58.3,268.0,0.0,29.3,EXCELLENT
2026-05-04 18:48:24,24.9,58.3,263.0,0.0,27.7,EXCELLENT
2026-05-04 18:48:26,24.9,58.3,271.0,0.0,30.3,EXCELLENT
2026-05-04 18:48:28,24.9,58.4,255.0,0.0,25.0,EXCELLENT
2026-05-04 18:48:30,24.9,58.5,266.0,0.0,28.7,EXCELLENT
2026-05-04 18:48:32,24.9,58.4,260.0,0.0,26.7,EXCELLENT
2026-05-04 18:48:34,24.9,58.5,268.0,0.0,29.3,EXCELLENT
2026-05-04 18:48:36,24.9,58.4,268.0,0.0,29.3,EXCELLENT
2026-05-04 18:48:38,24.9,58.6,265.0,0.0,28.3,EXCELLENT
2026-05-04 18:48:40,24.9,58.5,262.0,0.0,27.3,EXCELLENT
2026-05-04 18:48:42,24.9,58.4,266.0,0.0,28.7,EXCELLENT
2026-05-04 18:48:44,24.9,58.4,268.0,0.0,29.3,EXCELLENT
2026-05-04 18:48:46,24.9,58.5,269.0,0.0,29.7,EXCELLENT
2026-05-04 18:48:48,24.9,58.4,267.0,0.0,29.0,EXCELLENT
2026-05-04 18:48:50,24.9,58.4,258.0,0.0,26.0,EXCELLENT
2026-05-04 18:48:52,24.9,58.4,265.0,0.0,28.3,EXCELLENT
2026-05-04 18:48:54,24.9,58.4,256.0,0.0,25.3,EXCELLENT
2026-05-04 18:48:56,24.9,58.4,260.0,0.0,26.7,EXCELLENT
2026-05-04 18:48:58,24.9,58.3,271.0,0.0,30.3,EXCELLENT
2026-05-04 18:49:00,24.9,58.3,263.0,0.0,27.7,EXCELLENT
2026-05-04 18:49:02,24.9,58.2,267.0,0.0,29.0,EXCELLENT
2026-05-04 18:49:04,24.9,58.2,267.0,0.0,29.0,EXCELLENT
2026-05-04 18:49:06,24.9,58.1,261.0,0.0,27.0,EXCELLENT
2026-05-04 18:49:08,24.9,58.1,266.0,0.0,28.7,EXCELLENT
2026-05-04 18:49:10,24.9,58.0,269.0,0.0,29.7,EXCELLENT
2026-05-04 18:49:12,24.9,58.0,256.0,0.0,25.3,EXCELLENT
2026-05-04 18:49:14,24.9,58.0,266.0,0.0,28.7,EXCELLENT
2026-05-04 18:49:16,24.9,58.0,266.0,0.0,28.7,EXCELLENT
2026-05-04 18:49:18,24.9,58.0,262.0,0.0,27.3,EXCELLENT
2026-05-04 18:49:20,24.9,58.0,269.0,0.0,29.7,EXCELLENT
2026-05-04 18:49:22,24.9,58.1,266.0,0.0,28.7,EXCELLENT
2026-05-04 18:49:24,24.9,58.1,267.0,0.0,29.0,EXCELLENT
2026-05-04 18:49:26,24.9,58.0,263.0,0.0,27.7,EXCELLENT
2026-05-04 18:49:28,24.9,58.0,269.0,0.0,29.7,EXCELLENT
2026-05-04 18:49:30,24.9,58.0,260.0,0.0,26.7,EXCELLENT
2026-05-04 18:49:32,24.9,58.0,259.0,0.0,26.3,EXCELLENT
2026-05-04 18:49:34,24.9,58.0,271.0,0.0,30.3,EXCELLENT
2026-05-04 18:49:36,24.9,58.0,261.0,0.0,27.0,EXCELLENT
2026-05-04 18:49:38,24.9,58.0,269.0,0.0,29.7,EXCELLENT
2026-05-04 18:49:40,24.9,58.0,268.0,0.0,29.3,EXCELLENT
2026-05-04 18:49:42,24.9,57.9,257.0,0.0,25.7,EXCELLENT
2026-05-04 18:49:44,24.9,58.0,260.0,0.0,26.7,EXCELLENT
2026-05-04 18:49:46,24.9,58.0,261.0,0.0,27.0,EXCELLENT
2026-05-04 18:49:48,24.9,57.9,259.0,0.0,26.3,EXCELLENT
2026-05-04 18:49:50,24.9,57.9,265.0,0.0,28.3,EXCELLENT
2026-05-04 18:49:52,24.9,57.9,270.0,0.0,30.0,EXCELLENT
2026-05-04 18:49:54,24.9,57.9,268.0,0.0,29.3,EXCELLENT
2026-05-04 18:49:56,24.9,57.9,259.0,0.0,26.3,EXCELLENT
2026-05-04 18:49:58,24.9,57.8,261.0,0.0,27.0,EXCELLENT
2026-05-04 18:50:00,24.9,57.8,264.0,0.0,28.0,EXCELLENT
2026-05-04 18:50:02,24.9,57.8,265.0,0.0,28.3,EXCELLENT
2026-05-04 18:50:04,24.9,57.8,261.0,0.0,27.0,EXCELLENT
2026-05-04 18:50:06,24.8,57.7,267.0,0.0,29.0,EXCELLENT
2026-05-04 18:50:08,24.9,57.7,268.0,0.0,29.3,EXCELLENT
2026-05-04 18:50:10,24.9,57.6,256.0,0.0,25.3,EXCELLENT
2026-05-04 18:50:12,24.9,57.7,263.0,0.0,27.7,EXCELLENT
2026-05-04 18:50:14,24.9,57.7,263.0,0.0,27.7,EXCELLENT
2026-05-04 18:50:16,24.9,57.7,270.0,0.0,30.0,EXCELLENT
2026-05-04 18:50:18,24.9,57.7,265.0,0.0,28.3,EXCELLENT
2026-05-04 18:50:20,24.9,57.7,267.0,0.0,29.0,EXCELLENT
2026-05-04 18:50:22,24.9,57.6,271.0,0.0,30.3,EXCELLENT
2026-05-04 18:50:24,24.9,57.7,265.0,0.0,28.3,EXCELLENT
2026-05-04 18:50:26,24.9,57.6,257.0,0.0,25.7,EXCELLENT
2026-05-04 18:50:28,24.9,57.6,259.0,0.0,26.3,EXCELLENT
2026-05-04 18:50:30,24.8,57.6,255.0,0.0,25.0,EXCELLENT
2026-05-04 18:50:32,24.8,57.6,257.0,0.0,25.7,EXCELLENT
2026-05-04 18:50:34,24.9,57.6,262.0,0.0,27.3,EXCELLENT
2026-05-04 18:50:36,24.9,57.6,261.0,0.0,27.0,EXCELLENT
2026-05-04 18:50:38,24.9,57.6,257.0,0.0,25.7,EXCELLENT
2026-05-04 18:50:40,24.9,57.6,266.0,0.0,28.7,EXCELLENT
2026-05-04 18:50:42,24.9,57.7,269.0,0.0,29.7,EXCELLENT
2026-05-04 18:50:44,24.8,57.6,264.0,0.0,28.0,EXCELLENT
2026-05-04 18:50:46,24.8,57.7,261.0,0.0,27.0,EXCELLENT
2026-05-04 18:50:48,24.9,57.6,267.0,0.0,29.0,EXCELLENT
2026-05-04 18:50:50,24.8,57.6,255.0,0.0,25.0,EXCELLENT
2026-05-04 18:50:52,24.8,57.6,266.0,0.0,28.7,EXCELLENT
2026-05-04 18:50:54,24.8,57.6,262.0,0.0,27.3,EXCELLENT
2026-05-04 18:50:56,24.8,57.6,259.0,0.0,26.3,EXCELLENT
2026-05-04 18:50:58,24.8,57.6,259.0,0.0,26.3,EXCELLENT
2026-05-04 18:51:00,24.8,57.5,254.0,0.0,24.7,EXCELLENT
2026-05-04 18:51:02,24.8,57.6,268.0,0.0,29.3,EXCELLENT
2026-05-04 18:51:04,24.8,57.5,269.0,0.0,29.7,EXCELLENT
2026-05-04 18:51:06,24.8,57.5,269.0,0.0,29.7,EXCELLENT
2026-05-04 18:51:08,24.9,57.5,267.0,0.0,29.0,EXCELLENT
2026-05-04 18:51:10,24.8,57.4,262.0,0.0,27.3,EXCELLENT
2026-05-04 18:51:12,24.9,57.5,259.0,0.0,26.3,EXCELLENT
2026-05-04 18:51:14,24.8,57.5,269.0,0.0,29.7,EXCELLENT
2026-05-04 18:51:16,24.8,57.3,258.0,0.0,26.0,EXCELLENT
2026-05-04 18:51:18,24.8,57.4,259.0,0.0,26.3,EXCELLENT
2026-05-04 18:51:20,24.8,57.5,257.0,0.0,25.7,EXCELLENT
2026-05-04 18:51:22,24.8,57.4,261.0,0.0,27.0,EXCELLENT
2026-05-04 18:51:24,24.8,57.4,257.0,0.0,25.7,EXCELLENT
2026-05-04 18:51:26,24.8,57.4,267.0,0.0,29.0,EXCELLENT
2026-05-04 18:51:28,24.8,57.4,262.0,0.0,27.3,EXCELLENT
2026-05-04 18:51:30,24.8,57.4,263.0,0.0,27.7,EXCELLENT
2026-05-04 18:51:32,24.8,57.3,259.0,0.0,26.3,EXCELLENT
2026-05-04 18:51:34,24.9,57.4,267.0,0.0,29.0,EXCELLENT
2026-05-04 18:51:36,24.8,57.3,267.0,0.0,29.0,EXCELLENT
2026-05-04 18:51:38,24.8,57.3,260.0,0.0,26.7,EXCELLENT
2026-05-04 18:51:40,24.8,57.3,257.0,0.0,25.7,EXCELLENT
2026-05-04 18:51:42,24.8,57.3,263.0,0.0,27.7,EXCELLENT
2026-05-04 18:51:44,24.8,57.2,258.0,0.0,26.0,EXCELLENT
2026-05-04 18:51:46,24.8,57.2,262.0,0.0,27.3,EXCELLENT
2026-05-04 18:51:48,24.8,57.2,266.0,0.0,28.7,EXCELLENT
2026-05-04 18:51:50,24.8,57.1,266.0,0.0,28.7,EXCELLENT
2026-05-04 18:51:52,24.8,57.1,256.0,0.0,25.3,EXCELLENT
2026-05-04 18:51:54,24.8,57.1,263.0,0.0,27.7,EXCELLENT
2026-05-04 18:51:56,24.8,57.2,258.0,0.0,26.0,EXCELLENT
2026-05-04 18:51:58,24.8,57.2,262.0,0.0,27.3,EXCELLENT
2026-05-04 18:52:00,24.8,57.2,258.0,0.0,26.0,EXCELLENT
2026-05-04 18:52:02,24.8,57.2,261.0,0.0,27.0,EXCELLENT
2026-05-04 18:52:04,24.8,57.1,261.0,0.0,27.0,EXCELLENT
2026-05-04 18:52:06,24.8,57.2,258.0,0.0,26.0,EXCELLENT
2026-05-04 18:52:08,24.8,57.2,264.0,0.0,28.0,EXCELLENT
2026-05-04 18:52:10,24.8,57.2,265.0,0.0,28.3,EXCELLENT
2026-05-04 18:52:12,24.8,57.2,259.0,0.0,26.3,EXCELLENT
2026-05-04 18:52:14,24.8,57.2,256.0,0.0,25.3,EXCELLENT
2026-05-04 18:52:16,24.8,57.2,262.0,0.0,27.3,EXCELLENT
2026-05-04 18:52:18,24.8,57.2,261.0,0.0,27.0,EXCELLENT
2026-05-04 18:52:20,24.8,57.2,259.0,0.0,26.3,EXCELLENT
2026-05-04 18:52:22,24.8,57.2,265.0,0.0,28.3,EXCELLENT
2026-05-04 18:52:24,24.8,57.2,261.0,0.0,27.0,EXCELLENT
2026-05-04 18:52:26,24.8,57.1,263.0,0.0,27.7,EXCELLENT
2026-05-04 18:52:28,24.8,57.2,263.0,0.0,27.7,EXCELLENT
2026-05-04 18:52:30,24.8,57.1,259.0,0.0,26.3,EXCELLENT
2026-05-04 18:52:32,24.8,57.1,256.0,0.0,25.3,EXCELLENT
2026-05-04 18:52:34,24.8,57.1,258.0,0.0,26.0,EXCELLENT
2026-05-04 18:52:36,24.8,57.1,260.0,0.0,26.7,EXCELLENT
2026-05-04 18:52:38,24.8,57.1,266.0,0.0,28.7,EXCELLENT
2026-05-04 18:52:40,24.8,57.1,262.0,0.0,27.3,EXCELLENT
2026-05-04 18:52:42,24.8,57.1,261.0,0.0,27.0,EXCELLENT
2026-05-04 18:52:44,24.8,57.1,260.0,0.0,26.7,EXCELLENT
2026-05-04 18:52:46,24.8,57.1,256.0,0.0,25.3,EXCELLENT
2026-05-04 18:52:48,24.8,57.1,257.0,0.0,25.7,EXCELLENT
2026-05-04 18:52:50,24.8,57.1,261.0,0.0,27.0,EXCELLENT
2026-05-04 18:52:52,24.8,57.1,263.0,0.0,27.7,EXCELLENT
2026-05-04 18:52:54,24.8,57.1,266.0,0.0,28.7,EXCELLENT
2026-05-04 18:52:56,24.8,57.1,268.0,0.0,29.3,EXCELLENT
2026-05-04 18:52:58,24.8,57.1,259.0,0.0,26.3,EXCELLENT
2026-05-04 18:53:00,24.8,57.1,257.0,0.0,25.7,EXCELLENT
2026-05-04 18:53:02,24.8,57.1,256.0,0.0,25.3,EXCELLENT
2026-05-04 18:53:04,24.8,57.1,258.0,0.0,26.0,EXCELLENT
2026-05-04 18:53:06,24.8,57.1,260.0,0.0,26.7,EXCELLENT
2026-05-04 18:53:08,24.8,57.0,261.0,0.0,27.0,EXCELLENT
2026-05-04 18:53:10,24.8,57.1,261.0,0.0,27.0,EXCELLENT
2026-05-04 18:53:12,24.8,57.0,258.0,0.0,26.0,EXCELLENT
2026-05-04 18:53:14,24.8,56.9,260.0,0.0,26.7,EXCELLENT
2026-05-04 18:53:16,24.8,57.0,258.0,0.0,26.0,EXCELLENT
2026-05-04 18:53:18,24.8,57.0,257.0,0.0,25.7,EXCELLENT
2026-05-04 18:53:20,24.8,56.9,256.0,0.0,25.3,EXCELLENT
2026-05-04 18:53:22,24.8,57.0,254.0,0.0,24.7,EXCELLENT
2026-05-04 18:53:24,24.8,57.0,259.0,0.0,26.3,EXCELLENT
2026-05-04 18:53:26,24.8,56.9,265.0,0.0,28.3,EXCELLENT
2026-05-04 18:53:28,24.8,56.9,253.0,0.0,24.3,EXCELLENT
2026-05-04 18:53:30,24.8,56.9,254.0,0.0,24.7,EXCELLENT
2026-05-04 18:53:32,24.8,56.8,257.0,0.0,25.7,EXCELLENT
2026-05-04 18:53:34,24.8,56.8,259.0,0.0,26.3,EXCELLENT
2026-05-04 18:53:36,24.8,56.9,266.0,0.0,28.7,EXCELLENT
2026-05-04 18:53:38,24.8,56.8,266.0,0.0,28.7,EXCELLENT
2026-05-04 18:53:40,24.8,56.8,265.0,0.0,28.3,EXCELLENT
2026-05-04 18:53:42,24.8,56.8,263.0,0.0,27.7,EXCELLENT
2026-05-04 18:53:44,24.8,56.7,256.0,0.0,25.3,EXCELLENT
2026-05-04 18:53:46,24.8,56.7,256.0,0.0,25.3,EXCELLENT
2026-05-04 18:53:48,24.8,56.7,257.0,0.0,25.7,EXCELLENT
2026-05-04 18:53:50,24.8,56.8,264.0,0.0,28.0,EXCELLENT
2026-05-04 18:53:52,24.8,56.8,265.0,0.0,28.3,EXCELLENT
2026-05-04 18:53:54,24.8,56.7,268.0,0.0,29.3,EXCELLENT
2026-05-04 18:53:56,24.8,56.8,257.0,0.0,25.7,EXCELLENT
2026-05-04 18:53:58,24.8,56.8,262.0,0.0,27.3,EXCELLENT
2026-05-04 18:54:00,24.8,56.9,259.0,0.0,26.3,EXCELLENT
2026-05-04 18:54:02,24.8,56.9,260.0,0.0,26.7,EXCELLENT
2026-05-04 18:54:04,24.8,56.9,256.0,0.0,25.3,EXCELLENT
2026-05-04 18:54:06,24.8,56.8,259.0,0.0,26.3,EXCELLENT
2026-05-04 18:54:08,24.8,56.8,251.0,0.0,23.7,EXCELLENT
2026-05-04 18:54:10,24.8,56.9,266.0,0.0,28.7,EXCELLENT
2026-05-04 18:54:12,24.8,56.9,247.0,0.0,22.3,EXCELLENT
2026-05-04 18:54:14,24.8,56.8,262.0,0.0,27.3,EXCELLENT
2026-05-04 18:54:16,24.8,56.9,253.0,0.0,24.3,EXCELLENT
2026-05-04 18:54:18,24.8,56.9,258.0,0.0,26.0,EXCELLENT
2026-05-04 18:54:20,24.8,57.0,259.0,0.0,26.3,EXCELLENT
2026-05-04 18:54:22,24.8,56.9,261.0,0.0,27.0,EXCELLENT
2026-05-04 18:54:24,24.8,56.9,260.0,0.0,26.7,EXCELLENT
2026-05-04 18:54:26,24.8,56.8,260.0,0.0,26.7,EXCELLENT
2026-05-04 18:54:28,24.8,56.8,265.0,0.0,28.3,EXCELLENT
2026-05-04 18:54:30,24.8,56.8,256.0,0.0,25.3,EXCELLENT
2026-05-04 18:54:32,24.8,56.9,260.0,0.0,26.7,EXCELLENT
2026-05-04 18:54:34,24.8,56.9,251.0,0.0,23.7,EXCELLENT
2026-05-04 18:54:36,24.8,56.8,262.0,0.0,27.3,EXCELLENT
2026-05-04 18:54:38,24.8,56.8,258.0,0.0,26.0,EXCELLENT
2026-05-04 18:54:40,24.8,56.9,260.0,0.0,26.7,EXCELLENT
2026-05-04 18:54:42,24.8,57.1,265.0,0.0,28.3,EXCELLENT
2026-05-04 18:54:44,24.8,57.1,256.0,0.0,25.3,EXCELLENT
2026-05-04 18:54:46,24.8,57.1,257.0,0.0,25.7,EXCELLENT
2026-05-04 18:54:48,24.7,57.1,258.0,0.0,26.0,EXCELLENT
2026-05-04 18:54:50,24.8,57.3,260.0,0.0,26.7,EXCELLENT
2026-05-04 18:54:52,24.8,57.3,265.0,0.0,28.3,EXCELLENT
2026-05-04 18:54:54,24.8,57.4,256.0,0.0,25.3,EXCELLENT
2026-05-04 18:54:56,24.8,57.5,256.0,0.0,25.3,EXCELLENT
2026-05-04 18:54:58,24.8,57.7,259.0,0.0,26.3,EXCELLENT
2026-05-04 18:55:00,24.8,57.8,260.0,0.0,26.7,EXCELLENT
2026-05-04 18:55:02,24.8,57.8,262.0,0.0,27.3,EXCELLENT
2026-05-04 18:55:04,24.8,57.9,258.0,0.0,26.0,EXCELLENT
2026-05-04 18:55:06,24.8,58.1,257.0,0.0,25.7,EXCELLENT
2026-05-04 18:55:08,24.8,58.2,259.0,0.0,26.3,EXCELLENT
2026-05-04 18:55:10,24.7,58.4,267.0,0.0,29.0,EXCELLENT
2026-05-04 18:55:12,24.7,58.6,263.0,0.0,27.7,EXCELLENT
2026-05-04 18:55:14,24.7,58.6,267.0,0.0,29.0,EXCELLENT
2026-05-04 18:55:16,24.8,58.7,258.0,0.0,26.0,EXCELLENT
2026-05-04 18:55:18,24.7,59.0,265.0,0.0,28.3,EXCELLENT
2026-05-04 18:55:20,24.8,59.0,263.0,0.0,27.7,EXCELLENT
2026-05-04 18:55:22,24.8,58.9,258.0,0.0,26.0,EXCELLENT
2026-05-04 18:55:24,24.7,59.1,260.0,0.0,26.7,EXCELLENT
2026-05-04 18:55:26,24.8,59.2,263.0,0.0,27.7,EXCELLENT
2026-05-04 18:55:28,24.8,59.2,265.0,0.0,28.3,EXCELLENT
2026-05-04 18:55:30,24.8,59.3,263.0,0.0,27.7,EXCELLENT
2026-05-04 18:55:32,24.8,59.4,261.0,0.0,27.0,EXCELLENT
2026-05-04 18:55:34,24.8,59.5,266.0,0.0,28.7,EXCELLENT
2026-05-04 18:55:36,24.8,59.5,261.0,0.0,27.0,EXCELLENT
2026-05-04 18:55:38,24.8,59.6,268.0,0.0,29.3,EXCELLENT
2026-05-04 18:55:40,24.8,59.7,259.0,0.0,26.3,EXCELLENT
2026-05-04 18:55:42,24.8,59.8,270.0,0.0,30.0,EXCELLENT
2026-05-04 18:55:44,24.8,59.7,270.0,0.0,30.0,EXCELLENT
2026-05-04 18:55:46,24.8,59.8,270.0,0.0,30.0,EXCELLENT
2026-05-04 18:55:48,24.8,59.9,272.0,0.0,30.7,EXCELLENT
2026-05-04 18:55:50,24.8,59.9,265.0,0.0,28.3,EXCELLENT
2026-05-04 18:55:52,24.8,60.0,269.0,0.0,29.7,EXCELLENT
2026-05-04 18:55:54,24.8,60.1,261.0,0.0,27.0,EXCELLENT
2026-05-04 18:55:56,24.8,60.2,268.0,0.0,29.3,EXCELLENT
2026-05-04 18:55:58,24.8,60.2,266.0,0.0,28.7,EXCELLENT
2026-05-04 18:56:00,24.8,60.2,263.0,0.0,27.7,EXCELLENT
2026-05-04 18:56:02,24.8,60.3,267.0,0.0,29.0,EXCELLENT
2026-05-04 18:56:04,24.8,60.3,264.0,0.0,28.0,EXCELLENT
2026-05-04 18:56:06,24.8,60.4,266.0,0.0,28.7,EXCELLENT
2026-05-04 18:56:08,24.8,60.4,266.0,0.0,28.7,EXCELLENT
2026-05-04 18:56:10,24.8,60.5,256.0,0.0,25.3,EXCELLENT
2026-05-04 18:56:12,24.8,60.5,262.0,0.0,27.3,EXCELLENT
2026-05-04 18:56:14,24.9,60.5,266.0,0.0,28.7,EXCELLENT
2026-05-04 18:56:16,24.8,60.7,262.0,0.0,27.3,EXCELLENT
2026-05-04 18:56:18,24.9,60.8,269.0,0.0,29.7,EXCELLENT
2026-05-04 18:56:20,24.9,60.8,265.0,0.0,28.3,EXCELLENT
2026-05-04 18:56:22,24.9,61.0,265.0,0.0,28.3,EXCELLENT
2026-05-04 18:56:24,24.9,61.0,267.0,0.0,29.0,EXCELLENT
2026-05-04 18:56:26,24.9,61.1,272.0,0.0,30.7,EXCELLENT
2026-05-04 18:56:28,24.9,61.1,270.0,0.0,30.0,EXCELLENT
2026-05-04 18:56:30,24.9,61.1,272.0,0.0,30.7,EXCELLENT
2026-05-04 18:56:32,24.9,61.2,268.0,0.0,29.3,EXCELLENT
2026-05-04 18:56:34,24.9,61.2,271.0,0.0,30.3,EXCELLENT
2026-05-04 18:56:36,24.9,61.2,268.0,0.0,29.3,EXCELLENT
2026-05-04 18:56:38,24.9,61.3,265.0,0.0,28.3,EXCELLENT
2026-05-04 18:56:40,24.9,61.3,268.0,0.0,29.3,EXCELLENT
2026-05-04 18:56:42,24.9,61.3,261.0,0.0,27.0,EXCELLENT
2026-05-04 18:56:44,24.9,61.3,273.0,0.0,31.0,EXCELLENT
2026-05-04 18:56:46,24.9,61.4,263.0,0.0,27.7,EXCELLENT
2026-05-04 18:56:48,24.9,61.5,273.0,0.0,31.0,EXCELLENT
2026-05-04 18:56:50,24.9,61.6,272.0,0.0,30.7,EXCELLENT
2026-05-04 18:56:52,24.9,61.5,272.0,0.0,30.7,EXCELLENT
2026-05-04 18:56:54,24.9,61.5,272.0,0.0,30.7,EXCELLENT
2026-05-04 18:56:56,24.9,61.6,272.0,0.0,30.7,EXCELLENT
2026-05-04 18:56:58,24.9,61.6,264.0,0.0,28.0,EXCELLENT
2026-05-04 18:57:00,24.9,61.6,272.0,0.0,30.7,EXCELLENT
2026-05-04 18:57:02,24.9,61.7,272.0,0.0,30.7,EXCELLENT
2026-05-04 18:57:04,25.0,61.8,272.0,0.0,30.7,EXCELLENT
2026-05-04 18:57:06,25.0,61.9,273.0,0.0,31.0,EXCELLENT
2026-05-04 18:57:08,25.0,62.0,266.0,0.0,28.7,EXCELLENT
2026-05-04 18:57:10,25.0,62.1,271.0,0.0,30.3,EXCELLENT
2026-05-04 18:57:12,25.0,62.2,265.0,0.0,28.3,EXCELLENT
2026-05-04 18:57:14,25.0,62.2,267.0,0.0,29.0,EXCELLENT
2026-05-04 18:57:16,25.0,62.2,268.0,0.0,29.3,EXCELLENT
2026-05-04 18:57:18,25.0,62.2,272.0,0.0,30.7,EXCELLENT
2026-05-04 18:57:20,25.0,62.3,272.0,0.0,30.7,EXCELLENT
2026-05-04 18:57:22,25.0,62.3,265.0,0.0,28.3,EXCELLENT
2026-05-04 18:57:24,25.0,62.4,266.0,0.0,28.7,EXCELLENT
2026-05-04 18:57:26,25.0,62.5,272.0,0.0,30.7,EXCELLENT
2026-05-04 18:57:28,25.0,62.5,268.0,0.0,29.3,EXCELLENT
2026-05-04 18:57:30,25.0,62.6,270.0,0.0,30.0,EXCELLENT
2026-05-04 18:57:32,25.0,62.6,272.0,0.0,30.7,EXCELLENT
2026-05-04 18:57:34,25.0,62.5,270.0,0.0,30.0,EXCELLENT
2026-05-04 18:57:36,25.0,62.6,267.0,0.0,29.0,EXCELLENT
2026-05-04 18:57:38,25.0,62.7,272.0,0.0,30.7,EXCELLENT
2026-05-04 18:57:40,25.0,62.7,272.0,0.0,30.7,EXCELLENT
2026-05-04 18:57:42,25.1,62.8,272.0,0.0,30.7,EXCELLENT
2026-05-04 18:57:44,25.0,62.8,272.0,0.0,30.7,EXCELLENT
2026-05-04 18:57:46,25.0,63.0,270.0,0.0,30.0,EXCELLENT
2026-05-04 18:57:48,25.0,63.0,275.0,0.0,31.7,EXCELLENT
2026-05-04 18:57:50,25.1,63.0,272.0,0.0,30.7,EXCELLENT
2026-05-04 18:57:52,25.0,63.1,272.0,0.0,30.7,EXCELLENT
2026-05-04 18:57:54,25.1,63.2,273.0,0.0,31.0,EXCELLENT
2026-05-04 18:57:56,25.1,63.2,275.0,0.0,31.7,EXCELLENT
2026-05-04 18:57:58,25.1,63.2,266.0,0.0,28.7,EXCELLENT
2026-05-04 18:58:00,25.1,63.2,271.0,0.0,30.3,EXCELLENT
2026-05-04 18:58:02,25.1,63.3,272.0,0.0,30.7,EXCELLENT
2026-05-04 18:58:04,25.1,63.3,274.0,0.0,31.3,EXCELLENT
2026-05-04 18:58:06,25.1,63.3,272.0,0.0,30.7,EXCELLENT
2026-05-04 18:58:08,25.1,63.2,272.0,0.0,30.7,EXCELLENT
2026-05-04 18:58:10,25.1,63.2,272.0,0.0,30.7,EXCELLENT
2026-05-04 18:58:12,25.1,63.2,262.0,0.0,27.3,EXCELLENT
2026-05-04 18:58:14,25.1,63.3,277.0,0.0,32.3,EXCELLENT
2026-05-04 18:58:16,25.1,63.4,273.0,0.0,31.0,EXCELLENT
2026-05-04 18:58:18,25.1,63.4,279.0,0.0,33.0,EXCELLENT
2026-05-04 18:58:20,25.1,63.4,275.0,0.0,31.7,EXCELLENT
2026-05-04 18:58:22,25.1,63.4,272.0,0.0,30.7,EXCELLENT
2026-05-04 18:58:24,25.1,63.5,272.0,0.0,30.7,EXCELLENT
2026-05-04 18:58:26,25.1,63.6,281.0,0.0,33.7,EXCELLENT
2026-05-04 18:58:28,25.2,63.7,273.0,0.0,31.0,EXCELLENT
2026-05-04 18:58:30,25.1,63.7,274.0,0.0,31.3,EXCELLENT
2026-05-04 18:58:32,25.2,63.8,275.0,0.0,31.7,EXCELLENT
2026-05-04 18:58:34,25.1,63.9,276.0,0.0,32.0,EXCELLENT
2026-05-04 18:58:36,25.1,63.8,272.0,0.0,30.7,EXCELLENT
2026-05-04 18:58:38,25.2,63.9,270.0,0.0,30.0,EXCELLENT
2026-05-04 18:58:40,25.2,63.8,277.0,0.0,32.3,EXCELLENT
2026-05-04 18:58:42,25.2,63.9,274.0,0.0,31.3,EXCELLENT
2026-05-04 18:58:44,25.2,64.0,272.0,0.0,30.7,EXCELLENT
2026-05-04 18:58:46,25.2,64.0,275.0,0.0,31.7,EXCELLENT
2026-05-04 18:58:48,25.2,64.1,272.0,0.0,30.7,EXCELLENT
2026-05-04 18:58:50,25.2,64.1,273.0,0.0,31.0,EXCELLENT
2026-05-04 18:58:52,25.2,64.1,275.0,0.0,31.7,EXCELLENT
2026-05-04 18:58:54,25.2,64.1,275.0,0.0,31.7,EXCELLENT
2026-05-04 18:58:56,25.2,64.1,273.0,0.0,31.0,EXCELLENT
2026-05-04 18:58:58,25.2,64.2,272.0,0.0,30.7,EXCELLENT
2026-05-04 18:59:00,25.2,64.5,267.0,0.0,29.0,EXCELLENT
2026-05-04 18:59:02,25.2,64.5,274.0,0.0,31.3,EXCELLENT
2026-05-04 18:59:04,25.3,64.5,274.0,0.0,31.3,EXCELLENT
2026-05-04 18:59:06,25.2,64.6,272.0,0.0,30.7,EXCELLENT
2026-05-04 18:59:08,25.3,64.5,272.0,0.0,30.7,EXCELLENT
2026-05-04 18:59:10,25.3,64.6,277.0,0.0,32.3,EXCELLENT
2026-05-04 18:59:12,25.3,64.7,278.0,0.0,32.7,EXCELLENT
2026-05-04 18:59:14,25.3,64.7,277.0,0.0,32.3,EXCELLENT
2026-05-04 18:59:16,25.2,64.9,274.0,0.0,31.3,EXCELLENT
2026-05-04 18:59:18,25.3,64.9,275.0,0.0,31.7,EXCELLENT
2026-05-04 18:59:20,25.3,64.9,283.0,0.0,34.3,EXCELLENT
2026-05-04 18:59:22,25.3,65.0,273.0,0.0,31.0,EXCELLENT
2026-05-04 18:59:24,25.3,65.0,279.0,0.0,33.0,EXCELLENT
2026-05-04 18:59:26,25.3,65.1,277.0,0.0,32.3,EXCELLENT
2026-05-04 18:59:28,25.3,65.1,275.0,0.0,31.7,EXCELLENT
2026-05-04 18:59:30,25.3,65.1,275.0,0.0,31.7,EXCELLENT
2026-05-04 18:59:32,25.3,65.2,275.0,0.0,31.7,EXCELLENT
2026-05-04 18:59:34,25.3,65.2,275.0,0.0,31.7,EXCELLENT
2026-05-04 18:59:36,25.3,65.2,274.0,0.0,31.3,EXCELLENT
2026-05-04 18:59:38,25.3,65.4,277.0,0.0,32.3,EXCELLENT
2026-05-04 18:59:40,25.3,65.4,277.0,0.0,32.3,EXCELLENT
2026-05-04 18:59:42,25.3,65.5,282.0,0.0,34.0,EXCELLENT
2026-05-04 18:59:44,25.3,65.4,274.0,0.0,31.3,EXCELLENT
2026-05-04 18:59:46,25.3,65.5,285.0,0.0,35.0,EXCELLENT
2026-05-04 18:59:48,25.3,65.4,283.0,0.0,34.3,EXCELLENT
2026-05-04 18:59:50,25.4,65.5,279.0,0.0,33.0,EXCELLENT
2026-05-04 18:59:52,25.3,65.5,278.0,0.0,32.7,EXCELLENT
2026-05-04 18:59:54,25.3,65.5,282.0,0.0,34.0,EXCELLENT
2026-05-04 18:59:56,25.3,65.6,278.0,0.0,32.7,EXCELLENT
2026-05-04 18:59:58,25.3,65.7,278.0,0.0,32.7,EXCELLENT
2026-05-04 19:00:00,25.3,65.7,277.0,0.0,32.3,EXCELLENT
2026-05-04 19:00:02,25.3,65.7,278.0,0.0,32.7,EXCELLENT
2026-05-04 19:00:04,25.3,65.7,279.0,0.0,33.0,EXCELLENT
2026-05-04 19:00:06,25.3,65.7,285.0,0.0,35.0,EXCELLENT
2026-05-04 19:00:08,25.3,65.7,286.0,0.0,35.3,EXCELLENT
2026-05-04 19:00:10,25.3,65.8,282.0,0.0,34.0,EXCELLENT
2026-05-04 19:00:12,25.4,65.8,277.0,0.0,32.3,EXCELLENT
2026-05-04 19:00:14,25.3,65.7,272.0,0.0,30.7,EXCELLENT
2026-05-04 19:00:16,25.3,65.7,284.0,0.0,34.7,EXCELLENT
2026-05-04 19:00:18,25.3,65.8,283.0,0.0,34.3,EXCELLENT
2026-05-04 19:00:20,25.4,65.8,276.0,0.0,32.0,EXCELLENT
2026-05-04 19:00:22,25.3,65.9,281.0,0.0,33.7,EXCELLENT
2026-05-04 19:00:24,25.3,65.9,281.0,0.0,33.7,EXCELLENT
2026-05-04 19:00:26,25.3,65.8,282.0,0.0,34.0,EXCELLENT
2026-05-04 19:00:28,25.3,65.8,278.0,0.0,32.7,EXCELLENT
2026-05-04 19:00:30,25.4,65.8,284.0,0.0,34.7,EXCELLENT
2026-05-04 19:00:32,25.4,65.7,279.0,0.0,33.0,EXCELLENT
2026-05-04 19:00:34,25.4,65.7,282.0,0.0,34.0,EXCELLENT
2026-05-04 19:00:36,25.4,65.7,285.0,0.0,35.0,EXCELLENT
2026-05-04 19:00:38,25.3,65.7,277.0,0.0,32.3,EXCELLENT
2026-05-04 19:00:40,25.3,65.7,275.0,0.0,31.7,EXCELLENT
2026-05-04 19:00:42,25.4,65.7,275.0,0.0,31.7,EXCELLENT
2026-05-04 19:00:44,25.4,65.6,278.0,0.0,32.7,EXCELLENT
2026-05-04 19:00:46,25.3,65.6,283.0,0.0,34.3,EXCELLENT
2026-05-04 19:00:48,25.4,65.6,284.0,0.0,34.7,EXCELLENT
2026-05-04 19:00:50,25.4,65.5,284.0,0.0,34.7,EXCELLENT
2026-05-04 19:00:52,25.4,65.4,285.0,0.0,35.0,EXCELLENT
2026-05-04 19:00:54,25.4,65.4,279.0,0.0,33.0,EXCELLENT
2026-05-04 19:00:56,25.4,65.4,283.0,0.0,34.3,EXCELLENT
2026-05-04 19:00:58,25.4,65.4,277.0,0.0,32.3,EXCELLENT
2026-05-04 19:01:00,25.4,65.4,286.0,0.0,35.3,EXCELLENT
2026-05-04 19:01:02,25.4,65.3,273.0,0.0,31.0,EXCELLENT
2026-05-04 19:01:04,25.4,65.2,286.0,0.0,35.3,EXCELLENT
2026-05-04 19:01:06,25.4,65.2,279.0,0.0,33.0,EXCELLENT
2026-05-04 19:01:08,25.3,65.2,286.0,0.0,35.3,EXCELLENT
2026-05-04 19:01:10,25.4,65.2,277.0,0.0,32.3,EXCELLENT
2026-05-04 19:01:12,25.4,65.1,288.0,0.0,36.0,EXCELLENT
2026-05-04 19:01:14,25.4,65.1,285.0,0.0,35.0,EXCELLENT
2026-05-04 19:01:16,25.4,65.1,279.0,0.0,33.0,EXCELLENT
2026-05-04 19:01:18,25.4,65.0,277.0,0.0,32.3,EXCELLENT
2026-05-04 19:01:20,25.4,64.9,278.0,0.0,32.7,EXCELLENT
2026-05-04 19:01:22,25.4,64.9,277.0,0.0,32.3,EXCELLENT
2026-05-04 19:01:24,25.4,64.8,277.0,0.0,32.3,EXCELLENT
2026-05-04 19:01:26,25.4,64.8,283.0,0.0,34.3,EXCELLENT
2026-05-04 19:01:28,25.4,64.8,278.0,0.0,32.7,EXCELLENT
2026-05-04 19:01:30,25.4,64.8,283.0,0.0,34.3,EXCELLENT
2026-05-04 19:01:32,25.4,64.7,286.0,0.0,35.3,EXCELLENT
2026-05-04 19:01:34,25.4,64.7,283.0,0.0,34.3,EXCELLENT
2026-05-04 19:01:36,25.4,64.7,283.0,0.0,34.3,EXCELLENT
2026-05-04 19:01:38,25.4,64.6,286.0,0.0,35.3,EXCELLENT
2026-05-04 19:01:40,25.4,64.6,282.0,0.0,34.0,EXCELLENT
2026-05-04 19:01:42,25.4,64.5,283.0,0.0,34.3,EXCELLENT
2026-05-04 19:01:44,25.4,64.5,284.0,0.0,34.7,EXCELLENT
2026-05-04 19:01:46,25.3,64.5,282.0,0.0,34.0,EXCELLENT
2026-05-04 19:01:48,25.4,64.4,286.0,0.0,35.3,EXCELLENT
2026-05-04 19:01:50,25.4,64.4,273.0,0.0,31.0,EXCELLENT
2026-05-04 19:01:52,25.4,64.4,277.0,0.0,32.3,EXCELLENT
2026-05-04 19:01:54,25.4,64.3,283.0,0.0,34.3,EXCELLENT
2026-05-04 19:01:56,25.4,64.2,285.0,0.0,35.0,EXCELLENT
2026-05-04 19:01:58,25.3,64.2,284.0,0.0,34.7,EXCELLENT
2026-05-04 19:02:00,25.4,64.1,275.0,0.0,31.7,EXCELLENT
2026-05-04 19:02:02,25.3,64.1,277.0,0.0,32.3,EXCELLENT
2026-05-04 19:02:04,25.4,64.0,279.0,0.0,33.0,EXCELLENT
2026-05-04 19:02:06,25.3,63.9,284.0,0.0,34.7,EXCELLENT
2026-05-04 19:02:08,25.3,63.9,282.0,0.0,34.0,EXCELLENT
2026-05-04 19:02:10,25.4,63.9,275.0,0.0,31.7,EXCELLENT
2026-05-04 19:02:12,25.3,63.8,285.0,0.0,35.0,EXCELLENT
2026-05-04 19:02:14,25.4,63.8,286.0,0.0,35.3,EXCELLENT
2026-05-04 19:02:16,25.4,63.8,272.0,0.0,30.7,EXCELLENT
2026-05-04 19:02:18,25.3,63.7,279.0,0.0,33.0,EXCELLENT
2026-05-04 19:02:20,25.3,63.7,282.0,0.0,34.0,EXCELLENT
2026-05-04 19:02:22,25.3,63.6,284.0,0.0,34.7,EXCELLENT
2026-05-04 19:02:24,25.3,63.6,278.0,0.0,32.7,EXCELLENT
2026-05-04 19:02:26,25.3,63.6,278.0,0.0,32.7,EXCELLENT
2026-05-04 19:02:28,25.3,63.5,274.0,0.0,31.3,EXCELLENT
2026-05-04 19:02:30,25.3,63.6,282.0,0.0,34.0,EXCELLENT
2026-05-04 19:02:32,25.3,63.5,278.0,0.0,32.7,EXCELLENT
2026-05-04 19:02:34,25.3,63.5,279.0,0.0,33.0,EXCELLENT
2026-05-04 19:02:36,25.3,63.5,274.0,0.0,31.3,EXCELLENT
2026-05-04 19:02:38,25.3,63.4,275.0,0.0,31.7,EXCELLENT
2026-05-04 19:02:40,25.3,63.3,283.0,0.0,34.3,EXCELLENT
2026-05-04 19:02:42,25.3,63.4,278.0,0.0,32.7,EXCELLENT
2026-05-04 19:02:44,25.3,63.3,279.0,0.0,33.0,EXCELLENT
2026-05-04 19:02:46,25.3,63.3,275.0,0.0,31.7,EXCELLENT
2026-05-04 19:02:48,25.3,63.3,274.0,0.0,31.3,EXCELLENT
2026-05-04 19:02:50,25.3,63.2,275.0,0.0,31.7,EXCELLENT
2026-05-04 19:02:52,25.3,63.2,283.0,0.0,34.3,EXCELLENT
2026-05-04 19:02:54,25.3,63.2,278.0,0.0,32.7,EXCELLENT
2026-05-04 19:02:56,25.3,63.1,275.0,0.0,31.7,EXCELLENT
2026-05-04 19:02:58,25.3,63.1,273.0,0.0,31.0,EXCELLENT
2026-05-04 19:03:00,25.3,63.0,273.0,0.0,31.0,EXCELLENT
2026-05-04 19:03:02,25.3,62.9,282.0,0.0,34.0,EXCELLENT
2026-05-04 19:03:04,25.3,62.9,272.0,0.0,30.7,EXCELLENT
2026-05-04 19:03:06,25.3,62.8,274.0,0.0,31.3,EXCELLENT
2026-05-04 19:03:08,25.3,62.9,275.0,0.0,31.7,EXCELLENT
2026-05-04 19:03:10,25.3,62.7,282.0,0.0,34.0,EXCELLENT
2026-05-04 19:03:12,25.3,62.7,280.0,0.0,33.3,EXCELLENT
2026-05-04 19:03:14,25.2,62.7,278.0,0.0,32.7,EXCELLENT
2026-05-04 19:03:16,25.2,62.7,276.0,0.0,32.0,EXCELLENT
2026-05-04 19:03:18,25.3,62.7,277.0,0.0,32.3,EXCELLENT
2026-05-04 19:03:20,25.2,62.7,274.0,0.0,31.3,EXCELLENT
2026-05-04 19:03:22,25.3,62.7,281.0,0.0,33.7,EXCELLENT
2026-05-04 19:03:24,25.2,62.8,273.0,0.0,31.0,EXCELLENT
2026-05-04 19:03:26,25.2,62.8,278.0,0.0,32.7,EXCELLENT
2026-05-04 19:03:28,25.3,62.7,279.0,0.0,33.0,EXCELLENT
2026-05-04 19:03:30,25.3,62.6,280.0,0.0,33.3,EXCELLENT
2026-05-04 19:03:32,25.3,62.6,268.0,0.0,29.3,EXCELLENT
2026-05-04 19:03:34,25.2,62.6,274.0,0.0,31.3,EXCELLENT
2026-05-04 19:03:36,25.2,62.5,278.0,0.0,32.7,EXCELLENT
2026-05-04 19:03:38,25.2,62.5,275.0,0.0,31.7,EXCELLENT
2026-05-04 19:03:40,25.2,62.5,275.0,0.0,31.7,EXCELLENT
2026-05-04 19:03:42,25.2,62.4,274.0,0.0,31.3,EXCELLENT
2026-05-04 19:03:44,25.2,62.4,275.0,0.0,31.7,EXCELLENT
2026-05-04 19:03:46,25.2,62.4,277.0,0.0,32.3,EXCELLENT
2026-05-04 19:03:48,25.2,62.4,272.0,0.0,30.7,EXCELLENT
2026-05-04 19:03:50,25.2,62.4,272.0,0.0,30.7,EXCELLENT
2026-05-04 19:03:52,25.2,62.3,272.0,0.0,30.7,EXCELLENT
2026-05-04 19:03:54,25.2,62.3,273.0,0.0,31.0,EXCELLENT
2026-05-04 19:03:56,25.2,62.2,272.0,0.0,30.7,EXCELLENT
2026-05-04 19:03:58,25.2,62.2,273.0,0.0,31.0,EXCELLENT
2026-05-04 19:04:00,25.2,62.2,275.0,0.0,31.7,EXCELLENT
2026-05-04 19:04:02,25.2,62.1,275.0,0.0,31.7,EXCELLENT
2026-05-04 19:04:04,25.2,62.1,273.0,0.0,31.0,EXCELLENT
2026-05-04 19:04:06,25.2,62.1,278.0,0.0,32.7,EXCELLENT
2026-05-04 19:04:08,25.2,62.1,279.0,0.0,33.0,EXCELLENT
2026-05-04 19:04:10,25.2,62.1,272.0,0.0,30.7,EXCELLENT
2026-05-04 19:04:12,25.2,62.1,276.0,0.0,32.0,EXCELLENT
2026-05-04 19:04:14,25.2,62.1,272.0,0.0,30.7,EXCELLENT
2026-05-04 19:04:16,25.2,62.0,275.0,0.0,31.7,EXCELLENT
2026-05-04 19:04:18,25.2,61.9,269.0,0.0,29.7,EXCELLENT
2026-05-04 19:04:20,25.2,62.0,275.0,0.0,31.7,EXCELLENT
2026-05-04 19:04:22,25.2,61.9,275.0,0.0,31.7,EXCELLENT
2026-05-04 19:04:24,25.2,61.9,272.0,0.0,30.7,EXCELLENT
2026-05-04 19:04:26,25.2,61.8,275.0,0.0,31.7,EXCELLENT
2026-05-04 19:04:28,25.2,61.8,283.0,0.0,34.3,EXCELLENT
2026-05-04 19:04:30,25.2,61.7,272.0,0.0,30.7,EXCELLENT
2026-05-04 19:04:32,25.2,61.6,278.0,0.0,32.7,EXCELLENT
2026-05-04 19:04:34,25.2,61.7,274.0,0.0,31.3,EXCELLENT
2026-05-04 19:04:36,25.2,61.7,278.0,0.0,32.7,EXCELLENT
2026-05-04 19:04:38,25.2,61.6,275.0,0.0,31.7,EXCELLENT
2026-05-04 19:04:40,25.2,61.5,271.0,0.0,30.3,EXCELLENT
2026-05-04 19:04:42,25.2,61.4,277.0,0.0,32.3,EXCELLENT
