Time,Temp,Hum,Gas,Motion,AQI,Status
2026-04-29 05:07:03,30.1,77.4,226.0,0.0,15.3,EXCELLENT
2026-04-29 05:07:05,30.1,77.3,225.0,0.0,15.0,EXCELLENT
2026-04-29 05:07:07,30.1,77.2,226.0,0.0,15.3,EXCELLENT
2026-04-29 05:07:09,30.1,77.0,224.0,0.0,14.7,EXCELLENT
2026-04-29 05:07:11,30.2,77.1,226.0,0.0,15.3,EXCELLENT
2026-04-29 05:07:13,30.2,77.1,216.0,0.0,12.0,EXCELLENT
2026-04-29 05:07:15,30.2,76.7,213.0,0.0,11.0,EXCELLENT
2026-04-29 05:07:17,30.3,76.3,218.0,0.0,12.7,EXCELLENT
2026-04-29 05:07:19,30.3,76.0,218.0,0.0,12.7,EXCELLENT
2026-04-29 05:07:21,30.4,75.9,214.0,0.0,11.3,EXCELLENT
2026-04-29 05:07:23,30.4,75.8,208.0,0.0,9.3,EXCELLENT
2026-04-29 05:07:25,30.4,75.7,207.0,0.0,9.0,EXCELLENT
2026-04-29 05:07:27,30.5,75.7,208.0,0.0,9.3,EXCELLENT
2026-04-29 05:07:29,30.5,75.7,209.0,0.0,9.7,EXCELLENT
2026-04-29 05:07:31,30.5,75.7,218.0,0.0,12.7,EXCELLENT
2026-04-29 05:07:33,30.5,75.6,211.0,0.0,10.3,EXCELLENT
2026-04-29 05:07:35,30.6,75.5,215.0,0.0,11.7,EXCELLENT
2026-04-29 05:07:37,30.6,75.4,216.0,0.0,12.0,EXCELLENT
2026-04-29 05:07:39,30.6,75.3,219.0,0.0,13.0,EXCELLENT
2026-04-29 05:07:41,30.6,75.2,208.0,0.0,9.3,EXCELLENT
2026-04-29 05:07:43,30.7,75.2,222.0,0.0,14.0,EXCELLENT
2026-04-29 05:07:45,30.7,75.2,213.0,0.0,11.0,EXCELLENT
2026-04-29 05:07:47,30.7,74.9,215.0,0.0,11.7,EXCELLENT
2026-04-29 05:07:49,30.7,74.7,210.0,0.0,10.0,EXCELLENT
2026-04-29 05:07:51,30.8,74.7,210.0,0.0,10.0,EXCELLENT
2026-04-29 05:07:53,30.8,74.6,208.0,0.0,9.3,EXCELLENT
2026-04-29 05:07:55,30.9,74.6,210.0,0.0,10.0,EXCELLENT
2026-04-29 05:07:57,30.9,74.6,211.0,0.0,10.3,EXCELLENT
2026-04-29 05:07:59,30.9,74.5,215.0,0.0,11.7,EXCELLENT
2026-04-29 05:08:01,30.9,74.5,208.0,0.0,9.3,EXCELLENT
2026-04-29 05:08:03,30.9,74.5,213.0,0.0,11.0,EXCELLENT
2026-04-29 05:08:05,31.0,74.5,211.0,0.0,10.3,EXCELLENT
2026-04-29 05:08:07,31.0,74.4,217.0,0.0,12.3,EXCELLENT
2026-04-29 05:08:09,31.0,74.4,210.0,0.0,10.0,EXCELLENT
2026-04-29 05:08:11,31.0,74.3,208.0,0.0,9.3,EXCELLENT
2026-04-29 05:08:13,31.1,74.2,209.0,0.0,9.7,EXCELLENT
2026-04-29 05:08:15,31.1,74.0,209.0,0.0,9.7,EXCELLENT
2026-04-29 05:08:17,31.1,73.9,212.0,0.0,10.7,EXCELLENT
2026-04-29 05:08:19,31.1,73.8,207.0,0.0,9.0,EXCELLENT
2026-04-29 05:08:21,31.1,73.7,209.0,0.0,9.7,EXCELLENT
2026-04-29 05:08:23,31.1,73.7,215.0,0.0,11.7,EXCELLENT
2026-04-29 05:08:25,31.2,73.7,215.0,0.0,11.7,EXCELLENT
2026-04-29 05:08:27,31.2,73.5,213.0,0.0,11.0,EXCELLENT
2026-04-29 05:08:29,31.2,73.5,208.0,0.0,9.3,EXCELLENT
2026-04-29 05:08:31,31.2,73.3,208.0,0.0,9.3,EXCELLENT
2026-04-29 05:08:33,31.2,73.4,210.0,0.0,10.0,EXCELLENT
2026-04-29 05:08:35,31.3,73.3,211.0,0.0,10.3,EXCELLENT
2026-04-29 05:08:37,31.2,73.3,208.0,0.0,9.3,EXCELLENT
2026-04-29 05:08:39,31.3,73.2,208.0,0.0,9.3,EXCELLENT
2026-04-29 05:08:41,31.3,73.1,202.0,0.0,7.3,EXCELLENT
2026-04-29 05:08:43,31.3,73.0,206.0,0.0,8.7,EXCELLENT
2026-04-29 05:08:45,31.3,72.9,215.0,0.0,11.7,EXCELLENT
2026-04-29 05:08:47,31.3,72.8,205.0,0.0,8.3,EXCELLENT
2026-04-29 05:08:49,31.3,72.7,208.0,0.0,9.3,EXCELLENT
2026-04-29 05:08:51,31.3,72.7,208.0,0.0,9.3,EXCELLENT
2026-04-29 05:08:53,31.4,72.5,208.0,0.0,9.3,EXCELLENT
2026-04-29 05:08:55,31.4,72.3,207.0,0.0,9.0,EXCELLENT
2026-04-29 05:08:57,31.4,72.2,208.0,0.0,9.3,EXCELLENT
2026-04-29 05:08:59,31.4,72.1,208.0,0.0,9.3,EXCELLENT
2026-04-29 05:09:01,31.4,71.7,211.0,0.0,10.3,EXCELLENT
2026-04-29 05:09:03,31.4,71.5,205.0,0.0,8.3,EXCELLENT
2026-04-29 05:09:05,31.5,71.5,197.0,0.0,5.7,EXCELLENT
2026-04-29 05:09:07,31.5,71.4,208.0,0.0,9.3,EXCELLENT
2026-04-29 05:09:09,31.5,71.4,207.0,0.0,9.0,EXCELLENT
2026-04-29 05:09:11,31.5,71.3,208.0,0.0,9.3,EXCELLENT
2026-04-29 05:09:13,31.5,71.3,206.0,0.0,8.7,EXCELLENT
2026-04-29 05:09:15,31.5,71.2,202.0,0.0,7.3,EXCELLENT
2026-04-29 05:09:17,31.5,71.2,211.0,0.0,10.3,EXCELLENT
2026-04-29 05:09:19,31.5,71.1,208.0,0.0,9.3,EXCELLENT
2026-04-29 05:09:21,31.6,71.1,208.0,0.0,9.3,EXCELLENT
2026-04-29 05:09:23,31.6,71.1,208.0,0.0,9.3,EXCELLENT
2026-04-29 05:09:25,31.6,71.0,208.0,0.0,9.3,EXCELLENT
2026-04-29 05:09:27,31.6,70.8,203.0,0.0,7.7,EXCELLENT
2026-04-29 05:09:29,31.6,70.7,195.0,0.0,5.0,EXCELLENT
2026-04-29 05:09:31,31.6,70.7,208.0,0.0,9.3,EXCELLENT
2026-04-29 05:09:33,31.7,70.7,208.0,0.0,9.3,EXCELLENT
2026-04-29 05:09:35,31.7,70.5,201.0,0.0,7.0,EXCELLENT
2026-04-29 05:09:37,31.7,70.4,201.0,0.0,7.0,EXCELLENT
2026-04-29 05:09:39,31.7,70.4,200.0,0.0,6.7,EXCELLENT
2026-04-29 05:09:41,31.7,70.5,205.0,0.0,8.3,EXCELLENT
2026-04-29 05:09:43,31.7,70.4,208.0,0.0,9.3,EXCELLENT
2026-04-29 05:09:45,31.8,70.4,208.0,0.0,9.3,EXCELLENT
2026-04-29 05:09:47,31.8,70.3,199.0,0.0,6.3,EXCELLENT
2026-04-29 05:09:49,31.8,70.5,208.0,0.0,9.3,EXCELLENT
2026-04-29 05:09:51,31.8,70.5,202.0,0.0,7.3,EXCELLENT
2026-04-29 05:09:53,31.8,70.6,206.0,0.0,8.7,EXCELLENT
2026-04-29 05:09:55,31.8,70.6,208.0,0.0,9.3,EXCELLENT
2026-04-29 05:09:57,31.8,70.6,207.0,0.0,9.0,EXCELLENT
2026-04-29 05:09:59,31.9,70.4,203.0,0.0,7.7,EXCELLENT
2026-04-29 05:10:01,31.9,70.4,206.0,0.0,8.7,EXCELLENT
2026-04-29 05:10:03,31.9,70.4,206.0,0.0,8.7,EXCELLENT
2026-04-29 05:10:05,31.9,70.2,206.0,0.0,8.7,EXCELLENT
2026-04-29 05:10:07,31.9,70.2,207.0,0.0,9.0,EXCELLENT
2026-04-29 05:10:09,31.9,70.2,209.0,0.0,9.7,EXCELLENT
2026-04-29 05:10:11,31.9,70.1,207.0,0.0,9.0,EXCELLENT
2026-04-29 05:10:13,31.9,70.0,203.0,0.0,7.7,EXCELLENT
2026-04-29 05:10:15,31.9,70.1,208.0,0.0,9.3,EXCELLENT
2026-04-29 05:10:17,31.9,70.0,197.0,0.0,5.7,EXCELLENT
2026-04-29 05:10:19,32.0,69.9,208.0,0.0,9.3,EXCELLENT
2026-04-29 05:10:21,31.9,70.0,208.0,0.0,9.3,EXCELLENT
2026-04-29 05:10:23,32.0,70.0,207.0,0.0,9.0,EXCELLENT
2026-04-29 05:10:25,32.0,70.0,204.0,0.0,8.0,EXCELLENT
2026-04-29 05:10:27,32.0,70.0,206.0,0.0,8.7,EXCELLENT
2026-04-29 05:10:29,32.0,70.1,208.0,0.0,9.3,EXCELLENT
2026-04-29 05:10:31,32.0,70.1,208.0,0.0,9.3,EXCELLENT
2026-04-29 05:10:33,32.0,70.1,203.0,0.0,7.7,EXCELLENT
2026-04-29 05:10:35,32.0,70.1,208.0,0.0,9.3,EXCELLENT
2026-04-29 05:10:37,32.0,70.1,209.0,0.0,9.7,EXCELLENT
2026-04-29 05:10:39,32.1,70.1,208.0,0.0,9.3,EXCELLENT
2026-04-29 05:10:41,32.1,70.0,208.0,0.0,9.3,EXCELLENT
2026-04-29 05:10:43,32.1,70.0,203.0,0.0,7.7,EXCELLENT
2026-04-29 05:10:45,32.1,70.1,208.0,0.0,9.3,EXCELLENT
2026-04-29 05:10:47,32.1,70.1,205.0,0.0,8.3,EXCELLENT
2026-04-29 05:10:49,32.1,70.0,202.0,0.0,7.3,EXCELLENT
2026-04-29 05:10:51,32.1,70.0,203.0,0.0,7.7,EXCELLENT
2026-04-29 05:10:53,32.1,70.1,207.0,0.0,9.0,EXCELLENT
2026-04-29 05:10:55,32.1,70.0,206.0,0.0,8.7,EXCELLENT
2026-04-29 05:10:57,32.1,70.0,208.0,0.0,9.3,EXCELLENT
2026-04-29 05:10:59,32.1,69.9,208.0,0.0,9.3,EXCELLENT
2026-04-29 05:11:01,32.1,69.9,209.0,0.0,9.7,EXCELLENT
2026-04-29 05:11:03,32.1,69.8,210.0,0.0,10.0,EXCELLENT
2026-04-29 05:11:05,32.1,69.8,208.0,0.0,9.3,EXCELLENT
2026-04-29 05:11:07,32.1,69.7,208.0,0.0,9.3,EXCELLENT
2026-04-29 05:11:09,32.1,69.7,209.0,0.0,9.7,EXCELLENT
2026-04-29 05:11:11,32.1,69.6,208.0,0.0,9.3,EXCELLENT
2026-04-29 05:11:13,32.2,69.7,209.0,0.0,9.7,EXCELLENT
2026-04-29 05:11:15,32.1,69.7,208.0,0.0,9.3,EXCELLENT
2026-04-29 05:11:17,32.2,69.6,203.0,0.0,7.7,EXCELLENT
2026-04-29 05:11:19,32.1,69.6,208.0,0.0,9.3,EXCELLENT
2026-04-29 05:11:21,32.2,69.8,208.0,0.0,9.3,EXCELLENT
2026-04-29 05:11:23,32.2,69.6,210.0,0.0,10.0,EXCELLENT
2026-04-29 05:11:25,32.2,69.6,194.0,0.0,4.7,EXCELLENT
2026-04-29 05:11:27,32.2,69.6,201.0,0.0,7.0,EXCELLENT
2026-04-29 05:11:29,32.2,69.6,209.0,0.0,9.7,EXCELLENT
2026-04-29 05:11:31,32.2,69.6,210.0,0.0,10.0,EXCELLENT
2026-04-29 05:11:33,32.2,69.7,207.0,0.0,9.0,EXCELLENT
2026-04-29 05:11:35,32.2,69.7,209.0,0.0,9.7,EXCELLENT
2026-04-29 05:11:37,32.2,69.7,208.0,0.0,9.3,EXCELLENT
2026-04-29 05:11:39,32.2,69.7,209.0,0.0,9.7,EXCELLENT
2026-04-29 05:11:41,32.2,69.6,205.0,0.0,8.3,EXCELLENT
2026-04-29 05:11:43,32.2,69.7,208.0,0.0,9.3,EXCELLENT
2026-04-29 05:11:45,32.2,69.7,204.0,0.0,8.0,EXCELLENT
2026-04-29 05:11:47,32.2,69.7,209.0,0.0,9.7,EXCELLENT
2026-04-29 05:11:49,32.2,69.7,211.0,0.0,10.3,EXCELLENT
2026-04-29 05:11:51,32.2,69.5,208.0,0.0,9.3,EXCELLENT
2026-04-29 05:11:53,32.2,69.4,199.0,0.0,6.3,EXCELLENT
2026-04-29 05:11:55,32.2,69.3,206.0,0.0,8.7,EXCELLENT
2026-04-29 05:11:57,32.2,69.3,203.0,0.0,7.7,EXCELLENT
2026-04-29 05:11:59,32.2,69.2,210.0,0.0,10.0,EXCELLENT
2026-04-29 05:12:01,32.2,69.2,212.0,0.0,10.7,EXCELLENT
2026-04-29 05:12:03,32.2,69.2,201.0,0.0,7.0,EXCELLENT
2026-04-29 05:12:05,32.2,69.1,210.0,0.0,10.0,EXCELLENT
2026-04-29 05:12:07,32.2,69.2,208.0,0.0,9.3,EXCELLENT
2026-04-29 05:12:09,32.2,69.2,209.0,0.0,9.7,EXCELLENT
2026-04-29 05:12:11,32.2,69.1,202.0,0.0,7.3,EXCELLENT
2026-04-29 05:12:13,32.2,69.2,206.0,0.0,8.7,EXCELLENT
2026-04-29 05:12:15,32.2,69.2,209.0,0.0,9.7,EXCELLENT
2026-04-29 05:12:17,32.2,69.1,199.0,0.0,6.3,EXCELLENT
2026-04-29 05:12:19,32.2,69.0,208.0,0.0,9.3,EXCELLENT
2026-04-29 05:12:21,32.2,69.0,206.0,0.0,8.7,EXCELLENT
2026-04-29 05:12:23,32.2,69.0,208.0,0.0,9.3,EXCELLENT
2026-04-29 05:12:25,32.2,68.8,208.0,0.0,9.3,EXCELLENT
2026-04-29 05:12:27,32.2,68.8,207.0,0.0,9.0,EXCELLENT
2026-04-29 05:12:29,32.2,68.7,208.0,0.0,9.3,EXCELLENT
2026-04-29 05:12:31,32.3,68.7,207.0,0.0,9.0,EXCELLENT
2026-04-29 05:12:33,32.2,68.8,199.0,0.0,6.3,EXCELLENT
2026-04-29 05:12:35,32.2,68.8,206.0,0.0,8.7,EXCELLENT
2026-04-29 05:12:37,32.3,68.8,204.0,0.0,8.0,EXCELLENT
2026-04-29 05:12:39,32.3,68.9,208.0,0.0,9.3,EXCELLENT
2026-04-29 05:12:41,32.3,68.9,204.0,0.0,8.0,EXCELLENT
2026-04-29 05:12:43,32.3,68.8,208.0,0.0,9.3,EXCELLENT
2026-04-29 05:12:45,32.2,68.8,206.0,0.0,8.7,EXCELLENT
2026-04-29 05:12:47,32.3,68.7,198.0,0.0,6.0,EXCELLENT
2026-04-29 05:12:49,32.3,68.5,208.0,0.0,9.3,EXCELLENT
2026-04-29 05:12:51,32.3,68.6,207.0,0.0,9.0,EXCELLENT
2026-04-29 05:12:53,32.3,68.5,208.0,0.0,9.3,EXCELLENT
2026-04-29 05:12:55,32.2,68.5,208.0,0.0,9.3,EXCELLENT
2026-04-29 05:12:57,32.3,68.5,199.0,0.0,6.3,EXCELLENT
2026-04-29 05:12:59,32.2,68.6,196.0,0.0,5.3,EXCELLENT
2026-04-29 05:13:01,32.3,68.7,198.0,0.0,6.0,EXCELLENT
2026-04-29 05:13:03,32.3,68.7,206.0,0.0,8.7,EXCELLENT
2026-04-29 05:13:05,32.3,68.6,198.0,0.0,6.0,EXCELLENT
2026-04-29 05:13:07,32.3,68.6,195.0,0.0,5.0,EXCELLENT
2026-04-29 05:13:09,32.3,68.6,197.0,0.0,5.7,EXCELLENT
2026-04-29 05:13:11,32.3,68.5,201.0,0.0,7.0,EXCELLENT
2026-04-29 05:13:13,32.2,68.5,206.0,0.0,8.7,EXCELLENT
2026-04-29 05:13:15,32.3,68.4,201.0,0.0,7.0,EXCELLENT
2026-04-29 05:13:17,32.3,68.4,208.0,0.0,9.3,EXCELLENT
2026-04-29 05:13:19,32.3,68.4,194.0,0.0,4.7,EXCELLENT
2026-04-29 05:13:22,32.3,68.4,198.0,0.0,6.0,EXCELLENT
2026-04-29 05:13:23,32.3,68.4,208.0,0.0,9.3,EXCELLENT
2026-04-29 05:13:25,32.3,68.6,203.0,0.0,7.7,EXCELLENT
2026-04-29 05:13:27,32.3,68.6,196.0,0.0,5.3,EXCELLENT
2026-04-29 05:13:29,32.3,68.7,208.0,0.0,9.3,EXCELLENT
2026-04-29 05:13:31,32.3,68.6,208.0,0.0,9.3,EXCELLENT
2026-04-29 05:13:33,32.3,68.7,206.0,0.0,8.7,EXCELLENT
2026-04-29 05:13:35,32.3,68.7,207.0,0.0,9.0,EXCELLENT
2026-04-29 05:13:37,32.3,68.7,203.0,0.0,7.7,EXCELLENT
2026-04-29 05:13:39,32.3,68.6,208.0,0.0,9.3,EXCELLENT
2026-04-29 05:13:41,32.3,68.8,192.0,0.0,4.0,EXCELLENT
2026-04-29 05:13:43,32.3,68.8,197.0,0.0,5.7,EXCELLENT
2026-04-29 05:13:45,32.3,68.8,208.0,0.0,9.3,EXCELLENT
2026-04-29 05:13:47,32.3,68.9,202.0,0.0,7.3,EXCELLENT
2026-04-29 05:13:49,32.3,68.9,199.0,0.0,6.3,EXCELLENT
2026-04-29 05:13:51,32.3,68.9,201.0,0.0,7.0,EXCELLENT
2026-04-29 05:13:53,32.3,68.9,208.0,0.0,9.3,EXCELLENT
2026-04-29 05:13:55,32.3,68.8,199.0,0.0,6.3,EXCELLENT
2026-04-29 05:13:57,32.3,68.9,208.0,0.0,9.3,EXCELLENT
2026-04-29 05:13:59,32.4,68.8,196.0,0.0,5.3,EXCELLENT
2026-04-29 05:14:01,32.3,68.8,201.0,0.0,7.0,EXCELLENT
2026-04-29 05:14:03,32.3,68.8,207.0,0.0,9.0,EXCELLENT
2026-04-29 05:14:06,32.3,68.8,196.0,0.0,5.3,EXCELLENT
2026-04-29 05:14:07,32.3,68.8,205.0,0.0,8.3,EXCELLENT
2026-04-29 05:14:09,32.3,68.7,206.0,0.0,8.7,EXCELLENT
2026-04-29 05:14:11,32.3,68.7,203.0,0.0,7.7,EXCELLENT
2026-04-29 05:14:13,32.3,68.6,199.0,0.0,6.3,EXCELLENT
2026-04-29 05:14:15,32.3,68.6,207.0,0.0,9.0,EXCELLENT
2026-04-29 05:14:17,32.4,68.6,199.0,0.0,6.3,EXCELLENT
2026-04-29 05:14:19,32.4,68.4,202.0,0.0,7.3,EXCELLENT
2026-04-29 05:14:21,32.3,68.4,209.0,0.0,9.7,EXCELLENT
2026-04-29 05:14:23,32.4,68.4,203.0,0.0,7.7,EXCELLENT
2026-04-29 05:14:26,32.4,68.4,206.0,0.0,8.7,EXCELLENT
2026-04-29 05:14:27,32.4,68.5,193.0,0.0,4.3,EXCELLENT
2026-04-29 05:14:30,32.4,68.5,204.0,0.0,8.0,EXCELLENT
2026-04-29 05:14:32,32.4,68.6,196.0,0.0,5.3,EXCELLENT
2026-04-29 05:14:33,32.4,68.4,208.0,0.0,9.3,EXCELLENT
2026-04-29 05:14:35,32.4,68.0,197.0,0.0,5.7,EXCELLENT
2026-04-29 05:14:37,32.4,67.9,198.0,0.0,6.0,EXCELLENT
2026-04-29 05:14:39,32.4,67.8,192.0,0.0,4.0,EXCELLENT
2026-04-29 05:14:41,32.4,67.8,201.0,0.0,7.0,EXCELLENT
2026-04-29 05:14:43,32.4,67.8,198.0,0.0,6.0,EXCELLENT
2026-04-29 05:14:45,32.4,67.7,208.0,0.0,9.3,EXCELLENT
2026-04-29 05:14:47,32.4,67.7,195.0,0.0,5.0,EXCELLENT
2026-04-29 05:14:49,32.4,67.7,195.0,0.0,5.0,EXCELLENT
2026-04-29 05:14:51,32.4,67.7,201.0,0.0,7.0,EXCELLENT
2026-04-29 05:14:54,32.4,67.7,201.0,0.0,7.0,EXCELLENT
2026-04-29 05:14:55,32.4,67.7,204.0,0.0,8.0,EXCELLENT
2026-04-29 05:14:57,32.4,67.8,199.0,0.0,6.3,EXCELLENT
2026-04-29 05:14:59,32.4,67.9,194.0,0.0,4.7,EXCELLENT
2026-04-29 05:15:01,32.4,67.9,194.0,0.0,4.7,EXCELLENT
2026-04-29 05:15:04,32.5,67.9,198.0,0.0,6.0,EXCELLENT
2026-04-29 05:15:05,32.4,67.9,206.0,0.0,8.7,EXCELLENT
2026-04-29 05:15:08,32.4,68.0,195.0,0.0,5.0,EXCELLENT
2026-04-29 05:15:10,32.4,68.0,207.0,0.0,9.0,EXCELLENT
2026-04-29 05:15:12,32.5,67.9,202.0,0.0,7.3,EXCELLENT
2026-04-29 05:15:14,32.4,67.9,207.0,0.0,9.0,EXCELLENT
2026-04-29 05:15:15,32.4,67.9,199.0,0.0,6.3,EXCELLENT
2026-04-29 05:15:18,32.5,68.0,202.0,0.0,7.3,EXCELLENT
2026-04-29 05:15:20,32.5,67.9,205.0,0.0,8.3,EXCELLENT
2026-04-29 05:15:22,32.4,68.0,207.0,0.0,9.0,EXCELLENT
2026-04-29 05:15:23,32.4,68.1,197.0,0.0,5.7,EXCELLENT
2026-04-29 05:15:25,32.5,68.2,192.0,0.0,4.0,EXCELLENT
2026-04-29 05:15:27,32.5,68.3,203.0,0.0,7.7,EXCELLENT
2026-04-29 05:15:30,32.5,68.4,197.0,0.0,5.7,EXCELLENT
2026-04-29 05:15:32,32.5,68.5,199.0,0.0,6.3,EXCELLENT
2026-04-29 05:15:34,32.5,68.6,201.0,0.0,7.0,EXCELLENT
2026-04-29 05:15:35,32.5,68.5,197.0,0.0,5.7,EXCELLENT
2026-04-29 05:15:37,32.5,68.5,208.0,0.0,9.3,EXCELLENT
2026-04-29 05:15:39,32.5,68.3,207.0,0.0,9.0,EXCELLENT
2026-04-29 05:15:42,32.5,68.0,199.0,0.0,6.3,EXCELLENT
2026-04-29 05:15:43,32.5,68.0,198.0,0.0,6.0,EXCELLENT
2026-04-29 05:15:45,32.5,68.0,195.0,0.0,5.0,EXCELLENT
2026-04-29 05:15:48,32.5,67.9,199.0,0.0,6.3,EXCELLENT
2026-04-29 05:15:50,32.5,67.8,202.0,0.0,7.3,EXCELLENT
2026-04-29 05:15:51,32.5,67.8,192.0,0.0,4.0,EXCELLENT
2026-04-29 05:15:53,32.5,67.7,204.0,0.0,8.0,EXCELLENT
2026-04-29 05:15:56,32.5,67.7,198.0,0.0,6.0,EXCELLENT
2026-04-29 05:15:59,32.5,67.6,197.0,0.0,5.7,EXCELLENT
2026-04-29 05:15:59,32.5,67.6,192.0,0.0,4.0,EXCELLENT
2026-04-29 05:16:01,32.5,67.8,198.0,0.0,6.0,EXCELLENT
2026-04-29 05:16:03,32.5,67.8,185.0,0.0,1.7,EXCELLENT
2026-04-29 05:16:06,32.5,67.8,187.0,0.0,2.3,EXCELLENT
2026-04-29 05:16:07,32.5,67.8,191.0,0.0,3.7,EXCELLENT
2026-04-29 05:16:09,32.5,67.9,202.0,0.0,7.3,EXCELLENT
2026-04-29 05:16:12,32.5,67.9,194.0,0.0,4.7,EXCELLENT
2026-04-29 05:16:14,32.5,68.1,207.0,0.0,9.0,EXCELLENT
2026-04-29 05:16:16,32.5,68.2,203.0,0.0,7.7,EXCELLENT
2026-04-29 05:16:18,32.5,68.2,201.0,0.0,7.0,EXCELLENT
2026-04-29 05:16:20,32.5,68.2,196.0,0.0,5.3,EXCELLENT
2026-04-29 05:16:21,32.5,68.1,196.0,0.0,5.3,EXCELLENT
2026-04-29 05:16:23,32.5,68.1,201.0,0.0,7.0,EXCELLENT
2026-04-29 05:16:26,32.5,68.0,205.0,0.0,8.3,EXCELLENT
2026-04-29 05:16:27,32.5,68.0,201.0,0.0,7.0,EXCELLENT
2026-04-29 05:16:29,32.5,67.9,192.0,0.0,4.0,EXCELLENT
2026-04-29 05:16:33,32.5,67.9,204.0,0.0,8.0,EXCELLENT
2026-04-29 05:16:34,32.5,68.1,203.0,0.0,7.7,EXCELLENT
2026-04-29 05:16:35,32.5,68.1,196.0,0.0,5.3,EXCELLENT
2026-04-29 05:16:37,32.5,68.2,196.0,0.0,5.3,EXCELLENT
2026-04-29 05:16:40,32.5,68.2,203.0,0.0,7.7,EXCELLENT
2026-04-29 05:16:42,32.5,68.2,201.0,0.0,7.0,EXCELLENT
2026-04-29 05:16:44,32.5,68.2,205.0,0.0,8.3,EXCELLENT
2026-04-29 05:16:45,32.5,68.2,199.0,0.0,6.3,EXCELLENT
2026-04-29 05:16:47,32.5,68.2,192.0,0.0,4.0,EXCELLENT
2026-04-29 05:16:50,32.5,68.2,199.0,0.0,6.3,EXCELLENT
2026-04-29 05:16:52,32.5,68.2,193.0,0.0,4.3,EXCELLENT
2026-04-29 05:16:55,32.5,68.1,195.0,0.0,5.0,EXCELLENT
2026-04-29 05:16:56,32.5,68.1,192.0,0.0,4.0,EXCELLENT
2026-04-29 05:16:58,32.5,68.1,204.0,0.0,8.0,EXCELLENT
2026-04-29 05:17:00,32.4,68.1,202.0,0.0,7.3,EXCELLENT
2026-04-29 05:17:02,32.4,68.0,195.0,0.0,5.0,EXCELLENT
2026-04-29 05:17:04,32.4,68.1,193.0,0.0,4.3,EXCELLENT
2026-04-29 05:17:06,32.4,67.9,202.0,0.0,7.3,EXCELLENT
2026-04-29 05:17:08,32.5,67.8,192.0,0.0,4.0,EXCELLENT
2026-04-29 05:17:10,32.4,67.8,198.0,0.0,6.0,EXCELLENT
2026-04-29 05:17:12,32.4,67.7,200.0,0.0,6.7,EXCELLENT
2026-04-29 05:17:14,32.5,67.5,205.0,0.0,8.3,EXCELLENT
2026-04-29 05:17:16,32.5,67.5,195.0,0.0,5.0,EXCELLENT
2026-04-29 05:17:18,32.4,67.6,192.0,0.0,4.0,EXCELLENT
2026-04-29 05:17:20,32.5,67.6,205.0,0.0,8.3,EXCELLENT
2026-04-29 05:17:22,32.5,67.6,192.0,0.0,4.0,EXCELLENT
2026-04-29 05:17:24,32.5,67.6,197.0,0.0,5.7,EXCELLENT
2026-04-29 05:17:26,32.5,67.6,204.0,0.0,8.0,EXCELLENT
2026-04-29 05:17:28,32.4,67.5,189.0,0.0,3.0,EXCELLENT
2026-04-29 05:17:30,32.4,67.5,193.0,0.0,4.3,EXCELLENT
2026-04-29 05:17:32,32.4,67.5,194.0,0.0,4.7,EXCELLENT
2026-04-29 05:17:34,32.5,67.5,198.0,0.0,6.0,EXCELLENT
2026-04-29 05:17:36,32.5,67.5,199.0,0.0,6.3,EXCELLENT
2026-04-29 05:17:38,32.4,67.5,199.0,0.0,6.3,EXCELLENT
2026-04-29 05:17:41,32.4,67.6,196.0,0.0,5.3,EXCELLENT
2026-04-29 05:17:42,32.5,67.5,205.0,0.0,8.3,EXCELLENT
2026-04-29 05:17:44,32.4,67.5,199.0,0.0,6.3,EXCELLENT
2026-04-29 05:17:46,32.4,67.5,199.0,0.0,6.3,EXCELLENT
2026-04-29 05:17:48,32.5,67.4,198.0,0.0,6.0,EXCELLENT
2026-04-29 05:17:50,32.4,67.4,198.0,0.0,6.0,EXCELLENT
2026-04-29 05:17:52,32.4,67.3,192.0,0.0,4.0,EXCELLENT
2026-04-29 05:17:54,32.4,67.3,190.0,0.0,3.3,EXCELLENT
2026-04-29 05:17:56,32.5,67.4,196.0,0.0,5.3,EXCELLENT
2026-04-29 05:17:58,32.4,67.4,201.0,0.0,7.0,EXCELLENT
2026-04-29 05:18:00,32.4,67.4,197.0,0.0,5.7,EXCELLENT
2026-04-29 05:18:02,32.4,67.5,197.0,0.0,5.7,EXCELLENT
2026-04-29 05:18:04,32.4,67.4,198.0,0.0,6.0,EXCELLENT
2026-04-29 05:18:06,32.5,67.4,202.0,0.0,7.3,EXCELLENT
2026-04-29 05:18:08,32.5,67.5,196.0,0.0,5.3,EXCELLENT
2026-04-29 05:18:10,32.4,67.5,199.0,0.0,6.3,EXCELLENT
2026-04-29 05:18:12,32.5,67.4,194.0,0.0,4.7,EXCELLENT
2026-04-29 05:18:14,32.5,67.5,194.0,0.0,4.7,EXCELLENT
2026-04-29 05:18:16,32.5,67.5,198.0,0.0,6.0,EXCELLENT
2026-04-29 05:18:18,32.5,67.3,194.0,0.0,4.7,EXCELLENT
2026-04-29 05:18:20,32.5,67.3,199.0,0.0,6.3,EXCELLENT
2026-04-29 05:18:22,32.5,67.3,202.0,0.0,7.3,EXCELLENT
2026-04-29 05:18:24,32.5,67.3,202.0,0.0,7.3,EXCELLENT
2026-04-29 05:18:26,32.5,67.3,203.0,0.0,7.7,EXCELLENT
2026-04-29 05:18:28,32.5,67.4,198.0,0.0,6.0,EXCELLENT
2026-04-29 05:18:30,32.5,67.4,197.0,0.0,5.7,EXCELLENT
2026-04-29 05:18:32,32.5,67.4,197.0,0.0,5.7,EXCELLENT
2026-04-29 05:18:34,32.5,67.2,204.0,0.0,8.0,EXCELLENT
2026-04-29 05:18:36,32.5,67.2,192.0,0.0,4.0,EXCELLENT
2026-04-29 05:18:38,32.5,67.2,194.0,0.0,4.7,EXCELLENT
2026-04-29 05:18:40,32.5,67.2,203.0,0.0,7.7,EXCELLENT
2026-04-29 05:18:42,32.5,67.2,198.0,0.0,6.0,EXCELLENT
2026-04-29 05:18:44,32.5,67.2,196.0,0.0,5.3,EXCELLENT
2026-04-29 05:18:46,32.5,67.2,202.0,0.0,7.3,EXCELLENT
2026-04-29 05:18:48,32.5,67.1,191.0,0.0,3.7,EXCELLENT
2026-04-29 05:18:50,32.5,67.2,197.0,0.0,5.7,EXCELLENT
2026-04-29 05:18:52,32.5,67.2,192.0,0.0,4.0,EXCELLENT
2026-04-29 05:18:54,32.5,67.1,195.0,0.0,5.0,EXCELLENT
2026-04-29 05:18:56,32.5,67.2,195.0,0.0,5.0,EXCELLENT
2026-04-29 05:18:58,32.5,67.1,194.0,0.0,4.7,EXCELLENT
2026-04-29 05:19:00,32.5,67.1,202.0,0.0,7.3,EXCELLENT
2026-04-29 05:19:02,32.5,67.0,197.0,0.0,5.7,EXCELLENT
2026-04-29 05:19:04,32.5,67.0,198.0,0.0,6.0,EXCELLENT
2026-04-29 05:19:06,32.5,67.0,195.0,0.0,5.0,EXCELLENT
2026-04-29 05:19:08,32.5,67.0,203.0,0.0,7.7,EXCELLENT
2026-04-29 05:19:10,32.5,67.0,194.0,0.0,4.7,EXCELLENT
2026-04-29 05:19:12,32.5,67.0,205.0,0.0,8.3,EXCELLENT
2026-04-29 05:19:14,32.5,67.1,201.0,0.0,7.0,EXCELLENT
2026-04-29 05:19:16,32.5,67.1,198.0,0.0,6.0,EXCELLENT
2026-04-29 05:19:18,32.5,67.1,205.0,0.0,8.3,EXCELLENT
2026-04-29 05:19:20,32.5,67.1,200.0,0.0,6.7,EXCELLENT
2026-04-29 05:19:22,32.6,67.1,198.0,0.0,6.0,EXCELLENT
2026-04-29 05:19:24,32.5,67.2,198.0,0.0,6.0,EXCELLENT
2026-04-29 05:19:26,32.6,67.2,198.0,0.0,6.0,EXCELLENT
2026-04-29 05:19:28,32.5,67.2,203.0,0.0,7.7,EXCELLENT
2026-04-29 05:19:30,32.5,67.2,194.0,0.0,4.7,EXCELLENT
2026-04-29 05:19:32,32.5,67.1,207.0,0.0,9.0,EXCELLENT
2026-04-29 05:19:34,32.5,67.1,192.0,0.0,4.0,EXCELLENT
2026-04-29 05:19:36,32.5,67.1,197.0,0.0,5.7,EXCELLENT
2026-04-29 05:19:38,32.5,67.1,198.0,0.0,6.0,EXCELLENT
2026-04-29 05:19:40,32.5,67.1,201.0,0.0,7.0,EXCELLENT
2026-04-29 05:19:42,32.5,67.1,197.0,0.0,5.7,EXCELLENT
2026-04-29 05:19:44,32.5,67.1,202.0,0.0,7.3,EXCELLENT
2026-04-29 05:19:46,32.5,67.1,196.0,0.0,5.3,EXCELLENT
2026-04-29 05:19:48,32.5,67.1,204.0,0.0,8.0,EXCELLENT
2026-04-29 05:19:50,32.5,67.1,197.0,0.0,5.7,EXCELLENT
2026-04-29 05:19:52,32.5,67.1,201.0,0.0,7.0,EXCELLENT
2026-04-29 05:19:54,32.5,67.1,205.0,0.0,8.3,EXCELLENT
2026-04-29 05:19:56,32.5,67.1,206.0,0.0,8.7,EXCELLENT
2026-04-29 05:19:58,32.5,67.0,197.0,0.0,5.7,EXCELLENT
2026-04-29 05:20:01,32.5,67.0,194.0,0.0,4.7,EXCELLENT
2026-04-29 05:20:02,32.5,67.1,196.0,0.0,5.3,EXCELLENT
2026-04-29 05:20:04,32.5,67.0,196.0,0.0,5.3,EXCELLENT
2026-04-29 05:20:06,32.5,67.0,195.0,0.0,5.0,EXCELLENT
2026-04-29 05:20:08,32.6,66.9,194.0,0.0,4.7,EXCELLENT
2026-04-29 05:20:10,32.6,67.0,197.0,0.0,5.7,EXCELLENT
2026-04-29 05:20:12,32.5,66.9,194.0,0.0,4.7,EXCELLENT
2026-04-29 05:20:14,32.5,66.9,205.0,0.0,8.3,EXCELLENT
2026-04-29 05:20:16,32.6,66.9,197.0,0.0,5.7,EXCELLENT
2026-04-29 05:20:18,32.5,66.9,195.0,0.0,5.0,EXCELLENT
2026-04-29 05:20:20,32.6,66.9,199.0,0.0,6.3,EXCELLENT
2026-04-29 05:20:22,32.6,67.0,199.0,0.0,6.3,EXCELLENT
2026-04-29 05:20:24,32.6,66.9,199.0,0.0,6.3,EXCELLENT
2026-04-29 05:20:26,32.5,66.9,201.0,0.0,7.0,EXCELLENT
2026-04-29 05:20:29,32.6,66.9,198.0,0.0,6.0,EXCELLENT
2026-04-29 05:20:30,32.6,66.9,192.0,0.0,4.0,EXCELLENT
2026-04-29 05:20:32,32.6,66.9,204.0,0.0,8.0,EXCELLENT
2026-04-29 05:20:34,32.6,67.0,205.0,0.0,8.3,EXCELLENT
2026-04-29 05:20:36,32.6,67.1,204.0,0.0,8.0,EXCELLENT
2026-04-29 05:20:38,32.6,67.1,207.0,0.0,9.0,EXCELLENT
2026-04-29 05:20:40,32.6,67.1,202.0,0.0,7.3,EXCELLENT
2026-04-29 05:20:42,32.6,67.2,208.0,0.0,9.3,EXCELLENT
2026-04-29 05:20:44,32.6,67.1,201.0,0.0,7.0,EXCELLENT
2026-04-29 05:20:46,32.6,67.1,201.0,0.0,7.0,EXCELLENT
2026-04-29 05:20:48,32.7,67.1,204.0,0.0,8.0,EXCELLENT
2026-04-29 05:20:50,32.6,67.1,203.0,0.0,7.7,EXCELLENT
2026-04-29 05:20:53,32.6,67.0,203.0,0.0,7.7,EXCELLENT
2026-04-29 05:20:54,32.7,67.1,200.0,0.0,6.7,EXCELLENT
2026-04-29 05:20:56,32.7,67.1,202.0,0.0,7.3,EXCELLENT
2026-04-29 05:20:58,32.7,67.1,208.0,0.0,9.3,EXCELLENT
2026-04-29 05:21:00,32.7,67.0,205.0,0.0,8.3,EXCELLENT
2026-04-29 05:21:02,32.7,66.9,198.0,0.0,6.0,EXCELLENT
2026-04-29 05:21:04,32.7,66.7,198.0,0.0,6.0,EXCELLENT
2026-04-29 05:21:06,32.6,66.7,196.0,0.0,5.3,EXCELLENT
2026-04-29 05:21:08,32.7,66.7,208.0,0.0,9.3,EXCELLENT
2026-04-29 05:21:10,32.7,66.8,196.0,0.0,5.3,EXCELLENT
2026-04-29 05:21:12,32.7,66.7,199.0,0.0,6.3,EXCELLENT
2026-04-29 05:21:14,32.6,66.7,201.0,0.0,7.0,EXCELLENT
2026-04-29 05:21:16,32.6,66.7,198.0,0.0,6.0,EXCELLENT
2026-04-29 05:21:18,32.6,66.6,201.0,0.0,7.0,EXCELLENT
2026-04-29 05:21:20,32.7,66.6,204.0,0.0,8.0,EXCELLENT
2026-04-29 05:21:22,32.6,66.5,196.0,0.0,5.3,EXCELLENT
2026-04-29 05:21:24,32.6,66.5,202.0,0.0,7.3,EXCELLENT
2026-04-29 05:21:26,32.6,66.4,201.0,0.0,7.0,EXCELLENT
2026-04-29 05:21:28,32.6,66.5,208.0,0.0,9.3,EXCELLENT
2026-04-29 05:21:30,32.6,66.5,208.0,0.0,9.3,EXCELLENT
2026-04-29 05:21:32,32.6,66.5,195.0,0.0,5.0,EXCELLENT
2026-04-29 05:21:34,32.6,66.6,202.0,0.0,7.3,EXCELLENT
2026-04-29 05:21:41,32.6,66.5,192.0,0.0,4.0,EXCELLENT
2026-04-29 05:21:41,32.6,66.6,192.0,0.0,4.0,EXCELLENT
2026-04-29 05:21:41,32.6,66.6,207.0,0.0,9.0,EXCELLENT
2026-04-29 05:21:42,32.6,66.6,201.0,0.0,7.0,EXCELLENT
2026-04-29 05:21:44,32.6,66.5,206.0,0.0,8.7,EXCELLENT
2026-04-29 05:21:46,32.6,66.5,205.0,0.0,8.3,EXCELLENT
2026-04-29 05:21:48,32.6,66.6,197.0,0.0,5.7,EXCELLENT
2026-04-29 05:21:50,32.5,66.5,208.0,0.0,9.3,EXCELLENT
2026-04-29 05:21:52,32.6,66.6,199.0,0.0,6.3,EXCELLENT
2026-04-29 05:21:54,32.6,66.6,203.0,0.0,7.7,EXCELLENT
2026-04-29 05:21:56,32.6,66.5,198.0,0.0,6.0,EXCELLENT
2026-04-29 05:21:58,32.6,66.5,194.0,0.0,4.7,EXCELLENT
2026-04-29 05:22:00,32.6,66.5,198.0,0.0,6.0,EXCELLENT
2026-04-29 05:22:02,32.6,66.5,204.0,0.0,8.0,EXCELLENT
2026-04-29 05:22:04,32.5,66.5,207.0,0.0,9.0,EXCELLENT
2026-04-29 05:22:06,32.6,66.4,205.0,0.0,8.3,EXCELLENT
2026-04-29 05:22:08,32.6,66.5,202.0,0.0,7.3,EXCELLENT
2026-04-29 05:22:10,32.5,66.5,198.0,0.0,6.0,EXCELLENT
2026-04-29 05:22:12,32.6,66.4,195.0,0.0,5.0,EXCELLENT
2026-04-29 05:22:14,32.6,66.3,205.0,0.0,8.3,EXCELLENT
2026-04-29 05:22:16,32.6,66.4,202.0,0.0,7.3,EXCELLENT
2026-04-29 05:22:18,32.6,66.5,193.0,0.0,4.3,EXCELLENT
2026-04-29 05:22:20,32.6,66.5,202.0,0.0,7.3,EXCELLENT
2026-04-29 05:22:22,32.6,66.5,198.0,0.0,6.0,EXCELLENT
2026-04-29 05:22:24,32.6,66.5,199.0,0.0,6.3,EXCELLENT
2026-04-29 05:22:26,32.6,66.4,192.0,0.0,4.0,EXCELLENT
2026-04-29 05:22:29,32.6,66.5,193.0,0.0,4.3,EXCELLENT
2026-04-29 05:22:30,32.6,66.5,203.0,0.0,7.7,EXCELLENT
2026-04-29 05:22:32,32.6,66.5,195.0,0.0,5.0,EXCELLENT
2026-04-29 05:22:34,32.6,66.5,201.0,0.0,7.0,EXCELLENT
2026-04-29 05:22:36,32.6,66.6,197.0,0.0,5.7,EXCELLENT
2026-04-29 05:22:38,32.6,66.5,192.0,0.0,4.0,EXCELLENT
2026-04-29 05:22:40,32.6,66.6,193.0,0.0,4.3,EXCELLENT
2026-04-29 05:22:42,32.6,66.6,192.0,0.0,4.0,EXCELLENT
2026-04-29 05:22:44,32.6,66.5,197.0,0.0,5.7,EXCELLENT
2026-04-29 05:22:46,32.6,66.5,197.0,0.0,5.7,EXCELLENT
2026-04-29 05:22:48,32.6,66.6,200.0,0.0,6.7,EXCELLENT
2026-04-29 05:22:50,32.6,66.6,194.0,0.0,4.7,EXCELLENT
2026-04-29 05:22:52,32.6,66.6,208.0,0.0,9.3,EXCELLENT
2026-04-29 05:22:54,32.6,66.6,197.0,0.0,5.7,EXCELLENT
2026-04-29 05:22:56,32.6,66.6,197.0,0.0,5.7,EXCELLENT
2026-04-29 05:22:58,32.6,66.6,203.0,0.0,7.7,EXCELLENT
2026-04-29 05:23:00,32.6,66.6,205.0,0.0,8.3,EXCELLENT
2026-04-29 05:23:03,32.6,66.6,206.0,0.0,8.7,EXCELLENT
2026-04-29 05:23:04,32.6,66.5,203.0,0.0,7.7,EXCELLENT
2026-04-29 05:23:06,32.6,66.6,195.0,0.0,5.0,EXCELLENT
2026-04-29 05:23:08,32.6,66.7,201.0,0.0,7.0,EXCELLENT
2026-04-29 05:23:10,32.6,66.6,198.0,0.0,6.0,EXCELLENT
2026-04-29 05:23:12,32.6,66.7,197.0,0.0,5.7,EXCELLENT
2026-04-29 05:23:14,32.6,66.7,194.0,0.0,4.7,EXCELLENT
2026-04-29 05:23:16,32.6,66.7,198.0,0.0,6.0,EXCELLENT
2026-04-29 05:23:18,32.6,66.8,208.0,0.0,9.3,EXCELLENT
2026-04-29 05:23:20,32.6,66.7,205.0,0.0,8.3,EXCELLENT
2026-04-29 05:23:22,32.6,66.8,208.0,0.0,9.3,EXCELLENT
2026-04-29 05:23:24,32.6,66.7,203.0,0.0,7.7,EXCELLENT
2026-04-29 05:23:26,32.6,66.8,193.0,0.0,4.3,EXCELLENT
2026-04-29 05:23:28,32.6,66.8,198.0,0.0,6.0,EXCELLENT
2026-04-29 05:23:30,32.6,66.8,197.0,0.0,5.7,EXCELLENT
2026-04-29 05:23:32,32.6,66.8,202.0,0.0,7.3,EXCELLENT
2026-04-29 05:23:34,32.6,66.9,195.0,0.0,5.0,EXCELLENT
2026-04-29 05:23:36,32.6,66.8,206.0,0.0,8.7,EXCELLENT
2026-04-29 05:23:38,32.6,66.8,199.0,0.0,6.3,EXCELLENT
2026-04-29 05:23:40,32.6,66.9,195.0,0.0,5.0,EXCELLENT
2026-04-29 05:23:42,32.6,66.8,202.0,0.0,7.3,EXCELLENT
2026-04-29 05:23:44,32.6,66.8,198.0,0.0,6.0,EXCELLENT
2026-04-29 05:23:47,32.6,66.8,203.0,0.0,7.7,EXCELLENT
2026-04-29 05:23:48,32.6,66.8,208.0,0.0,9.3,EXCELLENT
2026-04-29 05:23:50,32.6,66.9,198.0,0.0,6.0,EXCELLENT
2026-04-29 05:23:52,32.6,66.9,199.0,0.0,6.3,EXCELLENT
2026-04-29 05:23:54,32.6,66.9,201.0,0.0,7.0,EXCELLENT
2026-04-29 05:23:56,32.7,66.9,192.0,0.0,4.0,EXCELLENT
2026-04-29 05:23:58,32.6,67.0,198.0,0.0,6.0,EXCELLENT
2026-04-29 05:24:00,32.6,67.0,197.0,0.0,5.7,EXCELLENT
2026-04-29 05:24:02,32.7,67.0,207.0,0.0,9.0,EXCELLENT
2026-04-29 05:24:04,32.6,66.9,206.0,0.0,8.7,EXCELLENT
2026-04-29 05:24:06,32.6,66.9,199.0,0.0,6.3,EXCELLENT
2026-04-29 05:24:08,32.7,66.9,203.0,0.0,7.7,EXCELLENT
2026-04-29 05:24:10,32.6,67.0,207.0,0.0,9.0,EXCELLENT
2026-04-29 05:24:12,32.6,67.0,202.0,0.0,7.3,EXCELLENT
2026-04-29 05:24:14,32.6,67.0,205.0,0.0,8.3,EXCELLENT
2026-04-29 05:24:16,32.6,67.1,205.0,0.0,8.3,EXCELLENT
2026-04-29 05:24:18,32.6,67.2,194.0,0.0,4.7,EXCELLENT
2026-04-29 05:24:20,32.7,67.3,197.0,0.0,5.7,EXCELLENT
2026-04-29 05:24:22,32.6,67.2,206.0,0.0,8.7,EXCELLENT
2026-04-29 05:24:24,32.6,67.3,207.0,0.0,9.0,EXCELLENT
2026-04-29 05:24:26,32.6,67.4,198.0,0.0,6.0,EXCELLENT
2026-04-29 05:24:28,32.6,67.4,195.0,0.0,5.0,EXCELLENT
2026-04-29 05:24:30,32.7,67.4,206.0,0.0,8.7,EXCELLENT
2026-04-29 05:24:32,32.6,67.4,205.0,0.0,8.3,EXCELLENT
2026-04-29 05:24:34,32.6,67.3,197.0,0.0,5.7,EXCELLENT
2026-04-29 05:24:36,32.6,67.4,205.0,0.0,8.3,EXCELLENT
2026-04-29 05:24:38,32.6,67.4,196.0,0.0,5.3,EXCELLENT
2026-04-29 05:24:40,32.6,67.4,204.0,0.0,8.0,EXCELLENT
2026-04-29 05:24:42,32.6,67.4,205.0,0.0,8.3,EXCELLENT
2026-04-29 05:24:44,32.7,67.3,203.0,0.0,7.7,EXCELLENT
2026-04-29 05:24:46,32.7,67.4,202.0,0.0,7.3,EXCELLENT
2026-04-29 05:24:48,32.7,67.3,201.0,0.0,7.0,EXCELLENT
2026-04-29 05:24:50,32.6,67.4,205.0,0.0,8.3,EXCELLENT
2026-04-29 05:24:52,32.7,67.4,196.0,0.0,5.3,EXCELLENT
2026-04-29 05:24:55,32.6,67.5,207.0,0.0,9.0,EXCELLENT
2026-04-29 05:24:56,32.6,67.5,202.0,0.0,7.3,EXCELLENT
2026-04-29 05:24:58,32.7,67.4,204.0,0.0,8.0,EXCELLENT
2026-04-29 05:25:00,32.7,67.4,206.0,0.0,8.7,EXCELLENT
2026-04-29 05:25:02,32.6,67.5,208.0,0.0,9.3,EXCELLENT
2026-04-29 05:25:04,32.7,67.5,203.0,0.0,7.7,EXCELLENT
2026-04-29 05:25:06,32.7,67.4,208.0,0.0,9.3,EXCELLENT
2026-04-29 05:25:08,32.7,67.4,199.0,0.0,6.3,EXCELLENT
2026-04-29 05:25:10,32.7,67.4,198.0,0.0,6.0,EXCELLENT
2026-04-29 05:25:12,32.7,67.4,208.0,0.0,9.3,EXCELLENT
2026-04-29 05:25:14,32.7,67.4,197.0,0.0,5.7,EXCELLENT
2026-04-29 05:25:16,32.7,67.5,199.0,0.0,6.3,EXCELLENT
2026-04-29 05:25:18,32.7,67.5,202.0,0.0,7.3,EXCELLENT
2026-04-29 05:25:20,32.7,67.5,207.0,0.0,9.0,EXCELLENT
2026-04-29 05:25:22,32.7,67.6,208.0,0.0,9.3,EXCELLENT
2026-04-29 05:25:24,32.7,67.5,207.0,0.0,9.0,EXCELLENT
2026-04-29 05:25:26,32.7,67.6,206.0,0.0,8.7,EXCELLENT
2026-04-29 05:25:28,32.7,67.6,202.0,0.0,7.3,EXCELLENT
2026-04-29 05:25:30,32.7,67.5,207.0,0.0,9.0,EXCELLENT
2026-04-29 05:25:32,32.6,67.3,198.0,0.0,6.0,EXCELLENT
2026-04-29 05:25:34,32.7,67.2,209.0,0.0,9.7,EXCELLENT
2026-04-29 05:25:36,32.7,67.3,202.0,0.0,7.3,EXCELLENT
2026-04-29 05:25:38,32.7,67.2,195.0,0.0,5.0,EXCELLENT
2026-04-29 05:25:40,32.7,67.3,206.0,0.0,8.7,EXCELLENT
2026-04-29 05:25:42,32.7,67.3,203.0,0.0,7.7,EXCELLENT
2026-04-29 05:25:44,32.6,67.3,207.0,0.0,9.0,EXCELLENT
2026-04-29 05:25:46,32.7,67.3,205.0,0.0,8.3,EXCELLENT
2026-04-29 05:25:48,32.7,67.4,199.0,0.0,6.3,EXCELLENT
2026-04-29 05:25:50,32.6,67.5,197.0,0.0,5.7,EXCELLENT
2026-04-29 05:25:52,32.7,67.5,208.0,0.0,9.3,EXCELLENT
2026-04-29 05:25:54,32.7,67.6,208.0,0.0,9.3,EXCELLENT
2026-04-29 05:25:56,32.7,67.7,201.0,0.0,7.0,EXCELLENT
2026-04-29 05:25:58,32.7,67.7,203.0,0.0,7.7,EXCELLENT
2026-04-29 05:26:00,32.7,67.7,197.0,0.0,5.7,EXCELLENT
2026-04-29 05:26:02,32.7,67.8,198.0,0.0,6.0,EXCELLENT
2026-04-29 05:26:04,32.7,67.7,196.0,0.0,5.3,EXCELLENT
2026-04-29 05:26:06,32.7,67.8,205.0,0.0,8.3,EXCELLENT
2026-04-29 05:26:08,32.7,67.8,195.0,0.0,5.0,EXCELLENT
2026-04-29 05:26:10,32.7,67.8,198.0,0.0,6.0,EXCELLENT
2026-04-29 05:26:12,32.7,67.9,205.0,0.0,8.3,EXCELLENT
2026-04-29 05:26:14,32.6,67.9,198.0,0.0,6.0,EXCELLENT
2026-04-29 05:26:16,32.6,68.0,208.0,0.0,9.3,EXCELLENT
2026-04-29 05:26:18,32.6,68.0,199.0,0.0,6.3,EXCELLENT
2026-04-29 05:26:20,32.6,67.9,208.0,0.0,9.3,EXCELLENT
2026-04-29 05:26:22,32.6,68.0,197.0,0.0,5.7,EXCELLENT
2026-04-29 05:26:24,32.6,68.0,208.0,0.0,9.3,EXCELLENT
2026-04-29 05:26:26,32.6,68.0,207.0,0.0,9.0,EXCELLENT
2026-04-29 05:26:28,32.6,67.9,193.0,0.0,4.3,EXCELLENT
2026-04-29 05:26:30,32.6,67.9,202.0,0.0,7.3,EXCELLENT
2026-04-29 05:26:32,32.5,67.8,197.0,0.0,5.7,EXCELLENT
2026-04-29 05:26:34,32.6,67.8,201.0,0.0,7.0,EXCELLENT
2026-04-29 05:26:36,32.5,67.8,208.0,0.0,9.3,EXCELLENT
2026-04-29 05:26:38,32.5,67.8,198.0,0.0,6.0,EXCELLENT
2026-04-29 05:26:40,32.5,67.9,208.0,0.0,9.3,EXCELLENT
2026-04-29 05:26:42,32.6,67.9,206.0,0.0,8.7,EXCELLENT
2026-04-29 05:26:44,32.5,67.9,211.0,0.0,10.3,EXCELLENT
2026-04-29 05:26:46,32.5,68.0,205.0,0.0,8.3,EXCELLENT
2026-04-29 05:26:48,32.5,68.1,199.0,0.0,6.3,EXCELLENT
2026-04-29 05:26:50,32.5,68.1,203.0,0.0,7.7,EXCELLENT
2026-04-29 05:26:52,32.5,68.1,208.0,0.0,9.3,EXCELLENT
2026-04-29 05:26:54,32.5,68.1,199.0,0.0,6.3,EXCELLENT
2026-04-29 05:26:56,32.5,68.2,203.0,0.0,7.7,EXCELLENT
2026-04-29 05:26:58,32.5,68.2,197.0,0.0,5.7,EXCELLENT
2026-04-29 05:27:00,32.5,68.3,208.0,0.0,9.3,EXCELLENT
2026-04-29 05:27:02,32.5,68.4,197.0,0.0,5.7,EXCELLENT
2026-04-29 05:27:04,32.5,68.3,199.0,0.0,6.3,EXCELLENT
2026-04-29 05:27:07,32.5,68.4,198.0,0.0,6.0,EXCELLENT
2026-04-29 05:27:08,32.4,68.4,208.0,0.0,9.3,EXCELLENT
2026-04-29 05:27:10,32.4,68.4,202.0,0.0,7.3,EXCELLENT
2026-04-29 05:27:12,32.4,68.4,208.0,0.0,9.3,EXCELLENT
2026-04-29 05:27:14,32.5,68.5,203.0,0.0,7.7,EXCELLENT
2026-04-29 05:27:16,32.5,68.5,196.0,0.0,5.3,EXCELLENT
2026-04-29 05:27:18,32.4,68.4,196.0,0.0,5.3,EXCELLENT
2026-04-29 05:27:20,32.4,68.5,204.0,0.0,8.0,EXCELLENT
2026-04-29 05:27:22,32.4,68.5,208.0,0.0,9.3,EXCELLENT
2026-04-29 05:27:24,32.4,68.5,198.0,0.0,6.0,EXCELLENT
2026-04-29 05:27:26,32.4,68.6,202.0,0.0,7.3,EXCELLENT
2026-04-29 05:27:28,32.4,68.6,194.0,0.0,4.7,EXCELLENT
2026-04-29 05:27:30,32.4,68.7,203.0,0.0,7.7,EXCELLENT
2026-04-29 05:27:32,32.4,68.6,204.0,0.0,8.0,EXCELLENT
2026-04-29 05:27:34,32.4,68.6,206.0,0.0,8.7,EXCELLENT
2026-04-29 05:27:37,32.4,68.6,194.0,0.0,4.7,EXCELLENT
2026-04-29 05:27:38,32.4,68.6,203.0,0.0,7.7,EXCELLENT
2026-04-29 05:27:40,32.4,68.7,208.0,0.0,9.3,EXCELLENT
2026-04-29 05:27:42,32.3,68.7,204.0,0.0,8.0,EXCELLENT
2026-04-29 05:27:44,32.4,68.7,207.0,0.0,9.0,EXCELLENT
2026-04-29 05:27:46,32.3,68.7,208.0,0.0,9.3,EXCELLENT
2026-04-29 05:27:48,32.3,68.7,208.0,0.0,9.3,EXCELLENT
2026-04-29 05:27:50,32.3,68.7,206.0,0.0,8.7,EXCELLENT
2026-04-29 05:27:52,32.3,68.7,208.0,0.0,9.3,EXCELLENT
2026-04-29 05:27:54,32.3,68.7,203.0,0.0,7.7,EXCELLENT
2026-04-29 05:27:56,32.3,68.7,196.0,0.0,5.3,EXCELLENT
2026-04-29 05:27:58,32.4,68.7,208.0,0.0,9.3,EXCELLENT
2026-04-29 05:28:00,32.3,68.7,204.0,0.0,8.0,EXCELLENT
2026-04-29 05:28:02,32.3,68.6,197.0,0.0,5.7,EXCELLENT
2026-04-29 05:28:04,32.3,68.6,199.0,0.0,6.3,EXCELLENT
2026-04-29 05:28:06,32.3,68.5,204.0,0.0,8.0,EXCELLENT
2026-04-29 05:28:08,32.4,68.6,202.0,0.0,7.3,EXCELLENT
2026-04-29 05:28:10,32.3,68.5,205.0,0.0,8.3,EXCELLENT
2026-04-29 05:28:12,32.4,68.5,208.0,0.0,9.3,EXCELLENT
2026-04-29 05:28:14,32.4,68.5,206.0,0.0,8.7,EXCELLENT
2026-04-29 05:28:16,32.4,68.5,206.0,0.0,8.7,EXCELLENT
2026-04-29 05:28:18,32.3,68.6,203.0,0.0,7.7,EXCELLENT
2026-04-29 05:28:20,32.4,68.6,206.0,0.0,8.7,EXCELLENT
2026-04-29 05:28:22,32.4,68.5,208.0,0.0,9.3,EXCELLENT
2026-04-29 05:28:24,32.4,68.5,203.0,0.0,7.7,EXCELLENT
2026-04-29 05:28:26,32.4,68.5,208.0,0.0,9.3,EXCELLENT
2026-04-29 05:28:28,32.4,68.5,202.0,0.0,7.3,EXCELLENT
2026-04-29 05:28:30,32.4,68.4,209.0,0.0,9.7,EXCELLENT
2026-04-29 05:28:33,32.4,68.3,208.0,0.0,9.3,EXCELLENT
2026-04-29 05:28:34,32.4,68.2,206.0,0.0,8.7,EXCELLENT
2026-04-29 05:28:36,32.4,68.3,197.0,0.0,5.7,EXCELLENT
2026-04-29 05:28:38,32.4,68.3,208.0,0.0,9.3,EXCELLENT
2026-04-29 05:28:40,32.4,68.3,208.0,0.0,9.3,EXCELLENT
2026-04-29 05:28:42,32.4,68.3,208.0,0.0,9.3,EXCELLENT
2026-04-29 05:28:44,32.4,68.3,208.0,0.0,9.3,EXCELLENT
2026-04-29 05:28:46,32.4,68.3,198.0,0.0,6.0,EXCELLENT
2026-04-29 05:28:48,32.4,68.2,201.0,0.0,7.0,EXCELLENT
2026-04-29 05:28:50,32.4,68.2,208.0,0.0,9.3,EXCELLENT
2026-04-29 05:28:52,32.4,68.2,207.0,0.0,9.0,EXCELLENT
2026-04-29 05:28:54,32.4,68.1,208.0,0.0,9.3,EXCELLENT
2026-04-29 05:28:56,32.4,67.8,197.0,0.0,5.7,EXCELLENT
2026-04-29 05:28:58,32.4,67.8,204.0,0.0,8.0,EXCELLENT
2026-04-29 05:29:00,32.4,67.8,198.0,0.0,6.0,EXCELLENT
2026-04-29 05:29:02,32.4,67.8,201.0,0.0,7.0,EXCELLENT
2026-04-29 05:29:04,32.4,67.7,207.0,0.0,9.0,EXCELLENT
2026-04-29 05:29:06,32.4,67.7,193.0,0.0,4.3,EXCELLENT
2026-04-29 05:29:08,32.4,67.7,192.0,0.0,4.0,EXCELLENT
2026-04-29 05:29:10,32.4,67.8,201.0,0.0,7.0,EXCELLENT
2026-04-29 05:29:12,32.4,67.7,207.0,0.0,9.0,EXCELLENT
2026-04-29 05:29:14,32.4,67.8,206.0,0.0,8.7,EXCELLENT
2026-04-29 05:29:16,32.4,67.7,201.0,0.0,7.0,EXCELLENT
2026-04-29 05:29:18,32.4,67.7,201.0,0.0,7.0,EXCELLENT
2026-04-29 05:29:20,32.4,67.7,208.0,0.0,9.3,EXCELLENT
2026-04-29 05:29:22,32.4,67.6,209.0,0.0,9.7,EXCELLENT
2026-04-29 05:29:24,32.4,67.5,207.0,0.0,9.0,EXCELLENT
2026-04-29 05:29:26,32.4,67.5,207.0,0.0,9.0,EXCELLENT
2026-04-29 05:29:28,32.4,67.5,207.0,0.0,9.0,EXCELLENT
2026-04-29 05:29:30,32.5,67.4,207.0,0.0,9.0,EXCELLENT
2026-04-29 05:29:32,32.4,67.3,198.0,0.0,6.0,EXCELLENT
2026-04-29 05:29:34,32.4,67.4,202.0,0.0,7.3,EXCELLENT
2026-04-29 05:29:36,32.4,67.3,208.0,0.0,9.3,EXCELLENT
2026-04-29 05:29:38,32.4,67.4,203.0,0.0,7.7,EXCELLENT
2026-04-29 05:29:40,32.5,67.2,194.0,0.0,4.7,EXCELLENT
2026-04-29 05:29:42,32.5,67.2,203.0,0.0,7.7,EXCELLENT
2026-04-29 05:29:44,32.5,67.2,205.0,0.0,8.3,EXCELLENT
2026-04-29 05:29:46,32.5,67.3,206.0,0.0,8.7,EXCELLENT
2026-04-29 05:29:48,32.5,67.2,202.0,0.0,7.3,EXCELLENT
2026-04-29 05:29:50,32.5,67.2,192.0,0.0,4.0,EXCELLENT
2026-04-29 05:29:52,32.5,67.3,206.0,0.0,8.7,EXCELLENT
2026-04-29 05:29:54,32.5,67.2,203.0,0.0,7.7,EXCELLENT
2026-04-29 05:29:56,32.5,67.3,197.0,0.0,5.7,EXCELLENT
2026-04-29 05:29:58,32.5,67.2,197.0,0.0,5.7,EXCELLENT
2026-04-29 05:30:00,32.5,67.3,199.0,0.0,6.3,EXCELLENT
2026-04-29 05:30:02,32.5,67.3,206.0,0.0,8.7,EXCELLENT
2026-04-29 05:30:04,32.5,67.3,208.0,0.0,9.3,EXCELLENT
2026-04-29 05:30:06,32.5,67.3,200.0,0.0,6.7,EXCELLENT
2026-04-29 05:30:08,32.5,67.2,202.0,0.0,7.3,EXCELLENT
2026-04-29 05:30:10,32.5,67.1,204.0,0.0,8.0,EXCELLENT
2026-04-29 05:30:12,32.5,67.1,205.0,0.0,8.3,EXCELLENT
2026-04-29 05:30:14,32.5,67.1,208.0,0.0,9.3,EXCELLENT
2026-04-29 05:30:16,32.5,67.0,199.0,0.0,6.3,EXCELLENT
2026-04-29 05:30:18,32.5,66.9,199.0,0.0,6.3,EXCELLENT
2026-04-29 05:30:20,32.5,66.9,208.0,0.0,9.3,EXCELLENT
2026-04-29 05:30:22,32.5,66.9,203.0,0.0,7.7,EXCELLENT
2026-04-29 05:30:24,32.5,67.0,202.0,0.0,7.3,EXCELLENT
2026-04-29 05:30:26,32.5,67.0,194.0,0.0,4.7,EXCELLENT
2026-04-29 05:30:28,32.5,66.9,201.0,0.0,7.0,EXCELLENT
2026-04-29 05:30:30,32.5,66.9,195.0,0.0,5.0,EXCELLENT
2026-04-29 05:30:32,32.5,66.9,208.0,0.0,9.3,EXCELLENT
2026-04-29 05:30:34,32.5,66.9,194.0,0.0,4.7,EXCELLENT
2026-04-29 05:30:36,32.5,66.9,199.0,0.0,6.3,EXCELLENT
2026-04-29 05:30:38,32.5,66.9,203.0,0.0,7.7,EXCELLENT
2026-04-29 05:30:40,32.5,67.0,207.0,0.0,9.0,EXCELLENT
2026-04-29 05:30:42,32.5,67.1,203.0,0.0,7.7,EXCELLENT
2026-04-29 05:30:44,32.5,67.1,199.0,0.0,6.3,EXCELLENT
2026-04-29 05:30:46,32.6,67.0,197.0,0.0,5.7,EXCELLENT
2026-04-29 05:30:48,32.5,66.9,202.0,0.0,7.3,EXCELLENT
2026-04-29 05:30:50,32.5,67.1,203.0,0.0,7.7,EXCELLENT
2026-04-29 05:30:52,32.6,67.1,206.0,0.0,8.7,EXCELLENT
2026-04-29 05:30:54,32.5,67.1,205.0,0.0,8.3,EXCELLENT
2026-04-29 05:30:56,32.5,67.1,197.0,0.0,5.7,EXCELLENT
2026-04-29 05:30:58,32.5,67.1,198.0,0.0,6.0,EXCELLENT
2026-04-29 05:31:00,32.5,67.0,203.0,0.0,7.7,EXCELLENT
2026-04-29 05:31:02,32.6,67.1,200.0,0.0,6.7,EXCELLENT
2026-04-29 05:31:04,32.6,67.0,208.0,0.0,9.3,EXCELLENT
2026-04-29 05:31:06,32.5,66.9,203.0,0.0,7.7,EXCELLENT
2026-04-29 05:31:08,32.5,66.8,207.0,0.0,9.0,EXCELLENT
2026-04-29 05:31:10,32.5,66.8,204.0,0.0,8.0,EXCELLENT
2026-04-29 05:31:12,32.6,66.8,194.0,0.0,4.7,EXCELLENT
2026-04-29 05:31:14,32.5,66.7,206.0,0.0,8.7,EXCELLENT
2026-04-29 05:31:16,32.6,66.8,208.0,0.0,9.3,EXCELLENT
2026-04-29 05:31:18,32.5,66.8,208.0,0.0,9.3,EXCELLENT
2026-04-29 05:31:20,32.5,66.7,198.0,0.0,6.0,EXCELLENT
2026-04-29 05:31:22,32.5,66.9,203.0,0.0,7.7,EXCELLENT
2026-04-29 05:31:24,32.5,66.9,198.0,0.0,6.0,EXCELLENT
2026-04-29 05:31:26,32.5,66.9,208.0,0.0,9.3,EXCELLENT
2026-04-29 05:31:28,32.6,67.1,208.0,0.0,9.3,EXCELLENT
2026-04-29 05:31:30,32.5,67.2,203.0,0.0,7.7,EXCELLENT
2026-04-29 05:31:32,32.6,67.3,197.0,0.0,5.7,EXCELLENT
2026-04-29 05:31:34,32.5,67.1,198.0,0.0,6.0,EXCELLENT
2026-04-29 05:31:36,32.5,66.9,205.0,0.0,8.3,EXCELLENT
2026-04-29 05:31:38,32.5,66.9,207.0,0.0,9.0,EXCELLENT
2026-04-29 05:31:40,32.5,66.9,199.0,0.0,6.3,EXCELLENT
2026-04-29 05:31:42,32.5,66.9,206.0,0.0,8.7,EXCELLENT
2026-04-29 05:31:44,32.5,67.0,197.0,0.0,5.7,EXCELLENT
2026-04-29 05:31:46,32.5,67.0,203.0,0.0,7.7,EXCELLENT
2026-04-29 05:31:48,32.5,67.0,198.0,0.0,6.0,EXCELLENT
2026-04-29 05:31:50,32.5,67.1,205.0,0.0,8.3,EXCELLENT
2026-04-29 05:31:52,32.5,67.1,195.0,0.0,5.0,EXCELLENT
2026-04-29 05:31:54,32.5,67.2,201.0,0.0,7.0,EXCELLENT
2026-04-29 05:31:56,32.5,67.3,196.0,0.0,5.3,EXCELLENT
2026-04-29 05:31:58,32.5,67.2,201.0,0.0,7.0,EXCELLENT
2026-04-29 05:32:00,32.5,67.3,199.0,0.0,6.3,EXCELLENT
2026-04-29 05:32:02,32.5,67.2,207.0,0.0,9.0,EXCELLENT
2026-04-29 05:32:04,32.5,67.1,203.0,0.0,7.7,EXCELLENT
2026-04-29 05:32:06,32.5,67.1,197.0,0.0,5.7,EXCELLENT
2026-04-29 05:32:08,32.5,67.1,197.0,0.0,5.7,EXCELLENT
2026-04-29 05:32:10,32.5,67.1,196.0,0.0,5.3,EXCELLENT
2026-04-29 05:32:12,32.5,66.9,195.0,0.0,5.0,EXCELLENT
2026-04-29 05:32:14,32.5,66.9,203.0,0.0,7.7,EXCELLENT
2026-04-29 05:32:16,32.5,66.9,204.0,0.0,8.0,EXCELLENT
2026-04-29 05:32:18,32.5,66.9,207.0,0.0,9.0,EXCELLENT
2026-04-29 05:32:20,32.5,66.8,200.0,0.0,6.7,EXCELLENT
2026-04-29 05:32:22,32.5,66.9,205.0,0.0,8.3,EXCELLENT
2026-04-29 05:32:24,32.5,66.9,200.0,0.0,6.7,EXCELLENT
2026-04-29 05:32:26,32.5,67.0,205.0,0.0,8.3,EXCELLENT
2026-04-29 05:32:28,32.5,67.1,196.0,0.0,5.3,EXCELLENT
2026-04-29 05:32:30,32.5,67.0,192.0,0.0,4.0,EXCELLENT
2026-04-29 05:32:32,32.5,67.0,205.0,0.0,8.3,EXCELLENT
2026-04-29 05:32:34,32.5,66.9,200.0,0.0,6.7,EXCELLENT
2026-04-29 05:32:36,32.5,66.9,199.0,0.0,6.3,EXCELLENT
2026-04-29 05:32:38,32.5,66.9,197.0,0.0,5.7,EXCELLENT
2026-04-29 05:32:40,32.5,67.0,205.0,0.0,8.3,EXCELLENT
2026-04-29 05:32:42,32.5,67.0,201.0,0.0,7.0,EXCELLENT
2026-04-29 05:32:44,32.5,67.0,193.0,0.0,4.3,EXCELLENT
2026-04-29 05:32:46,32.5,67.1,202.0,0.0,7.3,EXCELLENT
2026-04-29 05:32:48,32.5,67.0,206.0,0.0,8.7,EXCELLENT
2026-04-29 05:32:50,32.5,66.9,194.0,0.0,4.7,EXCELLENT
2026-04-29 05:32:52,32.5,66.9,195.0,0.0,5.0,EXCELLENT
2026-04-29 05:32:54,32.5,66.9,202.0,0.0,7.3,EXCELLENT
2026-04-29 05:32:56,32.5,66.9,194.0,0.0,4.7,EXCELLENT
2026-04-29 05:32:58,32.5,66.9,194.0,0.0,4.7,EXCELLENT
2026-04-29 05:33:00,32.5,66.7,201.0,0.0,7.0,EXCELLENT
2026-04-29 05:33:02,32.5,66.7,198.0,0.0,6.0,EXCELLENT
2026-04-29 05:33:04,32.5,66.7,202.0,0.0,7.3,EXCELLENT
2026-04-29 05:33:06,32.5,66.7,208.0,0.0,9.3,EXCELLENT
2026-04-29 05:33:08,32.5,66.8,205.0,0.0,8.3,EXCELLENT
2026-04-29 05:33:10,32.5,67.0,199.0,0.0,6.3,EXCELLENT
2026-04-29 05:33:12,32.5,67.1,203.0,0.0,7.7,EXCELLENT
2026-04-29 05:33:14,32.5,67.1,197.0,0.0,5.7,EXCELLENT
2026-04-29 05:33:16,32.5,67.2,208.0,0.0,9.3,EXCELLENT
2026-04-29 05:33:18,32.5,67.3,207.0,0.0,9.0,EXCELLENT
2026-04-29 05:33:20,32.5,67.4,202.0,0.0,7.3,EXCELLENT
2026-04-29 05:33:22,32.5,67.4,206.0,0.0,8.7,EXCELLENT
2026-04-29 05:33:24,32.5,67.3,196.0,0.0,5.3,EXCELLENT
2026-04-29 05:33:26,32.5,67.4,208.0,0.0,9.3,EXCELLENT
2026-04-29 05:33:28,32.5,67.4,203.0,0.0,7.7,EXCELLENT
2026-04-29 05:33:30,32.5,67.3,202.0,0.0,7.3,EXCELLENT
2026-04-29 05:33:32,32.5,67.5,202.0,0.0,7.3,EXCELLENT
2026-04-29 05:33:34,32.5,67.5,203.0,0.0,7.7,EXCELLENT
2026-04-29 05:33:36,32.5,67.7,198.0,0.0,6.0,EXCELLENT
2026-04-29 05:33:38,32.5,67.6,208.0,0.0,9.3,EXCELLENT
2026-04-29 05:33:40,32.5,67.6,206.0,0.0,8.7,EXCELLENT
2026-04-29 05:33:42,32.5,67.5,207.0,0.0,9.0,EXCELLENT
2026-04-29 05:33:44,32.5,67.6,201.0,0.0,7.0,EXCELLENT
2026-04-29 05:33:46,32.5,67.7,194.0,0.0,4.7,EXCELLENT
2026-04-29 05:33:48,32.5,67.8,207.0,1.0,9.0,EXCELLENT
2026-04-29 05:33:50,32.5,67.8,208.0,1.0,9.3,EXCELLENT
2026-04-29 05:33:52,32.5,67.9,199.0,0.0,6.3,EXCELLENT
2026-04-29 05:33:54,32.5,67.9,202.0,0.0,7.3,EXCELLENT
2026-04-29 05:33:56,32.4,68.0,206.0,0.0,8.7,EXCELLENT
2026-04-29 05:33:58,32.4,67.9,201.0,0.0,7.0,EXCELLENT
2026-04-29 05:34:00,32.5,68.0,195.0,0.0,5.0,EXCELLENT
2026-04-29 05:34:02,32.4,68.0,198.0,0.0,6.0,EXCELLENT
2026-04-29 05:34:04,32.4,68.0,204.0,0.0,8.0,EXCELLENT
2026-04-29 05:34:06,32.4,67.9,204.0,0.0,8.0,EXCELLENT
2026-04-29 05:34:08,32.4,68.0,205.0,0.0,8.3,EXCELLENT
2026-04-29 05:34:10,32.4,67.9,196.0,0.0,5.3,EXCELLENT
2026-04-29 05:34:12,32.4,68.0,198.0,0.0,6.0,EXCELLENT
2026-04-29 05:34:14,32.4,68.1,197.0,0.0,5.7,EXCELLENT
2026-04-29 05:34:16,32.4,68.1,208.0,0.0,9.3,EXCELLENT
2026-04-29 05:34:18,32.4,68.0,200.0,0.0,6.7,EXCELLENT
2026-04-29 05:34:20,32.4,68.0,202.0,0.0,7.3,EXCELLENT
2026-04-29 05:34:22,32.4,68.0,207.0,0.0,9.0,EXCELLENT
2026-04-29 05:34:24,32.4,68.1,199.0,0.0,6.3,EXCELLENT
2026-04-29 05:34:26,32.4,68.1,203.0,0.0,7.7,EXCELLENT
2026-04-29 05:34:28,32.4,68.1,202.0,0.0,7.3,EXCELLENT
2026-04-29 05:34:30,32.4,68.1,203.0,0.0,7.7,EXCELLENT
2026-04-29 05:34:32,32.4,68.2,195.0,0.0,5.0,EXCELLENT
2026-04-29 05:34:34,32.4,68.1,192.0,0.0,4.0,EXCELLENT
2026-04-29 05:34:36,32.4,68.1,204.0,0.0,8.0,EXCELLENT
2026-04-29 05:34:38,32.4,68.0,207.0,0.0,9.0,EXCELLENT
2026-04-29 05:34:40,32.4,68.0,194.0,0.0,4.7,EXCELLENT
2026-04-29 05:34:42,32.4,68.1,204.0,0.0,8.0,EXCELLENT
2026-04-29 05:34:44,32.4,68.1,201.0,0.0,7.0,EXCELLENT
2026-04-29 05:34:46,32.4,68.1,208.0,0.0,9.3,EXCELLENT
2026-04-29 05:34:48,32.4,68.1,202.0,0.0,7.3,EXCELLENT
2026-04-29 05:34:50,32.4,68.1,195.0,0.0,5.0,EXCELLENT
2026-04-29 05:34:52,32.3,68.1,207.0,0.0,9.0,EXCELLENT
2026-04-29 05:34:54,32.4,68.2,204.0,0.0,8.0,EXCELLENT
2026-04-29 05:34:56,32.4,68.1,206.0,0.0,8.7,EXCELLENT
2026-04-29 05:34:58,32.4,68.2,207.0,0.0,9.0,EXCELLENT
2026-04-29 05:35:00,32.3,68.1,204.0,0.0,8.0,EXCELLENT
2026-04-29 05:35:02,32.3,68.2,206.0,0.0,8.7,EXCELLENT
2026-04-29 05:35:04,32.4,68.2,208.0,0.0,9.3,EXCELLENT
2026-04-29 05:35:06,32.3,68.2,193.0,0.0,4.3,EXCELLENT
2026-04-29 05:35:08,32.3,68.2,206.0,0.0,8.7,EXCELLENT
2026-04-29 05:35:10,32.4,68.3,205.0,0.0,8.3,EXCELLENT
2026-04-29 05:35:12,32.4,68.2,199.0,0.0,6.3,EXCELLENT
2026-04-29 05:35:14,32.3,68.3,207.0,0.0,9.0,EXCELLENT
2026-04-29 05:35:16,32.3,68.4,206.0,0.0,8.7,EXCELLENT
2026-04-29 05:35:18,32.3,68.3,203.0,0.0,7.7,EXCELLENT
2026-04-29 05:35:20,32.3,68.4,208.0,0.0,9.3,EXCELLENT
2026-04-29 05:35:22,32.3,68.4,203.0,0.0,7.7,EXCELLENT
2026-04-29 05:35:24,32.4,68.5,208.0,0.0,9.3,EXCELLENT
2026-04-29 05:35:26,32.4,68.5,208.0,0.0,9.3,EXCELLENT
2026-04-29 05:35:28,32.4,68.4,199.0,0.0,6.3,EXCELLENT
2026-04-29 05:35:30,32.4,68.4,197.0,0.0,5.7,EXCELLENT
2026-04-29 05:35:32,32.3,68.3,205.0,0.0,8.3,EXCELLENT
2026-04-29 05:35:34,32.3,68.2,199.0,0.0,6.3,EXCELLENT
2026-04-29 05:35:36,32.4,68.2,202.0,0.0,7.3,EXCELLENT
2026-04-29 05:35:38,32.4,68.2,199.0,0.0,6.3,EXCELLENT
2026-04-29 05:35:40,32.4,68.2,195.0,0.0,5.0,EXCELLENT
2026-04-29 05:35:42,32.4,68.2,204.0,0.0,8.0,EXCELLENT
2026-04-29 05:35:44,32.4,68.2,198.0,0.0,6.0,EXCELLENT
2026-04-29 05:35:46,32.3,68.3,209.0,0.0,9.7,EXCELLENT
2026-04-29 05:35:48,32.4,68.2,198.0,0.0,6.0,EXCELLENT
2026-04-29 05:35:50,32.3,68.2,195.0,0.0,5.0,EXCELLENT
2026-04-29 05:35:52,32.4,68.1,199.0,0.0,6.3,EXCELLENT
2026-04-29 05:35:54,32.4,68.1,208.0,0.0,9.3,EXCELLENT
2026-04-29 05:35:56,32.3,68.1,199.0,0.0,6.3,EXCELLENT
2026-04-29 05:35:58,32.4,68.1,203.0,0.0,7.7,EXCELLENT
2026-04-29 05:36:00,32.3,68.1,203.0,0.0,7.7,EXCELLENT
2026-04-29 05:36:02,32.3,68.0,201.0,0.0,7.0,EXCELLENT
2026-04-29 05:36:04,32.4,68.2,208.0,0.0,9.3,EXCELLENT
2026-04-29 05:36:06,32.3,68.2,202.0,0.0,7.3,EXCELLENT
2026-04-29 05:36:08,32.4,68.2,195.0,0.0,5.0,EXCELLENT
2026-04-29 05:36:10,32.4,68.2,195.0,0.0,5.0,EXCELLENT
2026-04-29 05:36:12,32.4,68.3,198.0,0.0,6.0,EXCELLENT
2026-04-29 05:36:14,32.4,68.2,204.0,0.0,8.0,EXCELLENT
2026-04-29 05:36:16,32.4,68.2,193.0,0.0,4.3,EXCELLENT
2026-04-29 05:36:18,32.4,68.3,198.0,0.0,6.0,EXCELLENT
2026-04-29 05:36:20,32.3,68.4,202.0,0.0,7.3,EXCELLENT
2026-04-29 05:36:22,32.3,68.4,202.0,0.0,7.3,EXCELLENT
2026-04-29 05:36:24,32.4,68.4,198.0,0.0,6.0,EXCELLENT
2026-04-29 05:36:26,32.3,68.4,208.0,0.0,9.3,EXCELLENT
2026-04-29 05:36:28,32.4,68.5,203.0,0.0,7.7,EXCELLENT
2026-04-29 05:36:30,32.4,68.5,204.0,0.0,8.0,EXCELLENT
2026-04-29 05:36:32,32.4,68.5,203.0,0.0,7.7,EXCELLENT
2026-04-29 05:36:34,32.4,68.5,203.0,0.0,7.7,EXCELLENT
2026-04-29 05:36:36,32.4,68.4,198.0,0.0,6.0,EXCELLENT
2026-04-29 05:36:38,32.4,68.4,201.0,0.0,7.0,EXCELLENT
2026-04-29 05:36:40,32.3,68.4,203.0,0.0,7.7,EXCELLENT
2026-04-29 05:36:42,32.4,68.5,198.0,0.0,6.0,EXCELLENT
2026-04-29 05:36:44,32.4,68.5,202.0,0.0,7.3,EXCELLENT
2026-04-29 05:36:46,32.3,68.5,195.0,0.0,5.0,EXCELLENT
2026-04-29 05:36:48,32.3,68.5,207.0,0.0,9.0,EXCELLENT
2026-04-29 05:36:50,32.4,68.6,202.0,0.0,7.3,EXCELLENT
2026-04-29 05:36:52,32.4,68.6,201.0,0.0,7.0,EXCELLENT
2026-04-29 05:36:54,32.3,68.6,204.0,0.0,8.0,EXCELLENT
2026-04-29 05:36:56,32.4,68.6,203.0,0.0,7.7,EXCELLENT
2026-04-29 05:36:58,32.4,68.5,199.0,0.0,6.3,EXCELLENT
2026-04-29 05:37:00,32.4,68.6,204.0,0.0,8.0,EXCELLENT
2026-04-29 05:37:02,32.4,68.6,207.0,0.0,9.0,EXCELLENT
2026-04-29 05:37:04,32.4,68.5,205.0,0.0,8.3,EXCELLENT
2026-04-29 05:37:06,32.3,68.5,206.0,0.0,8.7,EXCELLENT
2026-04-29 05:37:08,32.4,68.5,197.0,0.0,5.7,EXCELLENT
2026-04-29 05:37:10,32.4,68.5,208.0,0.0,9.3,EXCELLENT
2026-04-29 05:37:12,32.4,68.5,204.0,0.0,8.0,EXCELLENT
2026-04-29 05:37:14,32.4,68.5,208.0,0.0,9.3,EXCELLENT
2026-04-29 05:37:16,32.4,68.5,198.0,0.0,6.0,EXCELLENT
2026-04-29 05:37:18,32.4,68.4,208.0,0.0,9.3,EXCELLENT
2026-04-29 05:37:20,32.4,68.3,205.0,0.0,8.3,EXCELLENT
2026-04-29 05:37:22,32.4,68.3,206.0,0.0,8.7,EXCELLENT
2026-04-29 05:37:24,32.4,68.2,202.0,0.0,7.3,EXCELLENT
2026-04-29 05:37:26,32.4,68.2,202.0,0.0,7.3,EXCELLENT
2026-04-29 05:37:28,32.4,68.2,205.0,0.0,8.3,EXCELLENT
2026-04-29 05:37:30,32.4,68.2,200.0,0.0,6.7,EXCELLENT
2026-04-29 05:37:32,32.4,68.2,206.0,0.0,8.7,EXCELLENT
2026-04-29 05:37:34,32.4,68.2,199.0,0.0,6.3,EXCELLENT
2026-04-29 05:37:36,32.4,68.3,202.0,0.0,7.3,EXCELLENT
2026-04-29 05:37:39,32.4,68.2,203.0,0.0,7.7,EXCELLENT
2026-04-29 05:37:40,32.4,68.1,209.0,0.0,9.7,EXCELLENT
2026-04-29 05:37:42,32.4,68.1,205.0,0.0,8.3,EXCELLENT
2026-04-29 05:37:44,32.4,68.1,208.0,0.0,9.3,EXCELLENT
2026-04-29 05:37:46,32.4,68.1,209.0,0.0,9.7,EXCELLENT
2026-04-29 05:37:48,32.4,68.0,207.0,0.0,9.0,EXCELLENT
2026-04-29 05:37:50,32.4,68.1,202.0,0.0,7.3,EXCELLENT
2026-04-29 05:37:52,32.5,68.0,197.0,0.0,5.7,EXCELLENT
2026-04-29 05:37:54,32.4,68.1,206.0,0.0,8.7,EXCELLENT
2026-04-29 05:37:56,32.5,68.1,191.0,0.0,3.7,EXCELLENT
2026-04-29 05:37:58,32.5,68.1,206.0,0.0,8.7,EXCELLENT
2026-04-29 05:38:00,32.5,68.0,202.0,0.0,7.3,EXCELLENT
2026-04-29 05:38:02,32.5,68.1,195.0,0.0,5.0,EXCELLENT
2026-04-29 05:38:04,32.5,68.1,201.0,0.0,7.0,EXCELLENT
2026-04-29 05:38:06,32.5,68.1,204.0,0.0,8.0,EXCELLENT
2026-04-29 05:38:08,32.5,68.1,208.0,0.0,9.3,EXCELLENT
2026-04-29 05:38:10,32.5,68.1,205.0,0.0,8.3,EXCELLENT
2026-04-29 05:38:12,32.4,68.1,199.0,0.0,6.3,EXCELLENT
2026-04-29 05:38:14,32.5,68.1,208.0,0.0,9.3,EXCELLENT
2026-04-29 05:38:16,32.5,68.0,199.0,0.0,6.3,EXCELLENT
2026-04-29 05:38:18,32.5,68.1,208.0,0.0,9.3,EXCELLENT
2026-04-29 05:38:20,32.5,68.1,207.0,0.0,9.0,EXCELLENT
2026-04-29 05:38:22,32.5,68.2,199.0,0.0,6.3,EXCELLENT
2026-04-29 05:38:24,32.5,68.1,208.0,0.0,9.3,EXCELLENT
2026-04-29 05:38:26,32.5,68.2,208.0,0.0,9.3,EXCELLENT
2026-04-29 05:38:28,32.5,68.2,206.0,0.0,8.7,EXCELLENT
2026-04-29 05:38:30,32.5,68.3,199.0,0.0,6.3,EXCELLENT
2026-04-29 05:38:32,32.5,68.2,206.0,0.0,8.7,EXCELLENT
2026-04-29 05:38:34,32.5,68.2,206.0,0.0,8.7,EXCELLENT
2026-04-29 05:38:36,32.5,68.2,208.0,0.0,9.3,EXCELLENT
2026-04-29 05:38:38,32.5,68.2,203.0,0.0,7.7,EXCELLENT
2026-04-29 05:38:40,32.5,68.3,198.0,0.0,6.0,EXCELLENT
2026-04-29 05:38:42,32.5,68.2,197.0,0.0,5.7,EXCELLENT
2026-04-29 05:38:44,32.5,68.3,198.0,0.0,6.0,EXCELLENT
2026-04-29 05:38:46,32.5,68.3,197.0,0.0,5.7,EXCELLENT
2026-04-29 05:38:48,32.5,68.2,208.0,0.0,9.3,EXCELLENT
2026-04-29 05:38:50,32.5,68.3,205.0,0.0,8.3,EXCELLENT
2026-04-29 05:38:52,32.5,68.2,205.0,0.0,8.3,EXCELLENT
2026-04-29 05:38:54,32.5,68.3,196.0,0.0,5.3,EXCELLENT
2026-04-29 05:38:56,32.5,68.3,206.0,0.0,8.7,EXCELLENT
2026-04-29 05:38:58,32.5,68.2,205.0,0.0,8.3,EXCELLENT
2026-04-29 05:39:00,32.4,68.2,209.0,0.0,9.7,EXCELLENT
2026-04-29 05:39:02,32.5,68.2,205.0,0.0,8.3,EXCELLENT
2026-04-29 05:39:04,32.4,68.3,206.0,0.0,8.7,EXCELLENT
2026-04-29 05:39:06,32.5,68.4,204.0,0.0,8.0,EXCELLENT
2026-04-29 05:39:08,32.5,68.3,207.0,0.0,9.0,EXCELLENT
2026-04-29 05:39:10,32.5,68.4,208.0,0.0,9.3,EXCELLENT
2026-04-29 05:39:12,32.4,68.3,202.0,0.0,7.3,EXCELLENT
2026-04-29 05:39:14,32.5,68.3,199.0,0.0,6.3,EXCELLENT
2026-04-29 05:39:16,32.5,68.3,201.0,0.0,7.0,EXCELLENT
2026-04-29 05:39:18,32.4,68.3,204.0,0.0,8.0,EXCELLENT
2026-04-29 05:39:20,32.4,68.3,206.0,0.0,8.7,EXCELLENT
2026-04-29 05:39:22,32.4,68.3,195.0,0.0,5.0,EXCELLENT
2026-04-29 05:39:24,32.4,68.4,205.0,0.0,8.3,EXCELLENT
2026-04-29 05:39:26,32.4,68.3,200.0,0.0,6.7,EXCELLENT
2026-04-29 05:39:28,32.4,68.3,208.0,0.0,9.3,EXCELLENT
2026-04-29 05:39:30,32.4,68.4,208.0,0.0,9.3,EXCELLENT
2026-04-29 05:39:32,32.4,68.4,206.0,0.0,8.7,EXCELLENT
2026-04-29 05:39:34,32.4,68.4,196.0,0.0,5.3,EXCELLENT
2026-04-29 05:39:36,32.4,68.4,204.0,0.0,8.0,EXCELLENT
2026-04-29 05:39:38,32.4,68.3,208.0,0.0,9.3,EXCELLENT
2026-04-29 05:39:40,32.4,68.3,202.0,0.0,7.3,EXCELLENT
2026-04-29 05:39:42,32.4,68.2,198.0,0.0,6.0,EXCELLENT
2026-04-29 05:39:44,32.4,68.2,200.0,0.0,6.7,EXCELLENT
2026-04-29 05:39:46,32.4,68.2,200.0,0.0,6.7,EXCELLENT
2026-04-29 05:39:48,32.4,68.3,197.0,0.0,5.7,EXCELLENT
2026-04-29 05:39:50,32.4,68.3,208.0,0.0,9.3,EXCELLENT
2026-04-29 05:39:52,32.4,68.3,201.0,0.0,7.0,EXCELLENT
2026-04-29 05:39:54,32.4,68.4,202.0,0.0,7.3,EXCELLENT
2026-04-29 05:39:56,32.4,68.4,206.0,0.0,8.7,EXCELLENT
2026-04-29 05:39:58,32.4,68.5,203.0,0.0,7.7,EXCELLENT
2026-04-29 05:40:00,32.4,68.5,196.0,0.0,5.3,EXCELLENT
2026-04-29 05:40:02,32.4,68.5,200.0,0.0,6.7,EXCELLENT
2026-04-29 05:40:04,32.4,68.4,195.0,0.0,5.0,EXCELLENT
2026-04-29 05:40:06,32.4,68.5,206.0,0.0,8.7,EXCELLENT
2026-04-29 05:40:08,32.4,68.5,206.0,0.0,8.7,EXCELLENT
2026-04-29 05:40:10,32.4,68.5,199.0,0.0,6.3,EXCELLENT
2026-04-29 05:40:12,32.4,68.4,203.0,0.0,7.7,EXCELLENT
2026-04-29 05:40:14,32.4,68.4,193.0,0.0,4.3,EXCELLENT
2026-04-29 05:40:16,32.4,68.5,205.0,0.0,8.3,EXCELLENT
2026-04-29 05:40:18,32.4,68.5,194.0,0.0,4.7,EXCELLENT
2026-04-29 05:40:20,32.4,68.4,201.0,0.0,7.0,EXCELLENT
2026-04-29 05:40:22,32.4,68.4,209.0,0.0,9.7,EXCELLENT
2026-04-29 05:40:24,32.4,68.4,202.0,0.0,7.3,EXCELLENT
2026-04-29 05:40:26,32.4,68.3,200.0,0.0,6.7,EXCELLENT
2026-04-29 05:40:28,32.4,68.3,203.0,0.0,7.7,EXCELLENT
2026-04-29 05:40:30,32.4,68.3,208.0,0.0,9.3,EXCELLENT
2026-04-29 05:40:32,32.4,68.2,198.0,0.0,6.0,EXCELLENT
2026-04-29 05:40:34,32.4,68.3,200.0,0.0,6.7,EXCELLENT
2026-04-29 05:40:36,32.4,68.2,203.0,0.0,7.7,EXCELLENT
2026-04-29 05:40:38,32.4,68.4,208.0,0.0,9.3,EXCELLENT
2026-04-29 05:40:40,32.4,68.4,198.0,0.0,6.0,EXCELLENT
2026-04-29 05:40:42,32.4,68.5,192.0,0.0,4.0,EXCELLENT
2026-04-29 05:40:44,32.5,68.5,200.0,0.0,6.7,EXCELLENT
2026-04-29 05:40:46,32.5,68.5,198.0,0.0,6.0,EXCELLENT
2026-04-29 05:40:48,32.4,68.5,202.0,0.0,7.3,EXCELLENT
2026-04-29 05:40:50,32.5,68.5,208.0,0.0,9.3,EXCELLENT
2026-04-29 05:40:52,32.5,68.5,203.0,0.0,7.7,EXCELLENT
2026-04-29 05:40:54,32.5,68.5,199.0,0.0,6.3,EXCELLENT
2026-04-29 05:40:56,32.5,68.5,206.0,0.0,8.7,EXCELLENT
2026-04-29 05:40:58,32.5,68.5,208.0,0.0,9.3,EXCELLENT
2026-04-29 05:41:00,32.5,68.4,202.0,0.0,7.3,EXCELLENT
2026-04-29 05:41:02,32.5,68.4,203.0,0.0,7.7,EXCELLENT
2026-04-29 05:41:04,32.5,68.4,197.0,0.0,5.7,EXCELLENT
2026-04-29 05:41:06,32.5,68.4,204.0,0.0,8.0,EXCELLENT
2026-04-29 05:41:08,32.5,68.4,208.0,0.0,9.3,EXCELLENT
2026-04-29 05:41:10,32.5,68.4,205.0,0.0,8.3,EXCELLENT
2026-04-29 05:41:12,32.5,68.4,202.0,0.0,7.3,EXCELLENT
2026-04-29 05:41:14,32.5,68.4,196.0,0.0,5.3,EXCELLENT
2026-04-29 05:41:16,32.5,68.4,205.0,0.0,8.3,EXCELLENT
2026-04-29 05:41:18,32.5,68.3,198.0,0.0,6.0,EXCELLENT
2026-04-29 05:41:20,32.5,68.4,208.0,0.0,9.3,EXCELLENT
2026-04-29 05:41:22,32.5,68.3,208.0,0.0,9.3,EXCELLENT
2026-04-29 05:41:24,32.5,68.3,199.0,0.0,6.3,EXCELLENT
2026-04-29 05:41:26,32.5,68.2,202.0,0.0,7.3,EXCELLENT
2026-04-29 05:41:28,32.5,68.2,192.0,0.0,4.0,EXCELLENT
2026-04-29 05:41:30,32.5,68.3,206.0,0.0,8.7,EXCELLENT
2026-04-29 05:41:32,32.5,68.2,203.0,0.0,7.7,EXCELLENT
2026-04-29 05:41:34,32.5,68.3,208.0,0.0,9.3,EXCELLENT
2026-04-29 05:41:36,32.5,68.3,201.0,0.0,7.0,EXCELLENT
2026-04-29 05:41:38,32.5,68.2,207.0,0.0,9.0,EXCELLENT
2026-04-29 05:41:40,32.5,68.2,198.0,0.0,6.0,EXCELLENT
2026-04-29 05:41:42,32.5,68.0,197.0,0.0,5.7,EXCELLENT
2026-04-29 05:41:44,32.5,67.9,197.0,0.0,5.7,EXCELLENT
2026-04-29 05:41:46,32.5,67.7,197.0,0.0,5.7,EXCELLENT
2026-04-29 05:41:48,32.5,67.6,199.0,0.0,6.3,EXCELLENT
2026-04-29 05:41:50,32.5,67.4,195.0,0.0,5.0,EXCELLENT
2026-04-29 05:41:52,32.5,67.3,206.0,0.0,8.7,EXCELLENT
2026-04-29 05:41:54,32.5,67.3,201.0,0.0,7.0,EXCELLENT
2026-04-29 05:41:56,32.5,67.4,194.0,0.0,4.7,EXCELLENT
2026-04-29 05:41:58,32.5,67.4,201.0,0.0,7.0,EXCELLENT
2026-04-29 05:42:00,32.5,67.3,199.0,0.0,6.3,EXCELLENT
2026-04-29 05:42:02,32.5,67.4,198.0,0.0,6.0,EXCELLENT
2026-04-29 05:42:04,32.5,67.3,195.0,0.0,5.0,EXCELLENT
2026-04-29 05:42:06,32.5,67.4,204.0,0.0,8.0,EXCELLENT
2026-04-29 05:42:08,32.5,67.3,208.0,0.0,9.3,EXCELLENT
2026-04-29 05:42:10,32.5,67.3,203.0,0.0,7.7,EXCELLENT
2026-04-29 05:42:12,32.6,67.3,195.0,0.0,5.0,EXCELLENT
2026-04-29 05:42:14,32.6,67.3,206.0,0.0,8.7,EXCELLENT
2026-04-29 05:42:16,32.6,67.3,201.0,0.0,7.0,EXCELLENT
2026-04-29 05:42:18,32.6,67.3,197.0,0.0,5.7,EXCELLENT
2026-04-29 05:42:20,32.6,67.3,201.0,0.0,7.0,EXCELLENT
2026-04-29 05:42:22,32.6,67.3,198.0,0.0,6.0,EXCELLENT
2026-04-29 05:42:24,32.6,67.3,199.0,0.0,6.3,EXCELLENT
2026-04-29 05:42:26,32.6,67.3,198.0,0.0,6.0,EXCELLENT
2026-04-29 05:42:28,32.6,67.3,207.0,0.0,9.0,EXCELLENT
2026-04-29 05:42:30,32.6,67.3,206.0,0.0,8.7,EXCELLENT
2026-04-29 05:42:32,32.6,67.4,201.0,0.0,7.0,EXCELLENT
2026-04-29 05:42:34,32.6,67.4,208.0,0.0,9.3,EXCELLENT
2026-04-29 05:42:36,32.6,67.4,208.0,0.0,9.3,EXCELLENT
2026-04-29 05:42:38,32.6,67.5,208.0,0.0,9.3,EXCELLENT
2026-04-29 05:42:40,32.6,67.5,202.0,0.0,7.3,EXCELLENT
2026-04-29 05:42:42,32.6,67.4,201.0,0.0,7.0,EXCELLENT
2026-04-29 05:42:44,32.6,67.5,200.0,0.0,6.7,EXCELLENT
2026-04-29 05:42:46,32.5,67.5,205.0,0.0,8.3,EXCELLENT
2026-04-29 05:42:48,32.6,67.5,198.0,0.0,6.0,EXCELLENT
2026-04-29 05:42:50,32.6,67.5,208.0,0.0,9.3,EXCELLENT
2026-04-29 05:42:52,32.6,67.3,199.0,0.0,6.3,EXCELLENT
2026-04-29 05:42:54,32.6,67.1,202.0,0.0,7.3,EXCELLENT
2026-04-29 05:42:56,32.6,67.0,201.0,0.0,7.0,EXCELLENT
2026-04-29 05:42:58,32.6,67.1,197.0,0.0,5.7,EXCELLENT
2026-04-29 05:43:00,32.6,67.0,203.0,0.0,7.7,EXCELLENT
2026-04-29 05:43:02,32.6,66.9,206.0,0.0,8.7,EXCELLENT
2026-04-29 05:43:04,32.6,66.8,205.0,0.0,8.3,EXCELLENT
2026-04-29 05:43:06,32.6,66.8,204.0,0.0,8.0,EXCELLENT
2026-04-29 05:43:08,32.6,66.9,200.0,0.0,6.7,EXCELLENT
2026-04-29 05:43:10,32.6,66.9,208.0,0.0,9.3,EXCELLENT
2026-04-29 05:43:12,32.6,66.8,205.0,0.0,8.3,EXCELLENT
2026-04-29 05:43:14,32.6,66.8,202.0,0.0,7.3,EXCELLENT
2026-04-29 05:43:16,32.6,66.8,195.0,0.0,5.0,EXCELLENT
2026-04-29 05:43:18,32.6,66.9,205.0,0.0,8.3,EXCELLENT
2026-04-29 05:43:20,32.6,66.8,205.0,0.0,8.3,EXCELLENT
2026-04-29 05:43:22,32.6,66.9,201.0,0.0,7.0,EXCELLENT
2026-04-29 05:43:24,32.6,66.9,207.0,0.0,9.0,EXCELLENT
2026-04-29 05:43:26,32.6,66.9,202.0,0.0,7.3,EXCELLENT
2026-04-29 05:43:28,32.6,66.9,194.0,0.0,4.7,EXCELLENT
2026-04-29 05:43:30,32.6,67.0,207.0,0.0,9.0,EXCELLENT
2026-04-29 05:43:32,32.7,67.2,208.0,0.0,9.3,EXCELLENT
2026-04-29 05:43:34,32.6,67.3,197.0,0.0,5.7,EXCELLENT
2026-04-29 05:43:36,32.6,67.4,202.0,0.0,7.3,EXCELLENT
2026-04-29 05:43:38,32.7,67.5,206.0,0.0,8.7,EXCELLENT
2026-04-29 05:43:40,32.7,67.5,208.0,0.0,9.3,EXCELLENT
2026-04-29 05:43:43,32.7,67.5,202.0,0.0,7.3,EXCELLENT
2026-04-29 05:43:44,32.6,67.4,208.0,0.0,9.3,EXCELLENT
2026-04-29 05:43:46,32.6,67.5,202.0,0.0,7.3,EXCELLENT
2026-04-29 05:43:48,32.7,67.5,204.0,0.0,8.0,EXCELLENT
2026-04-29 05:43:50,32.6,67.4,205.0,0.0,8.3,EXCELLENT
2026-04-29 05:43:52,32.7,67.4,202.0,0.0,7.3,EXCELLENT
2026-04-29 05:43:54,32.6,67.3,193.0,0.0,4.3,EXCELLENT
2026-04-29 05:43:56,32.7,67.3,207.0,0.0,9.0,EXCELLENT
2026-04-29 05:43:58,32.7,67.3,203.0,0.0,7.7,EXCELLENT
2026-04-29 05:44:00,32.7,67.2,198.0,0.0,6.0,EXCELLENT
2026-04-29 05:44:02,32.6,67.2,205.0,0.0,8.3,EXCELLENT
2026-04-29 05:44:04,32.7,67.3,207.0,0.0,9.0,EXCELLENT
2026-04-29 05:44:06,32.7,67.3,204.0,0.0,8.0,EXCELLENT
2026-04-29 05:44:08,32.6,67.4,206.0,0.0,8.7,EXCELLENT
2026-04-29 05:44:10,32.6,67.4,195.0,0.0,5.0,EXCELLENT
2026-04-29 05:44:12,32.7,67.5,208.0,0.0,9.3,EXCELLENT
2026-04-29 05:44:14,32.6,67.5,208.0,0.0,9.3,EXCELLENT
2026-04-29 05:44:16,32.7,67.6,207.0,0.0,9.0,EXCELLENT
2026-04-29 05:44:18,32.6,67.7,202.0,0.0,7.3,EXCELLENT
2026-04-29 05:44:20,32.6,67.7,199.0,0.0,6.3,EXCELLENT
2026-04-29 05:44:22,32.7,67.7,199.0,0.0,6.3,EXCELLENT
2026-04-29 05:44:24,32.6,67.7,196.0,0.0,5.3,EXCELLENT
2026-04-29 05:44:26,32.7,67.7,208.0,0.0,9.3,EXCELLENT
2026-04-29 05:44:28,32.6,67.7,203.0,0.0,7.7,EXCELLENT
2026-04-29 05:44:30,32.7,67.7,199.0,0.0,6.3,EXCELLENT
2026-04-29 05:44:32,32.6,67.6,205.0,0.0,8.3,EXCELLENT
2026-04-29 05:44:34,32.7,67.5,199.0,0.0,6.3,EXCELLENT
2026-04-29 05:44:36,32.7,67.4,200.0,0.0,6.7,EXCELLENT
2026-04-29 05:44:38,32.7,67.4,194.0,0.0,4.7,EXCELLENT
2026-04-29 05:44:40,32.7,67.4,208.0,0.0,9.3,EXCELLENT
2026-04-29 05:44:42,32.7,67.4,197.0,0.0,5.7,EXCELLENT
2026-04-29 05:44:44,32.7,67.4,202.0,0.0,7.3,EXCELLENT
2026-04-29 05:44:46,32.7,67.4,196.0,0.0,5.3,EXCELLENT
2026-04-29 05:44:48,32.7,67.2,199.0,0.0,6.3,EXCELLENT
2026-04-29 05:44:50,32.7,67.1,206.0,0.0,8.7,EXCELLENT
2026-04-29 05:44:52,32.7,66.9,208.0,0.0,9.3,EXCELLENT
2026-04-29 05:44:54,32.7,66.9,202.0,0.0,7.3,EXCELLENT
2026-04-29 05:44:56,32.7,66.7,199.0,0.0,6.3,EXCELLENT
2026-04-29 05:44:58,32.7,66.8,200.0,0.0,6.7,EXCELLENT
2026-04-29 05:45:00,32.7,66.7,193.0,0.0,4.3,EXCELLENT
2026-04-29 05:45:02,32.7,66.7,194.0,0.0,4.7,EXCELLENT
2026-04-29 05:45:04,32.7,66.6,199.0,0.0,6.3,EXCELLENT
2026-04-29 05:45:06,32.7,66.6,193.0,0.0,4.3,EXCELLENT
2026-04-29 05:45:08,32.7,66.6,199.0,0.0,6.3,EXCELLENT
2026-04-29 05:45:10,32.7,66.6,206.0,0.0,8.7,EXCELLENT
2026-04-29 05:45:12,32.7,66.6,190.0,0.0,3.3,EXCELLENT
2026-04-29 05:45:14,32.8,66.6,194.0,0.0,4.7,EXCELLENT
2026-04-29 05:45:16,32.7,66.6,202.0,0.0,7.3,EXCELLENT
2026-04-29 05:45:18,32.7,66.5,207.0,0.0,9.0,EXCELLENT
2026-04-29 05:45:20,32.8,67.1,198.0,0.0,6.0,EXCELLENT
2026-04-29 05:45:22,32.8,67.1,199.0,0.0,6.3,EXCELLENT
2026-04-29 05:45:24,32.8,66.4,203.0,0.0,7.7,EXCELLENT
2026-04-29 05:45:26,32.8,67.0,199.0,0.0,6.3,EXCELLENT
2026-04-29 05:45:28,32.8,67.1,204.0,0.0,8.0,EXCELLENT
2026-04-29 05:45:30,32.8,67.0,201.0,0.0,7.0,EXCELLENT
2026-04-29 05:45:32,32.8,67.1,202.0,0.0,7.3,EXCELLENT
2026-04-29 05:45:34,32.8,67.0,203.0,0.0,7.7,EXCELLENT
2026-04-29 05:45:36,32.8,67.0,203.0,0.0,7.7,EXCELLENT
2026-04-29 05:45:38,32.8,67.0,199.0,0.0,6.3,EXCELLENT
2026-04-29 05:45:40,32.8,67.0,199.0,0.0,6.3,EXCELLENT
2026-04-29 05:45:42,32.8,67.0,206.0,0.0,8.7,EXCELLENT
2026-04-29 05:45:44,32.8,67.0,205.0,0.0,8.3,EXCELLENT
2026-04-29 05:45:46,32.8,67.0,205.0,0.0,8.3,EXCELLENT
2026-04-29 05:45:49,32.8,67.0,197.0,0.0,5.7,EXCELLENT
2026-04-29 05:45:50,32.8,67.0,207.0,0.0,9.0,EXCELLENT
2026-04-29 05:45:52,32.8,67.1,197.0,0.0,5.7,EXCELLENT
2026-04-29 05:45:54,32.8,67.1,203.0,0.0,7.7,EXCELLENT
2026-04-29 05:45:56,32.8,67.1,197.0,0.0,5.7,EXCELLENT
2026-04-29 05:45:58,32.9,67.0,202.0,0.0,7.3,EXCELLENT
2026-04-29 05:46:00,32.9,67.0,199.0,0.0,6.3,EXCELLENT
2026-04-29 05:46:02,32.9,67.0,197.0,0.0,5.7,EXCELLENT
2026-04-29 05:46:04,32.9,67.1,208.0,0.0,9.3,EXCELLENT
2026-04-29 05:46:06,32.8,67.1,202.0,0.0,7.3,EXCELLENT
2026-04-29 05:46:08,32.9,67.1,205.0,0.0,8.3,EXCELLENT
2026-04-29 05:46:10,32.9,67.0,193.0,0.0,4.3,EXCELLENT
2026-04-29 05:46:12,32.9,67.0,202.0,0.0,7.3,EXCELLENT
2026-04-29 05:46:14,32.9,67.0,206.0,0.0,8.7,EXCELLENT
2026-04-29 05:46:16,32.9,66.9,203.0,0.0,7.7,EXCELLENT
2026-04-29 05:46:18,32.9,66.9,199.0,0.0,6.3,EXCELLENT
2026-04-29 05:46:20,32.9,66.9,205.0,0.0,8.3,EXCELLENT
2026-04-29 05:46:22,32.9,66.9,198.0,0.0,6.0,EXCELLENT
2026-04-29 05:46:24,32.9,66.9,193.0,0.0,4.3,EXCELLENT
2026-04-29 05:46:26,32.9,67.0,200.0,0.0,6.7,EXCELLENT
2026-04-29 05:46:28,32.9,67.0,206.0,0.0,8.7,EXCELLENT
2026-04-29 05:46:30,32.9,67.1,201.0,0.0,7.0,EXCELLENT
2026-04-29 05:46:32,32.9,67.1,197.0,0.0,5.7,EXCELLENT
2026-04-29 05:46:34,32.9,67.0,205.0,0.0,8.3,EXCELLENT
2026-04-29 05:46:36,32.9,66.9,208.0,0.0,9.3,EXCELLENT
2026-04-29 05:46:38,32.9,67.0,205.0,0.0,8.3,EXCELLENT
2026-04-29 05:46:40,32.9,66.9,198.0,0.0,6.0,EXCELLENT
2026-04-29 05:46:42,32.9,66.8,199.0,0.0,6.3,EXCELLENT
2026-04-29 05:46:44,32.9,66.7,208.0,0.0,9.3,EXCELLENT
2026-04-29 05:46:46,32.9,66.6,204.0,0.0,8.0,EXCELLENT
2026-04-29 05:46:48,32.9,66.6,195.0,0.0,5.0,EXCELLENT
2026-04-29 05:46:50,32.9,66.4,201.0,0.0,7.0,EXCELLENT
2026-04-29 05:46:52,32.9,66.3,201.0,0.0,7.0,EXCELLENT
2026-04-29 05:46:54,32.9,66.2,202.0,0.0,7.3,EXCELLENT
2026-04-29 05:46:56,32.9,66.3,195.0,0.0,5.0,EXCELLENT
2026-04-29 05:46:59,32.9,66.4,208.0,0.0,9.3,EXCELLENT
2026-04-29 05:47:01,32.9,66.4,193.0,0.0,4.3,EXCELLENT
2026-04-29 05:47:03,32.9,66.5,197.0,0.0,5.7,EXCELLENT
2026-04-29 05:47:05,32.9,66.5,205.0,0.0,8.3,EXCELLENT
2026-04-29 05:47:06,32.9,66.6,202.0,0.0,7.3,EXCELLENT
2026-04-29 05:47:08,32.9,66.5,192.0,0.0,4.0,EXCELLENT
2026-04-29 05:47:11,32.9,66.5,198.0,0.0,6.0,EXCELLENT
2026-04-29 05:47:12,32.9,66.5,206.0,0.0,8.7,EXCELLENT
2026-04-29 05:47:15,32.9,66.4,201.0,0.0,7.0,EXCELLENT
2026-04-29 05:47:16,32.9,66.4,197.0,0.0,5.7,EXCELLENT
2026-04-29 05:47:18,32.9,66.5,198.0,0.0,6.0,EXCELLENT
2026-04-29 05:47:20,32.9,66.5,208.0,0.0,9.3,EXCELLENT
2026-04-29 05:47:23,32.9,66.5,199.0,0.0,6.3,EXCELLENT
2026-04-29 05:47:25,32.9,66.7,200.0,0.0,6.7,EXCELLENT
2026-04-29 05:47:27,32.9,66.7,195.0,0.0,5.0,EXCELLENT
2026-04-29 05:47:29,32.9,66.7,203.0,0.0,7.7,EXCELLENT
2026-04-29 05:47:31,32.9,66.9,208.0,0.0,9.3,EXCELLENT
2026-04-29 05:47:33,32.9,66.9,201.0,0.0,7.0,EXCELLENT
2026-04-29 05:47:35,32.9,67.0,199.0,0.0,6.3,EXCELLENT
2026-04-29 05:47:37,32.9,66.9,207.0,0.0,9.0,EXCELLENT
2026-04-29 05:47:38,32.9,67.0,208.0,0.0,9.3,EXCELLENT
2026-04-29 05:47:40,32.9,67.1,197.0,0.0,5.7,EXCELLENT
2026-04-29 05:47:42,32.9,67.1,207.0,0.0,9.0,EXCELLENT
2026-04-29 05:47:45,32.9,67.0,208.0,0.0,9.3,EXCELLENT
2026-04-29 05:47:46,32.9,66.9,208.0,0.0,9.3,EXCELLENT
2026-04-29 05:47:48,32.8,66.9,206.0,0.0,8.7,EXCELLENT
2026-04-29 05:47:51,32.9,66.7,199.0,0.0,6.3,EXCELLENT
2026-04-29 05:47:53,32.8,66.8,193.0,0.0,4.3,EXCELLENT
2026-04-29 05:47:55,32.8,66.8,201.0,0.0,7.0,EXCELLENT
2026-04-29 05:47:57,32.8,66.7,203.0,0.0,7.7,EXCELLENT
2026-04-29 05:47:59,32.8,66.8,195.0,0.0,5.0,EXCELLENT
2026-04-29 05:48:00,32.8,67.0,207.0,0.0,9.0,EXCELLENT
2026-04-29 05:48:02,32.8,67.1,201.0,0.0,7.0,EXCELLENT
2026-04-29 05:48:05,32.8,67.1,199.0,0.0,6.3,EXCELLENT
2026-04-29 05:48:07,32.8,67.1,205.0,0.0,8.3,EXCELLENT
2026-04-29 05:48:09,32.8,67.1,199.0,0.0,6.3,EXCELLENT
2026-04-29 05:48:10,32.8,67.0,205.0,0.0,8.3,EXCELLENT
2026-04-29 05:48:13,32.8,67.0,197.0,0.0,5.7,EXCELLENT
2026-04-29 05:48:15,32.8,67.1,206.0,0.0,8.7,EXCELLENT
2026-04-29 05:48:17,32.8,67.1,193.0,0.0,4.3,EXCELLENT
2026-04-29 05:48:19,32.8,67.2,194.0,0.0,4.7,EXCELLENT
2026-04-29 05:48:21,32.8,67.2,193.0,0.0,4.3,EXCELLENT
2026-04-29 05:48:23,32.8,67.2,192.0,0.0,4.0,EXCELLENT
2026-04-29 05:48:25,32.8,67.2,202.0,0.0,7.3,EXCELLENT
2026-04-29 05:48:27,32.8,67.4,201.0,0.0,7.0,EXCELLENT
2026-04-29 05:48:29,32.8,67.4,204.0,0.0,8.0,EXCELLENT
2026-04-29 05:48:31,32.8,67.5,201.0,0.0,7.0,EXCELLENT
2026-04-29 05:48:32,32.8,67.5,198.0,0.0,6.0,EXCELLENT
2026-04-29 05:48:34,32.8,67.6,205.0,0.0,8.3,EXCELLENT
2026-04-29 05:48:37,32.8,67.5,202.0,0.0,7.3,EXCELLENT
2026-04-29 05:48:38,32.8,67.5,201.0,0.0,7.0,EXCELLENT
2026-04-29 05:48:40,32.8,66.9,194.0,0.0,4.7,EXCELLENT
2026-04-29 05:48:43,32.7,66.8,201.0,0.0,7.0,EXCELLENT
2026-04-29 05:48:45,32.7,66.9,194.0,0.0,4.7,EXCELLENT
2026-04-29 05:48:47,32.7,66.9,201.0,0.0,7.0,EXCELLENT
2026-04-29 05:48:49,32.7,66.9,206.0,0.0,8.7,EXCELLENT
2026-04-29 05:48:51,32.8,67.6,202.0,0.0,7.3,EXCELLENT
2026-04-29 05:48:53,32.7,66.9,194.0,0.0,4.7,EXCELLENT
2026-04-29 05:48:55,32.7,66.7,198.0,0.0,6.0,EXCELLENT
2026-04-29 05:48:57,32.7,66.8,199.0,0.0,6.3,EXCELLENT
2026-04-29 05:48:59,32.7,66.7,196.0,0.0,5.3,EXCELLENT
2026-04-29 05:49:00,32.7,66.5,192.0,0.0,4.0,EXCELLENT
2026-04-29 05:49:03,32.7,66.8,192.0,0.0,4.0,EXCELLENT
2026-04-29 05:49:05,32.7,66.9,201.0,0.0,7.0,EXCELLENT
2026-04-29 05:49:06,32.7,67.0,208.0,0.0,9.3,EXCELLENT
2026-04-29 05:49:09,32.6,67.2,206.0,0.0,8.7,EXCELLENT
2026-04-29 05:49:11,32.6,67.3,202.0,0.0,7.3,EXCELLENT
2026-04-29 05:49:13,32.6,67.3,205.0,0.0,8.3,EXCELLENT
2026-04-29 05:49:15,32.6,67.4,198.0,0.0,6.0,EXCELLENT
2026-04-29 05:49:16,32.6,67.4,192.0,1.0,4.0,EXCELLENT
2026-04-29 05:49:19,32.6,67.6,201.0,1.0,7.0,EXCELLENT
2026-04-29 05:49:21,32.5,67.6,205.0,0.0,8.3,EXCELLENT
2026-04-29 05:49:23,32.6,67.7,195.0,0.0,5.0,EXCELLENT
2026-04-29 05:49:25,32.6,67.7,206.0,0.0,8.7,EXCELLENT
2026-04-29 05:49:27,32.6,67.6,195.0,0.0,5.0,EXCELLENT
2026-04-29 05:49:29,32.5,67.6,203.0,0.0,7.7,EXCELLENT
2026-04-29 05:49:31,32.5,67.6,199.0,0.0,6.3,EXCELLENT
2026-04-29 05:49:33,32.5,67.5,206.0,0.0,8.7,EXCELLENT
2026-04-29 05:49:35,32.5,67.6,198.0,0.0,6.0,EXCELLENT
2026-04-29 05:49:37,32.5,67.6,193.0,0.0,4.3,EXCELLENT
2026-04-29 05:49:39,32.5,67.6,202.0,0.0,7.3,EXCELLENT
2026-04-29 05:49:41,32.5,67.4,193.0,0.0,4.3,EXCELLENT
2026-04-29 05:49:43,32.5,67.4,198.0,0.0,6.0,EXCELLENT
2026-04-29 05:49:45,32.5,67.5,203.0,0.0,7.7,EXCELLENT
2026-04-29 05:49:47,32.4,67.6,204.0,0.0,8.0,EXCELLENT
2026-04-29 05:49:49,32.5,67.6,196.0,0.0,5.3,EXCELLENT
2026-04-29 05:49:51,32.4,67.6,204.0,0.0,8.0,EXCELLENT
2026-04-29 05:49:53,32.4,67.6,200.0,0.0,6.7,EXCELLENT
2026-04-29 05:49:55,32.4,67.4,194.0,0.0,4.7,EXCELLENT
2026-04-29 05:49:57,32.4,67.3,205.0,0.0,8.3,EXCELLENT
2026-04-29 05:49:59,32.4,67.3,192.0,0.0,4.0,EXCELLENT
2026-04-29 05:50:01,32.4,67.3,202.0,0.0,7.3,EXCELLENT
2026-04-29 05:50:03,32.4,67.4,192.0,0.0,4.0,EXCELLENT
2026-04-29 05:50:05,32.4,67.5,199.0,0.0,6.3,EXCELLENT
2026-04-29 05:50:07,32.4,67.6,195.0,0.0,5.0,EXCELLENT
2026-04-29 05:50:09,32.4,67.7,195.0,0.0,5.0,EXCELLENT
2026-04-29 05:50:11,32.4,67.6,197.0,0.0,5.7,EXCELLENT
2026-04-29 05:50:13,32.4,67.7,203.0,0.0,7.7,EXCELLENT
2026-04-29 05:50:15,32.4,67.7,202.0,0.0,7.3,EXCELLENT
2026-04-29 05:50:17,32.3,67.5,193.0,0.0,4.3,EXCELLENT
2026-04-29 05:50:19,32.3,67.6,200.0,0.0,6.7,EXCELLENT
2026-04-29 05:50:21,32.4,67.6,193.0,0.0,4.3,EXCELLENT
2026-04-29 05:50:23,32.3,67.8,208.0,0.0,9.3,EXCELLENT
2026-04-29 05:50:25,32.3,67.7,195.0,0.0,5.0,EXCELLENT
2026-04-29 05:50:27,32.4,67.7,194.0,0.0,4.7,EXCELLENT
2026-04-29 05:50:29,32.3,67.6,192.0,0.0,4.0,EXCELLENT
2026-04-29 05:50:31,32.3,67.6,191.0,0.0,3.7,EXCELLENT
2026-04-29 05:50:33,32.3,67.7,194.0,0.0,4.7,EXCELLENT
2026-04-29 05:50:35,32.3,67.8,203.0,0.0,7.7,EXCELLENT
2026-04-29 05:50:37,32.3,67.8,203.0,0.0,7.7,EXCELLENT
2026-04-29 05:50:39,32.3,67.9,195.0,0.0,5.0,EXCELLENT
2026-04-29 05:50:41,32.3,67.9,193.0,0.0,4.3,EXCELLENT
2026-04-29 05:50:43,32.3,68.1,193.0,0.0,4.3,EXCELLENT
2026-04-29 05:50:45,32.3,68.1,198.0,0.0,6.0,EXCELLENT
2026-04-29 05:50:47,32.3,68.2,196.0,0.0,5.3,EXCELLENT
2026-04-29 05:50:49,32.2,68.2,207.0,0.0,9.0,EXCELLENT
2026-04-29 05:50:51,32.2,68.2,207.0,0.0,9.0,EXCELLENT
2026-04-29 05:50:53,32.2,68.2,198.0,0.0,6.0,EXCELLENT
2026-04-29 05:50:55,32.2,68.4,206.0,0.0,8.7,EXCELLENT
2026-04-29 05:50:57,32.2,68.3,204.0,0.0,8.0,EXCELLENT
2026-04-29 05:50:59,32.2,68.4,203.0,0.0,7.7,EXCELLENT
2026-04-29 05:51:01,32.2,68.3,197.0,0.0,5.7,EXCELLENT
2026-04-29 05:51:03,32.2,68.3,195.0,0.0,5.0,EXCELLENT
2026-04-29 05:51:05,32.2,68.2,204.0,0.0,8.0,EXCELLENT
2026-04-29 05:51:07,32.2,68.2,201.0,0.0,7.0,EXCELLENT
2026-04-29 05:51:09,32.2,68.1,194.0,0.0,4.7,EXCELLENT
2026-04-29 05:51:11,32.2,67.8,195.0,0.0,5.0,EXCELLENT
2026-04-29 05:51:13,32.2,67.5,187.0,0.0,2.3,EXCELLENT
2026-04-29 05:51:15,32.2,67.4,205.0,0.0,8.3,EXCELLENT
2026-04-29 05:51:17,32.2,67.1,198.0,0.0,6.0,EXCELLENT
2026-04-29 05:51:19,32.2,66.9,202.0,0.0,7.3,EXCELLENT
2026-04-29 05:51:21,32.2,66.9,208.0,0.0,9.3,EXCELLENT
2026-04-29 05:51:23,32.2,66.9,198.0,0.0,6.0,EXCELLENT
2026-04-29 05:51:26,32.2,66.9,203.0,0.0,7.7,EXCELLENT
2026-04-29 05:51:27,32.2,66.9,193.0,0.0,4.3,EXCELLENT
2026-04-29 05:51:29,32.2,66.8,192.0,0.0,4.0,EXCELLENT
2026-04-29 05:51:32,32.2,66.9,194.0,0.0,4.7,EXCELLENT
2026-04-29 05:51:33,32.2,66.8,195.0,0.0,5.0,EXCELLENT
2026-04-29 05:51:35,32.2,66.8,190.0,0.0,3.3,EXCELLENT
2026-04-29 05:51:37,32.2,66.8,191.0,0.0,3.7,EXCELLENT
2026-04-29 05:51:39,32.2,66.8,196.0,0.0,5.3,EXCELLENT
2026-04-29 05:51:42,32.2,66.8,193.0,0.0,4.3,EXCELLENT
2026-04-29 05:51:43,32.2,66.9,201.0,0.0,7.0,EXCELLENT
2026-04-29 05:51:45,32.2,66.8,193.0,0.0,4.3,EXCELLENT
2026-04-29 05:51:47,32.2,66.9,189.0,0.0,3.0,EXCELLENT
2026-04-29 05:51:49,32.2,66.9,193.0,0.0,4.3,EXCELLENT
2026-04-29 05:51:51,32.2,66.9,192.0,0.0,4.0,EXCELLENT
2026-04-29 05:51:53,32.2,66.9,193.0,0.0,4.3,EXCELLENT
2026-04-29 05:51:55,32.2,66.8,190.0,0.0,3.3,EXCELLENT
2026-04-29 05:51:57,32.2,66.9,201.0,0.0,7.0,EXCELLENT
2026-04-29 05:51:59,32.3,66.8,198.0,0.0,6.0,EXCELLENT
2026-04-29 05:52:01,32.3,66.9,195.0,0.0,5.0,EXCELLENT
2026-04-29 05:52:03,32.2,66.9,193.0,0.0,4.3,EXCELLENT
2026-04-29 05:52:05,32.2,66.8,204.0,0.0,8.0,EXCELLENT
2026-04-29 05:52:07,32.2,66.9,194.0,0.0,4.7,EXCELLENT
2026-04-29 05:52:09,32.2,66.8,195.0,0.0,5.0,EXCELLENT
2026-04-29 05:52:11,32.3,66.8,193.0,0.0,4.3,EXCELLENT
2026-04-29 05:52:13,32.3,67.0,204.0,0.0,8.0,EXCELLENT
2026-04-29 05:52:15,32.3,67.0,197.0,0.0,5.7,EXCELLENT
2026-04-29 05:52:17,32.3,66.9,192.0,0.0,4.0,EXCELLENT
2026-04-29 05:52:19,32.3,66.8,192.0,0.0,4.0,EXCELLENT
2026-04-29 05:52:21,32.3,66.9,193.0,0.0,4.3,EXCELLENT
2026-04-29 05:52:23,32.3,66.9,202.0,0.0,7.3,EXCELLENT
2026-04-29 05:52:25,32.3,66.9,203.0,0.0,7.7,EXCELLENT
2026-04-29 05:52:27,32.3,66.8,197.0,0.0,5.7,EXCELLENT
2026-04-29 05:52:30,32.3,66.9,201.0,0.0,7.0,EXCELLENT
2026-04-29 05:52:31,32.3,66.8,200.0,0.0,6.7,EXCELLENT
2026-04-29 05:52:33,32.3,66.8,201.0,0.0,7.0,EXCELLENT
2026-04-29 05:52:35,32.3,66.8,203.0,0.0,7.7,EXCELLENT
2026-04-29 05:52:37,32.3,66.9,203.0,0.0,7.7,EXCELLENT
2026-04-29 05:52:39,32.3,66.8,201.0,0.0,7.0,EXCELLENT
2026-04-29 05:52:41,32.3,66.9,199.0,0.0,6.3,EXCELLENT
2026-04-29 05:52:43,32.3,66.7,192.0,0.0,4.0,EXCELLENT
2026-04-29 05:52:45,32.3,66.7,199.0,0.0,6.3,EXCELLENT
2026-04-29 05:52:47,32.3,66.8,192.0,0.0,4.0,EXCELLENT
2026-04-29 05:52:49,32.4,66.7,187.0,0.0,2.3,EXCELLENT
2026-04-29 05:52:51,32.4,66.7,202.0,0.0,7.3,EXCELLENT
2026-04-29 05:52:53,32.3,66.7,195.0,0.0,5.0,EXCELLENT
2026-04-29 05:52:56,32.3,66.7,193.0,0.0,4.3,EXCELLENT
2026-04-29 05:52:57,32.4,66.7,195.0,0.0,5.0,EXCELLENT
2026-04-29 05:52:59,32.3,66.7,195.0,0.0,5.0,EXCELLENT
2026-04-29 05:53:01,32.4,66.8,191.0,0.0,3.7,EXCELLENT
2026-04-29 05:53:03,32.4,66.8,201.0,0.0,7.0,EXCELLENT
2026-04-29 05:53:05,32.3,66.7,192.0,0.0,4.0,EXCELLENT
2026-04-29 05:53:07,32.4,66.8,195.0,0.0,5.0,EXCELLENT
2026-04-29 05:53:09,32.4,66.7,193.0,0.0,4.3,EXCELLENT
2026-04-29 05:53:11,32.4,66.6,198.0,0.0,6.0,EXCELLENT
2026-04-29 05:53:13,32.4,66.6,193.0,0.0,4.3,EXCELLENT
2026-04-29 05:53:15,32.4,66.7,195.0,0.0,5.0,EXCELLENT
2026-04-29 05:53:17,32.4,66.7,201.0,0.0,7.0,EXCELLENT
2026-04-29 05:53:19,32.4,66.7,198.0,0.0,6.0,EXCELLENT
2026-04-29 05:53:21,32.4,66.7,194.0,0.0,4.7,EXCELLENT
2026-04-29 05:53:23,32.4,66.7,206.0,0.0,8.7,EXCELLENT
2026-04-29 05:53:25,32.4,66.7,197.0,0.0,5.7,EXCELLENT
2026-04-29 05:53:27,32.4,66.6,193.0,0.0,4.3,EXCELLENT
2026-04-29 05:53:29,32.4,66.6,194.0,0.0,4.7,EXCELLENT
2026-04-29 05:53:31,32.5,66.7,199.0,0.0,6.3,EXCELLENT
2026-04-29 05:53:33,32.4,66.7,204.0,0.0,8.0,EXCELLENT
2026-04-29 05:53:36,32.4,66.7,203.0,0.0,7.7,EXCELLENT
2026-04-29 05:53:37,32.4,66.7,194.0,0.0,4.7,EXCELLENT
2026-04-29 05:53:39,32.4,66.7,195.0,0.0,5.0,EXCELLENT
2026-04-29 05:53:41,32.4,66.7,206.0,0.0,8.7,EXCELLENT
2026-04-29 05:53:43,32.4,66.6,201.0,0.0,7.0,EXCELLENT
2026-04-29 05:53:45,32.4,66.6,205.0,0.0,8.3,EXCELLENT
2026-04-29 05:53:47,32.5,66.6,205.0,0.0,8.3,EXCELLENT
2026-04-29 05:53:49,32.5,66.6,200.0,0.0,6.7,EXCELLENT
2026-04-29 05:53:51,32.5,66.6,195.0,0.0,5.0,EXCELLENT
2026-04-29 05:53:53,32.4,66.7,202.0,0.0,7.3,EXCELLENT
2026-04-29 05:53:55,32.5,66.7,208.0,0.0,9.3,EXCELLENT
2026-04-29 05:53:57,32.4,66.7,201.0,0.0,7.0,EXCELLENT
2026-04-29 05:53:59,32.5,66.7,194.0,0.0,4.7,EXCELLENT
2026-04-29 05:54:01,32.5,66.7,202.0,0.0,7.3,EXCELLENT
2026-04-29 05:54:04,32.5,66.7,198.0,0.0,6.0,EXCELLENT
2026-04-29 05:54:06,32.5,66.8,200.0,0.0,6.7,EXCELLENT
2026-04-29 05:54:07,32.5,66.8,197.0,0.0,5.7,EXCELLENT
2026-04-29 05:54:09,32.5,66.7,194.0,0.0,4.7,EXCELLENT
2026-04-29 05:54:11,32.5,66.7,198.0,0.0,6.0,EXCELLENT
2026-04-29 05:54:13,32.5,66.7,199.0,0.0,6.3,EXCELLENT
2026-04-29 05:54:15,32.5,66.7,199.0,0.0,6.3,EXCELLENT
2026-04-29 05:54:17,32.5,66.6,203.0,0.0,7.7,EXCELLENT
2026-04-29 05:54:19,32.5,66.6,195.0,0.0,5.0,EXCELLENT
2026-04-29 05:54:21,32.5,66.5,197.0,0.0,5.7,EXCELLENT
2026-04-29 05:54:23,32.5,66.5,202.0,0.0,7.3,EXCELLENT
2026-04-29 05:54:26,32.5,66.4,193.0,0.0,4.3,EXCELLENT
2026-04-29 05:54:27,32.5,66.4,192.0,0.0,4.0,EXCELLENT
2026-04-29 05:54:30,32.5,66.5,207.0,0.0,9.0,EXCELLENT
2026-04-29 05:54:31,32.5,66.5,201.0,0.0,7.0,EXCELLENT
2026-04-29 05:54:33,32.6,66.5,196.0,0.0,5.3,EXCELLENT
2026-04-29 05:54:42,32.5,66.5,193.0,0.0,4.3,EXCELLENT
2026-04-29 05:54:48,32.5,66.5,201.0,0.0,7.0,EXCELLENT
2026-04-29 05:54:48,32.5,66.6,206.0,0.0,8.7,EXCELLENT
2026-04-29 05:54:48,32.6,66.5,193.0,0.0,4.3,EXCELLENT
2026-04-29 05:54:49,32.6,66.6,199.0,0.0,6.3,EXCELLENT
2026-04-29 05:54:50,32.6,66.5,198.0,0.0,6.0,EXCELLENT
2026-04-29 05:54:50,32.6,66.5,199.0,0.0,6.3,EXCELLENT
2026-04-29 05:54:50,32.6,66.4,203.0,0.0,7.7,EXCELLENT
2026-04-29 05:54:51,32.6,66.5,198.0,0.0,6.0,EXCELLENT
2026-04-29 05:54:53,32.6,66.4,197.0,0.0,5.7,EXCELLENT
2026-04-29 05:54:55,32.6,66.4,202.0,0.0,7.3,EXCELLENT
2026-04-29 05:54:57,32.6,66.4,201.0,0.0,7.0,EXCELLENT
2026-04-29 05:54:59,32.6,66.5,196.0,0.0,5.3,EXCELLENT
2026-04-29 05:55:01,32.6,66.4,195.0,0.0,5.0,EXCELLENT
2026-04-29 05:55:03,32.6,66.4,203.0,0.0,7.7,EXCELLENT
2026-04-29 05:55:18,32.6,66.4,195.0,0.0,5.0,EXCELLENT
2026-04-29 05:55:18,32.6,66.5,197.0,0.0,5.7,EXCELLENT
2026-04-29 05:55:19,32.6,66.4,196.0,0.0,5.3,EXCELLENT
2026-04-29 05:55:19,32.6,66.5,197.0,0.0,5.7,EXCELLENT
2026-04-29 05:55:19,32.6,66.5,200.0,0.0,6.7,EXCELLENT
2026-04-29 05:55:19,32.6,66.6,203.0,0.0,7.7,EXCELLENT
2026-04-29 05:55:19,32.6,66.8,203.0,0.0,7.7,EXCELLENT
2026-04-29 05:55:19,32.6,66.9,191.0,0.0,3.7,EXCELLENT
2026-04-29 05:55:21,32.6,67.0,206.0,0.0,8.7,EXCELLENT
2026-04-29 05:55:23,32.6,67.0,208.0,0.0,9.3,EXCELLENT
2026-04-29 05:55:25,32.6,67.0,198.0,0.0,6.0,EXCELLENT
2026-04-29 05:55:27,32.6,67.0,195.0,0.0,5.0,EXCELLENT
2026-04-29 05:55:29,32.6,67.0,199.0,0.0,6.3,EXCELLENT
2026-04-29 05:55:31,32.6,67.0,196.0,0.0,5.3,EXCELLENT
2026-04-29 05:55:33,32.6,66.9,202.0,0.0,7.3,EXCELLENT
2026-04-29 05:55:35,32.6,67.0,204.0,0.0,8.0,EXCELLENT
2026-04-29 05:55:37,32.6,66.8,196.0,0.0,5.3,EXCELLENT
2026-04-29 05:55:39,32.6,66.8,199.0,0.0,6.3,EXCELLENT
2026-04-29 05:55:41,32.7,66.8,202.0,0.0,7.3,EXCELLENT
2026-04-29 05:55:43,32.6,66.8,207.0,0.0,9.0,EXCELLENT
2026-04-29 05:55:45,32.6,66.8,196.0,0.0,5.3,EXCELLENT
2026-04-29 05:55:47,32.6,66.7,203.0,0.0,7.7,EXCELLENT
2026-04-29 05:55:49,32.6,66.7,199.0,0.0,6.3,EXCELLENT
2026-04-29 05:55:51,32.6,66.7,192.0,0.0,4.0,EXCELLENT
2026-04-29 05:55:53,32.6,66.7,202.0,0.0,7.3,EXCELLENT
2026-04-29 05:55:55,32.6,66.7,192.0,0.0,4.0,EXCELLENT
2026-04-29 05:55:57,32.6,66.5,207.0,0.0,9.0,EXCELLENT
2026-04-29 05:55:59,32.7,66.5,194.0,0.0,4.7,EXCELLENT
2026-04-29 05:56:01,32.6,66.5,199.0,0.0,6.3,EXCELLENT
2026-04-29 05:56:03,32.6,66.5,193.0,0.0,4.3,EXCELLENT
2026-04-29 05:56:05,32.6,66.5,196.0,0.0,5.3,EXCELLENT
2026-04-29 05:56:07,32.7,66.5,196.0,0.0,5.3,EXCELLENT
2026-04-29 05:56:09,32.7,66.6,206.0,0.0,8.7,EXCELLENT
2026-04-29 05:56:11,32.7,66.5,205.0,0.0,8.3,EXCELLENT
2026-04-29 05:56:13,32.7,66.6,206.0,0.0,8.7,EXCELLENT
2026-04-29 05:56:15,32.7,66.6,205.0,0.0,8.3,EXCELLENT
2026-04-29 05:56:17,32.7,66.6,207.0,0.0,9.0,EXCELLENT
2026-04-29 05:56:19,32.7,66.6,197.0,0.0,5.7,EXCELLENT
2026-04-29 05:56:21,32.7,66.7,207.0,0.0,9.0,EXCELLENT
2026-04-29 05:56:23,32.7,66.5,193.0,0.0,4.3,EXCELLENT
2026-04-29 05:56:25,32.7,66.6,208.0,0.0,9.3,EXCELLENT
2026-04-29 05:56:27,32.7,66.6,193.0,0.0,4.3,EXCELLENT
2026-04-29 05:56:29,32.7,66.6,203.0,0.0,7.7,EXCELLENT
2026-04-29 05:56:31,32.7,66.6,208.0,0.0,9.3,EXCELLENT
2026-04-29 05:56:33,32.7,66.5,207.0,0.0,9.0,EXCELLENT
2026-04-29 05:56:35,32.7,66.5,201.0,0.0,7.0,EXCELLENT
2026-04-29 05:56:37,32.7,66.5,202.0,0.0,7.3,EXCELLENT
2026-04-29 05:56:39,32.7,66.6,207.0,0.0,9.0,EXCELLENT
2026-04-29 05:56:41,32.8,66.6,197.0,0.0,5.7,EXCELLENT
2026-04-29 05:56:43,32.8,66.6,206.0,0.0,8.7,EXCELLENT
2026-04-29 05:56:45,32.8,66.5,196.0,0.0,5.3,EXCELLENT
2026-04-29 05:56:47,32.8,67.1,205.0,0.0,8.3,EXCELLENT
2026-04-29 05:56:49,32.8,66.5,197.0,0.0,5.7,EXCELLENT
2026-04-29 05:56:51,32.7,66.4,205.0,0.0,8.3,EXCELLENT
2026-04-29 05:56:53,32.8,67.0,198.0,0.0,6.0,EXCELLENT
2026-04-29 05:56:55,32.7,66.4,198.0,0.0,6.0,EXCELLENT
2026-04-29 05:56:57,32.8,67.0,201.0,0.0,7.0,EXCELLENT
2026-04-29 05:56:59,32.8,66.9,206.0,0.0,8.7,EXCELLENT
2026-04-29 05:57:01,32.8,66.9,195.0,0.0,5.0,EXCELLENT
2026-04-29 05:57:03,32.8,66.9,199.0,0.0,6.3,EXCELLENT
2026-04-29 05:57:05,32.8,66.8,206.0,0.0,8.7,EXCELLENT
2026-04-29 05:57:07,32.8,66.8,203.0,0.0,7.7,EXCELLENT
2026-04-29 05:57:09,32.8,66.2,199.0,0.0,6.3,EXCELLENT
2026-04-29 05:57:11,32.8,66.7,204.0,0.0,8.0,EXCELLENT
2026-04-29 05:57:14,32.8,66.5,199.0,0.0,6.3,EXCELLENT
2026-04-29 05:57:15,32.8,66.5,200.0,0.0,6.7,EXCELLENT
2026-04-29 05:57:17,32.8,66.6,190.0,0.0,3.3,EXCELLENT
2026-04-29 05:57:19,32.8,66.6,202.0,0.0,7.3,EXCELLENT
2026-04-29 05:57:21,32.8,66.6,192.0,0.0,4.0,EXCELLENT
2026-04-29 05:57:23,32.8,66.7,197.0,0.0,5.7,EXCELLENT
2026-04-29 05:57:25,32.8,66.7,192.0,0.0,4.0,EXCELLENT
2026-04-29 05:57:27,32.8,66.8,205.0,0.0,8.3,EXCELLENT
2026-04-29 05:57:29,32.8,66.6,203.0,0.0,7.7,EXCELLENT
2026-04-29 05:57:31,32.9,66.6,201.0,0.0,7.0,EXCELLENT
2026-04-29 05:57:33,32.9,66.6,206.0,1.0,8.7,EXCELLENT
2026-04-29 05:57:35,32.9,66.6,194.0,1.0,4.7,EXCELLENT
2026-04-29 05:57:37,32.9,66.6,201.0,0.0,7.0,EXCELLENT
2026-04-29 05:57:39,32.8,66.6,205.0,0.0,8.3,EXCELLENT
2026-04-29 05:57:41,32.8,66.6,195.0,0.0,5.0,EXCELLENT
2026-04-29 05:57:43,32.9,66.5,196.0,0.0,5.3,EXCELLENT
2026-04-29 05:57:45,32.9,66.5,203.0,0.0,7.7,EXCELLENT
2026-04-29 05:57:47,32.8,66.6,204.0,0.0,8.0,EXCELLENT
2026-04-29 05:57:49,32.8,66.7,208.0,0.0,9.3,EXCELLENT
2026-04-29 05:57:51,32.8,66.8,192.0,0.0,4.0,EXCELLENT
2026-04-29 05:57:53,32.9,66.9,196.0,0.0,5.3,EXCELLENT
2026-04-29 05:57:55,32.9,66.9,205.0,0.0,8.3,EXCELLENT
2026-04-29 05:57:57,32.8,66.9,195.0,0.0,5.0,EXCELLENT
2026-04-29 05:57:59,32.8,66.8,197.0,0.0,5.7,EXCELLENT
2026-04-29 05:58:01,32.8,66.7,203.0,0.0,7.7,EXCELLENT
2026-04-29 05:58:03,32.8,66.4,195.0,0.0,5.0,EXCELLENT
2026-04-29 05:58:05,32.8,66.4,206.0,0.0,8.7,EXCELLENT
2026-04-29 05:58:07,32.8,66.2,192.0,0.0,4.0,EXCELLENT
2026-04-29 05:58:09,32.8,66.2,196.0,0.0,5.3,EXCELLENT
2026-04-29 05:58:11,32.8,66.1,194.0,0.0,4.7,EXCELLENT
2026-04-29 05:58:13,32.8,66.2,197.0,0.0,5.7,EXCELLENT
2026-04-29 05:58:15,32.8,66.2,197.0,0.0,5.7,EXCELLENT
2026-04-29 05:58:17,32.8,66.1,193.0,0.0,4.3,EXCELLENT
2026-04-29 05:58:19,32.8,66.2,208.0,0.0,9.3,EXCELLENT
2026-04-29 05:58:21,32.8,66.0,194.0,0.0,4.7,EXCELLENT
2026-04-29 05:58:23,32.8,65.8,202.0,0.0,7.3,EXCELLENT
2026-04-29 05:58:25,32.8,65.8,199.0,0.0,6.3,EXCELLENT
2026-04-29 05:58:27,32.8,65.9,198.0,0.0,6.0,EXCELLENT
2026-04-29 05:58:29,32.8,66.0,196.0,0.0,5.3,EXCELLENT
2026-04-29 05:58:31,32.8,65.8,197.0,0.0,5.7,EXCELLENT
2026-04-29 05:58:33,32.8,65.7,197.0,0.0,5.7,EXCELLENT
2026-04-29 05:58:35,32.8,65.3,197.0,0.0,5.7,EXCELLENT
2026-04-29 05:58:37,32.8,65.1,196.0,0.0,5.3,EXCELLENT
2026-04-29 05:58:39,32.8,65.1,197.0,0.0,5.7,EXCELLENT
2026-04-29 05:58:41,32.8,65.1,197.0,0.0,5.7,EXCELLENT
2026-04-29 05:58:43,32.8,65.1,196.0,0.0,5.3,EXCELLENT
2026-04-29 05:58:45,32.8,65.1,199.0,0.0,6.3,EXCELLENT
2026-04-29 05:58:47,32.8,65.0,196.0,0.0,5.3,EXCELLENT
2026-04-29 05:58:49,32.8,65.1,202.0,0.0,7.3,EXCELLENT
2026-04-29 05:58:51,32.7,64.5,192.0,0.0,4.0,EXCELLENT
2026-04-29 05:58:53,32.7,64.5,196.0,0.0,5.3,EXCELLENT
2026-04-29 05:58:55,32.8,65.3,194.0,0.0,4.7,EXCELLENT
2026-04-29 05:58:57,32.7,64.7,203.0,0.0,7.7,EXCELLENT
2026-04-29 05:58:59,32.7,64.8,192.0,0.0,4.0,EXCELLENT
2026-04-29 05:59:01,32.7,64.8,194.0,0.0,4.7,EXCELLENT
2026-04-29 05:59:03,32.7,64.7,192.0,0.0,4.0,EXCELLENT
2026-04-29 05:59:05,32.8,64.8,195.0,0.0,5.0,EXCELLENT
2026-04-29 05:59:07,32.8,64.8,201.0,0.0,7.0,EXCELLENT
2026-04-29 05:59:09,32.8,64.8,192.0,0.0,4.0,EXCELLENT
2026-04-29 05:59:11,32.7,64.9,194.0,0.0,4.7,EXCELLENT
2026-04-29 05:59:13,32.7,64.9,197.0,0.0,5.7,EXCELLENT
2026-04-29 05:59:15,32.7,64.9,189.0,0.0,3.0,EXCELLENT
2026-04-29 05:59:17,32.7,64.9,194.0,0.0,4.7,EXCELLENT
2026-04-29 05:59:19,32.7,65.0,194.0,0.0,4.7,EXCELLENT
2026-04-29 05:59:21,32.7,64.9,196.0,0.0,5.3,EXCELLENT
2026-04-29 05:59:23,32.7,65.0,192.0,0.0,4.0,EXCELLENT
2026-04-29 05:59:25,32.7,65.0,197.0,0.0,5.7,EXCELLENT
2026-04-29 05:59:27,32.8,65.1,193.0,0.0,4.3,EXCELLENT
2026-04-29 05:59:29,32.7,65.1,193.0,0.0,4.3,EXCELLENT
2026-04-29 05:59:31,32.7,65.1,193.0,0.0,4.3,EXCELLENT
2026-04-29 05:59:33,32.7,65.2,199.0,0.0,6.3,EXCELLENT
2026-04-29 05:59:35,32.7,65.2,203.0,0.0,7.7,EXCELLENT
2026-04-29 05:59:37,32.7,65.2,201.0,0.0,7.0,EXCELLENT
2026-04-29 05:59:39,32.7,65.3,192.0,0.0,4.0,EXCELLENT
2026-04-29 05:59:41,32.7,65.4,193.0,0.0,4.3,EXCELLENT
2026-04-29 05:59:43,32.8,65.5,190.0,0.0,3.3,EXCELLENT
2026-04-29 05:59:45,32.7,65.4,189.0,0.0,3.0,EXCELLENT
2026-04-29 05:59:47,32.8,65.5,202.0,0.0,7.3,EXCELLENT
2026-04-29 05:59:49,32.7,65.5,201.0,0.0,7.0,EXCELLENT
2026-04-29 05:59:51,32.7,65.6,193.0,0.0,4.3,EXCELLENT
2026-04-29 05:59:53,32.7,65.6,195.0,0.0,5.0,EXCELLENT
2026-04-29 05:59:55,32.8,65.6,192.0,0.0,4.0,EXCELLENT
2026-04-29 05:59:57,32.8,66.2,196.0,0.0,5.3,EXCELLENT
2026-04-29 05:59:59,32.8,66.2,195.0,0.0,5.0,EXCELLENT
2026-04-29 06:00:01,32.7,65.6,202.0,0.0,7.3,EXCELLENT
2026-04-29 06:00:03,32.7,65.6,206.0,0.0,8.7,EXCELLENT
2026-04-29 06:00:05,32.7,65.6,191.0,0.0,3.7,EXCELLENT
2026-04-29 06:00:07,32.8,66.2,192.0,0.0,4.0,EXCELLENT
2026-04-29 06:00:09,32.8,66.3,197.0,0.0,5.7,EXCELLENT
2026-04-29 06:00:11,32.8,66.4,201.0,0.0,7.0,EXCELLENT
2026-04-29 06:00:13,32.8,66.5,198.0,0.0,6.0,EXCELLENT
2026-04-29 06:00:15,32.8,66.5,196.0,0.0,5.3,EXCELLENT
2026-04-29 06:00:17,32.8,66.6,193.0,0.0,4.3,EXCELLENT
2026-04-29 06:00:19,32.8,66.7,202.0,0.0,7.3,EXCELLENT
2026-04-29 06:00:21,32.8,66.8,192.0,0.0,4.0,EXCELLENT
2026-04-29 06:00:23,32.8,66.7,198.0,0.0,6.0,EXCELLENT
2026-04-29 06:00:25,32.8,66.5,205.0,0.0,8.3,EXCELLENT
2026-04-29 06:00:27,32.8,66.4,192.0,0.0,4.0,EXCELLENT
2026-04-29 06:00:29,32.8,66.5,198.0,0.0,6.0,EXCELLENT
2026-04-29 06:00:31,32.8,66.4,194.0,0.0,4.7,EXCELLENT
2026-04-29 06:00:33,32.8,66.5,194.0,0.0,4.7,EXCELLENT
2026-04-29 06:00:35,32.8,66.5,194.0,0.0,4.7,EXCELLENT
2026-04-29 06:00:37,32.8,66.4,200.0,0.0,6.7,EXCELLENT
2026-04-29 06:00:39,32.8,66.3,202.0,0.0,7.3,EXCELLENT
2026-04-29 06:00:41,32.8,66.3,192.0,0.0,4.0,EXCELLENT
2026-04-29 06:00:43,32.8,66.2,203.0,0.0,7.7,EXCELLENT
2026-04-29 06:00:45,32.8,66.3,202.0,0.0,7.3,EXCELLENT
2026-04-29 06:00:47,32.8,66.3,205.0,0.0,8.3,EXCELLENT
2026-04-29 06:00:49,32.8,66.4,198.0,0.0,6.0,EXCELLENT
2026-04-29 06:00:51,32.8,66.5,196.0,0.0,5.3,EXCELLENT
2026-04-29 06:00:53,32.8,66.5,196.0,0.0,5.3,EXCELLENT
2026-04-29 06:00:55,32.8,66.6,203.0,0.0,7.7,EXCELLENT
2026-04-29 06:00:57,32.8,66.5,197.0,0.0,5.7,EXCELLENT
2026-04-29 06:00:59,32.8,66.5,193.0,0.0,4.3,EXCELLENT
2026-04-29 06:01:01,32.8,66.5,194.0,0.0,4.7,EXCELLENT
2026-04-29 06:01:03,32.8,66.5,203.0,0.0,7.7,EXCELLENT
2026-04-29 06:01:05,32.8,66.4,203.0,0.0,7.7,EXCELLENT
2026-04-29 06:01:07,32.8,66.4,192.0,0.0,4.0,EXCELLENT
2026-04-29 06:01:09,32.9,66.4,195.0,0.0,5.0,EXCELLENT
2026-04-29 06:01:11,32.8,66.4,197.0,0.0,5.7,EXCELLENT
2026-04-29 06:01:13,32.8,66.4,203.0,0.0,7.7,EXCELLENT
2026-04-29 06:01:15,32.8,66.2,192.0,0.0,4.0,EXCELLENT
2026-04-29 06:01:17,32.8,66.3,202.0,0.0,7.3,EXCELLENT
2026-04-29 06:01:19,32.8,66.1,205.0,0.0,8.3,EXCELLENT
2026-04-29 06:01:21,32.8,66.1,192.0,0.0,4.0,EXCELLENT
2026-04-29 06:01:23,32.8,66.2,197.0,0.0,5.7,EXCELLENT
2026-04-29 06:01:25,32.8,66.2,199.0,0.0,6.3,EXCELLENT
2026-04-29 06:01:27,32.9,66.1,199.0,0.0,6.3,EXCELLENT
2026-04-29 06:01:29,32.8,66.1,201.0,0.0,7.0,EXCELLENT
2026-04-29 06:01:31,32.8,66.0,198.0,0.0,6.0,EXCELLENT
2026-04-29 06:01:33,32.9,66.1,202.0,0.0,7.3,EXCELLENT
2026-04-29 06:01:35,32.8,65.9,194.0,0.0,4.7,EXCELLENT
2026-04-29 06:01:37,32.9,66.1,203.0,0.0,7.7,EXCELLENT
2026-04-29 06:01:39,32.9,66.1,195.0,0.0,5.0,EXCELLENT
2026-04-29 06:01:41,32.9,66.0,207.0,0.0,9.0,EXCELLENT
2026-04-29 06:01:43,32.8,66.0,194.0,0.0,4.7,EXCELLENT
2026-04-29 06:01:45,32.8,65.9,199.0,0.0,6.3,EXCELLENT
2026-04-29 06:01:47,32.9,65.9,193.0,0.0,4.3,EXCELLENT
2026-04-29 06:01:49,32.9,65.9,202.0,0.0,7.3,EXCELLENT
2026-04-29 06:01:51,32.9,65.9,196.0,0.0,5.3,EXCELLENT
2026-04-29 06:01:53,32.9,66.1,192.0,0.0,4.0,EXCELLENT
2026-04-29 06:01:55,32.9,66.0,204.0,0.0,8.0,EXCELLENT
2026-04-29 06:01:57,32.9,66.1,197.0,0.0,5.7,EXCELLENT
2026-04-29 06:01:59,32.9,66.1,196.0,0.0,5.3,EXCELLENT
2026-04-29 06:02:01,32.9,66.1,204.0,0.0,8.0,EXCELLENT
2026-04-29 06:02:03,32.9,66.2,194.0,0.0,4.7,EXCELLENT
2026-04-29 06:02:05,32.9,66.2,197.0,0.0,5.7,EXCELLENT
2026-04-29 06:02:07,32.9,66.1,201.0,0.0,7.0,EXCELLENT
2026-04-29 06:02:09,32.9,66.1,205.0,0.0,8.3,EXCELLENT
2026-04-29 06:02:11,32.9,66.0,205.0,0.0,8.3,EXCELLENT
2026-04-29 06:02:13,32.9,66.0,206.0,0.0,8.7,EXCELLENT
2026-04-29 06:02:15,32.9,65.9,193.0,0.0,4.3,EXCELLENT
2026-04-29 06:02:17,32.9,66.0,202.0,0.0,7.3,EXCELLENT
2026-04-29 06:02:19,32.9,66.1,195.0,0.0,5.0,EXCELLENT
2026-04-29 06:02:21,32.9,66.1,198.0,0.0,6.0,EXCELLENT
2026-04-29 06:02:23,32.9,66.0,196.0,0.0,5.3,EXCELLENT
2026-04-29 06:02:25,32.9,65.9,198.0,0.0,6.0,EXCELLENT
2026-04-29 06:02:27,32.9,65.9,203.0,0.0,7.7,EXCELLENT
2026-04-29 06:02:29,32.9,65.9,197.0,0.0,5.7,EXCELLENT
2026-04-29 06:02:31,32.9,65.8,201.0,0.0,7.0,EXCELLENT
2026-04-29 06:02:33,32.9,65.8,196.0,0.0,5.3,EXCELLENT
2026-04-29 06:02:35,32.9,65.8,195.0,0.0,5.0,EXCELLENT
2026-04-29 06:02:37,32.9,65.8,203.0,0.0,7.7,EXCELLENT
2026-04-29 06:02:39,32.9,65.7,199.0,0.0,6.3,EXCELLENT
2026-04-29 06:02:41,32.9,65.7,193.0,0.0,4.3,EXCELLENT
2026-04-29 06:02:43,32.9,65.7,203.0,0.0,7.7,EXCELLENT
2026-04-29 06:02:45,32.9,65.7,205.0,0.0,8.3,EXCELLENT
2026-04-29 06:02:47,32.9,65.7,202.0,0.0,7.3,EXCELLENT
2026-04-29 06:02:49,32.9,65.7,195.0,0.0,5.0,EXCELLENT
2026-04-29 06:02:51,32.9,65.7,195.0,0.0,5.0,EXCELLENT
2026-04-29 06:02:53,32.9,65.7,203.0,0.0,7.7,EXCELLENT
2026-04-29 06:02:55,32.9,65.7,206.0,0.0,8.7,EXCELLENT
2026-04-29 06:02:57,32.9,65.6,196.0,0.0,5.3,EXCELLENT
2026-04-29 06:02:59,32.9,65.6,196.0,0.0,5.3,EXCELLENT
2026-04-29 06:03:01,33.0,65.7,200.0,0.0,6.7,EXCELLENT
2026-04-29 06:03:03,33.0,65.6,206.0,0.0,8.7,EXCELLENT
2026-04-29 06:03:05,33.0,65.7,199.0,0.0,6.3,EXCELLENT
2026-04-29 06:03:07,33.0,65.7,202.0,0.0,7.3,EXCELLENT
2026-04-29 06:03:09,33.0,65.6,208.0,0.0,9.3,EXCELLENT
2026-04-29 06:03:11,33.0,65.7,204.0,0.0,8.0,EXCELLENT
2026-04-29 06:03:13,33.0,65.8,194.0,0.0,4.7,EXCELLENT
2026-04-29 06:03:15,33.0,65.7,205.0,0.0,8.3,EXCELLENT
2026-04-29 06:03:17,33.0,65.8,207.0,0.0,9.0,EXCELLENT
2026-04-29 06:03:19,33.0,66.0,206.0,0.0,8.7,EXCELLENT
2026-04-29 06:03:21,33.0,66.0,195.0,0.0,5.0,EXCELLENT
2026-04-29 06:03:23,33.0,66.1,194.0,0.0,4.7,EXCELLENT
2026-04-29 06:03:25,33.0,66.1,199.0,0.0,6.3,EXCELLENT
2026-04-29 06:03:27,33.0,66.0,203.0,0.0,7.7,EXCELLENT
2026-04-29 06:03:29,33.0,65.9,190.0,0.0,3.3,EXCELLENT
2026-04-29 06:03:31,33.0,65.9,205.0,0.0,8.3,EXCELLENT
2026-04-29 06:03:33,33.0,66.0,193.0,0.0,4.3,EXCELLENT
2026-04-29 06:03:35,33.0,65.9,202.0,0.0,7.3,EXCELLENT
2026-04-29 06:03:37,33.0,65.9,193.0,0.0,4.3,EXCELLENT
2026-04-29 06:03:39,33.0,65.9,206.0,0.0,8.7,EXCELLENT
2026-04-29 06:03:41,33.0,66.0,204.0,0.0,8.0,EXCELLENT
2026-04-29 06:03:43,33.0,65.8,207.0,0.0,9.0,EXCELLENT
2026-04-29 06:03:45,33.0,65.9,203.0,0.0,7.7,EXCELLENT
2026-04-29 06:03:47,33.0,65.8,196.0,0.0,5.3,EXCELLENT
2026-04-29 06:03:49,33.1,65.8,197.0,0.0,5.7,EXCELLENT
2026-04-29 06:03:51,33.0,65.8,203.0,0.0,7.7,EXCELLENT
2026-04-29 06:03:53,33.0,65.9,194.0,0.0,4.7,EXCELLENT
2026-04-29 06:03:55,33.0,66.0,191.0,0.0,3.7,EXCELLENT
2026-04-29 06:03:57,33.0,66.0,208.0,0.0,9.3,EXCELLENT
2026-04-29 06:03:59,33.0,65.9,205.0,0.0,8.3,EXCELLENT
2026-04-29 06:04:01,33.0,65.8,204.0,0.0,8.0,EXCELLENT
2026-04-29 06:04:03,33.0,65.8,206.0,0.0,8.7,EXCELLENT
2026-04-29 06:04:05,33.0,65.7,196.0,0.0,5.3,EXCELLENT
2026-04-29 06:04:07,33.0,65.6,202.0,0.0,7.3,EXCELLENT
2026-04-29 06:04:09,33.0,65.5,198.0,0.0,6.0,EXCELLENT
2026-04-29 06:04:11,33.0,65.5,197.0,0.0,5.7,EXCELLENT
2026-04-29 06:04:13,33.1,65.4,193.0,0.0,4.3,EXCELLENT
2026-04-29 06:04:15,33.1,65.3,189.0,0.0,3.0,EXCELLENT
2026-04-29 06:04:17,33.1,65.3,194.0,0.0,4.7,EXCELLENT
2026-04-29 06:04:19,33.0,65.3,198.0,0.0,6.0,EXCELLENT
2026-04-29 06:04:21,33.1,65.3,194.0,0.0,4.7,EXCELLENT
2026-04-29 06:04:23,33.1,65.3,189.0,0.0,3.0,EXCELLENT
2026-04-29 06:04:25,33.1,65.3,204.0,0.0,8.0,EXCELLENT
2026-04-29 06:04:27,33.1,65.3,199.0,0.0,6.3,EXCELLENT
2026-04-29 06:04:29,33.1,65.4,192.0,0.0,4.0,EXCELLENT
2026-04-29 06:04:31,33.1,65.4,198.0,0.0,6.0,EXCELLENT
2026-04-29 06:04:33,33.1,65.4,194.0,0.0,4.7,EXCELLENT
2026-04-29 06:04:35,33.1,65.4,189.0,0.0,3.0,EXCELLENT
2026-04-29 06:04:37,33.1,65.4,193.0,0.0,4.3,EXCELLENT
2026-04-29 06:04:39,33.1,65.5,199.0,0.0,6.3,EXCELLENT
2026-04-29 06:04:41,33.1,65.6,205.0,0.0,8.3,EXCELLENT
2026-04-29 06:04:43,33.1,65.7,197.0,0.0,5.7,EXCELLENT
2026-04-29 06:04:45,33.1,65.7,196.0,0.0,5.3,EXCELLENT
2026-04-29 06:04:47,33.1,65.6,201.0,0.0,7.0,EXCELLENT
2026-04-29 06:04:49,33.1,65.6,201.0,0.0,7.0,EXCELLENT
2026-04-29 06:04:51,33.1,65.6,195.0,0.0,5.0,EXCELLENT
2026-04-29 06:04:53,33.1,65.5,203.0,0.0,7.7,EXCELLENT
2026-04-29 06:04:55,33.1,65.6,195.0,0.0,5.0,EXCELLENT
2026-04-29 06:04:57,33.1,65.7,197.0,0.0,5.7,EXCELLENT
2026-04-29 06:04:59,33.1,65.7,198.0,0.0,6.0,EXCELLENT
2026-04-29 06:05:01,33.1,65.7,202.0,0.0,7.3,EXCELLENT
2026-04-29 06:05:03,33.1,65.7,193.0,0.0,4.3,EXCELLENT
2026-04-29 06:05:05,33.1,65.7,203.0,0.0,7.7,EXCELLENT
2026-04-29 06:05:07,33.1,65.7,201.0,0.0,7.0,EXCELLENT
2026-04-29 06:05:09,33.1,65.7,199.0,0.0,6.3,EXCELLENT
2026-04-29 06:05:11,33.1,65.7,198.0,0.0,6.0,EXCELLENT
2026-04-29 06:05:13,33.1,65.6,203.0,0.0,7.7,EXCELLENT
2026-04-29 06:05:15,33.1,65.4,192.0,0.0,4.0,EXCELLENT
2026-04-29 06:05:17,33.1,65.3,192.0,0.0,4.0,EXCELLENT
2026-04-29 06:05:19,33.1,65.3,194.0,0.0,4.7,EXCELLENT
2026-04-29 06:05:21,33.1,65.3,206.0,0.0,8.7,EXCELLENT
2026-04-29 06:05:23,33.1,65.4,196.0,0.0,5.3,EXCELLENT
2026-04-29 06:05:25,33.1,65.6,197.0,0.0,5.7,EXCELLENT
2026-04-29 06:05:27,33.1,65.7,194.0,0.0,4.7,EXCELLENT
2026-04-29 06:05:29,33.1,65.8,197.0,0.0,5.7,EXCELLENT
2026-04-29 06:05:31,33.1,65.9,199.0,0.0,6.3,EXCELLENT
2026-04-29 06:05:33,33.1,65.9,195.0,0.0,5.0,EXCELLENT
2026-04-29 06:05:35,33.1,65.9,195.0,0.0,5.0,EXCELLENT
2026-04-29 06:05:37,33.1,65.9,201.0,0.0,7.0,EXCELLENT
2026-04-29 06:05:39,33.1,66.0,201.0,0.0,7.0,EXCELLENT
2026-04-29 06:05:41,33.1,66.1,196.0,0.0,5.3,EXCELLENT
2026-04-29 06:05:43,33.1,66.1,193.0,0.0,4.3,EXCELLENT
2026-04-29 06:05:45,33.0,66.2,205.0,0.0,8.3,EXCELLENT
2026-04-29 06:05:47,33.0,66.2,202.0,0.0,7.3,EXCELLENT
2026-04-29 06:05:49,33.1,66.2,204.0,0.0,8.0,EXCELLENT
2026-04-29 06:05:51,33.0,66.1,197.0,0.0,5.7,EXCELLENT
2026-04-29 06:05:53,33.0,66.2,197.0,0.0,5.7,EXCELLENT
2026-04-29 06:05:55,33.0,66.2,199.0,0.0,6.3,EXCELLENT
2026-04-29 06:05:57,33.0,66.2,203.0,0.0,7.7,EXCELLENT
2026-04-29 06:05:59,33.0,66.3,206.0,0.0,8.7,EXCELLENT
2026-04-29 06:06:01,33.0,66.2,201.0,0.0,7.0,EXCELLENT
2026-04-29 06:06:03,33.0,66.3,194.0,0.0,4.7,EXCELLENT
2026-04-29 06:06:05,33.0,66.3,202.0,0.0,7.3,EXCELLENT
2026-04-29 06:06:07,33.0,66.4,195.0,0.0,5.0,EXCELLENT
2026-04-29 06:06:09,33.0,66.3,195.0,0.0,5.0,EXCELLENT
2026-04-29 06:06:11,33.0,66.2,193.0,0.0,4.3,EXCELLENT
2026-04-29 06:06:13,33.0,66.3,199.0,0.0,6.3,EXCELLENT
2026-04-29 06:06:15,33.0,66.3,197.0,0.0,5.7,EXCELLENT
2026-04-29 06:06:17,32.9,66.4,200.0,0.0,6.7,EXCELLENT
2026-04-29 06:06:19,32.9,66.4,205.0,0.0,8.3,EXCELLENT
2026-04-29 06:06:21,32.9,66.5,198.0,0.0,6.0,EXCELLENT
2026-04-29 06:06:23,32.9,66.5,203.0,0.0,7.7,EXCELLENT
2026-04-29 06:06:25,33.0,66.6,198.0,0.0,6.0,EXCELLENT
2026-04-29 06:06:27,32.9,66.6,192.0,0.0,4.0,EXCELLENT
2026-04-29 06:06:29,32.9,66.6,198.0,0.0,6.0,EXCELLENT
2026-04-29 06:06:31,32.9,66.6,197.0,0.0,5.7,EXCELLENT
2026-04-29 06:06:33,32.9,66.6,205.0,0.0,8.3,EXCELLENT
2026-04-29 06:06:35,32.9,66.6,203.0,0.0,7.7,EXCELLENT
2026-04-29 06:06:37,32.9,66.7,202.0,0.0,7.3,EXCELLENT
2026-04-29 06:06:39,32.9,66.7,193.0,0.0,4.3,EXCELLENT
2026-04-29 06:06:41,32.9,66.6,195.0,0.0,5.0,EXCELLENT
2026-04-29 06:06:43,32.9,66.7,204.0,0.0,8.0,EXCELLENT
2026-04-29 06:06:45,32.9,66.8,193.0,0.0,4.3,EXCELLENT
2026-04-29 06:06:47,32.8,66.8,201.0,0.0,7.0,EXCELLENT
2026-04-29 06:06:49,32.8,66.8,201.0,0.0,7.0,EXCELLENT
2026-04-29 06:06:51,32.8,66.8,202.0,0.0,7.3,EXCELLENT
2026-04-29 06:06:53,32.8,66.8,205.0,0.0,8.3,EXCELLENT
2026-04-29 06:06:55,32.8,66.8,201.0,0.0,7.0,EXCELLENT
2026-04-29 06:06:57,32.8,66.8,204.0,0.0,8.0,EXCELLENT
2026-04-29 06:06:59,32.8,66.7,202.0,0.0,7.3,EXCELLENT
2026-04-29 06:07:01,32.8,66.6,194.0,0.0,4.7,EXCELLENT
2026-04-29 06:07:03,32.8,66.7,202.0,0.0,7.3,EXCELLENT
2026-04-29 06:07:05,32.8,66.8,193.0,0.0,4.3,EXCELLENT
2026-04-29 06:07:07,32.8,66.8,199.0,0.0,6.3,EXCELLENT
2026-04-29 06:07:09,32.7,66.3,199.0,0.0,6.3,EXCELLENT
2026-04-29 06:07:11,32.7,66.3,204.0,0.0,8.0,EXCELLENT
2026-04-29 06:07:13,32.7,66.4,195.0,0.0,5.0,EXCELLENT
2026-04-29 06:07:15,32.8,66.4,197.0,0.0,5.7,EXCELLENT
2026-04-29 06:07:17,32.8,66.3,205.0,0.0,8.3,EXCELLENT
2026-04-29 06:07:19,32.8,66.8,193.0,0.0,4.3,EXCELLENT
2026-04-29 06:07:21,32.8,66.9,197.0,0.0,5.7,EXCELLENT
2026-04-29 06:07:23,32.7,66.2,205.0,0.0,8.3,EXCELLENT
2026-04-29 06:07:25,32.8,66.3,194.0,0.0,4.7,EXCELLENT
2026-04-29 06:07:27,32.7,66.3,204.0,0.0,8.0,EXCELLENT
2026-04-29 06:07:29,32.7,66.3,198.0,0.0,6.0,EXCELLENT
2026-04-29 06:07:31,32.7,66.4,196.0,0.0,5.3,EXCELLENT
2026-04-29 06:07:33,32.7,66.5,195.0,0.0,5.0,EXCELLENT
2026-04-29 06:07:35,32.7,66.5,202.0,0.0,7.3,EXCELLENT
2026-04-29 06:07:37,32.7,66.3,197.0,0.0,5.7,EXCELLENT
2026-04-29 06:07:39,32.8,66.2,199.0,0.0,6.3,EXCELLENT
2026-04-29 06:07:41,32.7,66.2,204.0,0.0,8.0,EXCELLENT
2026-04-29 06:07:43,32.8,66.8,193.0,0.0,4.3,EXCELLENT
2026-04-29 06:07:45,32.7,66.3,199.0,0.0,6.3,EXCELLENT
2026-04-29 06:07:47,32.7,66.2,193.0,0.0,4.3,EXCELLENT
2026-04-29 06:07:49,32.8,66.2,201.0,0.0,7.0,EXCELLENT
2026-04-29 06:07:51,32.8,66.4,205.0,0.0,8.3,EXCELLENT
2026-04-29 06:07:53,32.7,66.5,192.0,0.0,4.0,EXCELLENT
2026-04-29 06:07:55,32.7,66.6,196.0,0.0,5.3,EXCELLENT
2026-04-29 06:07:57,32.7,66.5,202.0,0.0,7.3,EXCELLENT
2026-04-29 06:07:59,32.7,66.5,193.0,0.0,4.3,EXCELLENT
2026-04-29 06:08:01,32.7,66.5,194.0,0.0,4.7,EXCELLENT
2026-04-29 06:08:03,32.7,66.5,193.0,0.0,4.3,EXCELLENT
2026-04-29 06:08:05,32.7,66.5,192.0,0.0,4.0,EXCELLENT
2026-04-29 06:08:07,32.8,67.1,197.0,0.0,5.7,EXCELLENT
2026-04-29 06:08:09,32.7,66.5,201.0,0.0,7.0,EXCELLENT
2026-04-29 06:08:11,32.8,66.5,198.0,0.0,6.0,EXCELLENT
2026-04-29 06:08:13,32.7,66.5,200.0,0.0,6.7,EXCELLENT
2026-04-29 06:08:15,32.7,66.4,205.0,0.0,8.3,EXCELLENT
2026-04-29 06:08:17,32.7,66.4,198.0,0.0,6.0,EXCELLENT
2026-04-29 06:08:19,32.7,66.3,195.0,0.0,5.0,EXCELLENT
2026-04-29 06:08:21,32.7,66.3,199.0,0.0,6.3,EXCELLENT
2026-04-29 06:08:23,32.7,66.4,201.0,0.0,7.0,EXCELLENT
2026-04-29 06:08:25,32.8,66.9,203.0,0.0,7.7,EXCELLENT
2026-04-29 06:08:27,32.7,66.4,192.0,0.0,4.0,EXCELLENT
2026-04-29 06:08:29,32.7,66.4,192.0,0.0,4.0,EXCELLENT
2026-04-29 06:08:31,32.7,66.3,204.0,0.0,8.0,EXCELLENT
2026-04-29 06:08:33,32.8,66.2,203.0,0.0,7.7,EXCELLENT
2026-04-29 06:08:35,32.8,66.2,196.0,0.0,5.3,EXCELLENT
2026-04-29 06:08:37,32.7,66.1,200.0,0.0,6.7,EXCELLENT
2026-04-29 06:08:39,32.7,66.1,192.0,0.0,4.0,EXCELLENT
2026-04-29 06:08:41,32.8,66.0,199.0,0.0,6.3,EXCELLENT
2026-04-29 06:08:43,32.7,66.0,187.0,0.0,2.3,EXCELLENT
2026-04-29 06:08:45,32.7,65.9,203.0,0.0,7.7,EXCELLENT
2026-04-29 06:08:47,32.7,65.9,202.0,0.0,7.3,EXCELLENT
2026-04-29 06:08:49,32.8,65.9,203.0,0.0,7.7,EXCELLENT
2026-04-29 06:08:51,32.7,66.0,194.0,0.0,4.7,EXCELLENT
2026-04-29 06:08:53,32.8,66.0,195.0,0.0,5.0,EXCELLENT
2026-04-29 06:08:55,32.7,66.0,199.0,0.0,6.3,EXCELLENT
2026-04-29 06:08:57,32.8,66.6,192.0,0.0,4.0,EXCELLENT
2026-04-29 06:08:59,32.8,66.1,198.0,0.0,6.0,EXCELLENT
2026-04-29 06:09:01,32.8,66.1,191.0,0.0,3.7,EXCELLENT
2026-04-29 06:09:03,32.8,66.7,205.0,0.0,8.3,EXCELLENT
2026-04-29 06:09:05,32.8,66.8,197.0,0.0,5.7,EXCELLENT
2026-04-29 06:09:07,32.7,66.3,195.0,0.0,5.0,EXCELLENT
2026-04-29 06:09:09,32.8,66.8,198.0,0.0,6.0,EXCELLENT
2026-04-29 06:09:11,32.8,66.3,192.0,0.0,4.0,EXCELLENT
2026-04-29 06:09:13,32.8,66.9,200.0,0.0,6.7,EXCELLENT
2026-04-29 06:09:15,32.8,66.9,194.0,0.0,4.7,EXCELLENT
2026-04-29 06:09:17,32.8,66.8,195.0,0.0,5.0,EXCELLENT
2026-04-29 06:09:19,32.8,66.9,194.0,0.0,4.7,EXCELLENT
2026-04-29 06:09:21,32.8,66.8,202.0,0.0,7.3,EXCELLENT
2026-04-29 06:09:23,32.8,66.9,193.0,0.0,4.3,EXCELLENT
2026-04-29 06:09:25,32.8,66.8,194.0,0.0,4.7,EXCELLENT
2026-04-29 06:09:27,32.8,66.8,197.0,0.0,5.7,EXCELLENT
2026-04-29 06:09:29,32.8,66.8,198.0,0.0,6.0,EXCELLENT
2026-04-29 06:09:31,32.8,66.7,195.0,0.0,5.0,EXCELLENT
2026-04-29 06:09:33,32.8,66.7,199.0,0.0,6.3,EXCELLENT
2026-04-29 06:09:35,32.8,66.7,206.0,0.0,8.7,EXCELLENT
2026-04-29 06:09:37,32.8,66.6,195.0,0.0,5.0,EXCELLENT
2026-04-29 06:09:39,32.8,66.6,202.0,0.0,7.3,EXCELLENT
2026-04-29 06:09:41,32.8,66.6,199.0,0.0,6.3,EXCELLENT
2026-04-29 06:09:43,32.8,66.7,195.0,0.0,5.0,EXCELLENT
2026-04-29 06:09:45,32.8,66.7,199.0,0.0,6.3,EXCELLENT
2026-04-29 06:09:47,32.8,66.7,205.0,0.0,8.3,EXCELLENT
2026-04-29 06:09:49,32.8,66.7,202.0,0.0,7.3,EXCELLENT
2026-04-29 06:09:51,32.8,66.7,204.0,0.0,8.0,EXCELLENT
2026-04-29 06:09:53,32.9,66.7,203.0,0.0,7.7,EXCELLENT
2026-04-29 06:09:55,32.9,66.7,208.0,0.0,9.3,EXCELLENT
2026-04-29 06:09:57,32.9,66.8,194.0,0.0,4.7,EXCELLENT
2026-04-29 06:09:59,32.8,66.8,203.0,0.0,7.7,EXCELLENT
2026-04-29 06:10:01,32.9,66.9,192.0,0.0,4.0,EXCELLENT
2026-04-29 06:10:03,32.8,66.9,192.0,0.0,4.0,EXCELLENT
2026-04-29 06:10:05,32.9,67.0,194.0,0.0,4.7,EXCELLENT
2026-04-29 06:10:07,32.9,66.9,202.0,0.0,7.3,EXCELLENT
2026-04-29 06:10:09,32.9,66.9,197.0,0.0,5.7,EXCELLENT
2026-04-29 06:10:11,32.8,66.9,203.0,0.0,7.7,EXCELLENT
2026-04-29 06:10:13,32.9,66.9,198.0,0.0,6.0,EXCELLENT
2026-04-29 06:10:15,32.8,66.9,198.0,0.0,6.0,EXCELLENT
2026-04-29 06:10:17,32.8,66.9,192.0,0.0,4.0,EXCELLENT
2026-04-29 06:10:19,32.8,66.9,197.0,0.0,5.7,EXCELLENT
2026-04-29 06:10:21,32.8,66.9,201.0,0.0,7.0,EXCELLENT
2026-04-29 06:10:23,32.8,67.0,197.0,0.0,5.7,EXCELLENT
2026-04-29 06:10:25,32.8,67.1,198.0,0.0,6.0,EXCELLENT
2026-04-29 06:10:27,32.8,67.0,205.0,0.0,8.3,EXCELLENT
2026-04-29 06:10:29,32.8,67.1,193.0,0.0,4.3,EXCELLENT
2026-04-29 06:10:31,32.8,67.0,200.0,0.0,6.7,EXCELLENT
2026-04-29 06:10:33,32.8,67.0,205.0,0.0,8.3,EXCELLENT
2026-04-29 06:10:35,32.8,67.0,201.0,0.0,7.0,EXCELLENT
2026-04-29 06:10:37,32.8,67.1,199.0,0.0,6.3,EXCELLENT
2026-04-29 06:10:39,32.8,67.0,199.0,0.0,6.3,EXCELLENT
2026-04-29 06:10:41,32.8,67.0,187.0,0.0,2.3,EXCELLENT
2026-04-29 06:10:43,32.8,66.5,203.0,0.0,7.7,EXCELLENT
2026-04-29 06:10:45,32.8,67.0,193.0,0.0,4.3,EXCELLENT
2026-04-29 06:10:47,32.8,67.1,194.0,0.0,4.7,EXCELLENT
2026-04-29 06:10:49,32.8,67.0,193.0,0.0,4.3,EXCELLENT
2026-04-29 06:10:51,32.8,67.0,197.0,0.0,5.7,EXCELLENT
2026-04-29 06:10:53,32.7,66.5,198.0,0.0,6.0,EXCELLENT
2026-04-29 06:10:55,32.7,66.4,197.0,0.0,5.7,EXCELLENT
2026-04-29 06:10:57,32.8,66.3,197.0,0.0,5.7,EXCELLENT
2026-04-29 06:10:59,32.7,66.3,195.0,0.0,5.0,EXCELLENT
2026-04-29 06:11:01,32.7,66.3,198.0,0.0,6.0,EXCELLENT
2026-04-29 06:11:03,32.8,66.3,192.0,0.0,4.0,EXCELLENT
2026-04-29 06:11:05,32.7,66.2,194.0,0.0,4.7,EXCELLENT
2026-04-29 06:11:07,32.7,66.3,194.0,0.0,4.7,EXCELLENT
2026-04-29 06:11:09,32.7,66.3,195.0,0.0,5.0,EXCELLENT
2026-04-29 06:11:11,32.7,66.3,201.0,0.0,7.0,EXCELLENT
2026-04-29 06:11:13,32.8,66.3,201.0,0.0,7.0,EXCELLENT
2026-04-29 06:11:15,32.8,66.8,198.0,0.0,6.0,EXCELLENT
2026-04-29 06:11:17,32.7,66.3,192.0,0.0,4.0,EXCELLENT
2026-04-29 06:11:19,32.8,66.3,195.0,0.0,5.0,EXCELLENT
2026-04-29 06:11:21,32.7,66.2,201.0,0.0,7.0,EXCELLENT
2026-04-29 06:11:23,32.7,66.2,190.0,0.0,3.3,EXCELLENT
2026-04-29 06:11:25,32.8,66.1,205.0,0.0,8.3,EXCELLENT
2026-04-29 06:11:27,32.7,66.1,194.0,0.0,4.7,EXCELLENT
2026-04-29 06:11:29,32.7,66.2,203.0,0.0,7.7,EXCELLENT
2026-04-29 06:11:31,32.8,66.7,201.0,0.0,7.0,EXCELLENT
2026-04-29 06:11:33,32.8,66.1,192.0,0.0,4.0,EXCELLENT
2026-04-29 06:11:35,32.8,66.2,195.0,0.0,5.0,EXCELLENT
2026-04-29 06:11:37,32.7,66.1,192.0,0.0,4.0,EXCELLENT
2026-04-29 06:11:39,32.7,66.2,197.0,0.0,5.7,EXCELLENT
2026-04-29 06:11:41,32.7,66.2,199.0,0.0,6.3,EXCELLENT
2026-04-29 06:11:43,32.7,66.3,199.0,0.0,6.3,EXCELLENT
2026-04-29 06:11:45,32.7,66.2,204.0,0.0,8.0,EXCELLENT
2026-04-29 06:11:47,32.8,66.2,207.0,0.0,9.0,EXCELLENT
2026-04-29 06:11:49,32.7,66.2,205.0,0.0,8.3,EXCELLENT
2026-04-29 06:11:51,32.7,66.2,202.0,0.0,7.3,EXCELLENT
2026-04-29 06:11:53,32.7,66.2,197.0,0.0,5.7,EXCELLENT
2026-04-29 06:11:55,32.7,66.3,194.0,0.0,4.7,EXCELLENT
2026-04-29 06:11:57,32.7,66.2,191.0,0.0,3.7,EXCELLENT
2026-04-29 06:11:59,32.7,66.1,201.0,0.0,7.0,EXCELLENT
2026-04-29 06:12:01,32.7,66.0,195.0,0.0,5.0,EXCELLENT
2026-04-29 06:12:03,32.7,65.9,199.0,0.0,6.3,EXCELLENT
2026-04-29 06:12:05,32.7,65.9,195.0,0.0,5.0,EXCELLENT
2026-04-29 06:12:07,32.7,65.9,192.0,0.0,4.0,EXCELLENT
2026-04-29 06:12:09,32.7,65.8,194.0,0.0,4.7,EXCELLENT
2026-04-29 06:12:11,32.7,65.8,192.0,0.0,4.0,EXCELLENT
2026-04-29 06:12:13,32.7,65.9,200.0,0.0,6.7,EXCELLENT
2026-04-29 06:12:15,32.7,65.9,193.0,0.0,4.3,EXCELLENT
2026-04-29 06:12:18,32.7,65.9,195.0,0.0,5.0,EXCELLENT
2026-04-29 06:12:19,32.7,65.9,194.0,0.0,4.7,EXCELLENT
2026-04-29 06:12:21,32.7,65.8,199.0,0.0,6.3,EXCELLENT
2026-04-29 06:12:23,32.7,65.8,198.0,0.0,6.0,EXCELLENT
2026-04-29 06:12:25,32.7,65.8,195.0,0.0,5.0,EXCELLENT
2026-04-29 06:12:27,32.7,65.6,205.0,0.0,8.3,EXCELLENT
2026-04-29 06:12:29,32.7,65.7,195.0,0.0,5.0,EXCELLENT
2026-04-29 06:12:31,32.7,65.7,196.0,0.0,5.3,EXCELLENT
2026-04-29 06:12:33,32.7,65.6,191.0,0.0,3.7,EXCELLENT
2026-04-29 06:12:35,32.8,66.2,193.0,0.0,4.3,EXCELLENT
2026-04-29 06:12:37,32.7,65.6,203.0,0.0,7.7,EXCELLENT
2026-04-29 06:12:39,32.7,65.6,198.0,0.0,6.0,EXCELLENT
2026-04-29 06:12:41,32.7,65.5,196.0,0.0,5.3,EXCELLENT
2026-04-29 06:12:43,32.8,65.9,203.0,0.0,7.7,EXCELLENT
2026-04-29 06:12:45,32.7,65.3,192.0,0.0,4.0,EXCELLENT
2026-04-29 06:12:47,32.7,65.2,199.0,0.0,6.3,EXCELLENT
2026-04-29 06:12:49,32.7,65.1,197.0,0.0,5.7,EXCELLENT
2026-04-29 06:12:51,32.7,65.1,198.0,0.0,6.0,EXCELLENT
2026-04-29 06:12:53,32.7,65.1,199.0,0.0,6.3,EXCELLENT
2026-04-29 06:12:55,32.7,65.0,193.0,0.0,4.3,EXCELLENT
2026-04-29 06:12:57,32.7,64.9,192.0,0.0,4.0,EXCELLENT
2026-04-29 06:12:59,32.7,64.9,199.0,0.0,6.3,EXCELLENT
2026-04-29 06:13:01,32.7,64.9,193.0,0.0,4.3,EXCELLENT
2026-04-29 06:13:03,32.7,64.8,200.0,0.0,6.7,EXCELLENT
2026-04-29 06:13:05,32.7,64.8,192.0,0.0,4.0,EXCELLENT
2026-04-29 06:13:07,32.7,64.8,196.0,0.0,5.3,EXCELLENT
2026-04-29 06:13:09,32.7,64.7,203.0,0.0,7.7,EXCELLENT
2026-04-29 06:13:11,32.7,64.7,197.0,0.0,5.7,EXCELLENT
2026-04-29 06:13:13,32.7,64.7,198.0,0.0,6.0,EXCELLENT
2026-04-29 06:13:15,32.7,64.7,193.0,0.0,4.3,EXCELLENT
2026-04-29 06:13:17,32.7,64.6,192.0,0.0,4.0,EXCELLENT
2026-04-29 06:13:19,32.7,64.5,192.0,0.0,4.0,EXCELLENT
2026-04-29 06:13:21,32.7,64.5,198.0,0.0,6.0,EXCELLENT
2026-04-29 06:13:23,32.7,64.4,192.0,0.0,4.0,EXCELLENT
2026-04-29 06:13:25,32.7,64.6,192.0,0.0,4.0,EXCELLENT
2026-04-29 06:13:27,32.7,64.6,201.0,0.0,7.0,EXCELLENT
2026-04-29 06:13:29,32.7,64.6,192.0,0.0,4.0,EXCELLENT
2026-04-29 06:13:31,32.7,64.6,199.0,0.0,6.3,EXCELLENT
2026-04-29 06:13:33,32.7,64.6,189.0,0.0,3.0,EXCELLENT
2026-04-29 06:13:35,32.7,64.7,193.0,0.0,4.3,EXCELLENT
2026-04-29 06:13:37,32.7,64.6,198.0,0.0,6.0,EXCELLENT
2026-04-29 06:13:39,32.7,64.6,197.0,0.0,5.7,EXCELLENT
2026-04-29 06:13:41,32.7,64.7,192.0,0.0,4.0,EXCELLENT
2026-04-29 06:13:43,32.7,64.8,202.0,0.0,7.3,EXCELLENT
2026-04-29 06:13:45,32.7,64.7,195.0,0.0,5.0,EXCELLENT
2026-04-29 06:13:47,32.7,64.7,193.0,0.0,4.3,EXCELLENT
2026-04-29 06:13:49,32.7,64.6,200.0,0.0,6.7,EXCELLENT
2026-04-29 06:13:51,32.7,64.7,192.0,0.0,4.0,EXCELLENT
2026-04-29 06:13:53,32.7,64.8,200.0,0.0,6.7,EXCELLENT
2026-04-29 06:13:55,32.7,64.8,193.0,0.0,4.3,EXCELLENT
2026-04-29 06:13:57,32.7,64.9,206.0,0.0,8.7,EXCELLENT
2026-04-29 06:13:59,32.7,64.9,190.0,0.0,3.3,EXCELLENT
2026-04-29 06:14:01,32.7,65.0,198.0,0.0,6.0,EXCELLENT
2026-04-29 06:14:03,32.7,65.1,198.0,0.0,6.0,EXCELLENT
2026-04-29 06:14:05,32.7,65.0,192.0,0.0,4.0,EXCELLENT
2026-04-29 06:14:07,32.7,65.0,190.0,0.0,3.3,EXCELLENT
2026-04-29 06:14:09,32.7,65.1,196.0,0.0,5.3,EXCELLENT
2026-04-29 06:14:11,32.7,65.1,198.0,0.0,6.0,EXCELLENT
2026-04-29 06:14:13,32.7,65.1,202.0,0.0,7.3,EXCELLENT
2026-04-29 06:14:15,32.7,65.1,201.0,0.0,7.0,EXCELLENT
2026-04-29 06:14:17,32.7,65.2,192.0,0.0,4.0,EXCELLENT
2026-04-29 06:14:19,32.7,65.2,194.0,0.0,4.7,EXCELLENT
2026-04-29 06:14:21,32.7,65.0,189.0,0.0,3.0,EXCELLENT
2026-04-29 06:14:23,32.7,64.9,190.0,0.0,3.3,EXCELLENT
2026-04-29 06:14:25,32.7,64.9,197.0,0.0,5.7,EXCELLENT
2026-04-29 06:14:27,32.7,64.8,190.0,0.0,3.3,EXCELLENT
2026-04-29 06:14:29,32.7,64.8,199.0,0.0,6.3,EXCELLENT
2026-04-29 06:14:31,32.7,64.8,193.0,0.0,4.3,EXCELLENT
2026-04-29 06:14:33,32.7,64.8,195.0,0.0,5.0,EXCELLENT
2026-04-29 06:14:35,32.7,64.9,192.0,0.0,4.0,EXCELLENT
2026-04-29 06:14:37,32.7,65.1,198.0,0.0,6.0,EXCELLENT
2026-04-29 06:14:39,32.7,65.3,191.0,0.0,3.7,EXCELLENT
2026-04-29 06:14:41,32.7,65.4,183.0,0.0,1.0,EXCELLENT
2026-04-29 06:14:43,32.7,65.4,197.0,0.0,5.7,EXCELLENT
2026-04-29 06:14:45,32.7,65.6,190.0,0.0,3.3,EXCELLENT
2026-04-29 06:14:47,32.7,65.5,195.0,0.0,5.0,EXCELLENT
2026-04-29 06:14:49,32.7,65.6,193.0,0.0,4.3,EXCELLENT
2026-04-29 06:14:51,32.7,65.7,204.0,1.0,8.0,EXCELLENT
2026-04-29 06:14:53,32.7,65.7,192.0,1.0,4.0,EXCELLENT
2026-04-29 06:14:55,32.7,65.7,201.0,0.0,7.0,EXCELLENT
2026-04-29 06:14:57,32.7,65.7,192.0,0.0,4.0,EXCELLENT
2026-04-29 06:14:59,32.8,66.3,192.0,0.0,4.0,EXCELLENT
2026-04-29 06:15:01,32.7,65.6,195.0,0.0,5.0,EXCELLENT
2026-04-29 06:15:03,32.7,65.6,204.0,0.0,8.0,EXCELLENT
2026-04-29 06:15:05,32.7,65.7,187.0,0.0,2.3,EXCELLENT
2026-04-29 06:15:07,32.8,66.3,196.0,0.0,5.3,EXCELLENT
2026-04-29 06:15:09,32.8,66.3,202.0,0.0,7.3,EXCELLENT
2026-04-29 06:15:11,32.8,66.1,198.0,0.0,6.0,EXCELLENT
2026-04-29 06:15:13,32.8,66.0,193.0,0.0,4.3,EXCELLENT
2026-04-29 06:15:15,32.8,65.6,195.0,0.0,5.0,EXCELLENT
2026-04-29 06:15:17,32.8,66.0,199.0,0.0,6.3,EXCELLENT
2026-04-29 06:15:19,32.7,65.4,192.0,0.0,4.0,EXCELLENT
2026-04-29 06:15:21,32.8,65.8,200.0,0.0,6.7,EXCELLENT
2026-04-29 06:15:23,32.8,65.3,199.0,0.0,6.3,EXCELLENT
2026-04-29 06:15:25,32.8,65.8,198.0,0.0,6.0,EXCELLENT
2026-04-29 06:15:27,32.7,65.3,192.0,0.0,4.0,EXCELLENT
2026-04-29 06:15:29,32.8,65.9,199.0,0.0,6.3,EXCELLENT
2026-04-29 06:15:31,32.8,66.1,194.0,0.0,4.7,EXCELLENT
2026-04-29 06:15:33,32.7,65.6,192.0,0.0,4.0,EXCELLENT
2026-04-29 06:15:35,32.7,65.8,192.0,0.0,4.0,EXCELLENT
2026-04-29 06:15:37,32.8,65.8,202.0,0.0,7.3,EXCELLENT
2026-04-29 06:15:39,32.8,65.9,188.0,0.0,2.7,EXCELLENT
2026-04-29 06:15:41,32.8,66.3,203.0,0.0,7.7,EXCELLENT
2026-04-29 06:15:43,32.7,65.7,197.0,0.0,5.7,EXCELLENT
2026-04-29 06:15:45,32.7,65.6,194.0,0.0,4.7,EXCELLENT
2026-04-29 06:15:47,32.7,65.6,198.0,0.0,6.0,EXCELLENT
2026-04-29 06:15:49,32.7,65.6,194.0,0.0,4.7,EXCELLENT
2026-04-29 06:15:51,32.7,65.7,194.0,0.0,4.7,EXCELLENT
2026-04-29 06:15:53,32.8,65.7,199.0,0.0,6.3,EXCELLENT
2026-04-29 06:15:55,32.7,65.8,197.0,0.0,5.7,EXCELLENT
2026-04-29 06:15:57,32.7,66.0,192.0,0.0,4.0,EXCELLENT
2026-04-29 06:15:59,32.8,66.0,205.0,0.0,8.3,EXCELLENT
2026-04-29 06:16:01,32.7,66.1,194.0,0.0,4.7,EXCELLENT
2026-04-29 06:16:03,32.7,66.2,197.0,0.0,5.7,EXCELLENT
2026-04-29 06:16:05,32.7,66.3,194.0,0.0,4.7,EXCELLENT
2026-04-29 06:16:07,32.7,66.3,194.0,0.0,4.7,EXCELLENT
2026-04-29 06:16:09,32.7,66.3,192.0,0.0,4.0,EXCELLENT
2026-04-29 06:16:11,32.7,66.2,195.0,0.0,5.0,EXCELLENT
2026-04-29 06:16:13,32.7,66.3,199.0,0.0,6.3,EXCELLENT
2026-04-29 06:16:15,32.7,66.4,199.0,0.0,6.3,EXCELLENT
2026-04-29 06:16:17,32.7,66.4,207.0,0.0,9.0,EXCELLENT
2026-04-29 06:16:19,32.7,66.4,198.0,0.0,6.0,EXCELLENT
2026-04-29 06:16:21,32.7,66.4,199.0,0.0,6.3,EXCELLENT
2026-04-29 06:16:23,32.7,66.4,204.0,0.0,8.0,EXCELLENT
2026-04-29 06:16:25,32.7,66.3,191.0,0.0,3.7,EXCELLENT
2026-04-29 06:16:27,32.7,66.3,197.0,0.0,5.7,EXCELLENT
2026-04-29 06:16:29,32.7,66.3,192.0,0.0,4.0,EXCELLENT
2026-04-29 06:16:31,32.6,66.2,193.0,0.0,4.3,EXCELLENT
2026-04-29 06:16:33,32.7,66.2,202.0,0.0,7.3,EXCELLENT
2026-04-29 06:16:35,32.7,66.1,198.0,0.0,6.0,EXCELLENT
2026-04-29 06:16:37,32.7,66.2,192.0,0.0,4.0,EXCELLENT
2026-04-29 06:16:39,32.6,66.3,194.0,0.0,4.7,EXCELLENT
2026-04-29 06:16:41,32.6,66.3,205.0,0.0,8.3,EXCELLENT
2026-04-29 06:16:43,32.6,66.3,198.0,0.0,6.0,EXCELLENT
2026-04-29 06:16:45,32.6,66.3,203.0,0.0,7.7,EXCELLENT
2026-04-29 06:16:47,32.7,66.3,196.0,0.0,5.3,EXCELLENT
2026-04-29 06:16:49,32.6,66.4,202.0,0.0,7.3,EXCELLENT
2026-04-29 06:16:51,32.6,66.3,187.0,0.0,2.3,EXCELLENT
2026-04-29 06:16:53,32.6,66.2,191.0,0.0,3.7,EXCELLENT
2026-04-29 06:16:55,32.6,66.2,192.0,0.0,4.0,EXCELLENT
2026-04-29 06:16:57,32.6,66.2,192.0,0.0,4.0,EXCELLENT
2026-04-29 06:16:59,32.6,66.1,199.0,0.0,6.3,EXCELLENT
2026-04-29 06:17:01,32.6,66.1,198.0,0.0,6.0,EXCELLENT
2026-04-29 06:17:03,32.6,66.2,194.0,0.0,4.7,EXCELLENT
2026-04-29 06:17:05,32.6,66.1,197.0,0.0,5.7,EXCELLENT
2026-04-29 06:17:07,32.6,66.0,192.0,0.0,4.0,EXCELLENT
2026-04-29 06:17:09,32.7,65.9,189.0,0.0,3.0,EXCELLENT
2026-04-29 06:17:11,32.6,65.8,197.0,0.0,5.7,EXCELLENT
2026-04-29 06:17:13,32.7,65.8,192.0,0.0,4.0,EXCELLENT
2026-04-29 06:17:15,32.6,65.7,187.0,0.0,2.3,EXCELLENT
2026-04-29 06:17:17,32.7,65.6,202.0,0.0,7.3,EXCELLENT
2026-04-29 06:17:19,32.6,65.5,193.0,0.0,4.3,EXCELLENT
2026-04-29 06:17:21,32.7,65.4,198.0,0.0,6.0,EXCELLENT
2026-04-29 06:17:23,32.7,65.4,192.0,0.0,4.0,EXCELLENT
2026-04-29 06:17:25,32.7,65.4,193.0,0.0,4.3,EXCELLENT
2026-04-29 06:17:27,32.7,65.3,192.0,0.0,4.0,EXCELLENT
2026-04-29 06:17:29,32.7,65.3,192.0,0.0,4.0,EXCELLENT
2026-04-29 06:17:31,32.7,65.3,194.0,0.0,4.7,EXCELLENT
2026-04-29 06:17:33,32.7,65.2,195.0,0.0,5.0,EXCELLENT
2026-04-29 06:17:35,32.7,65.2,197.0,0.0,5.7,EXCELLENT
2026-04-29 06:17:37,32.7,65.3,193.0,0.0,4.3,EXCELLENT
2026-04-29 06:17:39,32.7,65.3,193.0,0.0,4.3,EXCELLENT
2026-04-29 06:17:41,32.7,65.3,198.0,0.0,6.0,EXCELLENT
2026-04-29 06:17:43,32.7,65.3,200.0,0.0,6.7,EXCELLENT
2026-04-29 06:17:45,32.7,65.3,190.0,0.0,3.3,EXCELLENT
2026-04-29 06:17:47,32.7,65.2,189.0,0.0,3.0,EXCELLENT
2026-04-29 06:17:49,32.7,65.2,202.0,0.0,7.3,EXCELLENT
2026-04-29 06:17:51,32.7,65.3,189.0,0.0,3.0,EXCELLENT
2026-04-29 06:17:53,32.7,65.2,199.0,0.0,6.3,EXCELLENT
2026-04-29 06:17:55,32.7,65.3,196.0,0.0,5.3,EXCELLENT
2026-04-29 06:17:57,32.7,65.3,197.0,0.0,5.7,EXCELLENT
2026-04-29 06:17:59,32.7,65.4,201.0,0.0,7.0,EXCELLENT
2026-04-29 06:18:01,32.7,65.3,195.0,0.0,5.0,EXCELLENT
2026-04-29 06:18:03,32.7,65.3,202.0,0.0,7.3,EXCELLENT
2026-04-29 06:18:05,32.7,65.3,188.0,0.0,2.7,EXCELLENT
2026-04-29 06:18:07,32.7,65.3,196.0,0.0,5.3,EXCELLENT
2026-04-29 06:18:09,32.7,65.3,192.0,0.0,4.0,EXCELLENT
2026-04-29 06:18:11,32.7,65.3,196.0,0.0,5.3,EXCELLENT
2026-04-29 06:18:13,32.7,65.2,189.0,0.0,3.0,EXCELLENT
2026-04-29 06:18:15,32.7,65.3,189.0,0.0,3.0,EXCELLENT
2026-04-29 06:18:17,32.7,65.2,199.0,0.0,6.3,EXCELLENT
2026-04-29 06:18:19,32.7,65.1,194.0,0.0,4.7,EXCELLENT
2026-04-29 06:18:21,32.8,65.6,192.0,0.0,4.0,EXCELLENT
2026-04-29 06:18:23,32.7,65.0,192.0,0.0,4.0,EXCELLENT
2026-04-29 06:18:25,32.7,65.0,202.0,0.0,7.3,EXCELLENT
2026-04-29 06:18:27,32.8,65.7,190.0,0.0,3.3,EXCELLENT
2026-04-29 06:18:29,32.8,65.1,197.0,0.0,5.7,EXCELLENT
2026-04-29 06:18:31,32.8,65.6,196.0,0.0,5.3,EXCELLENT
2026-04-29 06:18:33,32.8,65.6,201.0,0.0,7.0,EXCELLENT
2026-04-29 06:18:35,32.8,65.2,198.0,0.0,6.0,EXCELLENT
2026-04-29 06:18:37,32.8,65.3,193.0,0.0,4.3,EXCELLENT
2026-04-29 06:18:39,32.8,65.8,194.0,0.0,4.7,EXCELLENT
2026-04-29 06:18:41,32.8,65.9,203.0,0.0,7.7,EXCELLENT
2026-04-29 06:18:43,32.8,65.9,202.0,0.0,7.3,EXCELLENT
2026-04-29 06:18:45,32.8,66.0,193.0,0.0,4.3,EXCELLENT
2026-04-29 06:18:47,32.8,66.0,202.0,0.0,7.3,EXCELLENT
2026-04-29 06:18:49,32.8,65.8,192.0,0.0,4.0,EXCELLENT
2026-04-29 06:18:51,32.8,65.1,199.0,1.0,6.3,EXCELLENT
2026-04-29 06:18:53,32.8,65.6,194.0,1.0,4.7,EXCELLENT
2026-04-29 06:18:55,32.8,65.6,199.0,0.0,6.3,EXCELLENT
2026-04-29 06:18:57,32.8,65.5,195.0,0.0,5.0,EXCELLENT
2026-04-29 06:19:00,32.8,65.6,192.0,0.0,4.0,EXCELLENT
2026-04-29 06:19:01,32.8,65.5,193.0,0.0,4.3,EXCELLENT
2026-04-29 06:19:03,32.8,65.5,189.0,0.0,3.0,EXCELLENT
2026-04-29 06:19:05,32.8,65.5,189.0,0.0,3.0,EXCELLENT
2026-04-29 06:19:08,32.8,65.5,194.0,0.0,4.7,EXCELLENT
2026-04-29 06:19:10,32.8,65.5,201.0,0.0,7.0,EXCELLENT
2026-04-29 06:19:12,32.8,65.4,193.0,0.0,4.3,EXCELLENT
2026-04-29 06:19:13,32.9,65.5,199.0,0.0,6.3,EXCELLENT
2026-04-29 06:19:15,32.8,65.4,201.0,0.0,7.0,EXCELLENT
2026-04-29 06:19:17,32.8,65.4,206.0,0.0,8.7,EXCELLENT
2026-04-29 06:19:20,32.9,65.4,198.0,0.0,6.0,EXCELLENT
2026-04-29 06:19:22,32.8,65.4,195.0,0.0,5.0,EXCELLENT
2026-04-29 06:19:24,32.9,65.4,195.0,0.0,5.0,EXCELLENT
2026-04-29 06:19:26,32.9,65.4,194.0,0.0,4.7,EXCELLENT
2026-04-29 06:19:28,32.9,65.4,194.0,0.0,4.7,EXCELLENT
2026-04-29 06:19:30,32.8,65.5,196.0,0.0,5.3,EXCELLENT
2026-04-29 06:19:32,32.9,65.4,192.0,0.0,4.0,EXCELLENT
2026-04-29 06:19:33,32.9,65.5,198.0,0.0,6.0,EXCELLENT
2026-04-29 06:19:35,32.8,65.3,192.0,0.0,4.0,EXCELLENT
2026-04-29 06:19:37,32.9,65.3,195.0,0.0,5.0,EXCELLENT
2026-04-29 06:19:39,32.9,65.2,199.0,0.0,6.3,EXCELLENT
2026-04-29 06:19:41,32.9,65.2,197.0,0.0,5.7,EXCELLENT
2026-04-29 06:19:44,32.9,65.2,188.0,0.0,2.7,EXCELLENT
2026-04-29 06:19:45,32.9,65.2,192.0,0.0,4.0,EXCELLENT
2026-04-29 06:19:47,32.9,65.2,192.0,0.0,4.0,EXCELLENT
2026-04-29 06:19:50,32.9,65.3,195.0,0.0,5.0,EXCELLENT
2026-04-29 06:19:52,32.9,65.3,198.0,0.0,6.0,EXCELLENT
2026-04-29 06:19:54,32.9,65.4,197.0,0.0,5.7,EXCELLENT
2026-04-29 06:19:56,32.9,65.4,196.0,0.0,5.3,EXCELLENT
2026-04-29 06:19:58,32.9,65.2,201.0,0.0,7.0,EXCELLENT
2026-04-29 06:19:59,32.9,65.1,184.0,0.0,1.3,EXCELLENT
2026-04-29 06:20:01,32.9,65.2,195.0,0.0,5.0,EXCELLENT
2026-04-29 06:20:04,32.9,65.1,193.0,0.0,4.3,EXCELLENT
2026-04-29 06:20:05,32.9,65.1,194.0,0.0,4.7,EXCELLENT
2026-04-29 06:20:08,32.9,65.2,194.0,0.0,4.7,EXCELLENT
2026-04-29 06:20:11,32.9,65.3,198.0,0.0,6.0,EXCELLENT
2026-04-29 06:20:11,32.9,65.3,192.0,0.0,4.0,EXCELLENT
2026-04-29 06:20:15,32.9,65.3,198.0,0.0,6.0,EXCELLENT
2026-04-29 06:20:16,32.9,65.3,198.0,0.0,6.0,EXCELLENT
2026-04-29 06:20:18,32.9,65.3,194.0,0.0,4.7,EXCELLENT
2026-04-29 06:20:21,32.9,65.3,203.0,0.0,7.7,EXCELLENT
2026-04-29 06:20:21,32.9,65.3,186.0,0.0,2.0,EXCELLENT
2026-04-29 06:20:24,32.9,65.2,199.0,0.0,6.3,EXCELLENT
2026-04-29 06:20:26,32.9,65.0,187.0,0.0,2.3,EXCELLENT
2026-04-29 06:20:28,32.9,65.1,195.0,0.0,5.0,EXCELLENT
2026-04-29 06:20:30,32.9,65.1,188.0,0.0,2.7,EXCELLENT
2026-04-29 06:20:32,32.9,65.2,198.0,0.0,6.0,EXCELLENT
2026-04-29 06:20:34,32.9,65.3,196.0,0.0,5.3,EXCELLENT
2026-04-29 06:20:35,32.9,65.3,197.0,0.0,5.7,EXCELLENT
2026-04-29 06:20:37,32.9,65.4,203.0,0.0,7.7,EXCELLENT
2026-04-29 06:20:40,32.9,65.4,193.0,0.0,4.3,EXCELLENT
2026-04-29 06:20:42,32.9,65.4,205.0,0.0,8.3,EXCELLENT
2026-04-29 06:20:44,32.9,65.4,195.0,0.0,5.0,EXCELLENT
2026-04-29 06:20:46,32.9,65.4,203.0,0.0,7.7,EXCELLENT
2026-04-29 06:20:47,32.9,65.4,190.0,0.0,3.3,EXCELLENT
2026-04-29 06:20:49,32.9,65.3,195.0,0.0,5.0,EXCELLENT
2026-04-29 06:20:52,32.9,65.3,196.0,0.0,5.3,EXCELLENT
2026-04-29 06:20:54,32.9,65.3,196.0,0.0,5.3,EXCELLENT
2026-04-29 06:20:55,32.9,65.3,189.0,0.0,3.0,EXCELLENT
2026-04-29 06:20:57,32.9,65.3,199.0,0.0,6.3,EXCELLENT
2026-04-29 06:21:00,32.9,65.2,203.0,0.0,7.7,EXCELLENT
2026-04-29 06:21:02,32.9,65.1,189.0,0.0,3.0,EXCELLENT
2026-04-29 06:21:04,32.9,65.0,192.0,0.0,4.0,EXCELLENT
2026-04-29 06:21:05,32.9,65.0,197.0,0.0,5.7,EXCELLENT
2026-04-29 06:21:08,32.9,65.1,199.0,0.0,6.3,EXCELLENT
2026-04-29 06:21:10,32.9,65.2,200.0,0.0,6.7,EXCELLENT
2026-04-29 06:21:11,32.9,65.1,196.0,0.0,5.3,EXCELLENT
2026-04-29 06:21:13,32.9,65.1,189.0,0.0,3.0,EXCELLENT
2026-04-29 06:21:16,33.0,65.2,194.0,0.0,4.7,EXCELLENT
2026-04-29 06:21:18,32.9,65.2,197.0,0.0,5.7,EXCELLENT
2026-04-29 06:21:20,32.9,65.1,190.0,0.0,3.3,EXCELLENT
2026-04-29 06:21:22,32.9,65.1,197.0,0.0,5.7,EXCELLENT
2026-04-29 06:21:24,32.9,65.1,196.0,0.0,5.3,EXCELLENT
2026-04-29 06:21:26,33.0,65.0,203.0,0.0,7.7,EXCELLENT
2026-04-29 06:21:28,32.9,64.9,192.0,0.0,4.0,EXCELLENT
2026-04-29 06:21:30,32.9,64.9,192.0,0.0,4.0,EXCELLENT
2026-04-29 06:21:32,32.9,65.0,201.0,0.0,7.0,EXCELLENT
2026-04-29 06:21:34,32.9,64.9,192.0,0.0,4.0,EXCELLENT
2026-04-29 06:21:36,32.9,65.0,185.0,0.0,1.7,EXCELLENT
2026-04-29 06:21:38,32.9,65.0,193.0,0.0,4.3,EXCELLENT
2026-04-29 06:21:40,32.9,65.0,192.0,0.0,4.0,EXCELLENT
2026-04-29 06:21:42,32.9,65.0,194.0,0.0,4.7,EXCELLENT
2026-04-29 06:21:44,33.0,65.0,199.0,0.0,6.3,EXCELLENT
2026-04-29 06:21:46,32.9,65.1,193.0,0.0,4.3,EXCELLENT
2026-04-29 06:21:48,32.9,65.1,192.0,0.0,4.0,EXCELLENT
2026-04-29 06:21:50,32.9,65.1,194.0,0.0,4.7,EXCELLENT
2026-04-29 06:21:52,32.9,65.2,199.0,0.0,6.3,EXCELLENT
2026-04-29 06:21:54,32.9,65.3,195.0,0.0,5.0,EXCELLENT
2026-04-29 06:21:56,32.9,65.3,202.0,0.0,7.3,EXCELLENT
2026-04-29 06:21:58,32.9,65.3,198.0,0.0,6.0,EXCELLENT
2026-04-29 06:22:00,32.9,65.4,205.0,0.0,8.3,EXCELLENT
2026-04-29 06:22:02,32.9,65.4,194.0,0.0,4.7,EXCELLENT
2026-04-29 06:22:04,32.9,65.4,193.0,0.0,4.3,EXCELLENT
2026-04-29 06:22:06,32.9,65.3,202.0,0.0,7.3,EXCELLENT
2026-04-29 06:22:08,32.9,65.4,191.0,0.0,3.7,EXCELLENT
2026-04-29 06:22:10,33.0,65.4,203.0,0.0,7.7,EXCELLENT
2026-04-29 06:22:12,32.9,65.4,195.0,0.0,5.0,EXCELLENT
2026-04-29 06:22:14,32.9,65.4,192.0,0.0,4.0,EXCELLENT
2026-04-29 06:22:16,32.9,65.4,202.0,0.0,7.3,EXCELLENT
2026-04-29 06:22:18,32.9,65.5,194.0,0.0,4.7,EXCELLENT
2026-04-29 06:22:20,32.9,65.5,195.0,0.0,5.0,EXCELLENT
2026-04-29 06:22:22,32.9,65.4,206.0,0.0,8.7,EXCELLENT
2026-04-29 06:22:24,32.9,65.4,189.0,0.0,3.0,EXCELLENT
2026-04-29 06:22:26,32.9,65.4,199.0,0.0,6.3,EXCELLENT
2026-04-29 06:22:28,32.9,65.3,196.0,0.0,5.3,EXCELLENT
2026-04-29 06:22:30,32.9,65.3,191.0,0.0,3.7,EXCELLENT
2026-04-29 06:22:32,32.9,65.3,192.0,0.0,4.0,EXCELLENT
2026-04-29 06:22:34,32.9,65.2,199.0,0.0,6.3,EXCELLENT
2026-04-29 06:22:36,32.9,65.2,196.0,0.0,5.3,EXCELLENT
2026-04-29 06:22:38,32.9,65.1,193.0,0.0,4.3,EXCELLENT
2026-04-29 06:22:40,32.9,65.0,201.0,0.0,7.0,EXCELLENT
2026-04-29 06:22:42,32.9,65.1,193.0,0.0,4.3,EXCELLENT
2026-04-29 06:22:44,32.9,65.0,199.0,0.0,6.3,EXCELLENT
2026-04-29 06:22:46,32.9,64.8,193.0,0.0,4.3,EXCELLENT
2026-04-29 06:22:48,32.9,64.8,192.0,0.0,4.0,EXCELLENT
2026-04-29 06:22:50,32.9,64.7,191.0,0.0,3.7,EXCELLENT
2026-04-29 06:22:52,32.9,64.8,196.0,0.0,5.3,EXCELLENT
2026-04-29 06:22:54,32.9,64.8,188.0,0.0,2.7,EXCELLENT
2026-04-29 06:22:56,32.9,64.7,194.0,0.0,4.7,EXCELLENT
2026-04-29 06:22:58,32.9,64.7,191.0,0.0,3.7,EXCELLENT
2026-04-29 06:23:00,32.9,64.8,195.0,0.0,5.0,EXCELLENT
2026-04-29 06:23:02,32.9,64.8,201.0,0.0,7.0,EXCELLENT
2026-04-29 06:23:04,32.9,64.8,195.0,0.0,5.0,EXCELLENT
2026-04-29 06:23:06,32.9,64.7,195.0,0.0,5.0,EXCELLENT
2026-04-29 06:23:08,32.9,64.7,203.0,0.0,7.7,EXCELLENT
2026-04-29 06:23:10,32.9,64.8,198.0,0.0,6.0,EXCELLENT
2026-04-29 06:23:12,33.0,64.8,195.0,0.0,5.0,EXCELLENT
2026-04-29 06:23:14,32.9,64.8,191.0,0.0,3.7,EXCELLENT
2026-04-29 06:23:16,33.0,64.9,192.0,0.0,4.0,EXCELLENT
2026-04-29 06:23:18,33.0,64.9,201.0,0.0,7.0,EXCELLENT
2026-04-29 06:23:20,33.0,64.9,189.0,0.0,3.0,EXCELLENT
2026-04-29 06:23:22,32.9,64.9,199.0,0.0,6.3,EXCELLENT
2026-04-29 06:23:24,33.0,64.9,197.0,0.0,5.7,EXCELLENT
2026-04-29 06:23:26,33.0,64.9,192.0,0.0,4.0,EXCELLENT
2026-04-29 06:23:28,32.9,65.0,193.0,0.0,4.3,EXCELLENT
2026-04-29 06:23:30,32.9,64.8,202.0,0.0,7.3,EXCELLENT
2026-04-29 06:23:32,33.0,64.8,192.0,0.0,4.0,EXCELLENT
2026-04-29 06:23:34,33.0,64.8,194.0,0.0,4.7,EXCELLENT
2026-04-29 06:23:36,33.0,64.8,194.0,0.0,4.7,EXCELLENT
2026-04-29 06:23:38,33.0,64.7,188.0,0.0,2.7,EXCELLENT
2026-04-29 06:23:40,33.0,64.6,194.0,0.0,4.7,EXCELLENT
2026-04-29 06:23:42,33.0,64.7,198.0,0.0,6.0,EXCELLENT
2026-04-29 06:23:44,33.0,64.7,198.0,0.0,6.0,EXCELLENT
2026-04-29 06:23:46,33.0,64.7,198.0,0.0,6.0,EXCELLENT
2026-04-29 06:23:48,33.0,64.5,198.0,0.0,6.0,EXCELLENT
2026-04-29 06:23:50,33.0,64.4,198.0,0.0,6.0,EXCELLENT
2026-04-29 06:23:53,33.0,64.4,194.0,0.0,4.7,EXCELLENT
2026-04-29 06:23:54,33.0,64.3,192.0,0.0,4.0,EXCELLENT
2026-04-29 06:23:56,33.0,64.2,191.0,0.0,3.7,EXCELLENT
2026-04-29 06:23:58,33.0,64.3,191.0,0.0,3.7,EXCELLENT
2026-04-29 06:24:00,33.0,64.4,190.0,0.0,3.3,EXCELLENT
2026-04-29 06:24:02,33.0,64.4,194.0,0.0,4.7,EXCELLENT
2026-04-29 06:24:04,33.0,64.5,192.0,0.0,4.0,EXCELLENT
2026-04-29 06:24:06,33.0,64.5,197.0,0.0,5.7,EXCELLENT
2026-04-29 06:24:08,33.0,64.5,192.0,0.0,4.0,EXCELLENT
2026-04-29 06:24:10,33.0,64.7,198.0,0.0,6.0,EXCELLENT
2026-04-29 06:24:12,33.0,64.8,198.0,0.0,6.0,EXCELLENT
2026-04-29 06:24:14,33.0,64.9,195.0,0.0,5.0,EXCELLENT
2026-04-29 06:24:16,33.0,65.1,196.0,0.0,5.3,EXCELLENT
2026-04-29 06:24:18,33.0,65.1,200.0,0.0,6.7,EXCELLENT
2026-04-29 06:24:20,33.0,65.2,195.0,0.0,5.0,EXCELLENT
2026-04-29 06:24:22,33.0,65.2,193.0,0.0,4.3,EXCELLENT
2026-04-29 06:24:24,33.0,65.1,198.0,0.0,6.0,EXCELLENT
2026-04-29 06:24:26,33.0,65.1,187.0,0.0,2.3,EXCELLENT
2026-04-29 06:24:28,33.0,65.2,192.0,0.0,4.0,EXCELLENT
2026-04-29 06:24:30,33.0,65.2,198.0,0.0,6.0,EXCELLENT
2026-04-29 06:24:32,33.0,65.1,197.0,0.0,5.7,EXCELLENT
2026-04-29 06:24:34,33.0,64.9,193.0,0.0,4.3,EXCELLENT
2026-04-29 06:24:36,33.0,64.8,201.0,0.0,7.0,EXCELLENT
2026-04-29 06:24:38,33.0,64.8,194.0,0.0,4.7,EXCELLENT
2026-04-29 06:24:40,33.0,65.0,201.0,0.0,7.0,EXCELLENT
2026-04-29 06:24:42,33.0,65.2,193.0,0.0,4.3,EXCELLENT
2026-04-29 06:24:44,33.0,65.3,202.0,0.0,7.3,EXCELLENT
2026-04-29 06:24:46,33.0,65.3,201.0,0.0,7.0,EXCELLENT
2026-04-29 06:24:48,33.0,65.2,199.0,0.0,6.3,EXCELLENT
2026-04-29 06:24:50,33.0,64.8,203.0,0.0,7.7,EXCELLENT
2026-04-29 06:24:52,33.0,64.7,198.0,0.0,6.0,EXCELLENT
2026-04-29 06:24:54,33.0,64.6,201.0,0.0,7.0,EXCELLENT
2026-04-29 06:24:56,33.0,64.6,198.0,0.0,6.0,EXCELLENT
2026-04-29 06:24:58,33.0,64.6,191.0,0.0,3.7,EXCELLENT
2026-04-29 06:25:00,33.0,64.6,192.0,0.0,4.0,EXCELLENT
2026-04-29 06:25:02,33.0,64.7,198.0,0.0,6.0,EXCELLENT
2026-04-29 06:25:04,33.0,64.6,195.0,0.0,5.0,EXCELLENT
2026-04-29 06:25:06,33.0,64.7,198.0,0.0,6.0,EXCELLENT
2026-04-29 06:25:08,33.0,64.7,193.0,0.0,4.3,EXCELLENT
2026-04-29 06:25:10,33.0,64.7,187.0,0.0,2.3,EXCELLENT
2026-04-29 06:25:12,33.0,64.8,193.0,0.0,4.3,EXCELLENT
2026-04-29 06:25:14,33.0,64.9,193.0,0.0,4.3,EXCELLENT
2026-04-29 06:25:16,33.0,64.9,196.0,0.0,5.3,EXCELLENT
2026-04-29 06:25:18,33.0,64.8,199.0,0.0,6.3,EXCELLENT
2026-04-29 06:25:20,33.0,64.7,192.0,0.0,4.0,EXCELLENT
2026-04-29 06:25:22,33.0,64.6,193.0,0.0,4.3,EXCELLENT
2026-04-29 06:25:24,33.0,64.4,186.0,0.0,2.0,EXCELLENT
2026-04-29 06:25:26,33.0,64.4,191.0,0.0,3.7,EXCELLENT
2026-04-29 06:25:28,33.0,64.3,198.0,0.0,6.0,EXCELLENT
2026-04-29 06:25:30,33.0,64.3,196.0,0.0,5.3,EXCELLENT
2026-04-29 06:25:32,33.0,64.3,192.0,0.0,4.0,EXCELLENT
2026-04-29 06:25:34,33.0,64.3,190.0,0.0,3.3,EXCELLENT
2026-04-29 06:25:36,33.0,64.3,192.0,0.0,4.0,EXCELLENT
2026-04-29 06:25:38,33.0,64.4,200.0,0.0,6.7,EXCELLENT
2026-04-29 06:25:40,33.0,64.4,186.0,0.0,2.0,EXCELLENT
2026-04-29 06:25:42,33.0,64.4,197.0,0.0,5.7,EXCELLENT
2026-04-29 06:25:44,33.0,64.5,194.0,0.0,4.7,EXCELLENT
2026-04-29 06:25:46,33.0,64.4,187.0,0.0,2.3,EXCELLENT
2026-04-29 06:25:48,33.0,64.5,187.0,0.0,2.3,EXCELLENT
2026-04-29 06:25:51,33.0,64.5,195.0,0.0,5.0,EXCELLENT
2026-04-29 06:25:52,33.0,64.5,190.0,0.0,3.3,EXCELLENT
2026-04-29 06:25:54,33.0,64.5,190.0,0.0,3.3,EXCELLENT
2026-04-29 06:25:56,33.0,64.5,189.0,0.0,3.0,EXCELLENT
2026-04-29 06:25:58,33.0,64.5,198.0,0.0,6.0,EXCELLENT
2026-04-29 06:26:00,33.0,64.6,192.0,0.0,4.0,EXCELLENT
2026-04-29 06:26:02,33.0,64.6,192.0,0.0,4.0,EXCELLENT
2026-04-29 06:26:04,33.0,64.5,194.0,0.0,4.7,EXCELLENT
2026-04-29 06:26:06,33.0,64.7,194.0,0.0,4.7,EXCELLENT
2026-04-29 06:26:08,33.0,64.6,190.0,0.0,3.3,EXCELLENT
2026-04-29 06:26:10,33.0,64.6,195.0,0.0,5.0,EXCELLENT
2026-04-29 06:26:12,33.0,64.7,192.0,0.0,4.0,EXCELLENT
2026-04-29 06:26:14,33.0,64.7,191.0,0.0,3.7,EXCELLENT
2026-04-29 06:26:16,33.0,64.7,198.0,0.0,6.0,EXCELLENT
2026-04-29 06:26:18,33.0,64.8,195.0,0.0,5.0,EXCELLENT
2026-04-29 06:26:20,33.0,64.9,194.0,0.0,4.7,EXCELLENT
2026-04-29 06:26:23,33.0,64.8,193.0,0.0,4.3,EXCELLENT
2026-04-29 06:26:24,33.0,64.8,192.0,0.0,4.0,EXCELLENT
2026-04-29 06:26:26,33.0,64.8,195.0,0.0,5.0,EXCELLENT
2026-04-29 06:26:28,33.0,64.8,188.0,0.0,2.7,EXCELLENT
2026-04-29 06:26:30,33.0,64.8,198.0,0.0,6.0,EXCELLENT
2026-04-29 06:26:32,33.0,64.8,204.0,0.0,8.0,EXCELLENT
2026-04-29 06:26:34,33.0,64.7,194.0,0.0,4.7,EXCELLENT
2026-04-29 06:26:36,33.0,64.8,193.0,0.0,4.3,EXCELLENT
2026-04-29 06:26:38,33.0,64.7,193.0,0.0,4.3,EXCELLENT
2026-04-29 06:26:40,33.0,64.7,199.0,0.0,6.3,EXCELLENT
2026-04-29 06:26:42,33.0,64.6,198.0,0.0,6.0,EXCELLENT
2026-04-29 06:26:44,33.0,64.7,190.0,0.0,3.3,EXCELLENT
2026-04-29 06:26:46,33.0,64.7,197.0,0.0,5.7,EXCELLENT
2026-04-29 06:26:48,33.0,64.7,192.0,0.0,4.0,EXCELLENT
2026-04-29 06:26:50,33.0,64.7,204.0,0.0,8.0,EXCELLENT
2026-04-29 06:26:52,33.0,64.7,195.0,0.0,5.0,EXCELLENT
2026-04-29 06:26:54,33.0,64.8,199.0,0.0,6.3,EXCELLENT
2026-04-29 06:26:56,33.0,64.8,195.0,0.0,5.0,EXCELLENT
2026-04-29 06:26:58,33.0,64.9,195.0,0.0,5.0,EXCELLENT
2026-04-29 06:27:00,33.0,64.8,203.0,0.0,7.7,EXCELLENT
2026-04-29 06:27:02,33.0,64.8,205.0,0.0,8.3,EXCELLENT
2026-04-29 06:27:04,33.0,64.8,197.0,0.0,5.7,EXCELLENT
2026-04-29 06:27:06,33.0,64.6,191.0,0.0,3.7,EXCELLENT
2026-04-29 06:27:08,33.0,64.5,202.0,0.0,7.3,EXCELLENT
2026-04-29 06:27:10,33.0,64.5,199.0,0.0,6.3,EXCELLENT
2026-04-29 06:27:12,33.0,64.5,195.0,0.0,5.0,EXCELLENT
2026-04-29 06:27:14,33.0,64.6,194.0,0.0,4.7,EXCELLENT
2026-04-29 06:27:16,33.0,64.6,191.0,0.0,3.7,EXCELLENT
2026-04-29 06:27:18,33.0,64.5,195.0,0.0,5.0,EXCELLENT
2026-04-29 06:27:20,33.0,64.5,192.0,0.0,4.0,EXCELLENT
2026-04-29 06:27:22,33.0,64.5,202.0,0.0,7.3,EXCELLENT
2026-04-29 06:27:24,33.0,64.5,195.0,0.0,5.0,EXCELLENT
2026-04-29 06:27:26,33.0,64.6,191.0,0.0,3.7,EXCELLENT
2026-04-29 06:27:28,33.0,64.6,196.0,0.0,5.3,EXCELLENT
2026-04-29 06:27:30,33.1,64.7,202.0,0.0,7.3,EXCELLENT
2026-04-29 06:27:32,33.0,64.9,193.0,0.0,4.3,EXCELLENT
2026-04-29 06:27:34,33.0,65.1,205.0,0.0,8.3,EXCELLENT
2026-04-29 06:27:36,33.0,65.1,203.0,0.0,7.7,EXCELLENT
2026-04-29 06:27:38,33.1,65.2,205.0,0.0,8.3,EXCELLENT
2026-04-29 06:27:40,33.0,65.4,204.0,0.0,8.0,EXCELLENT
2026-04-29 06:27:42,33.1,65.4,193.0,0.0,4.3,EXCELLENT
2026-04-29 06:27:44,33.0,65.2,201.0,0.0,7.0,EXCELLENT
2026-04-29 06:27:46,33.1,65.1,192.0,0.0,4.0,EXCELLENT
2026-04-29 06:27:48,33.0,65.0,202.0,0.0,7.3,EXCELLENT
2026-04-29 06:27:50,33.0,64.8,203.0,0.0,7.7,EXCELLENT
2026-04-29 06:27:52,33.1,64.8,195.0,0.0,5.0,EXCELLENT
2026-04-29 06:27:54,33.1,64.8,202.0,0.0,7.3,EXCELLENT
2026-04-29 06:27:56,33.1,64.8,196.0,0.0,5.3,EXCELLENT
2026-04-29 06:27:58,33.0,64.7,193.0,0.0,4.3,EXCELLENT
2026-04-29 06:28:00,33.0,64.6,199.0,0.0,6.3,EXCELLENT
2026-04-29 06:28:02,33.1,64.6,192.0,0.0,4.0,EXCELLENT
2026-04-29 06:28:04,33.1,64.7,188.0,0.0,2.7,EXCELLENT
2026-04-29 06:28:06,33.1,64.8,195.0,0.0,5.0,EXCELLENT
2026-04-29 06:28:08,33.1,64.8,200.0,0.0,6.7,EXCELLENT
2026-04-29 06:28:10,33.0,64.5,195.0,0.0,5.0,EXCELLENT
2026-04-29 06:28:12,33.1,64.3,188.0,0.0,2.7,EXCELLENT
2026-04-29 06:28:14,33.1,64.3,199.0,0.0,6.3,EXCELLENT
2026-04-29 06:28:16,33.0,64.3,196.0,0.0,5.3,EXCELLENT
2026-04-29 06:28:18,33.1,64.4,189.0,0.0,3.0,EXCELLENT
2026-04-29 06:28:20,33.1,64.4,193.0,0.0,4.3,EXCELLENT
2026-04-29 06:28:22,33.1,64.4,189.0,0.0,3.0,EXCELLENT
2026-04-29 06:28:24,33.1,64.4,191.0,0.0,3.7,EXCELLENT
2026-04-29 06:28:26,33.1,64.5,191.0,0.0,3.7,EXCELLENT
2026-04-29 06:28:28,33.1,64.5,187.0,0.0,2.3,EXCELLENT
2026-04-29 06:28:30,33.1,64.5,196.0,0.0,5.3,EXCELLENT
2026-04-29 06:28:32,33.1,64.4,190.0,0.0,3.3,EXCELLENT
2026-04-29 06:28:34,33.1,64.4,198.0,0.0,6.0,EXCELLENT
2026-04-29 06:28:36,33.0,64.4,191.0,0.0,3.7,EXCELLENT
2026-04-29 06:28:38,33.0,64.4,192.0,0.0,4.0,EXCELLENT
2026-04-29 06:28:40,33.1,64.4,194.0,0.0,4.7,EXCELLENT
2026-04-29 06:28:42,33.1,64.5,192.0,0.0,4.0,EXCELLENT
2026-04-29 06:28:44,33.1,64.5,193.0,0.0,4.3,EXCELLENT
2026-04-29 06:28:46,33.1,64.6,192.0,0.0,4.0,EXCELLENT
2026-04-29 06:28:48,33.1,64.6,192.0,0.0,4.0,EXCELLENT
2026-04-29 06:28:50,33.1,64.7,192.0,0.0,4.0,EXCELLENT
2026-04-29 06:28:52,33.1,64.6,188.0,0.0,2.7,EXCELLENT
2026-04-29 06:28:54,33.1,64.7,193.0,0.0,4.3,EXCELLENT
2026-04-29 06:28:56,33.1,64.8,202.0,0.0,7.3,EXCELLENT
2026-04-29 06:28:58,33.1,64.8,201.0,0.0,7.0,EXCELLENT
2026-04-29 06:29:00,33.1,64.8,202.0,0.0,7.3,EXCELLENT
2026-04-29 06:29:02,33.1,64.7,197.0,0.0,5.7,EXCELLENT
2026-04-29 06:29:04,33.1,64.8,185.0,0.0,1.7,EXCELLENT
2026-04-29 06:29:06,33.1,64.8,189.0,0.0,3.0,EXCELLENT
2026-04-29 06:29:08,33.1,64.8,191.0,0.0,3.7,EXCELLENT
2026-04-29 06:29:10,33.1,64.8,183.0,0.0,1.0,EXCELLENT
2026-04-29 06:29:12,33.1,64.8,201.0,0.0,7.0,EXCELLENT
2026-04-29 06:29:14,33.1,64.8,192.0,0.0,4.0,EXCELLENT
2026-04-29 06:29:16,33.1,64.8,192.0,0.0,4.0,EXCELLENT
2026-04-29 06:29:18,33.1,64.9,189.0,0.0,3.0,EXCELLENT
2026-04-29 06:29:20,33.1,64.8,203.0,0.0,7.7,EXCELLENT
2026-04-29 06:29:22,33.1,64.8,192.0,0.0,4.0,EXCELLENT
2026-04-29 06:29:24,33.1,64.9,199.0,0.0,6.3,EXCELLENT
2026-04-29 06:29:26,33.1,64.9,195.0,0.0,5.0,EXCELLENT
2026-04-29 06:29:28,33.1,64.8,199.0,0.0,6.3,EXCELLENT
2026-04-29 06:29:30,33.1,64.8,202.0,0.0,7.3,EXCELLENT
2026-04-29 06:29:32,33.1,64.8,197.0,0.0,5.7,EXCELLENT
2026-04-29 06:29:34,33.1,64.8,196.0,0.0,5.3,EXCELLENT
2026-04-29 06:29:36,33.1,64.9,201.0,0.0,7.0,EXCELLENT
2026-04-29 06:29:38,33.1,64.8,197.0,0.0,5.7,EXCELLENT
2026-04-29 06:29:40,33.1,64.8,201.0,0.0,7.0,EXCELLENT
2026-04-29 06:29:42,33.1,64.8,192.0,0.0,4.0,EXCELLENT
2026-04-29 06:29:44,33.1,64.7,198.0,0.0,6.0,EXCELLENT
2026-04-29 06:29:46,33.1,64.7,201.0,0.0,7.0,EXCELLENT
2026-04-29 06:29:48,33.2,64.7,206.0,0.0,8.7,EXCELLENT
2026-04-29 06:29:50,33.1,64.8,195.0,0.0,5.0,EXCELLENT
2026-04-29 06:29:52,33.1,64.7,194.0,0.0,4.7,EXCELLENT
2026-04-29 06:29:54,33.1,64.7,197.0,0.0,5.7,EXCELLENT
2026-04-29 06:29:56,33.1,64.8,198.0,0.0,6.0,EXCELLENT
2026-04-29 06:29:58,33.2,64.8,202.0,0.0,7.3,EXCELLENT
2026-04-29 06:30:00,33.1,64.8,197.0,0.0,5.7,EXCELLENT
2026-04-29 06:30:02,33.1,64.9,203.0,0.0,7.7,EXCELLENT
2026-04-29 06:30:04,33.2,64.9,197.0,0.0,5.7,EXCELLENT
2026-04-29 06:30:06,33.2,64.7,193.0,0.0,4.3,EXCELLENT
2026-04-29 06:30:08,33.1,64.9,197.0,0.0,5.7,EXCELLENT
2026-04-29 06:30:10,33.2,64.9,199.0,0.0,6.3,EXCELLENT
2026-04-29 06:30:12,33.2,64.9,192.0,0.0,4.0,EXCELLENT
2026-04-29 06:30:14,33.1,64.9,196.0,0.0,5.3,EXCELLENT
2026-04-29 06:30:16,33.2,64.9,198.0,0.0,6.0,EXCELLENT
2026-04-29 06:30:18,33.1,64.9,191.0,0.0,3.7,EXCELLENT
2026-04-29 06:30:20,33.2,64.9,199.0,0.0,6.3,EXCELLENT
2026-04-29 06:30:22,33.2,65.0,197.0,0.0,5.7,EXCELLENT
2026-04-29 06:30:24,33.2,65.1,198.0,0.0,6.0,EXCELLENT
2026-04-29 06:30:26,33.2,65.2,194.0,0.0,4.7,EXCELLENT
2026-04-29 06:30:28,33.2,65.2,193.0,0.0,4.3,EXCELLENT
2026-04-29 06:30:30,33.2,65.3,193.0,0.0,4.3,EXCELLENT
2026-04-29 06:30:32,33.2,65.3,184.0,0.0,1.3,EXCELLENT
2026-04-29 06:30:34,33.2,65.4,204.0,0.0,8.0,EXCELLENT
2026-04-29 06:30:36,33.2,65.4,195.0,0.0,5.0,EXCELLENT
2026-04-29 06:30:38,33.1,65.4,206.0,0.0,8.7,EXCELLENT
2026-04-29 06:30:40,33.2,65.4,197.0,0.0,5.7,EXCELLENT
2026-04-29 06:30:42,33.2,65.4,196.0,0.0,5.3,EXCELLENT
2026-04-29 06:30:44,33.2,65.5,206.0,0.0,8.7,EXCELLENT
2026-04-29 06:30:46,33.2,65.4,193.0,0.0,4.3,EXCELLENT
2026-04-29 06:30:48,33.2,65.5,192.0,0.0,4.0,EXCELLENT
2026-04-29 06:30:50,33.1,65.5,203.0,0.0,7.7,EXCELLENT
2026-04-29 06:30:52,33.2,65.5,201.0,0.0,7.0,EXCELLENT
2026-04-29 06:30:54,33.2,65.5,195.0,0.0,5.0,EXCELLENT
2026-04-29 06:30:56,33.2,65.6,208.0,0.0,9.3,EXCELLENT
2026-04-29 06:30:58,33.2,65.5,204.0,0.0,8.0,EXCELLENT
2026-04-29 06:31:00,33.1,65.5,192.0,0.0,4.0,EXCELLENT
2026-04-29 06:31:02,33.2,65.6,202.0,0.0,7.3,EXCELLENT
2026-04-29 06:31:04,33.2,65.5,196.0,0.0,5.3,EXCELLENT
2026-04-29 06:31:06,33.1,65.6,195.0,0.0,5.0,EXCELLENT
2026-04-29 06:31:08,33.1,65.6,191.0,0.0,3.7,EXCELLENT
2026-04-29 06:31:10,33.1,65.5,204.0,0.0,8.0,EXCELLENT
2026-04-29 06:31:12,33.1,65.5,193.0,0.0,4.3,EXCELLENT
2026-04-29 06:31:14,33.2,65.5,200.0,0.0,6.7,EXCELLENT
2026-04-29 06:31:16,33.1,65.5,195.0,0.0,5.0,EXCELLENT
2026-04-29 06:31:18,33.1,65.5,199.0,0.0,6.3,EXCELLENT
2026-04-29 06:31:20,33.1,65.6,192.0,0.0,4.0,EXCELLENT
2026-04-29 06:31:22,33.1,65.5,202.0,0.0,7.3,EXCELLENT
2026-04-29 06:31:24,33.1,65.5,202.0,0.0,7.3,EXCELLENT
2026-04-29 06:31:26,33.1,65.6,199.0,0.0,6.3,EXCELLENT
2026-04-29 06:31:28,33.1,65.5,197.0,0.0,5.7,EXCELLENT
2026-04-29 06:31:30,33.1,65.5,198.0,0.0,6.0,EXCELLENT
2026-04-29 06:31:32,33.1,65.4,192.0,0.0,4.0,EXCELLENT
2026-04-29 06:31:34,33.1,65.4,190.0,0.0,3.3,EXCELLENT
2026-04-29 06:31:36,33.1,65.4,201.0,0.0,7.0,EXCELLENT
2026-04-29 06:31:38,33.1,65.3,197.0,0.0,5.7,EXCELLENT
2026-04-29 06:31:40,33.1,65.5,204.0,0.0,8.0,EXCELLENT
2026-04-29 06:31:42,33.1,65.5,203.0,0.0,7.7,EXCELLENT
2026-04-29 06:31:44,33.1,65.5,193.0,0.0,4.3,EXCELLENT
2026-04-29 06:31:46,33.1,65.5,198.0,0.0,6.0,EXCELLENT
2026-04-29 06:31:48,33.1,65.5,203.0,0.0,7.7,EXCELLENT
2026-04-29 06:31:50,33.1,65.5,199.0,0.0,6.3,EXCELLENT
2026-04-29 06:31:52,33.1,65.5,194.0,0.0,4.7,EXCELLENT
2026-04-29 06:31:54,33.1,65.5,204.0,0.0,8.0,EXCELLENT
2026-04-29 06:31:56,33.1,65.5,199.0,0.0,6.3,EXCELLENT
2026-04-29 06:31:58,33.1,65.6,201.0,0.0,7.0,EXCELLENT
2026-04-29 06:32:00,33.1,65.5,201.0,0.0,7.0,EXCELLENT
2026-04-29 06:32:02,33.1,65.6,192.0,0.0,4.0,EXCELLENT
2026-04-29 06:32:04,33.1,65.6,206.0,0.0,8.7,EXCELLENT
2026-04-29 06:32:06,33.1,65.6,203.0,0.0,7.7,EXCELLENT
2026-04-29 06:32:08,33.1,65.7,193.0,0.0,4.3,EXCELLENT
2026-04-29 06:32:10,33.1,65.7,192.0,0.0,4.0,EXCELLENT
2026-04-29 06:32:12,33.0,65.7,193.0,0.0,4.3,EXCELLENT
2026-04-29 06:32:14,33.0,65.6,192.0,0.0,4.0,EXCELLENT
2026-04-29 06:32:16,33.1,65.6,202.0,0.0,7.3,EXCELLENT
2026-04-29 06:32:18,33.0,65.6,202.0,0.0,7.3,EXCELLENT
2026-04-29 06:32:20,33.0,65.7,203.0,0.0,7.7,EXCELLENT
2026-04-29 06:32:22,33.0,65.7,202.0,0.0,7.3,EXCELLENT
2026-04-29 06:32:24,33.0,65.7,205.0,0.0,8.3,EXCELLENT
2026-04-29 06:32:26,33.0,65.8,192.0,0.0,4.0,EXCELLENT
2026-04-29 06:32:28,33.0,65.8,196.0,0.0,5.3,EXCELLENT
2026-04-29 06:32:30,33.0,65.8,204.0,0.0,8.0,EXCELLENT
2026-04-29 06:32:32,33.0,65.9,199.0,0.0,6.3,EXCELLENT
2026-04-29 06:32:34,33.0,65.9,193.0,0.0,4.3,EXCELLENT
2026-04-29 06:32:36,33.0,65.9,204.0,0.0,8.0,EXCELLENT
2026-04-29 06:32:38,33.0,65.8,193.0,0.0,4.3,EXCELLENT
2026-04-29 06:32:40,33.0,65.8,201.0,0.0,7.0,EXCELLENT
2026-04-29 06:32:42,33.0,65.9,201.0,0.0,7.0,EXCELLENT
2026-04-29 06:32:44,33.0,65.9,192.0,0.0,4.0,EXCELLENT
2026-04-29 06:32:46,33.0,66.0,198.0,0.0,6.0,EXCELLENT
2026-04-29 06:32:48,33.0,66.0,203.0,0.0,7.7,EXCELLENT
2026-04-29 06:32:50,33.0,66.0,192.0,0.0,4.0,EXCELLENT
2026-04-29 06:32:52,32.9,66.1,197.0,0.0,5.7,EXCELLENT
2026-04-29 06:32:54,33.0,66.0,192.0,0.0,4.0,EXCELLENT
2026-04-29 06:32:56,33.0,66.1,198.0,0.0,6.0,EXCELLENT
2026-04-29 06:32:58,32.9,66.1,194.0,0.0,4.7,EXCELLENT
2026-04-29 06:33:00,32.9,66.0,201.0,0.0,7.0,EXCELLENT
2026-04-29 06:33:02,32.9,66.0,197.0,0.0,5.7,EXCELLENT
2026-04-29 06:33:04,32.9,65.9,206.0,0.0,8.7,EXCELLENT
2026-04-29 06:33:06,32.9,65.9,200.0,0.0,6.7,EXCELLENT
2026-04-29 06:33:08,32.9,65.8,191.0,0.0,3.7,EXCELLENT
2026-04-29 06:33:10,32.9,65.7,198.0,0.0,6.0,EXCELLENT
2026-04-29 06:33:12,32.9,65.9,201.0,0.0,7.0,EXCELLENT
2026-04-29 06:33:14,32.9,65.8,194.0,0.0,4.7,EXCELLENT
2026-04-29 06:33:16,32.9,65.9,189.0,0.0,3.0,EXCELLENT
2026-04-29 06:33:18,32.9,65.8,195.0,0.0,5.0,EXCELLENT
2026-04-29 06:33:20,32.9,65.8,196.0,0.0,5.3,EXCELLENT
2026-04-29 06:33:22,32.9,65.8,194.0,0.0,4.7,EXCELLENT
2026-04-29 06:33:24,32.9,65.8,204.0,0.0,8.0,EXCELLENT
2026-04-29 06:33:26,32.9,65.9,194.0,0.0,4.7,EXCELLENT
2026-04-29 06:33:28,32.8,66.0,189.0,0.0,3.0,EXCELLENT
2026-04-29 06:33:30,32.9,66.0,203.0,0.0,7.7,EXCELLENT
2026-04-29 06:33:32,32.9,66.0,193.0,0.0,4.3,EXCELLENT
2026-04-29 06:33:34,32.9,66.1,194.0,0.0,4.7,EXCELLENT
2026-04-29 06:33:36,32.9,66.1,199.0,0.0,6.3,EXCELLENT
2026-04-29 06:33:38,32.8,66.1,192.0,0.0,4.0,EXCELLENT
2026-04-29 06:33:40,32.8,66.1,204.0,0.0,8.0,EXCELLENT
2026-04-29 06:33:42,32.8,66.0,190.0,0.0,3.3,EXCELLENT
2026-04-29 06:33:44,32.8,66.1,192.0,0.0,4.0,EXCELLENT
2026-04-29 06:33:46,32.8,66.1,203.0,0.0,7.7,EXCELLENT
2026-04-29 06:33:48,32.9,66.0,193.0,0.0,4.3,EXCELLENT
2026-04-29 06:33:50,32.9,66.1,194.0,0.0,4.7,EXCELLENT
2026-04-29 06:33:52,32.8,66.1,195.0,0.0,5.0,EXCELLENT
2026-04-29 06:33:54,32.9,66.1,203.0,0.0,7.7,EXCELLENT
2026-04-29 06:33:56,32.9,66.1,203.0,0.0,7.7,EXCELLENT
2026-04-29 06:33:58,32.8,66.2,198.0,0.0,6.0,EXCELLENT
2026-04-29 06:34:00,32.9,66.2,205.0,0.0,8.3,EXCELLENT
2026-04-29 06:34:02,32.9,66.1,194.0,0.0,4.7,EXCELLENT
2026-04-29 06:34:04,32.9,66.1,193.0,0.0,4.3,EXCELLENT
2026-04-29 06:34:06,32.9,66.0,197.0,0.0,5.7,EXCELLENT
2026-04-29 06:34:08,32.9,65.9,192.0,0.0,4.0,EXCELLENT
2026-04-29 06:34:10,32.9,65.9,185.0,0.0,1.7,EXCELLENT
2026-04-29 06:34:12,32.8,65.8,192.0,0.0,4.0,EXCELLENT
2026-04-29 06:34:14,32.9,65.8,195.0,0.0,5.0,EXCELLENT
2026-04-29 06:34:16,32.9,65.9,192.0,0.0,4.0,EXCELLENT
2026-04-29 06:34:18,32.9,65.9,195.0,0.0,5.0,EXCELLENT
2026-04-29 06:34:20,32.9,65.9,198.0,0.0,6.0,EXCELLENT
2026-04-29 06:34:22,32.8,65.9,194.0,0.0,4.7,EXCELLENT
2026-04-29 06:34:24,32.9,66.0,199.0,0.0,6.3,EXCELLENT
2026-04-29 06:34:26,32.8,65.9,194.0,0.0,4.7,EXCELLENT
2026-04-29 06:34:28,32.8,66.0,198.0,0.0,6.0,EXCELLENT
2026-04-29 06:34:30,32.9,66.0,198.0,0.0,6.0,EXCELLENT
2026-04-29 06:34:32,32.9,66.0,199.0,0.0,6.3,EXCELLENT
2026-04-29 06:34:34,32.9,66.0,203.0,0.0,7.7,EXCELLENT
2026-04-29 06:34:36,32.9,66.0,196.0,0.0,5.3,EXCELLENT
2026-04-29 06:34:38,32.9,66.0,205.0,0.0,8.3,EXCELLENT
2026-04-29 06:34:40,32.9,66.1,203.0,0.0,7.7,EXCELLENT
2026-04-29 06:34:42,32.9,66.1,203.0,0.0,7.7,EXCELLENT
2026-04-29 06:34:44,32.9,66.1,199.0,0.0,6.3,EXCELLENT
2026-04-29 06:34:46,32.9,66.1,205.0,0.0,8.3,EXCELLENT
2026-04-29 06:34:48,32.9,66.1,205.0,0.0,8.3,EXCELLENT
2026-04-29 06:34:50,32.9,66.1,205.0,0.0,8.3,EXCELLENT
2026-04-29 06:34:52,32.9,66.0,199.0,0.0,6.3,EXCELLENT
2026-04-29 06:34:54,32.9,66.1,198.0,0.0,6.0,EXCELLENT
2026-04-29 06:34:56,32.9,66.1,199.0,0.0,6.3,EXCELLENT
2026-04-29 06:34:58,32.9,66.1,197.0,0.0,5.7,EXCELLENT
2026-04-29 06:35:00,32.9,66.2,198.0,0.0,6.0,EXCELLENT
2026-04-29 06:35:02,32.9,66.2,197.0,0.0,5.7,EXCELLENT
2026-04-29 06:35:04,32.9,66.2,199.0,0.0,6.3,EXCELLENT
2026-04-29 06:35:06,32.9,66.2,205.0,0.0,8.3,EXCELLENT
2026-04-29 06:35:08,32.9,66.1,205.0,0.0,8.3,EXCELLENT
2026-04-29 06:35:10,32.9,66.1,192.0,0.0,4.0,EXCELLENT
2026-04-29 06:35:12,32.9,66.0,208.0,0.0,9.3,EXCELLENT
2026-04-29 06:35:14,32.9,66.1,204.0,0.0,8.0,EXCELLENT
2026-04-29 06:35:16,32.9,66.1,197.0,0.0,5.7,EXCELLENT
2026-04-29 06:35:18,32.9,66.1,194.0,0.0,4.7,EXCELLENT
2026-04-29 06:35:20,32.9,66.1,203.0,0.0,7.7,EXCELLENT
2026-04-29 06:35:22,32.9,66.0,197.0,0.0,5.7,EXCELLENT
2026-04-29 06:35:24,32.9,66.0,205.0,0.0,8.3,EXCELLENT
2026-04-29 06:35:26,32.9,66.0,194.0,0.0,4.7,EXCELLENT
2026-04-29 06:35:28,32.9,66.1,192.0,0.0,4.0,EXCELLENT
2026-04-29 06:35:30,32.9,66.1,197.0,0.0,5.7,EXCELLENT
2026-04-29 06:35:32,32.9,66.2,199.0,0.0,6.3,EXCELLENT
2026-04-29 06:35:34,32.9,66.3,205.0,0.0,8.3,EXCELLENT
2026-04-29 06:35:36,32.9,66.3,198.0,0.0,6.0,EXCELLENT
2026-04-29 06:35:38,32.8,66.2,193.0,0.0,4.3,EXCELLENT
2026-04-29 06:35:40,32.9,66.3,194.0,0.0,4.7,EXCELLENT
2026-04-29 06:35:42,32.9,66.2,198.0,0.0,6.0,EXCELLENT
2026-04-29 06:35:44,32.8,66.1,196.0,0.0,5.3,EXCELLENT
2026-04-29 06:35:46,32.8,66.0,193.0,0.0,4.3,EXCELLENT
2026-04-29 06:35:48,32.8,66.0,196.0,0.0,5.3,EXCELLENT
2026-04-29 06:35:50,32.9,66.0,198.0,0.0,6.0,EXCELLENT
2026-04-29 06:35:52,32.8,66.0,195.0,0.0,5.0,EXCELLENT
2026-04-29 06:35:54,32.8,66.0,201.0,0.0,7.0,EXCELLENT
2026-04-29 06:35:56,32.8,66.0,199.0,0.0,6.3,EXCELLENT
2026-04-29 06:35:58,32.8,66.0,203.0,0.0,7.7,EXCELLENT
2026-04-29 06:36:00,32.8,66.0,194.0,0.0,4.7,EXCELLENT
2026-04-29 06:36:02,32.8,66.1,204.0,0.0,8.0,EXCELLENT
2026-04-29 06:36:04,32.8,66.0,192.0,0.0,4.0,EXCELLENT
2026-04-29 06:36:06,32.8,66.1,196.0,0.0,5.3,EXCELLENT
2026-04-29 06:36:08,32.8,66.0,199.0,0.0,6.3,EXCELLENT
2026-04-29 06:36:10,32.8,65.9,199.0,0.0,6.3,EXCELLENT
2026-04-29 06:36:12,32.8,65.9,195.0,0.0,5.0,EXCELLENT
2026-04-29 06:36:14,32.8,65.7,197.0,0.0,5.7,EXCELLENT
2026-04-29 06:36:16,32.8,65.6,198.0,0.0,6.0,EXCELLENT
2026-04-29 06:36:18,32.8,65.5,197.0,0.0,5.7,EXCELLENT
2026-04-29 06:36:20,32.8,65.4,206.0,0.0,8.7,EXCELLENT
2026-04-29 06:36:22,32.8,65.5,192.0,0.0,4.0,EXCELLENT
2026-04-29 06:36:24,32.8,65.6,192.0,0.0,4.0,EXCELLENT
2026-04-29 06:36:26,32.8,65.5,199.0,0.0,6.3,EXCELLENT
2026-04-29 06:36:28,32.8,65.6,198.0,0.0,6.0,EXCELLENT
2026-04-29 06:36:30,32.8,65.5,192.0,0.0,4.0,EXCELLENT
2026-04-29 06:36:32,32.8,65.4,195.0,0.0,5.0,EXCELLENT
2026-04-29 06:36:34,32.8,65.2,194.0,0.0,4.7,EXCELLENT
2026-04-29 06:36:36,32.8,65.2,195.0,0.0,5.0,EXCELLENT
2026-04-29 06:36:38,32.8,65.2,199.0,0.0,6.3,EXCELLENT
2026-04-29 06:36:40,32.8,65.2,194.0,0.0,4.7,EXCELLENT
2026-04-29 06:36:42,32.8,65.1,197.0,0.0,5.7,EXCELLENT
2026-04-29 06:36:44,32.8,65.0,192.0,0.0,4.0,EXCELLENT
2026-04-29 06:36:46,32.9,65.0,198.0,0.0,6.0,EXCELLENT
2026-04-29 06:36:48,32.8,65.0,193.0,0.0,4.3,EXCELLENT
2026-04-29 06:36:50,32.8,65.0,196.0,0.0,5.3,EXCELLENT
2026-04-29 06:36:52,32.8,65.0,204.0,0.0,8.0,EXCELLENT
2026-04-29 06:36:54,32.8,65.2,190.0,0.0,3.3,EXCELLENT
2026-04-29 06:36:56,32.8,65.2,199.0,0.0,6.3,EXCELLENT
2026-04-29 06:36:58,32.9,65.2,197.0,0.0,5.7,EXCELLENT
2026-04-29 06:37:00,32.9,65.1,187.0,0.0,2.3,EXCELLENT
2026-04-29 06:37:02,32.8,65.0,202.0,0.0,7.3,EXCELLENT
2026-04-29 06:37:04,32.9,65.0,200.0,0.0,6.7,EXCELLENT
2026-04-29 06:37:06,32.9,65.0,193.0,0.0,4.3,EXCELLENT
2026-04-29 06:37:08,32.9,65.2,205.0,0.0,8.3,EXCELLENT
2026-04-29 06:37:10,32.9,65.3,193.0,0.0,4.3,EXCELLENT
2026-04-29 06:37:12,32.9,65.5,197.0,0.0,5.7,EXCELLENT
2026-04-29 06:37:14,32.9,65.4,196.0,0.0,5.3,EXCELLENT
2026-04-29 06:37:16,32.9,65.5,195.0,0.0,5.0,EXCELLENT
2026-04-29 06:37:18,32.9,65.5,195.0,0.0,5.0,EXCELLENT
2026-04-29 06:37:20,32.9,65.5,199.0,0.0,6.3,EXCELLENT
2026-04-29 06:37:22,32.9,65.5,202.0,0.0,7.3,EXCELLENT
2026-04-29 06:37:24,32.9,65.6,198.0,0.0,6.0,EXCELLENT
2026-04-29 06:37:26,32.8,65.3,193.0,0.0,4.3,EXCELLENT
2026-04-29 06:37:28,32.9,65.3,195.0,0.0,5.0,EXCELLENT
2026-04-29 06:37:30,32.9,65.2,199.0,0.0,6.3,EXCELLENT
2026-04-29 06:37:32,32.9,65.1,204.0,0.0,8.0,EXCELLENT
2026-04-29 06:37:34,32.9,65.1,201.0,0.0,7.0,EXCELLENT
2026-04-29 06:37:36,32.9,65.1,199.0,0.0,6.3,EXCELLENT
2026-04-29 06:37:38,32.9,65.2,197.0,0.0,5.7,EXCELLENT
2026-04-29 06:37:40,32.9,65.2,192.0,0.0,4.0,EXCELLENT
2026-04-29 06:37:42,32.9,65.3,201.0,0.0,7.0,EXCELLENT
2026-04-29 06:37:44,32.9,65.3,198.0,0.0,6.0,EXCELLENT
2026-04-29 06:37:46,32.9,65.3,196.0,0.0,5.3,EXCELLENT
2026-04-29 06:37:48,32.9,65.3,197.0,0.0,5.7,EXCELLENT
2026-04-29 06:37:50,32.9,65.3,192.0,0.0,4.0,EXCELLENT
2026-04-29 06:37:52,32.9,65.3,193.0,0.0,4.3,EXCELLENT
2026-04-29 06:37:54,32.9,65.2,203.0,0.0,7.7,EXCELLENT
2026-04-29 06:37:56,32.9,65.1,201.0,0.0,7.0,EXCELLENT
2026-04-29 06:37:58,32.9,65.2,198.0,0.0,6.0,EXCELLENT
2026-04-29 06:38:00,32.9,65.2,198.0,0.0,6.0,EXCELLENT
2026-04-29 06:38:02,32.9,65.2,187.0,0.0,2.3,EXCELLENT
2026-04-29 06:38:04,32.9,65.2,198.0,0.0,6.0,EXCELLENT
2026-04-29 06:38:06,32.9,65.3,195.0,0.0,5.0,EXCELLENT
2026-04-29 06:38:08,32.9,65.4,202.0,0.0,7.3,EXCELLENT
2026-04-29 06:38:10,32.9,65.4,203.0,0.0,7.7,EXCELLENT
2026-04-29 06:38:12,32.9,65.4,192.0,0.0,4.0,EXCELLENT
2026-04-29 06:38:14,32.9,65.5,190.0,0.0,3.3,EXCELLENT
2026-04-29 06:38:16,32.9,65.5,201.0,0.0,7.0,EXCELLENT
2026-04-29 06:38:18,32.9,65.6,194.0,0.0,4.7,EXCELLENT
2026-04-29 06:38:20,32.9,65.5,198.0,0.0,6.0,EXCELLENT
2026-04-29 06:38:22,32.9,65.5,203.0,0.0,7.7,EXCELLENT
2026-04-29 06:38:24,32.9,65.5,199.0,0.0,6.3,EXCELLENT
2026-04-29 06:38:26,32.9,65.6,194.0,0.0,4.7,EXCELLENT
2026-04-29 06:38:28,32.9,65.6,205.0,0.0,8.3,EXCELLENT
2026-04-29 06:38:30,32.9,65.5,193.0,0.0,4.3,EXCELLENT
2026-04-29 06:38:32,32.9,65.5,197.0,0.0,5.7,EXCELLENT
2026-04-29 06:38:34,32.9,65.6,199.0,0.0,6.3,EXCELLENT
2026-04-29 06:38:36,32.9,65.5,198.0,0.0,6.0,EXCELLENT
2026-04-29 06:38:38,32.9,65.4,202.0,0.0,7.3,EXCELLENT
2026-04-29 06:38:40,32.9,65.5,199.0,0.0,6.3,EXCELLENT
2026-04-29 06:38:42,32.9,65.3,191.0,0.0,3.7,EXCELLENT
2026-04-29 06:38:44,32.9,65.2,199.0,0.0,6.3,EXCELLENT
2026-04-29 06:38:46,32.9,64.9,195.0,0.0,5.0,EXCELLENT
2026-04-29 06:38:48,32.9,64.8,197.0,0.0,5.7,EXCELLENT
2026-04-29 06:38:50,32.9,64.8,195.0,0.0,5.0,EXCELLENT
2026-04-29 06:38:52,33.0,64.8,202.0,0.0,7.3,EXCELLENT
2026-04-29 06:38:54,32.9,64.9,191.0,0.0,3.7,EXCELLENT
2026-04-29 06:38:56,32.9,64.8,191.0,0.0,3.7,EXCELLENT
2026-04-29 06:38:58,32.9,64.9,197.0,0.0,5.7,EXCELLENT
2026-04-29 06:39:00,32.9,64.9,192.0,0.0,4.0,EXCELLENT
2026-04-29 06:39:02,32.9,64.9,192.0,0.0,4.0,EXCELLENT
2026-04-29 06:39:04,32.9,64.9,192.0,0.0,4.0,EXCELLENT
2026-04-29 06:39:06,32.9,64.9,194.0,0.0,4.7,EXCELLENT
2026-04-29 06:39:08,32.9,64.9,192.0,0.0,4.0,EXCELLENT
2026-04-29 06:39:10,33.0,65.0,195.0,0.0,5.0,EXCELLENT
2026-04-29 06:39:12,33.0,65.0,199.0,0.0,6.3,EXCELLENT
2026-04-29 06:39:14,32.9,65.1,192.0,0.0,4.0,EXCELLENT
2026-04-29 06:39:16,33.0,65.3,197.0,0.0,5.7,EXCELLENT
2026-04-29 06:39:18,32.9,65.3,192.0,0.0,4.0,EXCELLENT
2026-04-29 06:39:20,32.9,65.4,203.0,0.0,7.7,EXCELLENT
2026-04-29 06:39:22,32.9,65.4,194.0,0.0,4.7,EXCELLENT
2026-04-29 06:39:24,32.9,65.4,202.0,0.0,7.3,EXCELLENT
2026-04-29 06:39:26,33.0,65.4,194.0,0.0,4.7,EXCELLENT
2026-04-29 06:39:28,33.0,65.4,196.0,0.0,5.3,EXCELLENT
2026-04-29 06:39:30,32.9,65.4,201.0,0.0,7.0,EXCELLENT
2026-04-29 06:39:32,33.0,65.4,197.0,0.0,5.7,EXCELLENT
2026-04-29 06:39:34,33.0,65.3,203.0,0.0,7.7,EXCELLENT
2026-04-29 06:39:36,33.0,65.2,199.0,0.0,6.3,EXCELLENT
2026-04-29 06:39:38,33.0,65.3,189.0,0.0,3.0,EXCELLENT
2026-04-29 06:39:40,33.0,65.2,195.0,0.0,5.0,EXCELLENT
2026-04-29 06:39:42,33.0,65.2,190.0,0.0,3.3,EXCELLENT
2026-04-29 06:39:44,33.0,65.2,193.0,0.0,4.3,EXCELLENT
2026-04-29 06:39:46,33.0,65.1,194.0,0.0,4.7,EXCELLENT
2026-04-29 06:39:48,33.0,65.1,198.0,0.0,6.0,EXCELLENT
2026-04-29 06:39:50,33.0,65.0,196.0,0.0,5.3,EXCELLENT
2026-04-29 06:39:52,33.0,65.0,205.0,0.0,8.3,EXCELLENT
2026-04-29 06:39:54,33.0,65.0,195.0,0.0,5.0,EXCELLENT
2026-04-29 06:39:56,33.0,65.0,191.0,0.0,3.7,EXCELLENT
2026-04-29 06:39:58,33.0,64.8,192.0,0.0,4.0,EXCELLENT
2026-04-29 06:40:00,33.0,64.9,200.0,0.0,6.7,EXCELLENT
2026-04-29 06:40:02,33.0,64.8,194.0,0.0,4.7,EXCELLENT
2026-04-29 06:40:04,33.0,64.7,198.0,0.0,6.0,EXCELLENT
2026-04-29 06:40:06,33.0,64.8,204.0,0.0,8.0,EXCELLENT
2026-04-29 06:40:08,33.0,64.8,195.0,0.0,5.0,EXCELLENT
2026-04-29 06:40:10,33.0,64.8,191.0,0.0,3.7,EXCELLENT
2026-04-29 06:40:12,33.0,64.9,198.0,0.0,6.0,EXCELLENT
2026-04-29 06:40:14,33.0,64.9,193.0,0.0,4.3,EXCELLENT
2026-04-29 06:40:16,33.0,65.0,192.0,0.0,4.0,EXCELLENT
2026-04-29 06:40:18,33.0,65.0,199.0,0.0,6.3,EXCELLENT
2026-04-29 06:40:20,33.0,65.0,195.0,0.0,5.0,EXCELLENT
2026-04-29 06:40:22,33.0,65.0,194.0,0.0,4.7,EXCELLENT
2026-04-29 06:40:24,33.0,65.0,197.0,0.0,5.7,EXCELLENT
2026-04-29 06:40:26,33.0,65.1,201.0,0.0,7.0,EXCELLENT
2026-04-29 06:40:28,33.0,65.1,195.0,0.0,5.0,EXCELLENT
2026-04-29 06:40:30,33.0,65.2,198.0,0.0,6.0,EXCELLENT
2026-04-29 06:40:32,33.1,65.2,192.0,0.0,4.0,EXCELLENT
2026-04-29 06:40:34,33.0,65.2,192.0,0.0,4.0,EXCELLENT
2026-04-29 06:40:36,33.0,65.2,202.0,0.0,7.3,EXCELLENT
2026-04-29 06:40:38,33.0,65.2,191.0,0.0,3.7,EXCELLENT
2026-04-29 06:40:40,33.0,65.2,195.0,0.0,5.0,EXCELLENT
2026-04-29 06:40:42,33.0,65.2,201.0,0.0,7.0,EXCELLENT
2026-04-29 06:40:45,33.0,65.3,189.0,0.0,3.0,EXCELLENT
2026-04-29 06:40:46,33.0,65.2,195.0,0.0,5.0,EXCELLENT
2026-04-29 06:40:48,33.0,65.3,193.0,0.0,4.3,EXCELLENT
2026-04-29 06:40:50,33.0,65.2,190.0,0.0,3.3,EXCELLENT
2026-04-29 06:40:52,33.0,65.1,192.0,0.0,4.0,EXCELLENT
2026-04-29 06:40:54,33.0,65.2,194.0,0.0,4.7,EXCELLENT
2026-04-29 06:40:56,33.0,65.1,194.0,0.0,4.7,EXCELLENT
2026-04-29 06:40:58,33.0,65.1,193.0,0.0,4.3,EXCELLENT
2026-04-29 06:41:00,33.0,65.1,193.0,0.0,4.3,EXCELLENT
2026-04-29 06:41:02,33.0,65.0,187.0,0.0,2.3,EXCELLENT
2026-04-29 06:41:04,33.0,65.1,184.0,0.0,1.3,EXCELLENT
2026-04-29 06:41:06,33.0,64.9,205.0,0.0,8.3,EXCELLENT
2026-04-29 06:41:08,33.0,64.8,202.0,0.0,7.3,EXCELLENT
2026-04-29 06:41:10,33.0,64.7,191.0,0.0,3.7,EXCELLENT
2026-04-29 06:41:12,33.0,64.7,192.0,0.0,4.0,EXCELLENT
2026-04-29 06:41:14,33.0,64.6,199.0,0.0,6.3,EXCELLENT
2026-04-29 06:41:16,33.0,64.7,198.0,0.0,6.0,EXCELLENT
2026-04-29 06:41:18,33.0,64.7,199.0,0.0,6.3,EXCELLENT
2026-04-29 06:41:20,33.0,64.7,201.0,0.0,7.0,EXCELLENT
2026-04-29 06:41:22,33.0,64.7,194.0,0.0,4.7,EXCELLENT
2026-04-29 06:41:24,33.0,64.7,199.0,0.0,6.3,EXCELLENT
2026-04-29 06:41:26,33.0,64.7,191.0,0.0,3.7,EXCELLENT
2026-04-29 06:41:28,33.0,64.6,193.0,0.0,4.3,EXCELLENT
2026-04-29 06:41:30,33.0,64.7,190.0,0.0,3.3,EXCELLENT
2026-04-29 06:41:32,33.0,64.6,197.0,0.0,5.7,EXCELLENT
2026-04-29 06:41:34,33.0,64.6,194.0,0.0,4.7,EXCELLENT
2026-04-29 06:41:36,33.0,64.6,193.0,0.0,4.3,EXCELLENT
2026-04-29 06:41:38,33.0,64.5,193.0,0.0,4.3,EXCELLENT
2026-04-29 06:41:40,33.0,64.5,201.0,0.0,7.0,EXCELLENT
2026-04-29 06:41:42,33.0,64.5,195.0,0.0,5.0,EXCELLENT
2026-04-29 06:41:44,33.0,64.5,197.0,0.0,5.7,EXCELLENT
2026-04-29 06:41:46,32.9,64.5,192.0,0.0,4.0,EXCELLENT
2026-04-29 06:41:48,33.0,64.5,197.0,0.0,5.7,EXCELLENT
2026-04-29 06:41:50,33.0,64.5,192.0,0.0,4.0,EXCELLENT
2026-04-29 06:41:52,33.0,64.5,190.0,0.0,3.3,EXCELLENT
2026-04-29 06:42:56,32.6,68.5,250.0,0.0,23.3,EXCELLENT
2026-04-29 06:42:58,32.5,68.6,250.0,0.0,23.3,EXCELLENT
