Time,Temp,Hum,Gas,Motion,AQI,Status
2026-04-29 05:04:39,29.8,79.6,214.0,0.0,11.3,EXCELLENT
2026-04-29 05:04:41,29.8,79.6,207.0,0.0,9.0,EXCELLENT
2026-04-29 05:04:43,29.8,79.6,215.0,1.0,11.7,EXCELLENT
2026-04-29 05:04:45,29.8,79.7,235.0,0.0,18.3,EXCELLENT
2026-04-29 05:04:47,29.8,79.6,242.0,0.0,20.7,EXCELLENT
2026-04-29 05:04:49,29.8,79.5,240.0,0.0,20.0,EXCELLENT
2026-04-29 05:04:51,29.8,79.3,235.0,1.0,18.3,EXCELLENT
2026-04-29 05:04:53,29.8,79.2,231.0,1.0,17.0,EXCELLENT
2026-04-29 05:04:55,29.8,79.0,242.0,0.0,20.7,EXCELLENT
2026-04-29 05:04:57,29.8,79.0,237.0,0.0,19.0,EXCELLENT
2026-04-29 05:04:59,29.8,78.9,234.0,0.0,18.0,EXCELLENT
2026-04-29 05:05:01,29.8,78.8,2176.0,0.0,283.1,UNHEALTHY
2026-04-29 05:05:03,29.8,78.9,1294.0,1.0,187.8,UNHEALTHY
2026-04-29 05:05:05,29.8,78.9,773.0,1.0,114.0,UNHEALTHY
2026-04-29 05:05:07,29.8,78.7,583.0,0.0,86.4,MODERATE
2026-04-29 05:05:09,29.8,78.7,483.0,0.0,72.3,MODERATE
2026-04-29 05:05:11,29.8,78.7,429.0,1.0,64.8,MODERATE
2026-04-29 05:05:13,29.8,78.6,397.0,1.0,60.3,MODERATE
2026-04-29 05:05:15,29.8,78.6,369.0,0.0,56.3,MODERATE
2026-04-29 05:05:17,29.8,78.6,357.0,0.0,54.7,MODERATE
2026-04-29 05:05:19,29.8,78.6,351.0,0.0,53.8,MODERATE
2026-04-29 05:05:21,29.8,78.6,334.0,0.0,51.4,MODERATE
2026-04-29 05:05:23,29.8,78.7,336.0,0.0,51.7,MODERATE
2026-04-29 05:05:25,29.8,78.7,321.0,0.0,47.0,EXCELLENT
2026-04-29 05:05:27,29.8,80.3,311.0,0.0,43.7,EXCELLENT
2026-04-29 05:05:29,29.9,84.4,287.0,0.0,35.7,EXCELLENT
2026-04-29 05:05:31,29.9,86.2,268.0,0.0,29.3,EXCELLENT
2026-04-29 05:05:33,29.8,85.7,305.0,0.0,41.7,EXCELLENT
2026-04-29 05:05:35,29.9,84.0,333.0,0.0,51.3,MODERATE
2026-04-29 05:05:37,29.8,82.8,334.0,0.0,51.4,MODERATE
2026-04-29 05:05:39,29.8,81.8,330.0,0.0,50.0,EXCELLENT
2026-04-29 06:43:34,32.0,70.5,256.0,0.0,25.3,EXCELLENT
2026-04-29 06:43:36,31.9,70.5,243.0,0.0,21.0,EXCELLENT
2026-04-29 06:43:38,31.9,70.7,256.0,0.0,25.3,EXCELLENT
2026-04-29 06:43:40,31.9,70.8,251.0,0.0,23.7,EXCELLENT
2026-04-29 06:43:42,31.8,70.9,242.0,0.0,20.7,EXCELLENT
2026-04-29 06:43:44,31.8,70.9,256.0,0.0,25.3,EXCELLENT
2026-04-29 06:43:46,31.8,71.1,247.0,0.0,22.3,EXCELLENT
2026-04-29 06:43:48,31.8,71.1,251.0,0.0,23.7,EXCELLENT
2026-04-29 06:43:50,31.7,71.2,243.0,0.0,21.0,EXCELLENT
2026-04-29 06:43:52,31.7,71.3,249.0,0.0,23.0,EXCELLENT
2026-04-29 06:43:54,31.7,71.4,245.0,0.0,21.7,EXCELLENT
2026-04-29 06:43:56,31.7,71.5,250.0,0.0,23.3,EXCELLENT
2026-04-29 06:43:58,31.6,71.5,246.0,0.0,22.0,EXCELLENT
2026-04-29 06:44:00,31.6,71.7,256.0,0.0,25.3,EXCELLENT
2026-04-29 06:44:02,31.6,71.8,243.0,0.0,21.0,EXCELLENT
2026-04-29 06:44:04,31.6,71.8,243.0,0.0,21.0,EXCELLENT
2026-04-29 06:44:06,31.5,72.0,251.0,0.0,23.7,EXCELLENT
2026-04-29 06:44:08,31.5,71.9,245.0,0.0,21.7,EXCELLENT
2026-04-29 06:44:10,31.5,72.0,251.0,0.0,23.7,EXCELLENT
2026-04-29 06:44:12,31.5,72.2,240.0,0.0,20.0,EXCELLENT
2026-04-29 06:44:14,31.4,72.2,246.0,0.0,22.0,EXCELLENT
2026-04-29 06:44:16,31.4,72.4,240.0,0.0,20.0,EXCELLENT
2026-04-29 06:44:18,31.4,72.5,246.0,0.0,22.0,EXCELLENT
2026-04-29 06:44:20,31.4,72.5,247.0,0.0,22.3,EXCELLENT
2026-04-29 06:44:22,31.4,72.6,241.0,0.0,20.3,EXCELLENT
2026-04-29 06:44:24,31.4,72.7,250.0,0.0,23.3,EXCELLENT
2026-04-29 06:44:26,31.3,72.8,250.0,0.0,23.3,EXCELLENT
2026-04-29 06:44:28,31.3,72.9,251.0,0.0,23.7,EXCELLENT
2026-04-29 06:44:30,31.3,72.9,251.0,0.0,23.7,EXCELLENT
2026-04-29 06:44:32,31.3,73.0,249.0,0.0,23.0,EXCELLENT
2026-04-29 06:44:34,31.3,73.1,240.0,0.0,20.0,EXCELLENT
2026-04-29 06:44:36,31.2,73.1,245.0,0.0,21.7,EXCELLENT
2026-04-29 06:44:38,31.2,73.1,243.0,0.0,21.0,EXCELLENT
2026-04-29 06:44:40,31.2,73.2,242.0,0.0,20.7,EXCELLENT
2026-04-29 06:44:42,31.2,73.3,242.0,0.0,20.7,EXCELLENT
2026-04-29 06:44:44,31.2,73.4,247.0,0.0,22.3,EXCELLENT
2026-04-29 06:44:46,31.1,73.4,242.0,0.0,20.7,EXCELLENT
2026-04-29 06:44:48,31.1,73.5,250.0,0.0,23.3,EXCELLENT
2026-04-29 06:44:50,31.1,73.6,249.0,0.0,23.0,EXCELLENT
2026-04-29 06:44:52,31.1,73.7,245.0,0.0,21.7,EXCELLENT
2026-04-29 06:44:54,31.1,73.7,243.0,0.0,21.0,EXCELLENT
2026-04-29 06:44:56,31.0,73.8,248.0,0.0,22.7,EXCELLENT
2026-04-29 06:44:58,31.1,73.8,243.0,0.0,21.0,EXCELLENT
2026-04-29 06:45:00,31.0,73.9,242.0,0.0,20.7,EXCELLENT
2026-04-29 06:45:02,31.0,74.1,244.0,0.0,21.3,EXCELLENT
2026-04-29 06:45:04,31.0,74.1,251.0,0.0,23.7,EXCELLENT
2026-04-29 06:45:06,30.9,74.1,246.0,0.0,22.0,EXCELLENT
2026-04-29 06:45:08,31.0,74.2,241.0,0.0,20.3,EXCELLENT
2026-04-29 06:45:10,30.9,74.2,247.0,0.0,22.3,EXCELLENT
2026-04-29 06:45:12,30.9,74.3,247.0,0.0,22.3,EXCELLENT
2026-04-29 06:45:14,30.9,74.4,240.0,0.0,20.0,EXCELLENT
2026-04-29 06:45:16,30.9,74.4,243.0,0.0,21.0,EXCELLENT
2026-04-29 06:45:18,30.9,74.4,249.0,0.0,23.0,EXCELLENT
2026-04-29 06:45:20,30.9,74.6,250.0,0.0,23.3,EXCELLENT
2026-04-29 06:45:22,30.9,74.6,242.0,0.0,20.7,EXCELLENT
2026-04-29 06:45:24,30.8,74.6,242.0,0.0,20.7,EXCELLENT
2026-04-29 06:45:26,30.8,74.7,244.0,0.0,21.3,EXCELLENT
2026-04-29 06:45:28,30.8,74.8,243.0,0.0,21.0,EXCELLENT
2026-04-29 06:45:30,30.8,74.8,243.0,0.0,21.0,EXCELLENT
2026-04-29 06:45:32,30.8,74.9,253.0,0.0,24.3,EXCELLENT
2026-04-29 06:45:34,30.8,75.0,240.0,0.0,20.0,EXCELLENT
2026-04-29 06:45:36,30.8,75.0,246.0,0.0,22.0,EXCELLENT
2026-04-29 06:45:38,30.7,75.0,243.0,0.0,21.0,EXCELLENT
2026-04-29 06:45:40,30.8,75.0,240.0,0.0,20.0,EXCELLENT
2026-04-29 06:45:42,30.7,75.0,235.0,0.0,18.3,EXCELLENT
2026-04-29 06:45:44,30.7,75.0,245.0,0.0,21.7,EXCELLENT
2026-04-29 06:45:46,30.7,75.1,250.0,0.0,23.3,EXCELLENT
2026-04-29 06:45:48,30.7,75.2,251.0,0.0,23.7,EXCELLENT
2026-04-29 06:45:50,30.6,75.2,241.0,0.0,20.3,EXCELLENT
2026-04-29 06:45:52,30.7,75.2,244.0,0.0,21.3,EXCELLENT
2026-04-29 06:45:54,30.7,75.3,241.0,0.0,20.3,EXCELLENT
2026-04-29 06:45:56,30.6,75.3,250.0,0.0,23.3,EXCELLENT
2026-04-29 06:45:58,30.6,75.4,249.0,0.0,23.0,EXCELLENT
2026-04-29 06:46:00,30.7,75.4,240.0,0.0,20.0,EXCELLENT
2026-04-29 06:46:02,30.6,75.5,244.0,0.0,21.3,EXCELLENT
2026-04-29 06:46:04,30.6,75.5,245.0,0.0,21.7,EXCELLENT
2026-04-29 06:46:06,30.6,75.6,251.0,0.0,23.7,EXCELLENT
2026-04-29 06:46:08,30.6,75.6,241.0,0.0,20.3,EXCELLENT
2026-04-29 06:46:10,30.6,75.6,251.0,0.0,23.7,EXCELLENT
2026-04-29 06:46:12,30.6,75.7,246.0,0.0,22.0,EXCELLENT
2026-04-29 06:46:14,30.6,75.7,243.0,0.0,21.0,EXCELLENT
2026-04-29 06:46:16,30.6,75.8,245.0,0.0,21.7,EXCELLENT
2026-04-29 06:46:18,30.6,75.7,240.0,0.0,20.0,EXCELLENT
2026-04-29 06:46:20,30.5,75.8,240.0,0.0,20.0,EXCELLENT
2026-04-29 06:46:22,30.5,75.8,242.0,0.0,20.7,EXCELLENT
2026-04-29 06:46:24,30.5,75.9,242.0,0.0,20.7,EXCELLENT
2026-04-29 06:46:26,30.5,75.9,245.0,0.0,21.7,EXCELLENT
2026-04-29 06:46:28,30.5,75.9,241.0,0.0,20.3,EXCELLENT
2026-04-29 06:46:30,30.5,76.0,253.0,0.0,24.3,EXCELLENT
2026-04-29 06:46:32,30.5,76.0,240.0,0.0,20.0,EXCELLENT
2026-04-29 06:46:34,30.5,76.0,246.0,0.0,22.0,EXCELLENT
2026-04-29 06:46:36,30.5,76.1,246.0,0.0,22.0,EXCELLENT
2026-04-29 06:46:38,30.5,76.1,247.0,0.0,22.3,EXCELLENT
2026-04-29 06:46:40,30.5,76.1,241.0,0.0,20.3,EXCELLENT
2026-04-29 06:46:42,30.5,76.1,246.0,0.0,22.0,EXCELLENT
2026-04-29 06:46:44,30.5,76.2,247.0,0.0,22.3,EXCELLENT
2026-04-29 06:46:46,30.4,76.3,246.0,0.0,22.0,EXCELLENT
2026-04-29 06:46:48,30.5,76.3,251.0,0.0,23.7,EXCELLENT
2026-04-29 06:46:50,30.4,76.3,240.0,0.0,20.0,EXCELLENT
2026-04-29 06:46:52,30.4,76.3,239.0,0.0,19.7,EXCELLENT
2026-04-29 06:46:54,30.4,76.4,246.0,0.0,22.0,EXCELLENT
2026-04-29 06:46:56,30.4,76.4,248.0,0.0,22.7,EXCELLENT
2026-04-29 06:46:58,30.4,76.4,240.0,0.0,20.0,EXCELLENT
2026-04-29 06:47:00,30.4,76.5,242.0,0.0,20.7,EXCELLENT
2026-04-29 06:47:02,30.4,76.5,251.0,0.0,23.7,EXCELLENT
2026-04-29 06:47:04,30.4,76.4,246.0,0.0,22.0,EXCELLENT
2026-04-29 06:47:06,30.4,76.5,236.0,0.0,18.7,EXCELLENT
2026-04-29 06:47:08,30.4,76.5,250.0,0.0,23.3,EXCELLENT
2026-04-29 06:47:10,30.3,76.6,242.0,0.0,20.7,EXCELLENT
2026-04-29 06:47:12,30.4,76.6,235.0,0.0,18.3,EXCELLENT
2026-04-29 06:47:14,30.3,76.6,242.0,0.0,20.7,EXCELLENT
2026-04-29 06:47:16,30.4,76.6,250.0,0.0,23.3,EXCELLENT
2026-04-29 06:47:18,30.3,76.7,240.0,0.0,20.0,EXCELLENT
2026-04-29 06:47:20,30.3,76.7,246.0,0.0,22.0,EXCELLENT
2026-04-29 06:47:22,30.3,76.6,241.0,0.0,20.3,EXCELLENT
2026-04-29 06:47:24,30.3,76.7,250.0,0.0,23.3,EXCELLENT
2026-04-29 06:47:26,30.3,76.7,249.0,0.0,23.0,EXCELLENT
2026-04-29 06:47:28,30.3,76.7,239.0,0.0,19.7,EXCELLENT
2026-04-29 06:47:30,30.3,76.9,245.0,0.0,21.7,EXCELLENT
2026-04-29 06:47:32,30.3,76.8,245.0,0.0,21.7,EXCELLENT
2026-04-29 06:47:34,30.3,76.9,241.0,0.0,20.3,EXCELLENT
2026-04-29 06:47:36,30.3,76.9,250.0,0.0,23.3,EXCELLENT
2026-04-29 06:47:38,30.3,76.9,238.0,0.0,19.3,EXCELLENT
2026-04-29 06:47:40,30.3,76.9,244.0,0.0,21.3,EXCELLENT
2026-04-29 06:47:42,30.2,76.8,238.0,0.0,19.3,EXCELLENT
2026-04-29 06:47:44,30.3,76.9,248.0,0.0,22.7,EXCELLENT
2026-04-29 06:47:46,30.3,77.0,253.0,0.0,24.3,EXCELLENT
2026-04-29 06:47:48,30.3,77.0,240.0,0.0,20.0,EXCELLENT
2026-04-29 06:47:50,30.3,77.0,240.0,0.0,20.0,EXCELLENT
2026-04-29 06:47:52,30.2,77.1,240.0,0.0,20.0,EXCELLENT
2026-04-29 06:47:54,30.2,77.0,245.0,0.0,21.7,EXCELLENT
2026-04-29 06:47:56,30.2,77.1,240.0,0.0,20.0,EXCELLENT
2026-04-29 06:47:58,30.2,77.1,241.0,0.0,20.3,EXCELLENT
2026-04-29 06:48:00,30.2,77.2,248.0,0.0,22.7,EXCELLENT
2026-04-29 06:48:02,30.2,77.2,240.0,0.0,20.0,EXCELLENT
2026-04-29 06:48:04,30.2,77.1,240.0,0.0,20.0,EXCELLENT
2026-04-29 06:48:06,30.2,77.2,241.0,0.0,20.3,EXCELLENT
2026-04-29 06:48:08,30.2,77.2,243.0,0.0,21.0,EXCELLENT
2026-04-29 06:48:10,30.2,77.2,246.0,0.0,22.0,EXCELLENT
2026-04-29 06:48:12,30.2,77.3,240.0,0.0,20.0,EXCELLENT
2026-04-29 06:48:14,30.2,77.3,241.0,0.0,20.3,EXCELLENT
2026-04-29 06:48:16,30.2,77.4,240.0,0.0,20.0,EXCELLENT
2026-04-29 06:48:18,30.2,77.3,242.0,0.0,20.7,EXCELLENT
2026-04-29 06:48:20,30.2,77.4,240.0,0.0,20.0,EXCELLENT
2026-04-29 06:48:22,30.2,77.4,249.0,0.0,23.0,EXCELLENT
2026-04-29 06:48:24,30.2,77.4,240.0,0.0,20.0,EXCELLENT
2026-04-29 06:48:26,30.2,77.5,244.0,0.0,21.3,EXCELLENT
2026-04-29 06:48:28,30.2,77.4,240.0,0.0,20.0,EXCELLENT
2026-04-29 06:48:30,30.2,77.5,239.0,0.0,19.7,EXCELLENT
2026-04-29 06:48:32,30.2,77.4,240.0,0.0,20.0,EXCELLENT
2026-04-29 06:48:34,30.2,77.4,248.0,0.0,22.7,EXCELLENT
2026-04-29 06:48:36,30.2,77.5,240.0,0.0,20.0,EXCELLENT
2026-04-29 06:48:38,30.1,77.5,241.0,0.0,20.3,EXCELLENT
2026-04-29 06:48:40,30.1,77.5,247.0,0.0,22.3,EXCELLENT
2026-04-29 06:48:42,30.1,77.5,240.0,0.0,20.0,EXCELLENT
2026-04-29 06:48:44,30.1,77.6,237.0,0.0,19.0,EXCELLENT
2026-04-29 06:48:46,30.1,77.6,240.0,0.0,20.0,EXCELLENT
2026-04-29 06:48:48,30.1,77.5,246.0,0.0,22.0,EXCELLENT
2026-04-29 06:48:50,30.1,77.5,251.0,0.0,23.7,EXCELLENT
2026-04-29 06:48:52,30.1,77.6,246.0,0.0,22.0,EXCELLENT
2026-04-29 06:48:54,30.1,77.6,241.0,0.0,20.3,EXCELLENT
2026-04-29 06:48:56,30.1,77.6,251.0,0.0,23.7,EXCELLENT
2026-04-29 06:48:58,30.1,77.6,237.0,0.0,19.0,EXCELLENT
2026-04-29 06:49:00,30.1,77.6,240.0,0.0,20.0,EXCELLENT
2026-04-29 06:49:02,30.1,77.7,245.0,0.0,21.7,EXCELLENT
2026-04-29 06:49:04,30.1,77.7,238.0,0.0,19.3,EXCELLENT
2026-04-29 06:49:06,30.1,77.7,240.0,0.0,20.0,EXCELLENT
2026-04-29 06:49:08,30.1,77.7,240.0,0.0,20.0,EXCELLENT
2026-04-29 06:49:10,30.1,77.7,242.0,0.0,20.7,EXCELLENT
2026-04-29 06:49:12,30.1,77.6,240.0,0.0,20.0,EXCELLENT
2026-04-29 06:49:14,30.1,77.7,240.0,0.0,20.0,EXCELLENT
2026-04-29 06:49:16,30.1,77.7,246.0,0.0,22.0,EXCELLENT
2026-04-29 06:49:18,30.1,77.7,245.0,0.0,21.7,EXCELLENT
2026-04-29 06:49:20,30.1,77.8,237.0,0.0,19.0,EXCELLENT
2026-04-29 06:49:22,30.1,77.8,243.0,0.0,21.0,EXCELLENT
2026-04-29 06:49:24,30.1,77.8,240.0,0.0,20.0,EXCELLENT
2026-04-29 06:49:26,30.1,77.8,245.0,0.0,21.7,EXCELLENT
2026-04-29 06:49:28,30.1,77.8,241.0,0.0,20.3,EXCELLENT
2026-04-29 06:49:30,30.1,77.8,242.0,0.0,20.7,EXCELLENT
2026-04-29 06:49:32,30.1,77.8,241.0,0.0,20.3,EXCELLENT
2026-04-29 06:49:34,30.0,77.9,240.0,0.0,20.0,EXCELLENT
2026-04-29 06:49:36,30.1,77.9,236.0,0.0,18.7,EXCELLENT
2026-04-29 06:49:38,30.1,78.0,240.0,0.0,20.0,EXCELLENT
2026-04-29 06:49:40,30.1,77.9,243.0,0.0,21.0,EXCELLENT
2026-04-29 06:49:42,30.1,78.0,242.0,0.0,20.7,EXCELLENT
2026-04-29 06:49:44,30.0,77.9,240.0,0.0,20.0,EXCELLENT
2026-04-29 06:49:46,30.1,77.9,240.0,0.0,20.0,EXCELLENT
2026-04-29 06:49:48,30.1,78.0,245.0,0.0,21.7,EXCELLENT
2026-04-29 06:49:50,30.1,78.0,246.0,0.0,22.0,EXCELLENT
2026-04-29 06:49:52,30.1,77.9,241.0,0.0,20.3,EXCELLENT
2026-04-29 06:49:54,30.1,78.0,240.0,0.0,20.0,EXCELLENT
2026-04-29 06:49:56,30.0,78.0,244.0,0.0,21.3,EXCELLENT
2026-04-29 06:49:58,30.0,78.0,249.0,0.0,23.0,EXCELLENT
2026-04-29 06:50:00,30.0,77.9,240.0,0.0,20.0,EXCELLENT
2026-04-29 06:50:02,30.0,78.0,248.0,0.0,22.7,EXCELLENT
2026-04-29 06:50:04,30.0,78.0,245.0,0.0,21.7,EXCELLENT
2026-04-29 06:50:06,30.0,77.2,243.0,0.0,21.0,EXCELLENT
2026-04-29 06:50:08,30.0,78.0,246.0,0.0,22.0,EXCELLENT
2026-04-29 06:50:10,30.1,78.0,242.0,0.0,20.7,EXCELLENT
2026-04-29 06:50:12,30.0,77.2,240.0,0.0,20.0,EXCELLENT
2026-04-29 06:50:14,30.0,77.3,243.0,0.0,21.0,EXCELLENT
2026-04-29 06:50:16,30.0,77.3,245.0,0.0,21.7,EXCELLENT
2026-04-29 06:50:18,30.0,77.3,240.0,0.0,20.0,EXCELLENT
2026-04-29 06:50:20,30.0,77.3,243.0,0.0,21.0,EXCELLENT
2026-04-29 06:50:22,30.0,77.3,242.0,0.0,20.7,EXCELLENT
2026-04-29 06:50:24,30.0,77.4,240.0,0.0,20.0,EXCELLENT
2026-04-29 06:50:26,30.0,77.3,239.0,0.0,19.7,EXCELLENT
2026-04-29 06:50:28,30.0,77.3,245.0,0.0,21.7,EXCELLENT
2026-04-29 06:50:30,30.0,77.4,240.0,0.0,20.0,EXCELLENT
2026-04-29 06:50:32,30.0,77.4,247.0,0.0,22.3,EXCELLENT
2026-04-29 06:50:34,30.0,77.3,239.0,0.0,19.7,EXCELLENT
2026-04-29 06:50:36,30.0,77.4,245.0,0.0,21.7,EXCELLENT
2026-04-29 06:50:38,30.0,77.4,240.0,0.0,20.0,EXCELLENT
2026-04-29 06:50:40,30.0,77.3,240.0,0.0,20.0,EXCELLENT
2026-04-29 06:50:42,30.0,77.4,246.0,0.0,22.0,EXCELLENT
2026-04-29 06:50:44,30.0,77.4,240.0,0.0,20.0,EXCELLENT
2026-04-29 06:50:46,30.0,77.4,242.0,0.0,20.7,EXCELLENT
2026-04-29 06:50:48,30.0,77.4,252.0,0.0,24.0,EXCELLENT
2026-04-29 06:50:50,30.0,77.4,240.0,0.0,20.0,EXCELLENT
2026-04-29 06:50:52,30.0,77.5,240.0,0.0,20.0,EXCELLENT
2026-04-29 06:50:54,30.0,77.5,240.0,0.0,20.0,EXCELLENT
2026-04-29 06:50:57,30.0,77.5,240.0,0.0,20.0,EXCELLENT
2026-04-29 06:50:58,30.0,77.5,243.0,0.0,21.0,EXCELLENT
2026-04-29 06:51:00,30.0,77.5,250.0,0.0,23.3,EXCELLENT
2026-04-29 06:51:02,30.0,77.5,246.0,0.0,22.0,EXCELLENT
2026-04-29 06:51:05,30.0,77.5,239.0,0.0,19.7,EXCELLENT
2026-04-29 06:51:06,30.0,77.5,240.0,0.0,20.0,EXCELLENT
2026-04-29 06:51:08,30.0,77.6,249.0,0.0,23.0,EXCELLENT
2026-04-29 06:51:10,30.0,77.5,241.0,0.0,20.3,EXCELLENT
2026-04-29 06:51:12,30.0,77.5,240.0,0.0,20.0,EXCELLENT
2026-04-29 06:51:14,30.0,77.5,244.0,0.0,21.3,EXCELLENT
2026-04-29 06:51:17,30.0,77.6,242.0,0.0,20.7,EXCELLENT
2026-04-29 06:51:19,30.0,77.6,242.0,0.0,20.7,EXCELLENT
2026-04-29 06:51:20,30.0,77.6,241.0,0.0,20.3,EXCELLENT
2026-04-29 06:51:22,30.0,77.6,240.0,0.0,20.0,EXCELLENT
2026-04-29 06:51:24,30.0,77.6,247.0,0.0,22.3,EXCELLENT
2026-04-29 06:51:26,30.0,77.6,242.0,0.0,20.7,EXCELLENT
2026-04-29 06:51:28,29.9,77.6,240.0,0.0,20.0,EXCELLENT
2026-04-29 06:51:30,30.0,77.6,246.0,0.0,22.0,EXCELLENT
2026-04-29 06:51:32,29.9,77.5,240.0,0.0,20.0,EXCELLENT
2026-04-29 06:51:35,30.0,77.6,246.0,0.0,22.0,EXCELLENT
2026-04-29 06:51:37,29.9,77.6,239.0,0.0,19.7,EXCELLENT
2026-04-29 06:51:39,30.0,77.6,243.0,0.0,21.0,EXCELLENT
2026-04-29 06:51:41,29.9,77.6,235.0,0.0,18.3,EXCELLENT
2026-04-29 06:51:42,29.9,77.7,238.0,0.0,19.3,EXCELLENT
2026-04-29 06:51:44,29.9,77.6,244.0,0.0,21.3,EXCELLENT
2026-04-29 06:51:46,29.9,77.7,240.0,0.0,20.0,EXCELLENT
2026-04-29 06:51:49,29.9,77.7,241.0,0.0,20.3,EXCELLENT
2026-04-29 06:51:51,30.0,77.7,240.0,0.0,20.0,EXCELLENT
2026-04-29 06:51:53,29.9,77.6,240.0,0.0,20.0,EXCELLENT
2026-04-29 06:51:55,29.9,77.6,243.0,0.0,21.0,EXCELLENT
2026-04-29 06:51:57,29.9,77.7,240.0,0.0,20.0,EXCELLENT
2026-04-29 06:51:59,29.9,77.7,240.0,0.0,20.0,EXCELLENT
2026-04-29 06:52:00,30.0,77.7,240.0,0.0,20.0,EXCELLENT
2026-04-29 06:52:02,29.9,77.7,249.0,0.0,23.0,EXCELLENT
2026-04-29 06:52:05,30.0,77.7,238.0,0.0,19.3,EXCELLENT
2026-04-29 06:52:07,29.9,77.7,245.0,0.0,21.7,EXCELLENT
2026-04-29 06:52:09,29.9,77.7,238.0,0.0,19.3,EXCELLENT
2026-04-29 06:52:11,29.9,77.8,240.0,0.0,20.0,EXCELLENT
2026-04-29 06:52:13,29.9,77.7,241.0,0.0,20.3,EXCELLENT
2026-04-29 06:52:15,29.9,77.7,242.0,0.0,20.7,EXCELLENT
2026-04-29 06:52:17,29.9,77.7,239.0,0.0,19.7,EXCELLENT
2026-04-29 06:52:19,29.9,77.8,240.0,0.0,20.0,EXCELLENT
2026-04-29 06:52:21,29.9,77.8,239.0,0.0,19.7,EXCELLENT
2026-04-29 06:52:22,29.9,77.8,241.0,0.0,20.3,EXCELLENT
2026-04-29 06:52:24,29.9,77.8,238.0,0.0,19.3,EXCELLENT
2026-04-29 06:52:27,29.9,77.8,243.0,0.0,21.0,EXCELLENT
2026-04-29 06:52:29,29.9,77.9,240.0,0.0,20.0,EXCELLENT
2026-04-29 06:52:31,29.9,77.8,240.0,0.0,20.0,EXCELLENT
2026-04-29 06:52:33,29.9,77.8,241.0,0.0,20.3,EXCELLENT
2026-04-29 06:52:34,29.9,77.9,243.0,0.0,21.0,EXCELLENT
2026-04-29 06:52:36,29.9,77.9,237.0,0.0,19.0,EXCELLENT
2026-04-29 06:52:39,29.9,77.9,242.0,0.0,20.7,EXCELLENT
2026-04-29 06:52:41,29.9,77.9,244.0,0.0,21.3,EXCELLENT
2026-04-29 06:52:42,29.9,77.9,240.0,0.0,20.0,EXCELLENT
2026-04-29 06:52:44,29.9,77.8,240.0,0.0,20.0,EXCELLENT
2026-04-29 06:52:47,29.9,77.8,248.0,0.0,22.7,EXCELLENT
2026-04-29 06:52:49,29.9,77.8,240.0,0.0,20.0,EXCELLENT
2026-04-29 06:52:51,29.9,77.8,240.0,0.0,20.0,EXCELLENT
2026-04-29 06:52:53,29.9,77.9,241.0,0.0,20.3,EXCELLENT
2026-04-29 06:52:55,29.9,77.9,237.0,0.0,19.0,EXCELLENT
2026-04-29 06:52:57,29.9,77.9,248.0,0.0,22.7,EXCELLENT
2026-04-29 06:52:59,29.9,77.9,246.0,0.0,22.0,EXCELLENT
2026-04-29 06:53:01,29.9,77.9,238.0,0.0,19.3,EXCELLENT
2026-04-29 06:53:03,29.9,77.9,245.0,0.0,21.7,EXCELLENT
2026-04-29 06:53:04,29.9,77.9,247.0,0.0,22.3,EXCELLENT
2026-04-29 06:53:07,29.9,77.9,245.0,0.0,21.7,EXCELLENT
2026-04-29 06:53:09,29.9,77.9,240.0,0.0,20.0,EXCELLENT
2026-04-29 06:53:11,29.9,77.9,251.0,0.0,23.7,EXCELLENT
2026-04-29 06:53:13,29.9,77.9,242.0,0.0,20.7,EXCELLENT
2026-04-29 06:53:15,29.9,78.0,240.0,0.0,20.0,EXCELLENT
2026-04-29 06:53:17,29.9,77.9,242.0,0.0,20.7,EXCELLENT
2026-04-29 06:53:19,29.9,77.9,242.0,0.0,20.7,EXCELLENT
2026-04-29 06:53:21,29.9,77.9,246.0,0.0,22.0,EXCELLENT
2026-04-29 06:53:23,29.9,77.9,243.0,0.0,21.0,EXCELLENT
2026-04-29 06:53:25,29.9,77.9,244.0,0.0,21.3,EXCELLENT
2026-04-29 06:53:27,29.9,78.0,246.0,0.0,22.0,EXCELLENT
2026-04-29 06:53:29,29.9,77.9,242.0,0.0,20.7,EXCELLENT
2026-04-29 06:53:30,29.9,78.0,249.0,0.0,23.0,EXCELLENT
2026-04-29 06:53:33,29.9,77.9,243.0,0.0,21.0,EXCELLENT
2026-04-29 06:53:35,29.9,78.0,239.0,0.0,19.7,EXCELLENT
2026-04-29 06:53:37,29.9,78.0,246.0,0.0,22.0,EXCELLENT
2026-04-29 06:53:39,29.9,78.0,247.0,0.0,22.3,EXCELLENT
2026-04-29 06:53:41,29.9,78.0,243.0,0.0,21.0,EXCELLENT
2026-04-29 06:53:43,29.9,78.0,240.0,0.0,20.0,EXCELLENT
2026-04-29 06:53:45,29.9,78.0,239.0,0.0,19.7,EXCELLENT
2026-04-29 06:53:47,29.9,78.0,239.0,0.0,19.7,EXCELLENT
2026-04-29 06:53:49,29.9,78.0,239.0,0.0,19.7,EXCELLENT
2026-04-29 06:53:51,29.9,78.0,244.0,0.0,21.3,EXCELLENT
2026-04-29 06:53:53,29.9,78.0,243.0,0.0,21.0,EXCELLENT
2026-04-29 06:53:55,29.9,78.0,241.0,0.0,20.3,EXCELLENT
2026-04-29 06:53:57,29.9,78.1,243.0,0.0,21.0,EXCELLENT
2026-04-29 06:53:59,29.9,78.1,249.0,0.0,23.0,EXCELLENT
2026-04-29 06:54:01,29.9,78.0,238.0,0.0,19.3,EXCELLENT
2026-04-29 06:54:03,29.9,78.1,237.0,0.0,19.0,EXCELLENT
2026-04-29 06:54:05,29.9,78.1,240.0,0.0,20.0,EXCELLENT
2026-04-29 06:54:07,29.9,78.1,242.0,0.0,20.7,EXCELLENT
2026-04-29 06:54:09,29.9,78.1,238.0,0.0,19.3,EXCELLENT
2026-04-29 06:54:11,29.9,78.0,240.0,0.0,20.0,EXCELLENT
2026-04-29 06:54:13,29.9,78.0,240.0,0.0,20.0,EXCELLENT
2026-04-29 06:54:15,29.9,78.1,250.0,0.0,23.3,EXCELLENT
2026-04-29 06:54:17,29.8,78.1,238.0,0.0,19.3,EXCELLENT
2026-04-29 06:54:19,29.9,78.1,247.0,0.0,22.3,EXCELLENT
2026-04-29 06:54:21,29.9,78.1,240.0,0.0,20.0,EXCELLENT
2026-04-29 06:54:23,29.8,78.1,247.0,0.0,22.3,EXCELLENT
2026-04-29 06:54:25,29.9,78.1,240.0,0.0,20.0,EXCELLENT
2026-04-29 06:54:27,29.9,78.1,251.0,0.0,23.7,EXCELLENT
2026-04-29 06:54:29,29.9,78.1,240.0,0.0,20.0,EXCELLENT
2026-04-29 06:54:31,29.9,78.1,240.0,0.0,20.0,EXCELLENT
2026-04-29 06:54:33,29.9,78.1,244.0,0.0,21.3,EXCELLENT
2026-04-29 06:54:35,29.8,78.1,240.0,0.0,20.0,EXCELLENT
2026-04-29 06:54:37,29.9,78.1,241.0,0.0,20.3,EXCELLENT
2026-04-29 06:54:39,29.9,78.1,242.0,0.0,20.7,EXCELLENT
2026-04-29 06:54:41,29.8,78.1,247.0,0.0,22.3,EXCELLENT
2026-04-29 06:54:43,29.9,78.1,240.0,0.0,20.0,EXCELLENT
2026-04-29 06:54:45,29.9,78.1,241.0,0.0,20.3,EXCELLENT
2026-04-29 06:54:47,29.8,78.1,242.0,0.0,20.7,EXCELLENT
2026-04-29 06:54:49,29.8,78.1,235.0,0.0,18.3,EXCELLENT
2026-04-29 06:54:51,29.8,78.1,242.0,0.0,20.7,EXCELLENT
2026-04-29 06:54:53,29.8,78.2,241.0,0.0,20.3,EXCELLENT
2026-04-29 06:54:55,29.8,78.2,242.0,0.0,20.7,EXCELLENT
2026-04-29 06:54:57,29.8,78.1,242.0,0.0,20.7,EXCELLENT
2026-04-29 06:54:59,29.9,78.1,243.0,0.0,21.0,EXCELLENT
2026-04-29 06:55:01,29.9,78.1,249.0,0.0,23.0,EXCELLENT
2026-04-29 06:55:03,29.8,78.1,239.0,0.0,19.7,EXCELLENT
2026-04-29 06:55:05,29.9,78.1,239.0,0.0,19.7,EXCELLENT
2026-04-29 06:55:07,29.9,78.2,240.0,0.0,20.0,EXCELLENT
2026-04-29 06:55:09,29.8,78.2,240.0,0.0,20.0,EXCELLENT
2026-04-29 06:55:11,29.8,78.2,246.0,0.0,22.0,EXCELLENT
2026-04-29 06:55:13,29.9,78.1,241.0,0.0,20.3,EXCELLENT
2026-04-29 06:55:15,29.9,78.2,237.0,0.0,19.0,EXCELLENT
2026-04-29 06:55:17,29.8,78.2,240.0,0.0,20.0,EXCELLENT
2026-04-29 06:55:19,29.8,78.2,241.0,0.0,20.3,EXCELLENT
2026-04-29 06:55:21,29.8,78.1,247.0,0.0,22.3,EXCELLENT
2026-04-29 06:55:23,29.8,78.2,241.0,0.0,20.3,EXCELLENT
2026-04-29 06:55:25,29.9,78.1,240.0,0.0,20.0,EXCELLENT
2026-04-29 06:55:27,29.9,78.1,241.0,0.0,20.3,EXCELLENT
2026-04-29 06:55:29,29.8,78.3,240.0,0.0,20.0,EXCELLENT
2026-04-29 06:55:31,29.8,78.2,245.0,0.0,21.7,EXCELLENT
2026-04-29 06:55:33,29.8,78.2,243.0,0.0,21.0,EXCELLENT
2026-04-29 06:55:35,29.8,78.2,242.0,0.0,20.7,EXCELLENT
2026-04-29 06:55:37,29.8,78.2,239.0,0.0,19.7,EXCELLENT
2026-04-29 06:55:39,29.9,78.2,243.0,0.0,21.0,EXCELLENT
2026-04-29 06:55:41,29.8,78.2,244.0,0.0,21.3,EXCELLENT
2026-04-29 06:55:43,29.8,78.2,243.0,0.0,21.0,EXCELLENT
2026-04-29 06:55:45,29.9,78.2,244.0,0.0,21.3,EXCELLENT
2026-04-29 06:55:47,29.8,78.2,240.0,0.0,20.0,EXCELLENT
2026-04-29 06:55:49,29.8,78.2,242.0,0.0,20.7,EXCELLENT
2026-04-29 06:55:51,29.8,78.2,240.0,0.0,20.0,EXCELLENT
2026-04-29 06:55:53,29.8,78.2,240.0,0.0,20.0,EXCELLENT
2026-04-29 06:55:55,29.9,78.2,244.0,0.0,21.3,EXCELLENT
2026-04-29 06:55:57,29.8,78.2,240.0,0.0,20.0,EXCELLENT
2026-04-29 06:55:59,29.8,78.2,242.0,0.0,20.7,EXCELLENT
2026-04-29 06:56:01,29.8,78.2,239.0,0.0,19.7,EXCELLENT
2026-04-29 06:56:03,29.8,78.3,238.0,0.0,19.3,EXCELLENT
2026-04-29 06:56:05,29.8,78.3,239.0,0.0,19.7,EXCELLENT
2026-04-29 06:56:07,29.8,78.2,243.0,0.0,21.0,EXCELLENT
2026-04-29 06:56:09,29.8,78.3,240.0,0.0,20.0,EXCELLENT
2026-04-29 06:56:11,29.9,78.3,241.0,0.0,20.3,EXCELLENT
2026-04-29 06:56:13,29.8,78.3,239.0,0.0,19.7,EXCELLENT
2026-04-29 06:56:15,29.9,78.2,243.0,0.0,21.0,EXCELLENT
2026-04-29 06:56:17,29.8,78.3,247.0,0.0,22.3,EXCELLENT
2026-04-29 06:56:19,29.8,78.3,246.0,0.0,22.0,EXCELLENT
2026-04-29 06:56:21,29.8,78.3,242.0,0.0,20.7,EXCELLENT
2026-04-29 06:56:23,29.8,78.3,247.0,0.0,22.3,EXCELLENT
2026-04-29 06:56:25,29.8,78.2,241.0,0.0,20.3,EXCELLENT
2026-04-29 06:56:27,29.8,78.3,247.0,0.0,22.3,EXCELLENT
2026-04-29 06:56:29,29.9,78.3,242.0,0.0,20.7,EXCELLENT
2026-04-29 06:56:31,29.8,78.3,240.0,0.0,20.0,EXCELLENT
2026-04-29 06:56:33,29.9,78.4,240.0,0.0,20.0,EXCELLENT
2026-04-29 06:56:35,29.9,78.3,248.0,0.0,22.7,EXCELLENT
2026-04-29 06:56:37,29.8,78.3,244.0,0.0,21.3,EXCELLENT
2026-04-29 06:56:39,29.8,78.3,241.0,0.0,20.3,EXCELLENT
2026-04-29 06:56:41,29.8,78.3,243.0,0.0,21.0,EXCELLENT
2026-04-29 06:56:43,29.8,78.3,246.0,0.0,22.0,EXCELLENT
2026-04-29 06:56:45,29.8,78.3,241.0,0.0,20.3,EXCELLENT
2026-04-29 06:56:47,29.8,78.3,240.0,0.0,20.0,EXCELLENT
2026-04-29 06:56:49,29.8,78.2,243.0,0.0,21.0,EXCELLENT
2026-04-29 06:56:51,29.8,78.3,240.0,0.0,20.0,EXCELLENT
2026-04-29 06:56:53,29.8,78.3,243.0,0.0,21.0,EXCELLENT
2026-04-29 06:56:55,29.8,78.3,243.0,0.0,21.0,EXCELLENT
2026-04-29 06:56:57,29.8,78.3,240.0,0.0,20.0,EXCELLENT
2026-04-29 06:56:59,29.8,78.3,247.0,0.0,22.3,EXCELLENT
2026-04-29 06:57:01,29.8,78.3,241.0,0.0,20.3,EXCELLENT
2026-04-29 06:57:03,29.8,78.2,245.0,0.0,21.7,EXCELLENT
2026-04-29 06:57:05,29.8,78.3,243.0,0.0,21.0,EXCELLENT
2026-04-29 06:57:07,29.8,78.3,246.0,0.0,22.0,EXCELLENT
2026-04-29 06:57:09,29.8,78.3,247.0,0.0,22.3,EXCELLENT
2026-04-29 06:57:11,29.8,78.3,249.0,0.0,23.0,EXCELLENT
2026-04-29 06:57:13,29.8,78.3,240.0,0.0,20.0,EXCELLENT
2026-04-29 06:57:15,29.8,78.3,243.0,0.0,21.0,EXCELLENT
2026-04-29 06:57:17,29.8,78.2,236.0,0.0,18.7,EXCELLENT
2026-04-29 06:57:19,29.8,78.3,243.0,0.0,21.0,EXCELLENT
2026-04-29 06:57:21,29.8,78.2,242.0,0.0,20.7,EXCELLENT
2026-04-29 06:57:23,29.8,78.3,245.0,0.0,21.7,EXCELLENT
2026-04-29 06:57:25,29.8,78.2,246.0,0.0,22.0,EXCELLENT
2026-04-29 06:57:27,29.8,78.3,241.0,0.0,20.3,EXCELLENT
2026-04-29 06:57:29,29.8,78.4,243.0,0.0,21.0,EXCELLENT
2026-04-29 06:57:31,29.8,78.3,244.0,0.0,21.3,EXCELLENT
2026-04-29 06:57:33,29.8,78.2,240.0,0.0,20.0,EXCELLENT
2026-04-29 06:57:35,29.8,78.3,238.0,0.0,19.3,EXCELLENT
2026-04-29 06:57:37,29.8,78.3,244.0,0.0,21.3,EXCELLENT
2026-04-29 06:57:39,29.8,78.3,237.0,0.0,19.0,EXCELLENT
2026-04-29 06:57:41,29.8,78.3,234.0,0.0,18.0,EXCELLENT
2026-04-29 06:57:43,29.8,78.3,242.0,0.0,20.7,EXCELLENT
2026-04-29 06:57:45,29.8,78.3,238.0,0.0,19.3,EXCELLENT
2026-04-29 06:57:47,29.8,78.3,239.0,0.0,19.7,EXCELLENT
2026-04-29 06:57:49,29.8,78.2,245.0,0.0,21.7,EXCELLENT
2026-04-29 06:57:51,29.8,78.3,246.0,0.0,22.0,EXCELLENT
2026-04-29 06:57:53,29.8,78.2,246.0,0.0,22.0,EXCELLENT
2026-04-29 06:57:55,29.8,78.3,245.0,0.0,21.7,EXCELLENT
2026-04-29 06:57:57,29.8,78.3,248.0,0.0,22.7,EXCELLENT
2026-04-29 06:57:59,29.8,78.3,245.0,0.0,21.7,EXCELLENT
2026-04-29 06:58:01,29.8,78.3,242.0,0.0,20.7,EXCELLENT
2026-04-29 06:58:03,29.8,78.3,242.0,0.0,20.7,EXCELLENT
2026-04-29 06:58:05,29.8,78.3,240.0,0.0,20.0,EXCELLENT
2026-04-29 06:58:07,29.8,78.3,244.0,0.0,21.3,EXCELLENT
2026-04-29 06:58:09,29.8,78.3,237.0,0.0,19.0,EXCELLENT
2026-04-29 06:58:11,29.8,78.3,240.0,0.0,20.0,EXCELLENT
2026-04-29 06:58:13,29.8,78.3,243.0,0.0,21.0,EXCELLENT
2026-04-29 06:58:15,29.8,78.3,240.0,0.0,20.0,EXCELLENT
2026-04-29 06:58:17,29.8,78.3,238.0,0.0,19.3,EXCELLENT
2026-04-29 06:58:19,29.8,78.3,241.0,0.0,20.3,EXCELLENT
2026-04-29 06:58:21,29.8,78.3,240.0,0.0,20.0,EXCELLENT
2026-04-29 06:58:23,29.8,78.3,241.0,0.0,20.3,EXCELLENT
2026-04-29 06:58:25,29.8,78.3,242.0,0.0,20.7,EXCELLENT
2026-04-29 06:58:27,29.8,78.3,238.0,0.0,19.3,EXCELLENT
2026-04-29 06:58:29,29.8,78.3,247.0,0.0,22.3,EXCELLENT
2026-04-29 06:58:31,29.8,78.3,238.0,0.0,19.3,EXCELLENT
2026-04-29 06:58:33,29.8,78.3,243.0,0.0,21.0,EXCELLENT
2026-04-29 06:58:35,29.8,78.3,242.0,0.0,20.7,EXCELLENT
2026-04-29 06:58:37,29.8,78.4,242.0,0.0,20.7,EXCELLENT
2026-04-29 06:58:39,29.8,78.4,238.0,0.0,19.3,EXCELLENT
2026-04-29 06:58:41,29.8,78.3,245.0,0.0,21.7,EXCELLENT
2026-04-29 06:58:43,29.9,78.4,243.0,0.0,21.0,EXCELLENT
2026-04-29 06:58:45,29.8,78.4,240.0,0.0,20.0,EXCELLENT
2026-04-29 06:58:47,29.8,78.4,241.0,0.0,20.3,EXCELLENT
2026-04-29 06:58:49,29.8,78.3,246.0,0.0,22.0,EXCELLENT
2026-04-29 06:58:51,29.8,78.3,239.0,0.0,19.7,EXCELLENT
2026-04-29 06:58:53,29.8,78.3,240.0,0.0,20.0,EXCELLENT
2026-04-29 06:58:55,29.8,78.3,244.0,0.0,21.3,EXCELLENT
2026-04-29 06:58:57,29.8,78.4,238.0,0.0,19.3,EXCELLENT
2026-04-29 06:58:59,29.8,78.4,238.0,0.0,19.3,EXCELLENT
2026-04-29 06:59:01,29.8,78.3,243.0,0.0,21.0,EXCELLENT
2026-04-29 06:59:03,29.8,78.3,241.0,0.0,20.3,EXCELLENT
2026-04-29 06:59:05,29.8,78.3,246.0,0.0,22.0,EXCELLENT
2026-04-29 06:59:07,29.8,78.3,244.0,0.0,21.3,EXCELLENT
2026-04-29 06:59:09,29.8,78.4,237.0,0.0,19.0,EXCELLENT
2026-04-29 06:59:11,29.8,78.4,239.0,0.0,19.7,EXCELLENT
2026-04-29 06:59:13,29.8,78.4,235.0,0.0,18.3,EXCELLENT
2026-04-29 06:59:15,29.8,78.4,240.0,0.0,20.0,EXCELLENT
2026-04-29 06:59:17,29.8,78.3,240.0,0.0,20.0,EXCELLENT
2026-04-29 06:59:19,29.8,78.4,246.0,0.0,22.0,EXCELLENT
2026-04-29 06:59:21,29.8,78.4,245.0,0.0,21.7,EXCELLENT
2026-04-29 06:59:23,29.8,78.4,242.0,0.0,20.7,EXCELLENT
2026-04-29 06:59:25,29.8,78.4,237.0,0.0,19.0,EXCELLENT
2026-04-29 06:59:27,29.8,78.4,238.0,0.0,19.3,EXCELLENT
2026-04-29 06:59:29,29.8,78.4,240.0,0.0,20.0,EXCELLENT
2026-04-29 06:59:31,29.8,78.4,240.0,0.0,20.0,EXCELLENT
2026-04-29 06:59:33,29.8,78.4,240.0,0.0,20.0,EXCELLENT
2026-04-29 06:59:35,29.8,78.4,246.0,0.0,22.0,EXCELLENT
2026-04-29 06:59:37,29.8,78.4,243.0,0.0,21.0,EXCELLENT
2026-04-29 06:59:39,29.8,78.4,240.0,0.0,20.0,EXCELLENT
2026-04-29 06:59:41,29.8,78.4,233.0,0.0,17.7,EXCELLENT
2026-04-29 06:59:43,29.8,78.4,240.0,0.0,20.0,EXCELLENT
2026-04-29 06:59:45,29.8,78.4,245.0,0.0,21.7,EXCELLENT
2026-04-29 06:59:47,29.8,78.4,245.0,0.0,21.7,EXCELLENT
2026-04-29 06:59:49,29.8,78.4,240.0,0.0,20.0,EXCELLENT
2026-04-29 06:59:51,29.8,78.4,240.0,0.0,20.0,EXCELLENT
2026-04-29 06:59:53,29.8,78.4,245.0,0.0,21.7,EXCELLENT
2026-04-29 06:59:55,29.8,78.4,245.0,0.0,21.7,EXCELLENT
2026-04-29 06:59:57,29.8,78.5,240.0,0.0,20.0,EXCELLENT
2026-04-29 06:59:59,29.8,78.4,246.0,0.0,22.0,EXCELLENT
2026-04-29 07:00:01,29.8,78.4,240.0,0.0,20.0,EXCELLENT
2026-04-29 07:00:03,29.8,78.4,239.0,0.0,19.7,EXCELLENT
2026-04-29 07:00:05,29.8,78.4,237.0,0.0,19.0,EXCELLENT
2026-04-29 07:00:07,29.8,78.4,238.0,0.0,19.3,EXCELLENT
2026-04-29 07:00:09,29.8,78.4,241.0,0.0,20.3,EXCELLENT
2026-04-29 07:00:11,29.8,78.4,239.0,0.0,19.7,EXCELLENT
2026-04-29 07:00:13,29.8,78.4,243.0,0.0,21.0,EXCELLENT
2026-04-29 07:00:15,29.8,78.5,242.0,0.0,20.7,EXCELLENT
2026-04-29 07:00:17,29.8,78.4,242.0,0.0,20.7,EXCELLENT
2026-04-29 07:00:19,29.8,78.4,245.0,0.0,21.7,EXCELLENT
2026-04-29 07:00:21,29.8,78.4,247.0,0.0,22.3,EXCELLENT
2026-04-29 07:00:23,29.8,78.4,243.0,0.0,21.0,EXCELLENT
2026-04-29 07:00:25,29.8,78.4,240.0,0.0,20.0,EXCELLENT
2026-04-29 07:00:27,29.8,78.4,245.0,0.0,21.7,EXCELLENT
2026-04-29 07:00:29,29.8,78.4,242.0,0.0,20.7,EXCELLENT
2026-04-29 07:00:31,29.8,78.4,243.0,0.0,21.0,EXCELLENT
2026-04-29 07:00:33,29.8,78.4,240.0,0.0,20.0,EXCELLENT
2026-04-29 07:00:35,29.8,78.4,242.0,0.0,20.7,EXCELLENT
2026-04-29 07:00:37,29.8,78.4,238.0,0.0,19.3,EXCELLENT
2026-04-29 07:00:39,29.8,78.4,246.0,0.0,22.0,EXCELLENT
2026-04-29 07:00:41,29.8,78.4,240.0,0.0,20.0,EXCELLENT
2026-04-29 07:00:43,29.8,78.4,245.0,0.0,21.7,EXCELLENT
2026-04-29 07:00:45,29.8,78.4,246.0,0.0,22.0,EXCELLENT
2026-04-29 07:00:47,29.8,78.5,240.0,0.0,20.0,EXCELLENT
2026-04-29 07:00:49,29.8,78.5,247.0,0.0,22.3,EXCELLENT
2026-04-29 07:00:51,29.8,78.4,244.0,0.0,21.3,EXCELLENT
2026-04-29 07:00:53,29.8,78.4,246.0,0.0,22.0,EXCELLENT
2026-04-29 07:00:55,29.8,78.4,238.0,0.0,19.3,EXCELLENT
2026-04-29 07:00:57,29.8,78.4,237.0,0.0,19.0,EXCELLENT
2026-04-29 07:00:59,29.8,78.4,245.0,0.0,21.7,EXCELLENT
2026-04-29 07:01:01,29.8,78.4,250.0,0.0,23.3,EXCELLENT
2026-04-29 07:01:03,29.8,78.4,241.0,0.0,20.3,EXCELLENT
2026-04-29 07:01:05,29.8,78.4,240.0,0.0,20.0,EXCELLENT
2026-04-29 07:01:07,29.8,78.4,243.0,0.0,21.0,EXCELLENT
2026-04-29 07:01:09,29.8,78.5,245.0,0.0,21.7,EXCELLENT
2026-04-29 07:01:11,29.8,78.4,242.0,0.0,20.7,EXCELLENT
2026-04-29 07:01:13,29.8,78.4,238.0,0.0,19.3,EXCELLENT
2026-04-29 07:01:15,29.8,78.4,246.0,0.0,22.0,EXCELLENT
2026-04-29 07:01:17,29.8,78.5,239.0,0.0,19.7,EXCELLENT
2026-04-29 07:01:19,29.8,78.4,244.0,0.0,21.3,EXCELLENT
2026-04-29 07:01:21,29.8,78.4,240.0,0.0,20.0,EXCELLENT
2026-04-29 07:01:23,29.8,78.4,238.0,0.0,19.3,EXCELLENT
2026-04-29 07:01:25,29.8,78.4,240.0,0.0,20.0,EXCELLENT
2026-04-29 07:01:27,29.8,78.4,239.0,0.0,19.7,EXCELLENT
2026-04-29 07:01:29,29.8,78.5,245.0,0.0,21.7,EXCELLENT
2026-04-29 07:01:31,29.8,78.5,245.0,0.0,21.7,EXCELLENT
2026-04-29 07:01:33,29.8,78.4,240.0,0.0,20.0,EXCELLENT
2026-04-29 07:01:35,29.8,78.4,240.0,0.0,20.0,EXCELLENT
2026-04-29 07:01:37,29.8,78.4,238.0,0.0,19.3,EXCELLENT
2026-04-29 07:01:39,29.8,78.5,240.0,0.0,20.0,EXCELLENT
2026-04-29 07:01:41,29.8,78.4,240.0,0.0,20.0,EXCELLENT
2026-04-29 07:01:43,29.8,78.4,240.0,0.0,20.0,EXCELLENT
2026-04-29 07:01:45,29.8,78.4,250.0,0.0,23.3,EXCELLENT
2026-04-29 07:01:47,29.8,78.4,234.0,0.0,18.0,EXCELLENT
2026-04-29 07:01:49,29.8,78.4,245.0,0.0,21.7,EXCELLENT
2026-04-29 07:01:51,29.8,78.5,240.0,0.0,20.0,EXCELLENT
2026-04-29 07:01:53,29.8,78.5,241.0,0.0,20.3,EXCELLENT
2026-04-29 07:01:55,29.8,78.4,240.0,0.0,20.0,EXCELLENT
2026-04-29 07:01:57,29.8,78.4,244.0,0.0,21.3,EXCELLENT
2026-04-29 07:01:59,29.8,78.4,240.0,0.0,20.0,EXCELLENT
2026-04-29 07:02:01,29.8,78.4,243.0,0.0,21.0,EXCELLENT
2026-04-29 07:02:03,29.8,78.4,240.0,0.0,20.0,EXCELLENT
2026-04-29 07:02:05,29.8,78.4,250.0,0.0,23.3,EXCELLENT
2026-04-29 07:02:07,29.8,78.4,240.0,0.0,20.0,EXCELLENT
2026-04-29 07:02:09,29.8,78.4,243.0,0.0,21.0,EXCELLENT
2026-04-29 07:02:11,29.8,78.4,242.0,0.0,20.7,EXCELLENT
2026-04-29 07:02:13,29.8,78.4,243.0,0.0,21.0,EXCELLENT
2026-04-29 07:02:15,29.8,78.5,242.0,0.0,20.7,EXCELLENT
2026-04-29 07:02:17,29.8,78.4,245.0,0.0,21.7,EXCELLENT
2026-04-29 07:02:19,29.8,78.4,240.0,0.0,20.0,EXCELLENT
2026-04-29 07:02:21,29.8,78.4,245.0,0.0,21.7,EXCELLENT
2026-04-29 07:02:23,29.8,78.5,237.0,0.0,19.0,EXCELLENT
2026-04-29 07:02:25,29.8,78.5,245.0,0.0,21.7,EXCELLENT
2026-04-29 07:02:27,29.8,78.4,246.0,0.0,22.0,EXCELLENT
2026-04-29 07:02:29,29.8,78.5,239.0,0.0,19.7,EXCELLENT
2026-04-29 07:02:31,29.8,78.5,236.0,0.0,18.7,EXCELLENT
2026-04-29 07:02:33,29.8,78.5,240.0,0.0,20.0,EXCELLENT
2026-04-29 07:02:35,29.8,78.4,243.0,0.0,21.0,EXCELLENT
2026-04-29 07:02:37,29.8,78.5,236.0,0.0,18.7,EXCELLENT
2026-04-29 07:02:39,29.8,78.5,245.0,0.0,21.7,EXCELLENT
2026-04-29 07:02:41,29.8,78.4,241.0,0.0,20.3,EXCELLENT
2026-04-29 07:02:43,29.8,78.5,240.0,0.0,20.0,EXCELLENT
2026-04-29 07:02:45,29.8,78.5,240.0,0.0,20.0,EXCELLENT
2026-04-29 07:02:47,29.8,78.5,243.0,0.0,21.0,EXCELLENT
2026-04-29 07:02:49,29.8,78.5,245.0,0.0,21.7,EXCELLENT
2026-04-29 07:02:51,29.8,78.5,242.0,0.0,20.7,EXCELLENT
2026-04-29 07:02:53,29.8,78.5,241.0,0.0,20.3,EXCELLENT
2026-04-29 07:02:55,29.8,78.5,239.0,0.0,19.7,EXCELLENT
2026-04-29 07:02:57,29.8,78.5,240.0,0.0,20.0,EXCELLENT
2026-04-29 07:02:59,29.8,78.5,240.0,0.0,20.0,EXCELLENT
2026-04-29 07:03:01,29.8,78.4,245.0,0.0,21.7,EXCELLENT
2026-04-29 07:03:03,29.8,78.5,240.0,0.0,20.0,EXCELLENT
2026-04-29 07:03:05,29.8,78.5,241.0,0.0,20.3,EXCELLENT
2026-04-29 07:03:07,29.8,78.5,241.0,0.0,20.3,EXCELLENT
2026-04-29 07:03:09,29.8,78.5,241.0,0.0,20.3,EXCELLENT
2026-04-29 07:03:11,29.8,78.5,238.0,0.0,19.3,EXCELLENT
2026-04-29 07:03:13,29.8,78.6,238.0,0.0,19.3,EXCELLENT
2026-04-29 07:03:15,29.8,78.5,245.0,0.0,21.7,EXCELLENT
2026-04-29 07:03:17,29.8,78.5,240.0,0.0,20.0,EXCELLENT
2026-04-29 07:03:19,29.7,78.6,247.0,0.0,22.3,EXCELLENT
2026-04-29 07:03:21,29.8,78.5,239.0,0.0,19.7,EXCELLENT
2026-04-29 07:03:23,29.8,78.5,240.0,0.0,20.0,EXCELLENT
2026-04-29 07:03:25,29.8,78.5,237.0,0.0,19.0,EXCELLENT
2026-04-29 07:03:27,29.8,78.5,243.0,0.0,21.0,EXCELLENT
2026-04-29 07:03:29,29.8,78.5,240.0,0.0,20.0,EXCELLENT
2026-04-29 07:03:31,29.8,78.4,237.0,0.0,19.0,EXCELLENT
2026-04-29 07:03:33,29.8,78.5,242.0,0.0,20.7,EXCELLENT
2026-04-29 07:03:35,29.8,78.5,243.0,0.0,21.0,EXCELLENT
2026-04-29 07:03:37,29.8,78.5,243.0,0.0,21.0,EXCELLENT
2026-04-29 07:03:39,29.8,78.5,242.0,0.0,20.7,EXCELLENT
2026-04-29 07:03:41,29.8,78.5,241.0,0.0,20.3,EXCELLENT
2026-04-29 07:03:43,29.8,78.5,241.0,0.0,20.3,EXCELLENT
2026-04-29 07:03:45,29.8,78.5,238.0,0.0,19.3,EXCELLENT
2026-04-29 07:03:47,29.8,78.4,240.0,0.0,20.0,EXCELLENT
2026-04-29 07:03:49,29.8,78.5,240.0,0.0,20.0,EXCELLENT
2026-04-29 07:03:51,29.8,78.5,239.0,0.0,19.7,EXCELLENT
2026-04-29 07:03:53,29.8,78.5,240.0,0.0,20.0,EXCELLENT
2026-04-29 07:03:55,29.8,78.5,245.0,0.0,21.7,EXCELLENT
2026-04-29 07:03:57,29.8,78.6,240.0,0.0,20.0,EXCELLENT
2026-04-29 07:03:59,29.8,78.6,239.0,0.0,19.7,EXCELLENT
2026-04-29 07:04:01,29.8,78.5,240.0,0.0,20.0,EXCELLENT
2026-04-29 07:04:03,29.8,78.5,242.0,0.0,20.7,EXCELLENT
2026-04-29 07:04:05,29.8,78.6,246.0,0.0,22.0,EXCELLENT
2026-04-29 07:04:07,29.8,78.5,240.0,0.0,20.0,EXCELLENT
2026-04-29 07:04:09,29.8,78.5,243.0,0.0,21.0,EXCELLENT
2026-04-29 07:04:11,29.8,78.5,248.0,0.0,22.7,EXCELLENT
2026-04-29 07:04:13,29.7,78.5,240.0,0.0,20.0,EXCELLENT
2026-04-29 07:04:15,29.8,78.5,241.0,0.0,20.3,EXCELLENT
2026-04-29 07:04:17,29.8,78.5,243.0,0.0,21.0,EXCELLENT
2026-04-29 07:04:19,29.8,78.5,247.0,0.0,22.3,EXCELLENT
2026-04-29 07:04:21,29.8,78.6,240.0,0.0,20.0,EXCELLENT
2026-04-29 07:04:23,29.8,78.5,241.0,0.0,20.3,EXCELLENT
2026-04-29 07:04:25,29.8,78.5,240.0,0.0,20.0,EXCELLENT
2026-04-29 07:04:27,29.8,78.5,239.0,0.0,19.7,EXCELLENT
2026-04-29 07:04:29,29.7,78.5,240.0,0.0,20.0,EXCELLENT
2026-04-29 07:04:31,29.8,78.5,236.0,0.0,18.7,EXCELLENT
2026-04-29 07:04:33,29.8,78.5,243.0,0.0,21.0,EXCELLENT
2026-04-29 07:04:35,29.8,78.5,237.0,0.0,19.0,EXCELLENT
2026-04-29 07:04:37,29.8,78.5,240.0,0.0,20.0,EXCELLENT
2026-04-29 07:04:39,29.8,78.5,234.0,0.0,18.0,EXCELLENT
2026-04-29 07:04:41,29.8,78.5,238.0,0.0,19.3,EXCELLENT
2026-04-29 07:04:43,29.8,78.6,244.0,0.0,21.3,EXCELLENT
2026-04-29 07:04:45,29.8,78.5,241.0,0.0,20.3,EXCELLENT
2026-04-29 07:04:47,29.8,78.5,246.0,0.0,22.0,EXCELLENT
2026-04-29 07:04:49,29.8,78.6,239.0,0.0,19.7,EXCELLENT
2026-04-29 07:04:51,29.8,78.6,242.0,0.0,20.7,EXCELLENT
2026-04-29 07:04:53,29.8,78.5,242.0,0.0,20.7,EXCELLENT
2026-04-29 07:04:55,29.8,78.5,246.0,0.0,22.0,EXCELLENT
2026-04-29 07:04:57,29.8,78.5,245.0,0.0,21.7,EXCELLENT
2026-04-29 07:04:59,29.8,78.6,236.0,0.0,18.7,EXCELLENT
2026-04-29 07:05:01,29.8,78.5,240.0,0.0,20.0,EXCELLENT
2026-04-29 07:05:03,29.8,78.5,240.0,0.0,20.0,EXCELLENT
2026-04-29 07:05:05,29.8,78.5,243.0,0.0,21.0,EXCELLENT
2026-04-29 07:05:07,29.8,78.6,243.0,0.0,21.0,EXCELLENT
2026-04-29 07:05:09,29.8,78.6,247.0,0.0,22.3,EXCELLENT
2026-04-29 07:05:11,29.8,78.5,233.0,0.0,17.7,EXCELLENT
2026-04-29 07:05:13,29.8,78.6,247.0,0.0,22.3,EXCELLENT
2026-04-29 07:05:15,29.8,78.5,240.0,0.0,20.0,EXCELLENT
2026-04-29 07:05:17,29.8,78.6,246.0,0.0,22.0,EXCELLENT
2026-04-29 07:05:19,29.8,78.5,240.0,0.0,20.0,EXCELLENT
2026-04-29 07:05:21,29.8,78.6,241.0,0.0,20.3,EXCELLENT
2026-04-29 07:05:23,29.8,78.5,243.0,0.0,21.0,EXCELLENT
2026-04-29 07:05:25,29.8,78.5,240.0,0.0,20.0,EXCELLENT
2026-04-29 07:05:27,29.8,78.5,240.0,0.0,20.0,EXCELLENT
2026-04-29 07:05:29,29.8,78.5,247.0,0.0,22.3,EXCELLENT
2026-04-29 07:05:31,29.8,78.5,245.0,0.0,21.7,EXCELLENT
2026-04-29 07:05:33,29.8,78.5,246.0,0.0,22.0,EXCELLENT
2026-04-29 07:05:35,29.8,78.5,240.0,0.0,20.0,EXCELLENT
2026-04-29 07:05:37,29.8,78.5,239.0,0.0,19.7,EXCELLENT
2026-04-29 07:05:39,29.8,78.5,243.0,0.0,21.0,EXCELLENT
2026-04-29 07:05:41,29.8,78.5,240.0,0.0,20.0,EXCELLENT
2026-04-29 07:05:43,29.8,78.5,242.0,0.0,20.7,EXCELLENT
2026-04-29 07:05:45,29.8,78.5,245.0,0.0,21.7,EXCELLENT
2026-04-29 07:05:47,29.8,78.5,244.0,0.0,21.3,EXCELLENT
2026-04-29 07:05:49,29.8,78.5,242.0,0.0,20.7,EXCELLENT
2026-04-29 07:05:51,29.8,78.5,240.0,0.0,20.0,EXCELLENT
2026-04-29 07:05:53,29.8,78.5,239.0,0.0,19.7,EXCELLENT
2026-04-29 07:05:55,29.8,78.6,244.0,0.0,21.3,EXCELLENT
2026-04-29 07:05:57,29.8,78.5,246.0,0.0,22.0,EXCELLENT
2026-04-29 07:05:59,29.8,78.5,240.0,0.0,20.0,EXCELLENT
2026-04-29 07:06:01,29.8,78.5,246.0,0.0,22.0,EXCELLENT
2026-04-29 07:06:03,29.8,78.6,240.0,0.0,20.0,EXCELLENT
2026-04-29 07:06:05,29.8,78.6,240.0,0.0,20.0,EXCELLENT
2026-04-29 07:06:07,29.8,78.5,239.0,0.0,19.7,EXCELLENT
2026-04-29 07:06:09,29.8,78.5,239.0,0.0,19.7,EXCELLENT
2026-04-29 07:06:11,29.8,78.6,240.0,0.0,20.0,EXCELLENT
2026-04-29 07:06:13,29.8,78.5,245.0,0.0,21.7,EXCELLENT
2026-04-29 07:06:15,29.8,78.6,247.0,0.0,22.3,EXCELLENT
2026-04-29 07:06:17,29.8,78.5,243.0,0.0,21.0,EXCELLENT
2026-04-29 07:06:19,29.8,78.5,239.0,0.0,19.7,EXCELLENT
2026-04-29 07:06:21,29.8,78.6,243.0,0.0,21.0,EXCELLENT
2026-04-29 07:06:23,29.7,78.5,245.0,0.0,21.7,EXCELLENT
2026-04-29 07:06:25,29.8,78.5,242.0,0.0,20.7,EXCELLENT
2026-04-29 07:06:27,29.8,78.5,243.0,0.0,21.0,EXCELLENT
2026-04-29 07:06:29,29.8,78.5,238.0,0.0,19.3,EXCELLENT
2026-04-29 07:06:31,29.8,78.5,245.0,0.0,21.7,EXCELLENT
2026-04-29 07:06:33,29.8,78.5,242.0,0.0,20.7,EXCELLENT
2026-04-29 07:06:35,29.8,78.5,243.0,0.0,21.0,EXCELLENT
2026-04-29 07:06:37,29.8,78.5,244.0,0.0,21.3,EXCELLENT
2026-04-29 07:06:39,29.8,78.5,243.0,0.0,21.0,EXCELLENT
2026-04-29 07:06:41,29.7,78.5,245.0,0.0,21.7,EXCELLENT
2026-04-29 07:06:43,29.7,78.5,237.0,0.0,19.0,EXCELLENT
2026-04-29 07:06:45,29.8,78.5,240.0,0.0,20.0,EXCELLENT
2026-04-29 07:06:47,29.7,78.5,240.0,0.0,20.0,EXCELLENT
2026-04-29 07:06:49,29.8,78.5,242.0,0.0,20.7,EXCELLENT
2026-04-29 07:06:51,29.8,78.5,235.0,0.0,18.3,EXCELLENT
2026-04-29 07:06:53,29.8,78.5,242.0,0.0,20.7,EXCELLENT
2026-04-29 07:06:55,29.8,78.5,237.0,0.0,19.0,EXCELLENT
2026-04-29 07:06:57,29.7,78.5,240.0,0.0,20.0,EXCELLENT
2026-04-29 07:06:59,29.8,78.5,242.0,0.0,20.7,EXCELLENT
2026-04-29 07:07:01,29.8,78.5,240.0,0.0,20.0,EXCELLENT
2026-04-29 07:07:03,29.8,78.5,244.0,0.0,21.3,EXCELLENT
2026-04-29 07:07:05,29.8,78.5,243.0,0.0,21.0,EXCELLENT
2026-04-29 07:07:07,29.8,78.5,239.0,0.0,19.7,EXCELLENT
2026-04-29 07:07:09,29.8,78.4,243.0,0.0,21.0,EXCELLENT
2026-04-29 07:07:11,29.8,78.5,240.0,0.0,20.0,EXCELLENT
2026-04-29 07:07:13,29.8,78.5,243.0,0.0,21.0,EXCELLENT
2026-04-29 07:07:15,29.8,78.5,246.0,0.0,22.0,EXCELLENT
2026-04-29 07:07:17,29.8,78.5,242.0,0.0,20.7,EXCELLENT
2026-04-29 07:07:19,29.8,78.6,240.0,0.0,20.0,EXCELLENT
2026-04-29 07:07:21,29.8,78.5,240.0,0.0,20.0,EXCELLENT
2026-04-29 07:07:23,29.8,78.5,239.0,0.0,19.7,EXCELLENT
2026-04-29 07:07:25,29.8,78.5,241.0,0.0,20.3,EXCELLENT
2026-04-29 07:07:27,29.8,78.5,246.0,0.0,22.0,EXCELLENT
2026-04-29 07:07:29,29.8,78.5,241.0,0.0,20.3,EXCELLENT
2026-04-29 07:07:31,29.8,78.5,239.0,0.0,19.7,EXCELLENT
2026-04-29 07:07:33,29.8,78.6,240.0,0.0,20.0,EXCELLENT
2026-04-29 07:07:35,29.8,78.5,240.0,0.0,20.0,EXCELLENT
2026-04-29 07:07:37,29.8,78.6,240.0,0.0,20.0,EXCELLENT
2026-04-29 07:07:39,29.8,78.5,241.0,0.0,20.3,EXCELLENT
2026-04-29 07:07:41,29.8,78.5,240.0,0.0,20.0,EXCELLENT
2026-04-29 07:07:43,29.8,78.6,243.0,0.0,21.0,EXCELLENT
2026-04-29 07:07:45,29.8,78.6,233.0,0.0,17.7,EXCELLENT
2026-04-29 07:07:47,29.8,78.5,246.0,0.0,22.0,EXCELLENT
2026-04-29 07:07:49,29.8,78.5,240.0,0.0,20.0,EXCELLENT
2026-04-29 07:07:51,29.7,78.5,236.0,0.0,18.7,EXCELLENT
2026-04-29 07:07:53,29.8,78.5,246.0,0.0,22.0,EXCELLENT
2026-04-29 07:07:55,29.8,78.5,238.0,0.0,19.3,EXCELLENT
2026-04-29 07:07:57,29.8,78.6,244.0,0.0,21.3,EXCELLENT
2026-04-29 07:07:59,29.8,78.5,241.0,0.0,20.3,EXCELLENT
2026-04-29 07:08:01,29.8,78.5,243.0,0.0,21.0,EXCELLENT
2026-04-29 07:08:03,29.8,78.5,237.0,0.0,19.0,EXCELLENT
2026-04-29 07:08:05,29.8,78.5,241.0,0.0,20.3,EXCELLENT
2026-04-29 07:08:07,29.8,78.5,241.0,0.0,20.3,EXCELLENT
2026-04-29 07:08:09,29.8,78.5,240.0,0.0,20.0,EXCELLENT
2026-04-29 07:08:11,29.8,78.6,236.0,0.0,18.7,EXCELLENT
2026-04-29 07:08:13,29.8,78.5,237.0,0.0,19.0,EXCELLENT
2026-04-29 07:08:15,29.8,78.5,239.0,0.0,19.7,EXCELLENT
2026-04-29 07:08:17,29.7,78.5,240.0,0.0,20.0,EXCELLENT
2026-04-29 07:08:19,29.7,78.6,238.0,0.0,19.3,EXCELLENT
2026-04-29 07:08:21,29.8,78.4,238.0,0.0,19.3,EXCELLENT
2026-04-29 07:08:23,29.8,78.5,245.0,0.0,21.7,EXCELLENT
2026-04-29 07:08:25,29.8,78.5,240.0,0.0,20.0,EXCELLENT
2026-04-29 07:08:27,29.8,78.5,242.0,0.0,20.7,EXCELLENT
2026-04-29 07:08:29,29.8,78.5,241.0,0.0,20.3,EXCELLENT
2026-04-29 07:08:31,29.8,78.5,237.0,0.0,19.0,EXCELLENT
2026-04-29 07:08:33,29.8,78.5,239.0,0.0,19.7,EXCELLENT
2026-04-29 07:08:35,29.8,78.5,243.0,0.0,21.0,EXCELLENT
2026-04-29 07:08:37,29.8,78.5,243.0,0.0,21.0,EXCELLENT
2026-04-29 07:08:39,29.8,78.5,242.0,0.0,20.7,EXCELLENT
2026-04-29 07:08:41,29.8,78.5,242.0,0.0,20.7,EXCELLENT
2026-04-29 07:08:43,29.8,78.5,239.0,0.0,19.7,EXCELLENT
2026-04-29 07:08:45,29.8,78.5,244.0,0.0,21.3,EXCELLENT
2026-04-29 07:08:47,29.8,78.5,240.0,0.0,20.0,EXCELLENT
2026-04-29 07:08:49,29.8,78.5,241.0,0.0,20.3,EXCELLENT
2026-04-29 07:08:51,29.8,78.5,240.0,0.0,20.0,EXCELLENT
2026-04-29 07:08:53,29.8,78.5,241.0,0.0,20.3,EXCELLENT
2026-04-29 07:08:55,29.8,78.5,239.0,0.0,19.7,EXCELLENT
2026-04-29 07:08:57,29.8,78.5,240.0,0.0,20.0,EXCELLENT
2026-04-29 07:08:59,29.8,78.5,237.0,0.0,19.0,EXCELLENT
2026-04-29 07:09:01,29.8,78.5,240.0,0.0,20.0,EXCELLENT
2026-04-29 07:09:03,29.8,78.5,241.0,0.0,20.3,EXCELLENT
2026-04-29 07:09:05,29.8,78.5,240.0,0.0,20.0,EXCELLENT
2026-04-29 07:09:07,29.8,78.5,240.0,0.0,20.0,EXCELLENT
2026-04-29 07:09:09,29.8,78.5,243.0,0.0,21.0,EXCELLENT
2026-04-29 07:09:11,29.8,78.5,240.0,0.0,20.0,EXCELLENT
2026-04-29 07:09:13,29.8,78.5,245.0,0.0,21.7,EXCELLENT
2026-04-29 07:09:15,29.8,78.5,240.0,0.0,20.0,EXCELLENT
2026-04-29 07:09:17,29.8,78.5,237.0,0.0,19.0,EXCELLENT
2026-04-29 07:09:19,29.8,78.5,240.0,0.0,20.0,EXCELLENT
2026-04-29 07:09:21,29.8,78.5,240.0,0.0,20.0,EXCELLENT
2026-04-29 07:09:23,29.8,78.5,240.0,0.0,20.0,EXCELLENT
2026-04-29 07:09:25,29.8,78.5,237.0,0.0,19.0,EXCELLENT
2026-04-29 07:09:27,29.8,78.5,239.0,0.0,19.7,EXCELLENT
2026-04-29 07:09:29,29.8,78.4,240.0,0.0,20.0,EXCELLENT
2026-04-29 07:09:31,29.8,78.5,234.0,0.0,18.0,EXCELLENT
2026-04-29 07:09:33,29.8,78.5,238.0,0.0,19.3,EXCELLENT
2026-04-29 07:09:35,29.8,78.5,236.0,0.0,18.7,EXCELLENT
2026-04-29 07:09:37,29.8,78.5,239.0,0.0,19.7,EXCELLENT
2026-04-29 07:09:39,29.7,78.5,241.0,0.0,20.3,EXCELLENT
2026-04-29 07:09:41,29.8,78.5,242.0,0.0,20.7,EXCELLENT
2026-04-29 07:09:43,29.8,78.5,241.0,0.0,20.3,EXCELLENT
2026-04-29 07:09:45,29.8,78.5,240.0,0.0,20.0,EXCELLENT
2026-04-29 07:09:47,29.8,78.5,240.0,0.0,20.0,EXCELLENT
2026-04-29 07:09:49,29.8,78.5,243.0,0.0,21.0,EXCELLENT
2026-04-29 07:09:51,29.8,78.5,245.0,0.0,21.7,EXCELLENT
2026-04-29 07:09:53,29.8,78.6,240.0,0.0,20.0,EXCELLENT
2026-04-29 07:09:55,29.8,78.5,240.0,0.0,20.0,EXCELLENT
2026-04-29 07:09:57,29.8,78.5,240.0,0.0,20.0,EXCELLENT
2026-04-29 07:09:59,29.8,78.5,245.0,0.0,21.7,EXCELLENT
2026-04-29 07:10:01,29.8,78.6,243.0,0.0,21.0,EXCELLENT
2026-04-29 07:10:03,29.7,78.5,243.0,0.0,21.0,EXCELLENT
2026-04-29 07:10:05,29.8,78.5,237.0,0.0,19.0,EXCELLENT
2026-04-29 07:10:07,29.8,78.6,243.0,0.0,21.0,EXCELLENT
2026-04-29 07:10:09,29.8,78.5,247.0,0.0,22.3,EXCELLENT
2026-04-29 07:10:11,29.8,78.6,245.0,0.0,21.7,EXCELLENT
2026-04-29 07:10:13,29.8,78.5,233.0,0.0,17.7,EXCELLENT
2026-04-29 07:10:15,29.8,78.6,249.0,0.0,23.0,EXCELLENT
2026-04-29 07:10:17,29.8,78.6,242.0,0.0,20.7,EXCELLENT
2026-04-29 07:10:19,29.8,78.5,241.0,0.0,20.3,EXCELLENT
2026-04-29 07:10:21,29.8,78.6,240.0,0.0,20.0,EXCELLENT
2026-04-29 07:10:23,29.8,78.6,235.0,0.0,18.3,EXCELLENT
2026-04-29 07:10:25,29.8,78.5,239.0,0.0,19.7,EXCELLENT
2026-04-29 07:10:27,29.8,78.6,240.0,0.0,20.0,EXCELLENT
2026-04-29 07:10:29,29.8,78.5,240.0,0.0,20.0,EXCELLENT
2026-04-29 07:10:31,29.8,78.5,242.0,0.0,20.7,EXCELLENT
2026-04-29 07:10:33,29.8,78.5,241.0,0.0,20.3,EXCELLENT
2026-04-29 07:10:35,29.8,78.5,249.0,0.0,23.0,EXCELLENT
2026-04-29 07:10:37,29.8,78.5,242.0,0.0,20.7,EXCELLENT
2026-04-29 07:10:39,29.8,78.6,240.0,0.0,20.0,EXCELLENT
2026-04-29 07:10:41,29.8,78.5,238.0,0.0,19.3,EXCELLENT
2026-04-29 07:10:43,29.8,78.6,240.0,0.0,20.0,EXCELLENT
2026-04-29 07:10:45,29.8,78.5,243.0,0.0,21.0,EXCELLENT
2026-04-29 07:10:47,29.8,78.6,245.0,0.0,21.7,EXCELLENT
2026-04-29 07:10:49,29.8,78.5,236.0,0.0,18.7,EXCELLENT
2026-04-29 07:10:51,29.8,78.6,240.0,0.0,20.0,EXCELLENT
2026-04-29 07:10:53,29.8,78.5,242.0,0.0,20.7,EXCELLENT
2026-04-29 07:10:55,29.8,78.5,236.0,0.0,18.7,EXCELLENT
2026-04-29 07:10:57,29.8,78.6,239.0,0.0,19.7,EXCELLENT
2026-04-29 07:10:59,29.8,78.5,233.0,0.0,17.7,EXCELLENT
2026-04-29 07:11:01,29.8,78.5,241.0,0.0,20.3,EXCELLENT
2026-04-29 07:11:03,29.8,78.5,243.0,0.0,21.0,EXCELLENT
2026-04-29 07:11:05,29.8,78.5,243.0,0.0,21.0,EXCELLENT
2026-04-29 07:11:07,29.8,78.5,239.0,0.0,19.7,EXCELLENT
2026-04-29 07:11:09,29.8,78.5,234.0,0.0,18.0,EXCELLENT
2026-04-29 07:11:11,29.8,78.5,244.0,0.0,21.3,EXCELLENT
2026-04-29 07:11:13,29.8,78.5,238.0,0.0,19.3,EXCELLENT
2026-04-29 07:11:15,29.8,78.6,241.0,0.0,20.3,EXCELLENT
2026-04-29 07:11:17,29.8,78.5,240.0,0.0,20.0,EXCELLENT
2026-04-29 07:11:19,29.8,78.6,246.0,0.0,22.0,EXCELLENT
2026-04-29 07:11:21,29.8,78.5,239.0,0.0,19.7,EXCELLENT
2026-04-29 07:11:23,29.8,78.5,237.0,0.0,19.0,EXCELLENT
2026-04-29 07:11:25,29.8,78.5,242.0,0.0,20.7,EXCELLENT
2026-04-29 07:11:27,29.8,78.5,240.0,0.0,20.0,EXCELLENT
2026-04-29 07:11:29,29.8,78.5,237.0,0.0,19.0,EXCELLENT
2026-04-29 07:11:31,29.8,78.5,239.0,0.0,19.7,EXCELLENT
2026-04-29 07:11:33,29.8,78.5,241.0,0.0,20.3,EXCELLENT
2026-04-29 07:11:35,29.7,78.5,235.0,0.0,18.3,EXCELLENT
2026-04-29 07:11:37,29.8,78.6,237.0,0.0,19.0,EXCELLENT
2026-04-29 07:11:39,29.8,78.5,239.0,0.0,19.7,EXCELLENT
2026-04-29 07:11:41,29.8,78.6,240.0,0.0,20.0,EXCELLENT
2026-04-29 07:11:43,29.8,78.5,243.0,0.0,21.0,EXCELLENT
2026-04-29 07:11:45,29.8,78.5,240.0,0.0,20.0,EXCELLENT
2026-04-29 07:11:47,29.8,78.5,242.0,0.0,20.7,EXCELLENT
2026-04-29 07:11:49,29.8,78.5,239.0,0.0,19.7,EXCELLENT
2026-04-29 07:11:51,29.8,78.5,243.0,0.0,21.0,EXCELLENT
2026-04-29 07:11:53,29.8,78.5,241.0,0.0,20.3,EXCELLENT
2026-04-29 07:11:55,29.8,78.4,246.0,0.0,22.0,EXCELLENT
2026-04-29 07:11:57,29.8,78.5,240.0,0.0,20.0,EXCELLENT
2026-04-29 07:11:59,29.8,78.5,242.0,0.0,20.7,EXCELLENT
2026-04-29 07:12:01,29.7,78.5,240.0,0.0,20.0,EXCELLENT
2026-04-29 07:12:03,29.8,78.5,245.0,0.0,21.7,EXCELLENT
2026-04-29 07:12:05,29.8,78.5,244.0,0.0,21.3,EXCELLENT
2026-04-29 07:12:07,29.8,78.5,234.0,0.0,18.0,EXCELLENT
2026-04-29 07:12:09,29.8,78.5,245.0,0.0,21.7,EXCELLENT
2026-04-29 07:12:11,29.8,78.5,246.0,0.0,22.0,EXCELLENT
2026-04-29 07:12:13,29.8,78.5,240.0,0.0,20.0,EXCELLENT
2026-04-29 07:12:15,29.8,78.5,230.0,0.0,16.7,EXCELLENT
2026-04-29 07:12:17,29.8,78.5,242.0,0.0,20.7,EXCELLENT
2026-04-29 07:12:19,29.8,78.4,245.0,0.0,21.7,EXCELLENT
2026-04-29 07:12:21,29.8,78.5,238.0,0.0,19.3,EXCELLENT
2026-04-29 07:12:23,29.8,78.5,236.0,0.0,18.7,EXCELLENT
2026-04-29 07:12:25,29.8,78.5,242.0,0.0,20.7,EXCELLENT
2026-04-29 07:12:27,29.8,78.5,243.0,0.0,21.0,EXCELLENT
2026-04-29 07:12:29,29.8,78.5,240.0,0.0,20.0,EXCELLENT
2026-04-29 07:12:31,29.8,78.5,240.0,0.0,20.0,EXCELLENT
2026-04-29 07:12:33,29.8,78.5,240.0,0.0,20.0,EXCELLENT
2026-04-29 07:12:35,29.8,78.5,236.0,0.0,18.7,EXCELLENT
2026-04-29 07:12:37,29.8,78.5,238.0,0.0,19.3,EXCELLENT
2026-04-29 07:12:39,29.8,78.5,243.0,0.0,21.0,EXCELLENT
2026-04-29 07:12:41,29.8,78.5,245.0,0.0,21.7,EXCELLENT
2026-04-29 07:12:43,29.8,78.6,235.0,0.0,18.3,EXCELLENT
2026-04-29 07:12:45,29.8,78.5,240.0,0.0,20.0,EXCELLENT
2026-04-29 07:12:47,29.8,78.5,233.0,0.0,17.7,EXCELLENT
2026-04-29 07:12:49,29.8,78.5,245.0,0.0,21.7,EXCELLENT
2026-04-29 07:12:51,29.8,78.5,236.0,0.0,18.7,EXCELLENT
2026-04-29 07:12:53,29.8,78.5,245.0,0.0,21.7,EXCELLENT
2026-04-29 07:12:55,29.8,78.5,236.0,0.0,18.7,EXCELLENT
2026-04-29 07:12:57,29.8,78.5,241.0,0.0,20.3,EXCELLENT
2026-04-29 07:12:59,29.8,78.5,240.0,0.0,20.0,EXCELLENT
2026-04-29 07:13:01,29.8,78.5,238.0,0.0,19.3,EXCELLENT
2026-04-29 07:13:03,29.8,78.5,240.0,0.0,20.0,EXCELLENT
2026-04-29 07:13:05,29.8,78.5,240.0,0.0,20.0,EXCELLENT
2026-04-29 07:13:07,29.8,78.5,243.0,0.0,21.0,EXCELLENT
2026-04-29 07:13:09,29.8,78.5,241.0,0.0,20.3,EXCELLENT
2026-04-29 07:13:11,29.8,78.5,249.0,0.0,23.0,EXCELLENT
2026-04-29 07:13:13,29.8,78.5,243.0,0.0,21.0,EXCELLENT
2026-04-29 07:13:15,29.8,78.5,240.0,0.0,20.0,EXCELLENT
2026-04-29 07:13:17,29.8,78.6,238.0,0.0,19.3,EXCELLENT
2026-04-29 07:13:19,29.8,78.6,240.0,0.0,20.0,EXCELLENT
2026-04-29 07:13:21,29.8,78.6,239.0,0.0,19.7,EXCELLENT
2026-04-29 07:13:23,29.8,78.6,240.0,0.0,20.0,EXCELLENT
2026-04-29 07:13:25,29.7,78.6,241.0,0.0,20.3,EXCELLENT
2026-04-29 07:13:27,29.8,78.5,240.0,0.0,20.0,EXCELLENT
2026-04-29 07:13:29,29.8,78.5,236.0,0.0,18.7,EXCELLENT
2026-04-29 07:13:31,29.7,78.5,242.0,0.0,20.7,EXCELLENT
2026-04-29 07:13:33,29.8,78.5,244.0,0.0,21.3,EXCELLENT
2026-04-29 07:13:35,29.8,78.5,240.0,0.0,20.0,EXCELLENT
2026-04-29 07:13:37,29.7,78.5,239.0,0.0,19.7,EXCELLENT
2026-04-29 07:13:39,29.8,78.5,240.0,0.0,20.0,EXCELLENT
2026-04-29 07:13:41,29.8,78.6,239.0,0.0,19.7,EXCELLENT
2026-04-29 07:13:43,29.8,78.5,236.0,0.0,18.7,EXCELLENT
2026-04-29 07:13:45,29.8,78.5,238.0,0.0,19.3,EXCELLENT
2026-04-29 07:13:47,29.8,78.5,244.0,0.0,21.3,EXCELLENT
2026-04-29 07:13:49,29.8,78.5,234.0,0.0,18.0,EXCELLENT
2026-04-29 07:13:51,29.8,78.6,237.0,0.0,19.0,EXCELLENT
2026-04-29 07:13:53,29.8,78.6,240.0,0.0,20.0,EXCELLENT
2026-04-29 07:13:55,29.8,78.5,240.0,0.0,20.0,EXCELLENT
2026-04-29 07:13:57,29.8,78.5,240.0,0.0,20.0,EXCELLENT
2026-04-29 07:13:59,29.8,78.6,234.0,0.0,18.0,EXCELLENT
2026-04-29 07:14:01,29.8,78.5,238.0,0.0,19.3,EXCELLENT
2026-04-29 07:14:03,29.8,78.5,243.0,0.0,21.0,EXCELLENT
2026-04-29 07:14:05,29.8,78.5,231.0,0.0,17.0,EXCELLENT
2026-04-29 07:14:07,29.8,78.5,243.0,0.0,21.0,EXCELLENT
2026-04-29 07:14:09,29.8,78.5,240.0,0.0,20.0,EXCELLENT
2026-04-29 07:14:11,29.8,78.5,242.0,0.0,20.7,EXCELLENT
2026-04-29 07:14:13,29.8,78.5,241.0,0.0,20.3,EXCELLENT
2026-04-29 07:14:15,29.8,78.5,240.0,0.0,20.0,EXCELLENT
2026-04-29 07:14:17,29.7,78.5,243.0,0.0,21.0,EXCELLENT
2026-04-29 07:14:19,29.8,78.5,242.0,0.0,20.7,EXCELLENT
2026-04-29 07:14:21,29.8,78.5,231.0,0.0,17.0,EXCELLENT
2026-04-29 07:14:23,29.8,78.6,238.0,0.0,19.3,EXCELLENT
2026-04-29 07:14:25,29.8,78.5,241.0,0.0,20.3,EXCELLENT
2026-04-29 07:14:27,29.8,78.5,240.0,0.0,20.0,EXCELLENT
2026-04-29 07:14:29,29.8,78.5,240.0,0.0,20.0,EXCELLENT
2026-04-29 07:14:31,29.8,78.5,239.0,0.0,19.7,EXCELLENT
2026-04-29 07:14:33,29.7,78.5,240.0,0.0,20.0,EXCELLENT
2026-04-29 07:14:35,29.8,78.5,237.0,0.0,19.0,EXCELLENT
2026-04-29 07:14:37,29.7,78.5,239.0,0.0,19.7,EXCELLENT
2026-04-29 07:14:39,29.8,78.5,245.0,0.0,21.7,EXCELLENT
2026-04-29 07:14:41,29.8,78.4,237.0,0.0,19.0,EXCELLENT
2026-04-29 07:14:43,29.8,78.5,242.0,0.0,20.7,EXCELLENT
2026-04-29 07:14:45,29.8,78.5,242.0,0.0,20.7,EXCELLENT
2026-04-29 07:14:47,29.8,78.5,243.0,0.0,21.0,EXCELLENT
2026-04-29 07:14:49,29.8,78.5,242.0,0.0,20.7,EXCELLENT
2026-04-29 07:14:51,29.8,78.5,234.0,0.0,18.0,EXCELLENT
2026-04-29 07:14:53,29.8,78.5,240.0,0.0,20.0,EXCELLENT
2026-04-29 07:14:55,29.8,78.5,235.0,0.0,18.3,EXCELLENT
2026-04-29 07:14:57,29.8,78.5,241.0,0.0,20.3,EXCELLENT
2026-04-29 07:14:59,29.8,78.5,242.0,0.0,20.7,EXCELLENT
2026-04-29 07:15:01,29.8,78.5,246.0,0.0,22.0,EXCELLENT
2026-04-29 07:15:03,29.8,78.5,240.0,0.0,20.0,EXCELLENT
2026-04-29 07:15:05,29.8,78.5,242.0,0.0,20.7,EXCELLENT
2026-04-29 07:15:07,29.8,78.6,237.0,0.0,19.0,EXCELLENT
2026-04-29 07:15:09,29.8,78.5,237.0,0.0,19.0,EXCELLENT
2026-04-29 07:15:11,29.8,78.5,240.0,0.0,20.0,EXCELLENT
2026-04-29 07:15:13,29.8,78.5,240.0,0.0,20.0,EXCELLENT
2026-04-29 07:15:15,29.8,78.5,244.0,0.0,21.3,EXCELLENT
2026-04-29 07:15:17,29.8,78.5,245.0,0.0,21.7,EXCELLENT
2026-04-29 07:15:19,29.8,78.6,242.0,0.0,20.7,EXCELLENT
2026-04-29 07:15:21,29.8,78.5,237.0,0.0,19.0,EXCELLENT
2026-04-29 07:15:23,29.8,78.4,236.0,0.0,18.7,EXCELLENT
2026-04-29 07:15:25,29.8,78.5,239.0,0.0,19.7,EXCELLENT
2026-04-29 07:15:27,29.8,78.5,237.0,0.0,19.0,EXCELLENT
2026-04-29 07:15:29,29.7,78.5,245.0,0.0,21.7,EXCELLENT
2026-04-29 07:15:31,29.8,78.5,239.0,0.0,19.7,EXCELLENT
2026-04-29 07:15:33,29.8,78.5,239.0,0.0,19.7,EXCELLENT
2026-04-29 07:15:35,29.8,78.5,235.0,0.0,18.3,EXCELLENT
2026-04-29 07:15:37,29.8,78.5,242.0,0.0,20.7,EXCELLENT
2026-04-29 07:15:39,29.8,78.5,237.0,0.0,19.0,EXCELLENT
2026-04-29 07:15:41,29.8,78.5,239.0,0.0,19.7,EXCELLENT
2026-04-29 07:15:43,29.8,78.5,240.0,0.0,20.0,EXCELLENT
2026-04-29 07:15:45,29.8,78.4,240.0,0.0,20.0,EXCELLENT
2026-04-29 07:15:47,29.8,78.5,243.0,0.0,21.0,EXCELLENT
2026-04-29 07:15:49,29.8,78.5,240.0,0.0,20.0,EXCELLENT
2026-04-29 07:15:51,29.8,78.5,242.0,0.0,20.7,EXCELLENT
2026-04-29 07:15:53,29.8,78.5,231.0,0.0,17.0,EXCELLENT
2026-04-29 07:15:55,29.8,78.5,238.0,0.0,19.3,EXCELLENT
2026-04-29 07:15:57,29.8,78.5,240.0,0.0,20.0,EXCELLENT
2026-04-29 07:15:59,29.8,78.5,240.0,0.0,20.0,EXCELLENT
2026-04-29 07:16:01,29.8,78.5,239.0,0.0,19.7,EXCELLENT
2026-04-29 07:16:03,29.8,78.5,240.0,0.0,20.0,EXCELLENT
2026-04-29 07:16:05,29.8,78.5,240.0,0.0,20.0,EXCELLENT
2026-04-29 07:16:07,29.8,78.4,240.0,0.0,20.0,EXCELLENT
2026-04-29 07:16:09,29.8,78.5,238.0,0.0,19.3,EXCELLENT
2026-04-29 07:16:11,29.8,78.4,237.0,0.0,19.0,EXCELLENT
2026-04-29 07:16:13,29.8,78.5,238.0,0.0,19.3,EXCELLENT
2026-04-29 07:16:15,29.8,78.5,241.0,0.0,20.3,EXCELLENT
2026-04-29 07:16:17,29.8,78.5,243.0,0.0,21.0,EXCELLENT
2026-04-29 07:16:19,29.8,78.4,239.0,0.0,19.7,EXCELLENT
2026-04-29 07:16:21,29.8,78.4,240.0,0.0,20.0,EXCELLENT
2026-04-29 07:16:23,29.8,78.4,237.0,0.0,19.0,EXCELLENT
2026-04-29 07:16:25,29.8,78.4,235.0,0.0,18.3,EXCELLENT
2026-04-29 07:16:27,29.8,78.4,233.0,0.0,17.7,EXCELLENT
2026-04-29 07:16:29,29.8,78.4,239.0,0.0,19.7,EXCELLENT
2026-04-29 07:16:31,29.7,78.5,242.0,0.0,20.7,EXCELLENT
2026-04-29 07:16:33,29.8,78.4,240.0,0.0,20.0,EXCELLENT
2026-04-29 07:16:35,29.8,78.4,243.0,0.0,21.0,EXCELLENT
2026-04-29 07:16:37,29.7,78.4,240.0,0.0,20.0,EXCELLENT
2026-04-29 07:16:39,29.8,78.4,239.0,0.0,19.7,EXCELLENT
2026-04-29 07:16:41,29.8,78.4,234.0,0.0,18.0,EXCELLENT
2026-04-29 07:16:43,29.8,78.5,236.0,0.0,18.7,EXCELLENT
2026-04-29 07:16:45,29.8,78.5,239.0,0.0,19.7,EXCELLENT
2026-04-29 07:16:47,29.8,78.4,242.0,0.0,20.7,EXCELLENT
2026-04-29 07:16:49,29.8,78.5,240.0,0.0,20.0,EXCELLENT
2026-04-29 07:16:51,29.8,78.4,240.0,0.0,20.0,EXCELLENT
2026-04-29 07:16:53,29.8,78.4,237.0,0.0,19.0,EXCELLENT
2026-04-29 07:16:55,29.8,78.4,237.0,0.0,19.0,EXCELLENT
2026-04-29 07:16:57,29.8,78.5,239.0,0.0,19.7,EXCELLENT
2026-04-29 07:16:59,29.8,78.4,242.0,0.0,20.7,EXCELLENT
2026-04-29 07:17:01,29.7,78.4,239.0,0.0,19.7,EXCELLENT
2026-04-29 07:17:03,29.8,78.4,240.0,0.0,20.0,EXCELLENT
2026-04-29 07:17:05,29.8,78.4,240.0,0.0,20.0,EXCELLENT
2026-04-29 07:17:07,29.8,78.4,240.0,0.0,20.0,EXCELLENT
2026-04-29 07:17:09,29.7,78.4,241.0,0.0,20.3,EXCELLENT
2026-04-29 07:17:11,29.8,78.5,237.0,0.0,19.0,EXCELLENT
2026-04-29 07:17:13,29.8,78.4,241.0,0.0,20.3,EXCELLENT
2026-04-29 07:17:15,29.8,78.4,242.0,0.0,20.7,EXCELLENT
2026-04-29 07:17:17,29.8,78.5,239.0,0.0,19.7,EXCELLENT
2026-04-29 07:17:19,29.8,78.5,240.0,0.0,20.0,EXCELLENT
2026-04-29 07:17:21,29.8,78.5,240.0,0.0,20.0,EXCELLENT
2026-04-29 07:17:23,29.8,78.4,235.0,0.0,18.3,EXCELLENT
2026-04-29 07:17:25,29.8,78.4,240.0,0.0,20.0,EXCELLENT
2026-04-29 07:17:27,29.8,78.5,235.0,0.0,18.3,EXCELLENT
2026-04-29 07:17:29,29.8,78.4,234.0,0.0,18.0,EXCELLENT
2026-04-29 07:17:31,29.8,78.4,240.0,0.0,20.0,EXCELLENT
2026-04-29 07:17:33,29.8,78.5,239.0,0.0,19.7,EXCELLENT
2026-04-29 07:17:35,29.8,78.4,241.0,0.0,20.3,EXCELLENT
2026-04-29 07:17:37,29.7,78.5,240.0,0.0,20.0,EXCELLENT
2026-04-29 07:17:39,29.7,78.5,243.0,0.0,21.0,EXCELLENT
2026-04-29 07:17:41,29.8,78.5,240.0,0.0,20.0,EXCELLENT
2026-04-29 07:17:43,29.8,78.4,238.0,0.0,19.3,EXCELLENT
2026-04-29 07:17:45,29.7,78.5,242.0,0.0,20.7,EXCELLENT
2026-04-29 07:17:47,29.8,78.5,236.0,0.0,18.7,EXCELLENT
2026-04-29 07:17:49,29.8,78.4,240.0,0.0,20.0,EXCELLENT
2026-04-29 07:17:51,29.8,78.4,238.0,0.0,19.3,EXCELLENT
2026-04-29 07:17:53,29.8,78.4,243.0,0.0,21.0,EXCELLENT
2026-04-29 07:17:55,29.8,78.5,238.0,0.0,19.3,EXCELLENT
2026-04-29 07:17:57,29.8,78.5,240.0,0.0,20.0,EXCELLENT
2026-04-29 07:17:59,29.8,78.4,244.0,0.0,21.3,EXCELLENT
2026-04-29 07:18:01,29.8,78.4,240.0,0.0,20.0,EXCELLENT
2026-04-29 07:18:03,29.8,78.4,240.0,0.0,20.0,EXCELLENT
2026-04-29 07:18:05,29.8,78.5,239.0,0.0,19.7,EXCELLENT
2026-04-29 07:18:07,29.8,78.4,239.0,0.0,19.7,EXCELLENT
2026-04-29 07:18:09,29.8,78.4,242.0,0.0,20.7,EXCELLENT
2026-04-29 07:18:11,29.8,78.4,235.0,0.0,18.3,EXCELLENT
2026-04-29 07:18:13,29.8,78.4,240.0,0.0,20.0,EXCELLENT
2026-04-29 07:18:15,29.8,78.4,241.0,0.0,20.3,EXCELLENT
2026-04-29 07:18:17,29.8,78.4,240.0,0.0,20.0,EXCELLENT
2026-04-29 07:18:19,29.7,78.4,240.0,0.0,20.0,EXCELLENT
2026-04-29 07:18:21,29.8,78.5,244.0,0.0,21.3,EXCELLENT
2026-04-29 07:18:23,29.8,78.4,241.0,0.0,20.3,EXCELLENT
2026-04-29 07:18:25,29.8,78.5,238.0,0.0,19.3,EXCELLENT
2026-04-29 07:18:27,29.8,78.4,238.0,0.0,19.3,EXCELLENT
2026-04-29 07:18:29,29.8,78.4,237.0,0.0,19.0,EXCELLENT
2026-04-29 07:18:31,29.8,78.6,238.0,0.0,19.3,EXCELLENT
2026-04-29 07:18:33,29.8,78.5,239.0,0.0,19.7,EXCELLENT
2026-04-29 07:18:35,29.8,78.5,229.0,0.0,16.3,EXCELLENT
2026-04-29 07:18:37,29.8,78.5,239.0,0.0,19.7,EXCELLENT
2026-04-29 07:18:39,29.8,78.5,240.0,0.0,20.0,EXCELLENT
2026-04-29 07:18:41,29.8,78.4,241.0,0.0,20.3,EXCELLENT
2026-04-29 07:18:43,29.8,78.4,231.0,0.0,17.0,EXCELLENT
2026-04-29 07:18:45,29.8,78.4,237.0,0.0,19.0,EXCELLENT
2026-04-29 07:18:47,29.8,78.5,240.0,0.0,20.0,EXCELLENT
2026-04-29 07:18:49,29.8,78.5,240.0,0.0,20.0,EXCELLENT
2026-04-29 07:18:51,29.8,78.4,234.0,0.0,18.0,EXCELLENT
2026-04-29 07:18:53,29.8,78.4,240.0,0.0,20.0,EXCELLENT
2026-04-29 07:18:55,29.8,78.4,240.0,0.0,20.0,EXCELLENT
2026-04-29 07:18:57,29.8,78.5,242.0,0.0,20.7,EXCELLENT
2026-04-29 07:18:59,29.8,78.4,234.0,0.0,18.0,EXCELLENT
2026-04-29 07:19:01,29.8,78.5,242.0,0.0,20.7,EXCELLENT
2026-04-29 07:19:03,29.8,78.5,235.0,0.0,18.3,EXCELLENT
2026-04-29 07:19:05,29.8,78.5,241.0,0.0,20.3,EXCELLENT
2026-04-29 07:19:07,29.8,78.4,243.0,0.0,21.0,EXCELLENT
2026-04-29 07:19:09,29.8,78.5,238.0,0.0,19.3,EXCELLENT
2026-04-29 07:19:11,29.8,78.5,228.0,0.0,16.0,EXCELLENT
2026-04-29 07:19:13,29.8,78.5,240.0,0.0,20.0,EXCELLENT
2026-04-29 07:19:15,29.8,78.4,239.0,0.0,19.7,EXCELLENT
2026-04-29 07:19:17,29.7,78.5,239.0,0.0,19.7,EXCELLENT
2026-04-29 07:19:19,29.8,78.4,240.0,0.0,20.0,EXCELLENT
2026-04-29 07:19:21,29.8,78.5,240.0,0.0,20.0,EXCELLENT
2026-04-29 07:19:23,29.8,78.5,236.0,0.0,18.7,EXCELLENT
2026-04-29 07:19:25,29.8,78.5,238.0,0.0,19.3,EXCELLENT
2026-04-29 07:19:27,29.8,78.4,241.0,0.0,20.3,EXCELLENT
2026-04-29 07:19:29,29.8,78.5,241.0,0.0,20.3,EXCELLENT
2026-04-29 07:19:31,29.8,78.5,240.0,0.0,20.0,EXCELLENT
2026-04-29 07:19:33,29.8,78.4,240.0,0.0,20.0,EXCELLENT
2026-04-29 07:19:35,29.8,78.5,240.0,0.0,20.0,EXCELLENT
2026-04-29 07:19:37,29.8,78.5,242.0,0.0,20.7,EXCELLENT
2026-04-29 07:19:39,29.8,78.4,241.0,0.0,20.3,EXCELLENT
2026-04-29 07:19:41,29.8,78.4,238.0,0.0,19.3,EXCELLENT
2026-04-29 07:19:43,29.8,78.5,236.0,0.0,18.7,EXCELLENT
2026-04-29 07:19:45,29.8,78.4,242.0,0.0,20.7,EXCELLENT
2026-04-29 07:19:47,29.8,78.5,238.0,0.0,19.3,EXCELLENT
2026-04-29 07:19:49,29.8,78.5,241.0,0.0,20.3,EXCELLENT
2026-04-29 07:19:51,29.8,78.5,241.0,0.0,20.3,EXCELLENT
2026-04-29 07:19:53,29.8,78.4,237.0,0.0,19.0,EXCELLENT
2026-04-29 07:19:55,29.7,78.4,235.0,0.0,18.3,EXCELLENT
2026-04-29 07:19:57,29.7,78.4,233.0,0.0,17.7,EXCELLENT
2026-04-29 07:19:59,29.8,78.5,234.0,0.0,18.0,EXCELLENT
2026-04-29 07:20:01,29.8,78.4,238.0,0.0,19.3,EXCELLENT
2026-04-29 07:20:03,29.8,78.5,234.0,0.0,18.0,EXCELLENT
2026-04-29 07:20:05,29.8,78.4,246.0,0.0,22.0,EXCELLENT
2026-04-29 07:20:07,29.8,78.4,239.0,0.0,19.7,EXCELLENT
2026-04-29 07:20:09,29.8,78.4,240.0,0.0,20.0,EXCELLENT
2026-04-29 07:20:11,29.8,78.4,240.0,0.0,20.0,EXCELLENT
2026-04-29 07:20:13,29.8,78.4,233.0,0.0,17.7,EXCELLENT
2026-04-29 07:20:15,29.8,78.4,239.0,0.0,19.7,EXCELLENT
2026-04-29 07:20:17,29.8,78.4,246.0,0.0,22.0,EXCELLENT
2026-04-29 07:20:19,29.7,78.4,238.0,0.0,19.3,EXCELLENT
2026-04-29 07:20:21,29.7,78.4,238.0,0.0,19.3,EXCELLENT
2026-04-29 07:20:23,29.8,78.4,242.0,0.0,20.7,EXCELLENT
2026-04-29 07:20:25,29.8,78.5,240.0,0.0,20.0,EXCELLENT
2026-04-29 07:20:27,29.8,78.4,240.0,0.0,20.0,EXCELLENT
2026-04-29 07:20:29,29.8,78.4,241.0,0.0,20.3,EXCELLENT
2026-04-29 07:20:31,29.7,78.5,246.0,0.0,22.0,EXCELLENT
2026-04-29 07:20:33,29.8,78.4,241.0,0.0,20.3,EXCELLENT
2026-04-29 07:20:35,29.8,78.4,229.0,0.0,16.3,EXCELLENT
2026-04-29 07:20:37,29.8,78.4,242.0,0.0,20.7,EXCELLENT
2026-04-29 07:20:39,29.8,78.4,241.0,0.0,20.3,EXCELLENT
2026-04-29 07:20:41,29.8,78.5,231.0,0.0,17.0,EXCELLENT
2026-04-29 07:20:43,29.8,78.4,234.0,0.0,18.0,EXCELLENT
2026-04-29 07:20:45,29.8,78.4,231.0,0.0,17.0,EXCELLENT
2026-04-29 07:20:47,29.8,78.5,240.0,0.0,20.0,EXCELLENT
2026-04-29 07:20:49,29.8,78.4,241.0,0.0,20.3,EXCELLENT
2026-04-29 07:20:51,29.8,78.4,240.0,0.0,20.0,EXCELLENT
2026-04-29 07:20:53,29.7,78.4,236.0,0.0,18.7,EXCELLENT
2026-04-29 07:20:55,29.8,78.4,243.0,0.0,21.0,EXCELLENT
2026-04-29 07:20:57,29.8,78.4,243.0,0.0,21.0,EXCELLENT
2026-04-29 07:20:59,29.8,78.4,234.0,0.0,18.0,EXCELLENT
2026-04-29 07:21:01,29.8,78.4,242.0,0.0,20.7,EXCELLENT
2026-04-29 07:21:03,29.8,78.4,237.0,0.0,19.0,EXCELLENT
2026-04-29 07:21:05,29.8,78.5,240.0,0.0,20.0,EXCELLENT
2026-04-29 07:21:07,29.8,78.5,233.0,0.0,17.7,EXCELLENT
2026-04-29 07:21:09,29.8,78.4,242.0,0.0,20.7,EXCELLENT
2026-04-29 07:21:11,29.8,78.4,239.0,0.0,19.7,EXCELLENT
2026-04-29 07:21:13,29.8,78.4,237.0,0.0,19.0,EXCELLENT
2026-04-29 07:21:15,29.8,78.3,235.0,0.0,18.3,EXCELLENT
2026-04-29 07:21:17,29.8,78.4,245.0,0.0,21.7,EXCELLENT
2026-04-29 07:21:19,29.8,78.4,240.0,0.0,20.0,EXCELLENT
2026-04-29 07:21:21,29.8,78.4,240.0,0.0,20.0,EXCELLENT
2026-04-29 07:21:23,29.8,78.4,240.0,0.0,20.0,EXCELLENT
2026-04-29 07:21:25,29.8,78.4,245.0,0.0,21.7,EXCELLENT
2026-04-29 07:21:27,29.8,78.4,240.0,0.0,20.0,EXCELLENT
2026-04-29 07:21:29,29.8,78.4,235.0,0.0,18.3,EXCELLENT
2026-04-29 07:21:31,29.8,78.4,239.0,0.0,19.7,EXCELLENT
2026-04-29 07:21:33,29.8,78.5,226.0,0.0,15.3,EXCELLENT
2026-04-29 07:21:35,29.7,78.5,237.0,0.0,19.0,EXCELLENT
2026-04-29 07:21:37,29.8,78.4,242.0,0.0,20.7,EXCELLENT
2026-04-29 07:21:39,29.8,78.4,241.0,0.0,20.3,EXCELLENT
2026-04-29 07:21:41,29.8,78.5,240.0,0.0,20.0,EXCELLENT
2026-04-29 07:21:43,29.8,78.4,240.0,0.0,20.0,EXCELLENT
2026-04-29 07:21:45,29.7,78.4,240.0,0.0,20.0,EXCELLENT
2026-04-29 07:21:47,29.8,78.4,240.0,0.0,20.0,EXCELLENT
2026-04-29 07:21:49,29.8,78.4,243.0,0.0,21.0,EXCELLENT
2026-04-29 07:21:51,29.8,78.4,240.0,0.0,20.0,EXCELLENT
2026-04-29 07:21:53,29.8,78.4,238.0,0.0,19.3,EXCELLENT
2026-04-29 07:21:55,29.8,78.4,240.0,0.0,20.0,EXCELLENT
2026-04-29 07:21:57,29.8,78.4,235.0,0.0,18.3,EXCELLENT
2026-04-29 07:21:59,29.8,78.4,234.0,0.0,18.0,EXCELLENT
2026-04-29 07:22:01,29.8,78.4,237.0,0.0,19.0,EXCELLENT
2026-04-29 07:22:03,29.8,78.4,233.0,0.0,17.7,EXCELLENT
2026-04-29 07:22:05,29.8,78.4,240.0,0.0,20.0,EXCELLENT
2026-04-29 07:22:07,29.8,78.4,241.0,0.0,20.3,EXCELLENT
2026-04-29 07:22:09,29.8,78.4,240.0,0.0,20.0,EXCELLENT
2026-04-29 07:22:11,29.7,78.4,243.0,0.0,21.0,EXCELLENT
2026-04-29 07:22:13,29.8,78.5,243.0,0.0,21.0,EXCELLENT
2026-04-29 07:22:15,29.8,78.5,238.0,0.0,19.3,EXCELLENT
2026-04-29 07:22:17,29.8,78.4,239.0,0.0,19.7,EXCELLENT
2026-04-29 07:22:19,29.8,78.5,237.0,0.0,19.0,EXCELLENT
2026-04-29 07:22:21,29.8,78.5,237.0,0.0,19.0,EXCELLENT
2026-04-29 07:22:23,29.8,78.5,238.0,0.0,19.3,EXCELLENT
2026-04-29 07:22:25,29.8,78.5,235.0,0.0,18.3,EXCELLENT
2026-04-29 07:22:27,29.8,78.4,238.0,0.0,19.3,EXCELLENT
2026-04-29 07:22:29,29.8,78.4,240.0,0.0,20.0,EXCELLENT
2026-04-29 07:22:31,29.8,78.4,243.0,0.0,21.0,EXCELLENT
2026-04-29 07:22:33,29.8,78.4,240.0,0.0,20.0,EXCELLENT
2026-04-29 07:22:35,29.8,78.4,237.0,0.0,19.0,EXCELLENT
2026-04-29 07:22:37,29.8,78.5,235.0,0.0,18.3,EXCELLENT
2026-04-29 07:22:39,29.8,78.4,240.0,0.0,20.0,EXCELLENT
2026-04-29 07:22:41,29.7,78.5,238.0,0.0,19.3,EXCELLENT
2026-04-29 07:22:43,29.8,78.4,237.0,0.0,19.0,EXCELLENT
2026-04-29 07:22:45,29.8,78.5,243.0,0.0,21.0,EXCELLENT
2026-04-29 07:22:47,29.8,78.4,234.0,0.0,18.0,EXCELLENT
2026-04-29 07:22:49,29.8,78.4,235.0,0.0,18.3,EXCELLENT
2026-04-29 07:22:51,29.8,78.4,244.0,0.0,21.3,EXCELLENT
2026-04-29 07:22:53,29.8,78.4,240.0,0.0,20.0,EXCELLENT
2026-04-29 07:22:55,29.8,78.4,246.0,0.0,22.0,EXCELLENT
2026-04-29 07:22:57,29.8,78.4,240.0,0.0,20.0,EXCELLENT
2026-04-29 07:22:59,29.8,78.4,240.0,0.0,20.0,EXCELLENT
2026-04-29 07:23:02,29.8,78.5,240.0,0.0,20.0,EXCELLENT
2026-04-29 07:23:03,29.8,78.5,240.0,0.0,20.0,EXCELLENT
2026-04-29 07:23:05,29.8,78.5,240.0,0.0,20.0,EXCELLENT
2026-04-29 07:23:07,29.8,78.5,244.0,0.0,21.3,EXCELLENT
2026-04-29 07:23:09,29.8,78.5,233.0,0.0,17.7,EXCELLENT
2026-04-29 07:23:11,29.8,78.5,240.0,0.0,20.0,EXCELLENT
2026-04-29 07:23:14,29.8,78.5,235.0,0.0,18.3,EXCELLENT
2026-04-29 07:23:15,29.8,78.5,240.0,0.0,20.0,EXCELLENT
2026-04-29 07:23:17,29.8,78.5,241.0,0.0,20.3,EXCELLENT
2026-04-29 07:23:19,29.8,78.5,243.0,0.0,21.0,EXCELLENT
2026-04-29 07:23:21,29.7,78.5,241.0,0.0,20.3,EXCELLENT
2026-04-29 07:23:23,29.8,78.4,236.0,0.0,18.7,EXCELLENT
2026-04-29 07:23:25,29.8,78.5,240.0,0.0,20.0,EXCELLENT
2026-04-29 07:23:28,29.8,78.4,240.0,0.0,20.0,EXCELLENT
2026-04-29 07:23:30,29.8,78.4,239.0,0.0,19.7,EXCELLENT
2026-04-29 07:23:32,29.8,78.5,240.0,0.0,20.0,EXCELLENT
2026-04-29 07:23:34,29.8,78.5,241.0,0.0,20.3,EXCELLENT
2026-04-29 07:23:36,29.7,78.5,236.0,0.0,18.7,EXCELLENT
2026-04-29 07:23:38,29.8,78.5,240.0,0.0,20.0,EXCELLENT
2026-04-29 07:23:39,29.8,78.4,243.0,0.0,21.0,EXCELLENT
2026-04-29 07:23:41,29.8,78.5,239.0,0.0,19.7,EXCELLENT
2026-04-29 07:23:43,29.8,78.5,240.0,0.0,20.0,EXCELLENT
2026-04-29 07:23:46,29.8,78.4,243.0,0.0,21.0,EXCELLENT
2026-04-29 07:23:48,29.8,78.4,243.0,0.0,21.0,EXCELLENT
2026-04-29 07:23:49,29.8,78.5,240.0,0.0,20.0,EXCELLENT
2026-04-29 07:23:51,29.8,78.5,235.0,0.0,18.3,EXCELLENT
2026-04-29 07:23:53,29.8,78.5,242.0,0.0,20.7,EXCELLENT
2026-04-29 07:23:56,29.8,78.5,242.0,0.0,20.7,EXCELLENT
2026-04-29 07:23:57,29.8,78.4,245.0,0.0,21.7,EXCELLENT
2026-04-29 07:23:59,29.8,78.4,242.0,0.0,20.7,EXCELLENT
2026-04-29 07:24:01,29.8,78.4,235.0,0.0,18.3,EXCELLENT
2026-04-29 07:24:04,29.8,78.5,240.0,0.0,20.0,EXCELLENT
2026-04-29 07:24:05,29.8,78.5,241.0,0.0,20.3,EXCELLENT
2026-04-29 07:24:07,29.8,78.4,243.0,0.0,21.0,EXCELLENT
2026-04-29 07:24:09,29.7,78.4,240.0,0.0,20.0,EXCELLENT
2026-04-29 07:24:12,29.8,78.4,237.0,0.0,19.0,EXCELLENT
2026-04-29 07:24:14,29.8,78.4,244.0,0.0,21.3,EXCELLENT
2026-04-29 07:24:16,29.8,78.4,240.0,0.0,20.0,EXCELLENT
2026-04-29 07:24:17,29.8,78.4,238.0,0.0,19.3,EXCELLENT
2026-04-29 07:24:19,29.8,78.4,243.0,0.0,21.0,EXCELLENT
2026-04-29 07:24:22,29.8,78.4,240.0,0.0,20.0,EXCELLENT
2026-04-29 07:24:24,29.8,78.4,235.0,0.0,18.3,EXCELLENT
2026-04-29 07:24:26,29.8,78.5,238.0,0.0,19.3,EXCELLENT
2026-04-29 07:24:27,29.8,78.4,245.0,0.0,21.7,EXCELLENT
2026-04-29 07:24:29,29.8,78.4,240.0,0.0,20.0,EXCELLENT
2026-04-29 07:24:32,29.8,78.4,240.0,0.0,20.0,EXCELLENT
2026-04-29 07:24:34,29.8,78.4,242.0,0.0,20.7,EXCELLENT
2026-04-29 07:24:36,29.8,78.4,240.0,0.0,20.0,EXCELLENT
2026-04-29 07:24:38,29.8,78.4,240.0,0.0,20.0,EXCELLENT
2026-04-29 07:24:39,29.8,78.4,233.0,0.0,17.7,EXCELLENT
2026-04-29 07:24:41,29.8,78.4,242.0,0.0,20.7,EXCELLENT
2026-04-29 07:24:44,29.7,78.4,235.0,0.0,18.3,EXCELLENT
2026-04-29 07:24:46,29.8,78.4,240.0,0.0,20.0,EXCELLENT
2026-04-29 07:24:48,29.7,78.5,233.0,0.0,17.7,EXCELLENT
2026-04-29 07:24:50,29.8,78.4,234.0,0.0,18.0,EXCELLENT
2026-04-29 07:24:52,29.8,78.4,235.0,0.0,18.3,EXCELLENT
2026-04-29 07:24:54,29.8,78.4,235.0,0.0,18.3,EXCELLENT
2026-04-29 07:24:56,29.8,78.4,240.0,0.0,20.0,EXCELLENT
2026-04-29 07:24:57,29.8,78.4,236.0,0.0,18.7,EXCELLENT
2026-04-29 07:24:59,29.7,78.4,240.0,0.0,20.0,EXCELLENT
2026-04-29 07:25:02,29.8,78.4,234.0,0.0,18.0,EXCELLENT
2026-04-29 07:25:03,29.8,78.5,238.0,0.0,19.3,EXCELLENT
2026-04-29 07:25:05,29.8,78.4,242.0,0.0,20.7,EXCELLENT
2026-04-29 07:25:08,29.8,78.4,242.0,0.0,20.7,EXCELLENT
2026-04-29 07:25:10,29.8,78.4,235.0,0.0,18.3,EXCELLENT
2026-04-29 07:25:12,29.8,78.4,235.0,0.0,18.3,EXCELLENT
2026-04-29 07:25:14,29.8,78.4,233.0,0.0,17.7,EXCELLENT
2026-04-29 07:25:16,29.8,78.4,237.0,0.0,19.0,EXCELLENT
2026-04-29 07:25:18,29.8,78.4,242.0,0.0,20.7,EXCELLENT
2026-04-29 07:25:20,29.7,78.4,239.0,0.0,19.7,EXCELLENT
2026-04-29 07:25:21,29.8,78.3,239.0,0.0,19.7,EXCELLENT
2026-04-29 07:25:23,29.7,78.4,246.0,0.0,22.0,EXCELLENT
2026-04-29 07:25:26,29.8,78.3,244.0,0.0,21.3,EXCELLENT
2026-04-29 07:25:28,29.8,78.3,242.0,0.0,20.7,EXCELLENT
2026-04-29 07:25:29,29.8,78.3,234.0,0.0,18.0,EXCELLENT
2026-04-29 07:25:32,29.8,78.3,240.0,0.0,20.0,EXCELLENT
2026-04-29 07:25:34,29.8,78.3,242.0,0.0,20.7,EXCELLENT
2026-04-29 07:25:36,29.8,78.3,239.0,0.0,19.7,EXCELLENT
2026-04-29 07:25:38,29.8,78.3,240.0,0.0,20.0,EXCELLENT
2026-04-29 07:25:40,29.8,78.3,240.0,0.0,20.0,EXCELLENT
2026-04-29 07:25:42,29.8,78.3,234.0,0.0,18.0,EXCELLENT
2026-04-29 07:25:44,29.8,78.2,236.0,0.0,18.7,EXCELLENT
2026-04-29 07:25:46,29.7,78.3,235.0,0.0,18.3,EXCELLENT
2026-04-29 07:25:48,29.8,78.3,241.0,0.0,20.3,EXCELLENT
2026-04-29 07:25:50,29.8,78.3,237.0,0.0,19.0,EXCELLENT
2026-04-29 07:25:52,29.8,78.2,241.0,0.0,20.3,EXCELLENT
2026-04-29 07:25:54,29.7,78.3,238.0,0.0,19.3,EXCELLENT
2026-04-29 07:25:56,29.7,78.3,241.0,0.0,20.3,EXCELLENT
2026-04-29 07:25:58,29.8,78.3,235.0,0.0,18.3,EXCELLENT
2026-04-29 07:26:00,29.8,78.3,237.0,0.0,19.0,EXCELLENT
2026-04-29 07:26:02,29.8,78.4,233.0,0.0,17.7,EXCELLENT
2026-04-29 07:26:04,29.8,78.3,237.0,0.0,19.0,EXCELLENT
2026-04-29 07:26:06,29.7,78.4,239.0,0.0,19.7,EXCELLENT
2026-04-29 07:26:08,29.8,78.3,241.0,0.0,20.3,EXCELLENT
2026-04-29 07:26:10,29.8,78.3,234.0,0.0,18.0,EXCELLENT
2026-04-29 07:26:12,29.8,78.3,244.0,0.0,21.3,EXCELLENT
2026-04-29 07:26:14,29.8,78.4,244.0,0.0,21.3,EXCELLENT
2026-04-29 07:26:16,29.8,78.3,243.0,0.0,21.0,EXCELLENT
2026-04-29 07:26:18,29.8,78.3,240.0,0.0,20.0,EXCELLENT
2026-04-29 07:26:20,29.8,78.4,235.0,0.0,18.3,EXCELLENT
2026-04-29 07:26:22,29.8,78.3,240.0,0.0,20.0,EXCELLENT
2026-04-29 07:26:24,29.7,78.3,239.0,0.0,19.7,EXCELLENT
2026-04-29 07:26:26,29.8,78.4,240.0,0.0,20.0,EXCELLENT
2026-04-29 07:26:28,29.8,78.3,240.0,0.0,20.0,EXCELLENT
2026-04-29 07:26:30,29.8,78.3,234.0,0.0,18.0,EXCELLENT
2026-04-29 07:26:32,29.8,78.3,237.0,0.0,19.0,EXCELLENT
2026-04-29 07:26:34,29.8,78.3,235.0,0.0,18.3,EXCELLENT
2026-04-29 07:26:36,29.7,78.3,238.0,0.0,19.3,EXCELLENT
2026-04-29 07:26:38,29.8,78.3,240.0,0.0,20.0,EXCELLENT
2026-04-29 07:26:40,29.8,78.4,238.0,0.0,19.3,EXCELLENT
2026-04-29 07:26:42,29.8,78.3,242.0,0.0,20.7,EXCELLENT
2026-04-29 07:26:44,29.8,78.3,233.0,0.0,17.7,EXCELLENT
2026-04-29 07:26:46,29.8,78.3,238.0,0.0,19.3,EXCELLENT
2026-04-29 07:26:48,29.8,78.3,240.0,0.0,20.0,EXCELLENT
2026-04-29 07:26:50,29.7,78.3,240.0,0.0,20.0,EXCELLENT
2026-04-29 07:26:52,29.8,78.3,240.0,0.0,20.0,EXCELLENT
2026-04-29 07:26:54,29.8,78.4,235.0,0.0,18.3,EXCELLENT
2026-04-29 07:26:56,29.8,78.3,240.0,0.0,20.0,EXCELLENT
2026-04-29 07:26:58,29.8,78.3,240.0,0.0,20.0,EXCELLENT
2026-04-29 07:27:00,29.8,78.3,240.0,0.0,20.0,EXCELLENT
2026-04-29 07:27:02,29.8,78.2,235.0,0.0,18.3,EXCELLENT
2026-04-29 07:27:04,29.8,78.2,239.0,0.0,19.7,EXCELLENT
2026-04-29 07:27:06,29.8,78.2,241.0,0.0,20.3,EXCELLENT
2026-04-29 07:27:08,29.8,78.2,236.0,0.0,18.7,EXCELLENT
2026-04-29 07:27:10,29.8,78.2,240.0,0.0,20.0,EXCELLENT
2026-04-29 07:27:12,29.8,78.2,243.0,0.0,21.0,EXCELLENT
2026-04-29 07:27:14,29.8,78.3,240.0,0.0,20.0,EXCELLENT
2026-04-29 07:27:16,29.8,78.3,241.0,0.0,20.3,EXCELLENT
2026-04-29 07:27:18,29.8,78.2,235.0,0.0,18.3,EXCELLENT
2026-04-29 07:27:20,29.8,78.2,240.0,0.0,20.0,EXCELLENT
2026-04-29 07:27:22,29.7,78.2,240.0,0.0,20.0,EXCELLENT
2026-04-29 07:27:24,29.7,78.3,238.0,0.0,19.3,EXCELLENT
2026-04-29 07:27:26,29.8,78.2,231.0,0.0,17.0,EXCELLENT
2026-04-29 07:27:28,29.8,78.3,238.0,0.0,19.3,EXCELLENT
2026-04-29 07:27:30,29.8,78.3,237.0,0.0,19.0,EXCELLENT
2026-04-29 07:27:32,29.8,78.2,239.0,0.0,19.7,EXCELLENT
2026-04-29 07:27:34,29.8,78.2,233.0,0.0,17.7,EXCELLENT
2026-04-29 07:27:36,29.8,78.2,239.0,0.0,19.7,EXCELLENT
2026-04-29 07:27:38,29.8,78.3,234.0,0.0,18.0,EXCELLENT
2026-04-29 07:27:40,29.8,78.2,235.0,0.0,18.3,EXCELLENT
2026-04-29 07:27:42,29.8,78.2,230.0,0.0,16.7,EXCELLENT
2026-04-29 07:27:44,29.8,78.3,241.0,0.0,20.3,EXCELLENT
2026-04-29 07:27:46,29.8,78.3,238.0,0.0,19.3,EXCELLENT
2026-04-29 07:27:48,29.8,78.3,246.0,0.0,22.0,EXCELLENT
2026-04-29 07:27:50,29.8,78.3,241.0,0.0,20.3,EXCELLENT
2026-04-29 07:27:52,29.8,78.2,242.0,0.0,20.7,EXCELLENT
2026-04-29 07:27:54,29.8,78.2,238.0,0.0,19.3,EXCELLENT
2026-04-29 07:27:56,29.7,78.2,240.0,0.0,20.0,EXCELLENT
2026-04-29 07:27:58,29.8,78.2,241.0,0.0,20.3,EXCELLENT
2026-04-29 07:28:00,29.8,78.2,240.0,0.0,20.0,EXCELLENT
2026-04-29 07:28:02,29.8,78.2,238.0,0.0,19.3,EXCELLENT
2026-04-29 07:28:04,29.8,78.3,241.0,0.0,20.3,EXCELLENT
2026-04-29 07:28:06,29.8,78.3,239.0,0.0,19.7,EXCELLENT
2026-04-29 07:28:08,29.8,78.2,240.0,0.0,20.0,EXCELLENT
2026-04-29 07:28:10,29.8,78.2,242.0,0.0,20.7,EXCELLENT
2026-04-29 07:28:12,29.8,78.3,242.0,0.0,20.7,EXCELLENT
2026-04-29 07:28:14,29.8,78.3,236.0,0.0,18.7,EXCELLENT
2026-04-29 07:28:16,29.8,78.2,241.0,0.0,20.3,EXCELLENT
2026-04-29 07:28:18,29.8,78.2,241.0,0.0,20.3,EXCELLENT
2026-04-29 07:28:20,29.8,78.2,240.0,0.0,20.0,EXCELLENT
2026-04-29 07:28:22,29.8,78.2,240.0,0.0,20.0,EXCELLENT
2026-04-29 07:28:24,29.8,78.2,240.0,0.0,20.0,EXCELLENT
2026-04-29 07:28:26,29.8,78.2,235.0,0.0,18.3,EXCELLENT
2026-04-29 07:28:28,29.8,78.2,232.0,0.0,17.3,EXCELLENT
2026-04-29 07:28:30,29.8,78.2,240.0,0.0,20.0,EXCELLENT
2026-04-29 07:28:32,29.8,78.2,230.0,0.0,16.7,EXCELLENT
2026-04-29 07:28:34,29.8,78.1,241.0,0.0,20.3,EXCELLENT
2026-04-29 07:28:36,29.8,78.1,240.0,0.0,20.0,EXCELLENT
2026-04-29 07:28:38,29.8,78.2,241.0,0.0,20.3,EXCELLENT
2026-04-29 07:28:40,29.8,78.2,235.0,0.0,18.3,EXCELLENT
2026-04-29 07:28:42,29.8,78.2,240.0,0.0,20.0,EXCELLENT
2026-04-29 07:28:44,29.7,78.2,237.0,0.0,19.0,EXCELLENT
2026-04-29 07:28:46,29.8,78.2,240.0,0.0,20.0,EXCELLENT
2026-04-29 07:28:48,29.8,78.2,239.0,0.0,19.7,EXCELLENT
2026-04-29 07:28:50,29.8,78.2,240.0,0.0,20.0,EXCELLENT
2026-04-29 07:28:52,29.8,78.2,243.0,0.0,21.0,EXCELLENT
2026-04-29 07:28:54,29.8,78.1,242.0,0.0,20.7,EXCELLENT
2026-04-29 07:28:56,29.8,78.1,231.0,0.0,17.0,EXCELLENT
2026-04-29 07:28:58,29.8,78.2,237.0,0.0,19.0,EXCELLENT
2026-04-29 07:29:00,29.8,78.2,240.0,0.0,20.0,EXCELLENT
2026-04-29 07:29:02,29.8,78.2,242.0,0.0,20.7,EXCELLENT
2026-04-29 07:29:04,29.8,78.2,242.0,0.0,20.7,EXCELLENT
2026-04-29 07:29:06,29.8,78.2,239.0,0.0,19.7,EXCELLENT
2026-04-29 07:29:08,29.8,78.2,239.0,0.0,19.7,EXCELLENT
2026-04-29 07:29:10,29.8,78.2,237.0,0.0,19.0,EXCELLENT
2026-04-29 07:29:12,29.8,78.2,240.0,0.0,20.0,EXCELLENT
2026-04-29 07:29:14,29.8,78.2,235.0,0.0,18.3,EXCELLENT
2026-04-29 07:29:16,29.8,78.2,239.0,0.0,19.7,EXCELLENT
2026-04-29 07:29:18,29.8,78.2,239.0,0.0,19.7,EXCELLENT
2026-04-29 07:29:20,29.8,78.2,240.0,0.0,20.0,EXCELLENT
2026-04-29 07:29:22,29.8,78.2,234.0,0.0,18.0,EXCELLENT
2026-04-29 07:29:24,29.8,78.2,240.0,0.0,20.0,EXCELLENT
2026-04-29 07:29:26,29.8,78.1,233.0,0.0,17.7,EXCELLENT
2026-04-29 07:29:28,29.8,78.2,240.0,0.0,20.0,EXCELLENT
2026-04-29 07:29:30,29.8,78.2,239.0,0.0,19.7,EXCELLENT
2026-04-29 07:29:32,29.8,78.2,240.0,0.0,20.0,EXCELLENT
2026-04-29 07:29:34,29.8,78.2,242.0,0.0,20.7,EXCELLENT
2026-04-29 07:29:36,29.8,78.2,240.0,0.0,20.0,EXCELLENT
2026-04-29 07:29:38,29.8,78.1,238.0,0.0,19.3,EXCELLENT
2026-04-29 07:29:40,29.8,78.2,240.0,0.0,20.0,EXCELLENT
2026-04-29 07:29:42,29.8,78.1,240.0,0.0,20.0,EXCELLENT
2026-04-29 07:29:44,29.8,78.2,234.0,0.0,18.0,EXCELLENT
2026-04-29 07:29:46,29.8,78.2,238.0,0.0,19.3,EXCELLENT
2026-04-29 07:29:48,29.8,78.1,236.0,0.0,18.7,EXCELLENT
2026-04-29 07:29:50,29.7,78.2,240.0,0.0,20.0,EXCELLENT
2026-04-29 07:29:52,29.8,78.2,238.0,0.0,19.3,EXCELLENT
2026-04-29 07:29:54,29.8,78.2,240.0,0.0,20.0,EXCELLENT
2026-04-29 07:29:56,29.8,78.2,235.0,0.0,18.3,EXCELLENT
2026-04-29 07:29:58,29.8,78.1,236.0,0.0,18.7,EXCELLENT
2026-04-29 07:30:00,29.8,78.2,242.0,0.0,20.7,EXCELLENT
2026-04-29 07:30:02,29.8,78.1,241.0,0.0,20.3,EXCELLENT
2026-04-29 07:30:04,29.8,78.2,235.0,0.0,18.3,EXCELLENT
2026-04-29 07:30:06,29.8,78.1,237.0,0.0,19.0,EXCELLENT
2026-04-29 07:30:08,29.8,78.1,234.0,0.0,18.0,EXCELLENT
2026-04-29 07:30:10,29.8,78.0,243.0,0.0,21.0,EXCELLENT
2026-04-29 07:30:12,29.8,78.1,240.0,0.0,20.0,EXCELLENT
2026-04-29 07:30:14,29.7,78.0,236.0,0.0,18.7,EXCELLENT
2026-04-29 07:30:16,29.8,78.1,235.0,0.0,18.3,EXCELLENT
2026-04-29 07:30:18,29.8,78.1,234.0,0.0,18.0,EXCELLENT
2026-04-29 07:30:20,29.8,78.1,236.0,0.0,18.7,EXCELLENT
2026-04-29 07:30:22,29.8,78.1,240.0,0.0,20.0,EXCELLENT
2026-04-29 07:30:24,29.8,78.1,234.0,0.0,18.0,EXCELLENT
2026-04-29 07:30:26,29.8,78.1,239.0,0.0,19.7,EXCELLENT
2026-04-29 07:30:28,29.8,78.1,235.0,0.0,18.3,EXCELLENT
2026-04-29 07:30:30,29.8,78.1,228.0,0.0,16.0,EXCELLENT
2026-04-29 07:30:32,29.8,78.1,234.0,0.0,18.0,EXCELLENT
2026-04-29 07:30:34,29.8,78.1,235.0,0.0,18.3,EXCELLENT
2026-04-29 07:30:36,29.8,78.1,240.0,0.0,20.0,EXCELLENT
2026-04-29 07:30:38,29.8,78.1,241.0,0.0,20.3,EXCELLENT
2026-04-29 07:30:40,29.7,78.1,235.0,0.0,18.3,EXCELLENT
2026-04-29 07:30:42,29.8,78.1,241.0,0.0,20.3,EXCELLENT
2026-04-29 07:30:44,29.8,78.2,240.0,0.0,20.0,EXCELLENT
2026-04-29 07:30:46,29.8,78.2,240.0,0.0,20.0,EXCELLENT
2026-04-29 07:30:48,29.8,78.1,239.0,0.0,19.7,EXCELLENT
2026-04-29 07:30:50,29.8,78.2,240.0,0.0,20.0,EXCELLENT
2026-04-29 07:30:52,29.8,78.1,238.0,0.0,19.3,EXCELLENT
2026-04-29 07:30:54,29.8,78.1,239.0,0.0,19.7,EXCELLENT
2026-04-29 07:30:56,29.8,78.1,234.0,0.0,18.0,EXCELLENT
2026-04-29 07:30:58,29.8,78.1,235.0,0.0,18.3,EXCELLENT
2026-04-29 07:31:00,29.8,78.1,241.0,0.0,20.3,EXCELLENT
2026-04-29 07:31:02,29.8,78.1,240.0,0.0,20.0,EXCELLENT
2026-04-29 07:31:04,29.8,78.2,237.0,0.0,19.0,EXCELLENT
2026-04-29 07:31:06,29.8,78.1,243.0,0.0,21.0,EXCELLENT
2026-04-29 07:31:08,29.8,78.2,238.0,0.0,19.3,EXCELLENT
2026-04-29 07:31:10,29.8,78.1,240.0,0.0,20.0,EXCELLENT
2026-04-29 07:31:12,29.8,78.1,230.0,0.0,16.7,EXCELLENT
2026-04-29 07:31:14,29.8,78.1,242.0,0.0,20.7,EXCELLENT
2026-04-29 07:31:16,29.8,78.1,240.0,0.0,20.0,EXCELLENT
2026-04-29 07:31:18,29.8,78.1,228.0,0.0,16.0,EXCELLENT
2026-04-29 07:31:20,29.8,78.1,243.0,0.0,21.0,EXCELLENT
2026-04-29 07:31:22,29.8,78.1,240.0,0.0,20.0,EXCELLENT
2026-04-29 07:31:24,29.8,78.1,237.0,0.0,19.0,EXCELLENT
2026-04-29 07:31:26,29.8,78.2,242.0,0.0,20.7,EXCELLENT
2026-04-29 07:31:28,29.7,78.1,235.0,0.0,18.3,EXCELLENT
2026-04-29 07:31:30,29.8,78.1,240.0,0.0,20.0,EXCELLENT
2026-04-29 07:31:32,29.8,78.1,240.0,0.0,20.0,EXCELLENT
2026-04-29 07:31:34,29.8,78.1,236.0,0.0,18.7,EXCELLENT
2026-04-29 07:31:36,29.8,78.1,237.0,0.0,19.0,EXCELLENT
2026-04-29 07:31:38,29.8,78.1,244.0,0.0,21.3,EXCELLENT
2026-04-29 07:31:40,29.8,78.1,238.0,0.0,19.3,EXCELLENT
2026-04-29 07:31:42,29.8,78.1,233.0,0.0,17.7,EXCELLENT
2026-04-29 07:31:44,29.8,78.1,242.0,0.0,20.7,EXCELLENT
2026-04-29 07:31:46,29.8,78.2,246.0,0.0,22.0,EXCELLENT
2026-04-29 07:31:48,29.8,78.1,241.0,0.0,20.3,EXCELLENT
2026-04-29 07:31:50,29.8,78.1,240.0,0.0,20.0,EXCELLENT
2026-04-29 07:31:52,29.8,78.1,238.0,0.0,19.3,EXCELLENT
2026-04-29 07:31:54,29.8,78.1,242.0,0.0,20.7,EXCELLENT
2026-04-29 07:31:56,29.8,78.2,241.0,0.0,20.3,EXCELLENT
2026-04-29 07:31:58,29.8,78.1,241.0,0.0,20.3,EXCELLENT
2026-04-29 07:32:00,29.8,78.2,240.0,0.0,20.0,EXCELLENT
2026-04-29 07:32:02,29.8,78.1,240.0,0.0,20.0,EXCELLENT
2026-04-29 07:32:04,29.8,78.1,240.0,0.0,20.0,EXCELLENT
2026-04-29 07:32:06,29.8,78.2,234.0,0.0,18.0,EXCELLENT
2026-04-29 07:32:08,29.8,78.1,235.0,0.0,18.3,EXCELLENT
2026-04-29 07:32:10,29.8,78.1,241.0,0.0,20.3,EXCELLENT
2026-04-29 07:32:12,29.8,78.1,241.0,0.0,20.3,EXCELLENT
2026-04-29 07:32:14,29.8,78.1,240.0,0.0,20.0,EXCELLENT
2026-04-29 07:32:16,29.8,78.2,229.0,0.0,16.3,EXCELLENT
2026-04-29 07:32:18,29.8,78.2,235.0,0.0,18.3,EXCELLENT
2026-04-29 07:32:20,29.8,78.2,239.0,0.0,19.7,EXCELLENT
2026-04-29 07:32:22,29.7,78.1,237.0,0.0,19.0,EXCELLENT
2026-04-29 07:32:24,29.8,78.2,244.0,0.0,21.3,EXCELLENT
2026-04-29 07:32:26,29.8,78.1,230.0,0.0,16.7,EXCELLENT
2026-04-29 07:32:28,29.8,78.0,240.0,0.0,20.0,EXCELLENT
2026-04-29 07:32:30,29.8,78.1,243.0,0.0,21.0,EXCELLENT
2026-04-29 07:32:32,29.8,78.1,240.0,0.0,20.0,EXCELLENT
2026-04-29 07:32:34,29.8,78.1,237.0,0.0,19.0,EXCELLENT
2026-04-29 07:32:36,29.8,78.1,237.0,0.0,19.0,EXCELLENT
2026-04-29 07:32:38,29.8,78.1,240.0,0.0,20.0,EXCELLENT
2026-04-29 07:32:40,29.8,78.2,243.0,0.0,21.0,EXCELLENT
2026-04-29 07:32:42,29.8,78.1,242.0,0.0,20.7,EXCELLENT
2026-04-29 07:32:44,29.8,78.1,238.0,0.0,19.3,EXCELLENT
2026-04-29 07:32:46,29.8,78.1,236.0,0.0,18.7,EXCELLENT
2026-04-29 07:32:48,29.8,78.1,237.0,0.0,19.0,EXCELLENT
2026-04-29 07:32:50,29.8,78.2,243.0,0.0,21.0,EXCELLENT
2026-04-29 07:32:52,29.8,78.1,237.0,0.0,19.0,EXCELLENT
2026-04-29 07:32:54,29.8,78.1,235.0,0.0,18.3,EXCELLENT
2026-04-29 07:32:56,29.8,78.2,240.0,0.0,20.0,EXCELLENT
2026-04-29 07:32:58,29.8,78.1,240.0,0.0,20.0,EXCELLENT
2026-04-29 07:33:00,29.8,78.1,237.0,0.0,19.0,EXCELLENT
2026-04-29 07:33:02,29.8,78.1,238.0,0.0,19.3,EXCELLENT
2026-04-29 07:33:04,29.8,78.1,240.0,0.0,20.0,EXCELLENT
2026-04-29 07:33:06,29.8,78.1,240.0,0.0,20.0,EXCELLENT
2026-04-29 07:33:08,29.8,78.1,234.0,0.0,18.0,EXCELLENT
2026-04-29 07:33:10,29.8,78.1,240.0,0.0,20.0,EXCELLENT
2026-04-29 07:33:12,29.8,78.1,234.0,0.0,18.0,EXCELLENT
2026-04-29 07:33:14,29.8,78.1,240.0,0.0,20.0,EXCELLENT
2026-04-29 07:33:16,29.8,78.1,240.0,0.0,20.0,EXCELLENT
2026-04-29 07:33:18,29.8,78.1,240.0,0.0,20.0,EXCELLENT
2026-04-29 07:33:20,29.8,78.0,229.0,0.0,16.3,EXCELLENT
2026-04-29 07:33:22,29.8,78.1,243.0,0.0,21.0,EXCELLENT
2026-04-29 07:33:24,29.8,78.1,242.0,0.0,20.7,EXCELLENT
2026-04-29 07:33:26,29.8,78.1,243.0,0.0,21.0,EXCELLENT
2026-04-29 07:33:28,29.8,78.1,236.0,0.0,18.7,EXCELLENT
2026-04-29 07:33:30,29.8,78.1,240.0,0.0,20.0,EXCELLENT
2026-04-29 07:33:32,29.8,78.1,236.0,0.0,18.7,EXCELLENT
2026-04-29 07:33:34,29.8,78.0,234.0,0.0,18.0,EXCELLENT
2026-04-29 07:33:36,29.8,78.1,235.0,0.0,18.3,EXCELLENT
2026-04-29 07:33:38,29.8,78.0,237.0,0.0,19.0,EXCELLENT
2026-04-29 07:33:40,29.8,78.1,240.0,0.0,20.0,EXCELLENT
2026-04-29 07:33:42,29.8,78.1,238.0,0.0,19.3,EXCELLENT
2026-04-29 07:33:44,29.8,78.1,236.0,0.0,18.7,EXCELLENT
2026-04-29 07:33:46,29.8,78.1,239.0,0.0,19.7,EXCELLENT
2026-04-29 07:33:48,29.8,78.1,234.0,0.0,18.0,EXCELLENT
2026-04-29 07:33:50,29.8,78.1,242.0,0.0,20.7,EXCELLENT
2026-04-29 07:33:52,29.8,78.1,236.0,0.0,18.7,EXCELLENT
2026-04-29 07:33:54,29.8,78.1,243.0,0.0,21.0,EXCELLENT
2026-04-29 07:33:56,29.8,78.1,240.0,0.0,20.0,EXCELLENT
2026-04-29 07:33:58,29.8,78.1,241.0,0.0,20.3,EXCELLENT
2026-04-29 07:34:00,29.8,78.1,241.0,0.0,20.3,EXCELLENT
2026-04-29 07:34:02,29.8,78.1,238.0,0.0,19.3,EXCELLENT
2026-04-29 07:34:04,29.8,78.1,239.0,0.0,19.7,EXCELLENT
2026-04-29 07:34:06,29.8,78.1,233.0,0.0,17.7,EXCELLENT
2026-04-29 07:34:08,29.8,78.1,231.0,0.0,17.0,EXCELLENT
2026-04-29 07:34:10,29.8,78.0,240.0,0.0,20.0,EXCELLENT
2026-04-29 07:34:12,29.8,78.1,240.0,0.0,20.0,EXCELLENT
2026-04-29 07:34:14,29.8,78.1,242.0,0.0,20.7,EXCELLENT
2026-04-29 07:34:16,29.8,78.1,234.0,0.0,18.0,EXCELLENT
2026-04-29 07:34:18,29.8,78.1,240.0,0.0,20.0,EXCELLENT
2026-04-29 07:34:20,29.8,78.1,246.0,0.0,22.0,EXCELLENT
2026-04-29 07:34:22,29.8,78.1,238.0,0.0,19.3,EXCELLENT
2026-04-29 07:34:24,29.8,78.1,240.0,0.0,20.0,EXCELLENT
2026-04-29 07:34:26,29.8,78.1,242.0,0.0,20.7,EXCELLENT
2026-04-29 07:34:28,29.8,78.0,237.0,0.0,19.0,EXCELLENT
2026-04-29 07:34:30,29.8,78.1,236.0,0.0,18.7,EXCELLENT
2026-04-29 07:34:32,29.8,78.1,241.0,0.0,20.3,EXCELLENT
2026-04-29 07:34:34,29.8,78.1,242.0,0.0,20.7,EXCELLENT
2026-04-29 09:32:40,30.6,78.6,69.0,0.0,0.0,EXCELLENT
2026-04-29 09:32:43,30.5,78.2,144.0,0.0,0.0,EXCELLENT
2026-04-29 09:32:44,30.5,78.0,194.0,1.0,4.7,EXCELLENT
2026-04-29 09:32:46,30.5,78.0,256.0,1.0,25.3,EXCELLENT
2026-04-29 09:32:48,30.6,78.4,240.0,0.0,20.0,EXCELLENT
2026-04-29 09:32:50,30.5,79.2,256.0,0.0,25.3,EXCELLENT
2026-04-29 09:32:52,30.6,78.9,254.0,0.0,24.7,EXCELLENT
2026-04-29 09:32:54,30.5,78.7,272.0,0.0,30.7,EXCELLENT
2026-04-29 09:32:56,30.5,78.2,261.0,0.0,27.0,EXCELLENT
2026-04-29 09:32:58,30.5,78.7,249.0,0.0,23.0,EXCELLENT
2026-04-29 09:33:00,30.5,78.6,245.0,0.0,21.7,EXCELLENT
2026-04-29 09:33:02,30.5,78.2,227.0,0.0,15.7,EXCELLENT
2026-04-29 09:33:04,30.5,78.0,225.0,0.0,15.0,EXCELLENT
2026-04-29 09:33:06,30.5,77.8,231.0,0.0,17.0,EXCELLENT
2026-04-29 09:33:08,30.5,77.6,227.0,0.0,15.7,EXCELLENT
2026-04-29 09:33:10,30.5,77.6,237.0,0.0,19.0,EXCELLENT
2026-04-29 09:33:12,30.5,77.5,218.0,0.0,12.7,EXCELLENT
2026-04-29 09:33:14,30.5,77.4,233.0,0.0,17.7,EXCELLENT
2026-04-29 09:33:17,30.5,77.4,213.0,0.0,11.0,EXCELLENT
2026-04-29 09:33:18,30.5,77.3,218.0,1.0,12.7,EXCELLENT
2026-04-29 09:33:20,30.5,77.3,214.0,1.0,11.3,EXCELLENT
2026-04-29 09:33:22,30.5,77.3,218.0,0.0,12.7,EXCELLENT
2026-04-29 09:33:24,30.5,77.4,222.0,0.0,14.0,EXCELLENT
2026-04-29 09:33:26,30.4,77.5,213.0,0.0,11.0,EXCELLENT
2026-04-29 09:33:28,30.5,77.7,233.0,0.0,17.7,EXCELLENT
2026-04-29 09:33:30,30.4,77.8,239.0,0.0,19.7,EXCELLENT
2026-04-29 09:33:32,30.5,78.3,240.0,0.0,20.0,EXCELLENT
2026-04-29 09:33:35,30.5,78.3,233.0,0.0,17.7,EXCELLENT
2026-04-29 09:33:36,30.4,78.2,230.0,0.0,16.7,EXCELLENT
2026-04-29 09:33:39,30.4,78.0,239.0,0.0,19.7,EXCELLENT
2026-04-29 09:33:40,30.5,77.9,240.0,0.0,20.0,EXCELLENT
2026-04-29 09:33:42,30.5,77.7,231.0,0.0,17.0,EXCELLENT
2026-04-29 09:33:44,30.4,77.6,230.0,0.0,16.7,EXCELLENT
2026-04-29 09:33:47,30.5,77.7,237.0,0.0,19.0,EXCELLENT
2026-04-29 09:33:48,30.4,77.6,227.0,0.0,15.7,EXCELLENT
2026-04-29 09:33:50,30.4,77.6,233.0,1.0,17.7,EXCELLENT
2026-04-29 09:33:53,30.5,77.6,230.0,1.0,16.7,EXCELLENT
2026-04-29 09:33:55,30.4,77.6,227.0,0.0,15.7,EXCELLENT
2026-04-29 09:33:57,30.4,77.5,240.0,0.0,20.0,EXCELLENT
2026-04-29 09:33:58,30.4,77.5,230.0,0.0,16.7,EXCELLENT
2026-04-29 09:34:01,30.4,77.5,240.0,0.0,20.0,EXCELLENT
2026-04-29 09:34:03,30.4,77.5,224.0,0.0,14.7,EXCELLENT
2026-04-29 09:34:05,30.4,77.5,228.0,0.0,16.0,EXCELLENT
2026-04-29 09:34:07,30.4,77.5,238.0,0.0,19.3,EXCELLENT
2026-04-29 09:34:09,30.4,77.6,231.0,0.0,17.0,EXCELLENT
2026-04-29 09:34:11,30.4,77.5,240.0,0.0,20.0,EXCELLENT
2026-04-29 09:34:13,30.4,77.5,224.0,0.0,14.7,EXCELLENT
2026-04-29 09:34:14,30.4,77.6,240.0,0.0,20.0,EXCELLENT
2026-04-29 09:34:16,30.4,77.6,239.0,0.0,19.7,EXCELLENT
2026-04-29 09:34:18,30.4,77.6,240.0,0.0,20.0,EXCELLENT
2026-04-29 09:34:21,30.4,77.6,230.0,0.0,16.7,EXCELLENT
2026-04-29 09:34:22,30.4,77.6,236.0,0.0,18.7,EXCELLENT
2026-04-29 09:34:24,30.4,77.7,230.0,0.0,16.7,EXCELLENT
2026-04-29 09:34:27,30.4,77.6,240.0,0.0,20.0,EXCELLENT
2026-04-29 09:34:29,30.4,77.6,231.0,0.0,17.0,EXCELLENT
2026-04-29 09:34:30,30.4,77.7,240.0,0.0,20.0,EXCELLENT
2026-04-29 09:34:32,30.4,77.7,240.0,0.0,20.0,EXCELLENT
2026-04-29 09:34:34,30.4,77.7,241.0,0.0,20.3,EXCELLENT
2026-04-29 09:34:37,30.4,77.7,220.0,0.0,13.3,EXCELLENT
2026-04-29 09:34:39,30.4,77.7,224.0,1.0,14.7,EXCELLENT
2026-04-29 09:34:40,30.4,77.8,234.0,1.0,18.0,EXCELLENT
2026-04-29 09:34:42,30.4,77.7,234.0,0.0,18.0,EXCELLENT
2026-04-29 09:34:45,30.3,77.9,240.0,0.0,20.0,EXCELLENT
2026-04-29 09:34:47,30.3,78.0,235.0,0.0,18.3,EXCELLENT
2026-04-29 09:34:48,30.3,78.1,220.0,0.0,13.3,EXCELLENT
2026-04-29 09:34:50,30.4,78.3,230.0,0.0,16.7,EXCELLENT
2026-04-29 09:34:53,30.4,78.3,230.0,0.0,16.7,EXCELLENT
2026-04-29 09:34:55,30.4,78.5,230.0,1.0,16.7,EXCELLENT
2026-04-29 09:34:57,30.4,80.0,241.0,1.0,20.3,EXCELLENT
2026-04-29 09:34:59,30.4,82.2,232.0,0.0,17.3,EXCELLENT
2026-04-29 09:35:01,30.4,81.9,261.0,0.0,27.0,EXCELLENT
2026-04-29 09:35:03,30.4,83.9,192.0,0.0,4.0,EXCELLENT
2026-04-29 09:35:05,30.4,84.6,189.0,0.0,3.0,EXCELLENT
2026-04-29 09:35:07,30.4,84.6,218.0,0.0,12.7,EXCELLENT
2026-04-29 09:35:09,30.4,83.3,272.0,0.0,30.7,EXCELLENT
2026-04-29 09:35:12,30.4,81.9,275.0,1.0,31.7,EXCELLENT
2026-04-29 09:35:12,30.4,80.6,293.0,1.0,37.7,EXCELLENT
2026-04-29 09:35:15,30.4,80.0,310.0,0.0,43.3,EXCELLENT
2026-04-29 09:35:17,30.4,80.8,311.0,0.0,43.7,EXCELLENT
2026-04-29 09:35:19,30.4,81.1,304.0,0.0,41.3,EXCELLENT
2026-04-29 09:35:21,30.4,81.2,304.0,0.0,41.3,EXCELLENT
2026-04-29 09:35:23,30.4,82.2,320.0,0.0,46.7,EXCELLENT
2026-04-29 09:35:25,30.4,83.5,337.0,0.0,51.8,MODERATE
2026-04-29 09:35:27,30.4,81.7,326.0,1.0,48.7,EXCELLENT
2026-04-29 09:35:29,30.4,80.7,345.0,1.0,53.0,MODERATE
2026-04-29 09:35:31,30.4,80.0,320.0,0.0,46.7,EXCELLENT
2026-04-29 09:35:33,30.4,79.8,323.0,0.0,47.7,EXCELLENT
2026-04-29 09:35:35,30.4,79.3,316.0,0.0,45.3,EXCELLENT
2026-04-29 09:35:36,30.4,79.1,319.0,0.0,46.3,EXCELLENT
2026-04-29 09:35:38,30.4,78.9,310.0,0.0,43.3,EXCELLENT
2026-04-29 09:35:41,30.4,78.7,307.0,0.0,42.3,EXCELLENT
2026-04-29 09:35:43,30.4,78.7,312.0,0.0,44.0,EXCELLENT
2026-04-29 09:35:45,30.4,78.5,295.0,0.0,38.3,EXCELLENT
2026-04-29 09:35:47,30.4,78.4,293.0,0.0,37.7,EXCELLENT
2026-04-29 09:35:49,30.3,78.4,299.0,0.0,39.7,EXCELLENT
2026-04-29 09:35:51,30.4,78.3,289.0,0.0,36.3,EXCELLENT
2026-04-29 09:35:53,30.4,78.3,290.0,0.0,36.7,EXCELLENT
2026-04-29 09:35:55,30.3,78.3,285.0,0.0,35.0,EXCELLENT
2026-04-29 09:35:57,30.4,78.1,293.0,0.0,37.7,EXCELLENT
2026-04-29 09:35:59,30.4,78.2,280.0,0.0,33.3,EXCELLENT
2026-04-29 09:36:01,30.4,78.2,283.0,0.0,34.3,EXCELLENT
2026-04-29 09:36:03,30.3,78.2,285.0,0.0,35.0,EXCELLENT
2026-04-29 09:36:05,30.3,78.2,276.0,0.0,32.0,EXCELLENT
2026-04-29 09:36:07,30.3,78.1,269.0,0.0,29.7,EXCELLENT
2026-04-29 09:36:09,30.4,78.2,275.0,0.0,31.7,EXCELLENT
2026-04-29 09:36:11,30.3,78.3,272.0,0.0,30.7,EXCELLENT
2026-04-29 09:36:13,30.3,78.3,278.0,0.0,32.7,EXCELLENT
2026-04-29 09:36:15,30.3,78.3,272.0,0.0,30.7,EXCELLENT
2026-04-29 09:36:17,30.3,78.3,271.0,0.0,30.3,EXCELLENT
2026-04-29 09:36:19,30.3,78.3,272.0,0.0,30.7,EXCELLENT
2026-04-29 09:36:21,30.3,78.3,277.0,0.0,32.3,EXCELLENT
2026-04-29 09:36:23,30.3,78.2,267.0,0.0,29.0,EXCELLENT
2026-04-29 09:36:25,30.3,78.3,270.0,0.0,30.0,EXCELLENT
2026-04-29 09:36:27,30.3,78.2,277.0,0.0,32.3,EXCELLENT
2026-04-29 09:36:29,30.3,78.2,264.0,0.0,28.0,EXCELLENT
2026-04-29 09:36:31,30.3,78.3,266.0,0.0,28.7,EXCELLENT
2026-04-29 09:36:33,30.3,78.2,262.0,0.0,27.3,EXCELLENT
2026-04-29 09:36:35,30.3,78.2,277.0,0.0,32.3,EXCELLENT
2026-04-29 09:36:37,30.3,78.3,270.0,0.0,30.0,EXCELLENT
2026-04-29 09:36:39,30.3,78.4,268.0,0.0,29.3,EXCELLENT
2026-04-29 09:36:41,30.3,78.4,269.0,0.0,29.7,EXCELLENT
2026-04-29 09:36:43,30.3,78.5,272.0,0.0,30.7,EXCELLENT
2026-04-29 09:36:45,30.3,78.4,279.0,0.0,33.0,EXCELLENT
2026-04-29 09:36:47,30.3,78.4,266.0,0.0,28.7,EXCELLENT
2026-04-29 09:36:49,30.3,78.4,266.0,0.0,28.7,EXCELLENT
2026-04-29 09:36:51,30.3,78.3,281.0,0.0,33.7,EXCELLENT
2026-04-29 09:36:53,30.3,78.3,271.0,0.0,30.3,EXCELLENT
2026-04-29 09:36:55,30.3,78.4,273.0,0.0,31.0,EXCELLENT
2026-04-29 09:36:57,30.3,78.4,259.0,0.0,26.3,EXCELLENT
2026-04-29 09:36:59,30.3,78.3,269.0,0.0,29.7,EXCELLENT
2026-04-29 09:37:01,30.3,78.4,269.0,0.0,29.7,EXCELLENT
2026-04-29 09:37:03,30.3,78.4,266.0,0.0,28.7,EXCELLENT
2026-04-29 09:37:05,30.3,78.4,272.0,0.0,30.7,EXCELLENT
2026-04-29 09:37:07,30.3,78.5,270.0,0.0,30.0,EXCELLENT
2026-04-29 09:37:09,30.3,78.4,275.0,0.0,31.7,EXCELLENT
2026-04-29 09:37:11,30.3,78.4,272.0,0.0,30.7,EXCELLENT
2026-04-29 09:37:13,30.3,78.4,274.0,0.0,31.3,EXCELLENT
2026-04-29 09:37:15,30.3,78.4,272.0,0.0,30.7,EXCELLENT
2026-04-29 09:37:17,30.3,78.4,262.0,0.0,27.3,EXCELLENT
2026-04-29 09:37:19,30.3,78.4,272.0,0.0,30.7,EXCELLENT
2026-04-29 09:37:21,30.3,78.4,269.0,0.0,29.7,EXCELLENT
2026-04-29 09:37:23,30.3,78.4,272.0,0.0,30.7,EXCELLENT
2026-04-29 09:37:25,30.3,78.4,272.0,0.0,30.7,EXCELLENT
2026-04-29 09:37:27,30.3,78.5,272.0,0.0,30.7,EXCELLENT
2026-04-29 09:37:29,30.3,78.5,267.0,0.0,29.0,EXCELLENT
2026-04-29 09:37:31,30.3,78.5,267.0,0.0,29.0,EXCELLENT
2026-04-29 09:37:33,30.3,78.4,272.0,0.0,30.7,EXCELLENT
2026-04-29 09:37:35,30.3,78.5,262.0,0.0,27.3,EXCELLENT
2026-04-29 09:37:37,30.3,78.5,271.0,0.0,30.3,EXCELLENT
2026-04-29 09:37:39,30.3,78.5,272.0,0.0,30.7,EXCELLENT
2026-04-29 09:37:41,30.3,78.5,261.0,0.0,27.0,EXCELLENT
2026-04-29 09:37:43,30.2,78.6,259.0,0.0,26.3,EXCELLENT
2026-04-29 09:37:45,30.3,78.6,261.0,0.0,27.0,EXCELLENT
2026-04-29 09:37:47,30.3,78.6,267.0,0.0,29.0,EXCELLENT
2026-04-29 09:37:49,30.3,78.6,268.0,0.0,29.3,EXCELLENT
2026-04-29 09:37:51,30.3,78.6,273.0,0.0,31.0,EXCELLENT
2026-04-29 09:37:53,30.2,78.6,272.0,0.0,30.7,EXCELLENT
2026-04-29 09:37:55,30.3,78.6,274.0,0.0,31.3,EXCELLENT
2026-04-29 09:37:57,30.2,78.5,262.0,0.0,27.3,EXCELLENT
2026-04-29 09:37:59,30.2,78.6,265.0,0.0,28.3,EXCELLENT
2026-04-29 09:38:01,30.3,78.6,272.0,0.0,30.7,EXCELLENT
2026-04-29 09:38:03,30.3,78.6,272.0,0.0,30.7,EXCELLENT
2026-04-29 09:38:05,30.3,78.6,266.0,0.0,28.7,EXCELLENT
2026-04-29 09:38:07,30.3,78.6,274.0,0.0,31.3,EXCELLENT
2026-04-29 09:38:09,30.3,78.6,257.0,0.0,25.7,EXCELLENT
2026-04-29 09:38:11,30.3,78.7,272.0,0.0,30.7,EXCELLENT
2026-04-29 09:38:13,30.3,78.8,273.0,1.0,31.0,EXCELLENT
2026-04-29 09:38:15,30.3,78.8,270.0,1.0,30.0,EXCELLENT
2026-04-29 09:38:17,30.3,78.8,272.0,0.0,30.7,EXCELLENT
2026-04-29 09:38:19,30.3,78.7,272.0,0.0,30.7,EXCELLENT
2026-04-29 09:38:21,30.3,79.0,261.0,0.0,27.0,EXCELLENT
2026-04-29 09:38:23,30.3,79.0,274.0,0.0,31.3,EXCELLENT
2026-04-29 09:38:25,30.3,79.3,272.0,0.0,30.7,EXCELLENT
2026-04-29 09:38:27,30.3,79.5,262.0,0.0,27.3,EXCELLENT
2026-04-29 09:38:29,30.3,79.4,258.0,0.0,26.0,EXCELLENT
2026-04-29 09:38:31,30.3,79.2,272.0,0.0,30.7,EXCELLENT
2026-04-29 09:38:33,30.3,79.0,272.0,0.0,30.7,EXCELLENT
2026-04-29 09:38:35,30.3,78.9,256.0,0.0,25.3,EXCELLENT
2026-04-29 09:38:37,30.3,78.9,272.0,0.0,30.7,EXCELLENT
2026-04-29 09:38:39,30.3,78.8,264.0,0.0,28.0,EXCELLENT
2026-04-29 09:38:41,30.3,78.8,266.0,0.0,28.7,EXCELLENT
2026-04-29 09:38:43,30.3,78.7,271.0,0.0,30.3,EXCELLENT
2026-04-29 09:38:45,30.3,78.8,269.0,0.0,29.7,EXCELLENT
2026-04-29 09:38:47,30.3,78.8,272.0,0.0,30.7,EXCELLENT
2026-04-29 09:38:49,30.3,78.7,274.0,0.0,31.3,EXCELLENT
2026-04-29 09:38:51,30.2,78.7,272.0,0.0,30.7,EXCELLENT
2026-04-29 09:38:53,30.3,78.7,269.0,0.0,29.7,EXCELLENT
2026-04-29 09:38:55,30.3,78.7,267.0,0.0,29.0,EXCELLENT
2026-04-29 09:38:57,30.3,78.7,266.0,0.0,28.7,EXCELLENT
2026-04-29 09:38:59,30.3,78.7,267.0,0.0,29.0,EXCELLENT
2026-04-29 09:39:01,30.2,78.7,262.0,0.0,27.3,EXCELLENT
2026-04-29 09:39:03,30.3,78.7,272.0,0.0,30.7,EXCELLENT
2026-04-29 09:39:05,30.3,78.8,262.0,0.0,27.3,EXCELLENT
2026-04-29 09:39:07,30.2,78.8,272.0,0.0,30.7,EXCELLENT
2026-04-29 09:39:09,30.3,78.8,261.0,0.0,27.0,EXCELLENT
2026-04-29 09:39:11,30.3,78.8,272.0,0.0,30.7,EXCELLENT
2026-04-29 09:39:13,30.2,78.8,262.0,0.0,27.3,EXCELLENT
2026-04-29 09:39:15,30.3,78.8,274.0,0.0,31.3,EXCELLENT
2026-04-29 09:39:17,30.2,78.8,270.0,0.0,30.0,EXCELLENT
2026-04-29 09:39:19,30.2,78.8,267.0,0.0,29.0,EXCELLENT
2026-04-29 09:39:21,30.2,78.8,265.0,0.0,28.3,EXCELLENT
2026-04-29 09:39:23,30.2,78.8,256.0,0.0,25.3,EXCELLENT
2026-04-29 09:39:25,30.3,78.8,269.0,0.0,29.7,EXCELLENT
2026-04-29 09:39:27,30.3,78.9,270.0,0.0,30.0,EXCELLENT
2026-04-29 09:39:29,30.3,78.8,263.0,0.0,27.7,EXCELLENT
2026-04-29 09:39:31,30.3,78.8,262.0,0.0,27.3,EXCELLENT
2026-04-29 09:39:33,30.3,78.8,254.0,0.0,24.7,EXCELLENT
2026-04-29 09:39:35,30.3,78.8,258.0,0.0,26.0,EXCELLENT
2026-04-29 09:39:37,30.3,78.8,261.0,0.0,27.0,EXCELLENT
2026-04-29 09:39:39,30.3,78.8,262.0,0.0,27.3,EXCELLENT
2026-04-29 09:39:41,30.3,78.9,262.0,0.0,27.3,EXCELLENT
2026-04-29 09:39:43,30.2,78.9,268.0,0.0,29.3,EXCELLENT
2026-04-29 09:39:45,30.3,78.9,274.0,0.0,31.3,EXCELLENT
2026-04-29 09:39:47,30.3,78.9,266.0,0.0,28.7,EXCELLENT
2026-04-29 09:39:49,30.2,78.9,259.0,0.0,26.3,EXCELLENT
2026-04-29 09:39:51,30.2,78.9,265.0,0.0,28.3,EXCELLENT
2026-04-29 09:39:53,30.3,78.9,259.0,0.0,26.3,EXCELLENT
2026-04-29 09:39:55,30.2,78.9,260.0,0.0,26.7,EXCELLENT
2026-04-29 09:39:57,30.3,78.9,265.0,0.0,28.3,EXCELLENT
2026-04-29 09:39:59,30.2,79.0,267.0,0.0,29.0,EXCELLENT
2026-04-29 09:40:01,30.2,79.0,263.0,0.0,27.7,EXCELLENT
2026-04-29 09:40:03,30.3,79.1,254.0,0.0,24.7,EXCELLENT
2026-04-29 09:49:04,30.4,79.9,272.0,0.0,30.7,EXCELLENT
2026-04-29 09:49:06,30.4,79.7,272.0,0.0,30.7,EXCELLENT
2026-04-29 09:49:08,30.5,79.5,272.0,0.0,30.7,EXCELLENT
2026-04-29 09:49:10,30.4,79.4,272.0,0.0,30.7,EXCELLENT
2026-04-29 09:49:12,30.5,79.5,267.0,0.0,29.0,EXCELLENT
2026-04-29 09:49:14,30.4,79.5,272.0,0.0,30.7,EXCELLENT
2026-04-29 09:49:16,30.4,79.5,269.0,0.0,29.7,EXCELLENT
2026-04-29 09:49:18,30.4,79.4,270.0,1.0,30.0,EXCELLENT
2026-04-29 09:49:20,30.5,79.3,270.0,0.0,30.0,EXCELLENT
2026-04-29 09:49:22,30.5,79.3,260.0,0.0,26.7,EXCELLENT
2026-04-29 09:49:24,30.5,79.3,261.0,0.0,27.0,EXCELLENT
2026-04-29 09:49:26,30.4,79.2,268.0,0.0,29.3,EXCELLENT
2026-04-29 09:49:28,30.4,79.2,274.0,0.0,31.3,EXCELLENT
2026-04-29 09:49:30,30.5,79.2,261.0,0.0,27.0,EXCELLENT
2026-04-29 09:49:32,30.5,79.2,267.0,0.0,29.0,EXCELLENT
2026-04-29 09:49:34,30.4,79.1,269.0,0.0,29.7,EXCELLENT
2026-04-29 09:49:36,30.4,79.2,266.0,1.0,28.7,EXCELLENT
2026-04-29 09:49:38,30.4,79.2,262.0,1.0,27.3,EXCELLENT
2026-04-29 09:49:40,30.5,79.2,261.0,0.0,27.0,EXCELLENT
2026-04-29 09:49:42,30.5,79.3,272.0,0.0,30.7,EXCELLENT
2026-04-29 09:49:44,30.4,79.3,272.0,0.0,30.7,EXCELLENT
2026-04-29 09:49:46,30.4,79.4,263.0,0.0,27.7,EXCELLENT
2026-04-29 09:49:48,30.5,79.3,271.0,0.0,30.3,EXCELLENT
2026-04-29 09:49:50,30.5,79.2,262.0,0.0,27.3,EXCELLENT
2026-04-29 09:49:52,30.4,79.3,258.0,0.0,26.0,EXCELLENT
2026-04-29 09:49:54,30.5,79.3,269.0,0.0,29.7,EXCELLENT
2026-04-29 09:49:56,30.4,79.3,262.0,0.0,27.3,EXCELLENT
2026-04-29 09:49:58,30.4,79.2,257.0,0.0,25.7,EXCELLENT
2026-04-29 09:50:00,30.4,79.2,271.0,0.0,30.3,EXCELLENT
2026-04-29 09:50:02,30.4,79.2,273.0,0.0,31.0,EXCELLENT
2026-04-29 09:50:04,30.4,79.1,262.0,0.0,27.3,EXCELLENT
2026-04-29 09:50:06,30.4,79.2,267.0,0.0,29.0,EXCELLENT
2026-04-29 09:50:08,30.4,79.2,262.0,0.0,27.3,EXCELLENT
2026-04-29 09:50:10,30.4,79.2,271.0,0.0,30.3,EXCELLENT
2026-04-29 09:50:12,30.4,79.2,267.0,0.0,29.0,EXCELLENT
2026-04-29 09:50:14,30.4,79.2,272.0,0.0,30.7,EXCELLENT
2026-04-29 09:50:16,30.4,79.2,271.0,0.0,30.3,EXCELLENT
2026-04-29 09:50:18,30.4,79.2,259.0,0.0,26.3,EXCELLENT
2026-04-29 09:50:20,30.4,79.2,259.0,0.0,26.3,EXCELLENT
2026-04-29 09:50:22,30.4,79.1,268.0,0.0,29.3,EXCELLENT
2026-04-29 09:50:24,30.4,79.2,261.0,0.0,27.0,EXCELLENT
2026-04-29 09:50:26,30.4,79.2,271.0,0.0,30.3,EXCELLENT
2026-04-29 09:50:28,30.5,79.2,265.0,0.0,28.3,EXCELLENT
2026-04-29 09:50:30,30.5,79.2,261.0,0.0,27.0,EXCELLENT
2026-04-29 09:50:32,30.4,79.2,267.0,0.0,29.0,EXCELLENT
2026-04-29 09:50:34,30.4,79.2,270.0,0.0,30.0,EXCELLENT
2026-04-29 09:50:36,30.5,79.2,266.0,0.0,28.7,EXCELLENT
2026-04-29 09:50:38,30.4,79.2,269.0,0.0,29.7,EXCELLENT
2026-04-29 09:50:40,30.4,79.2,262.0,0.0,27.3,EXCELLENT
2026-04-29 09:50:42,30.5,79.2,267.0,0.0,29.0,EXCELLENT
2026-04-29 09:50:44,30.5,79.1,262.0,0.0,27.3,EXCELLENT
2026-04-29 09:50:46,30.4,79.2,254.0,0.0,24.7,EXCELLENT
2026-04-29 09:50:48,30.4,79.3,271.0,0.0,30.3,EXCELLENT
2026-04-29 09:50:50,30.4,79.1,272.0,0.0,30.7,EXCELLENT
2026-04-29 09:50:52,30.4,79.2,272.0,0.0,30.7,EXCELLENT
2026-04-29 09:50:54,30.4,79.2,272.0,0.0,30.7,EXCELLENT
2026-04-29 09:50:56,30.5,79.2,274.0,0.0,31.3,EXCELLENT
2026-04-29 09:50:58,30.4,79.2,269.0,0.0,29.7,EXCELLENT
2026-04-29 09:51:00,30.4,79.2,267.0,0.0,29.0,EXCELLENT
2026-04-29 09:51:02,30.5,79.2,270.0,0.0,30.0,EXCELLENT
2026-04-29 09:51:04,30.4,79.2,267.0,0.0,29.0,EXCELLENT
2026-04-29 09:51:06,30.5,79.2,258.0,0.0,26.0,EXCELLENT
2026-04-29 09:51:08,30.4,79.2,265.0,0.0,28.3,EXCELLENT
2026-04-29 09:51:10,30.4,79.2,258.0,0.0,26.0,EXCELLENT
2026-04-29 09:51:12,30.4,79.2,256.0,0.0,25.3,EXCELLENT
2026-04-29 09:51:14,30.5,79.3,261.0,0.0,27.0,EXCELLENT
2026-04-29 09:51:16,30.5,79.2,267.0,0.0,29.0,EXCELLENT
2026-04-29 09:51:18,30.4,79.2,272.0,0.0,30.7,EXCELLENT
2026-04-29 09:51:20,30.5,79.2,260.0,0.0,26.7,EXCELLENT
2026-04-29 09:51:22,30.4,79.1,267.0,0.0,29.0,EXCELLENT
2026-04-29 09:51:24,30.4,79.1,266.0,0.0,28.7,EXCELLENT
2026-04-29 09:51:26,30.4,79.2,261.0,0.0,27.0,EXCELLENT
2026-04-29 09:51:28,30.4,79.2,272.0,0.0,30.7,EXCELLENT
2026-04-29 09:51:30,30.5,79.2,261.0,0.0,27.0,EXCELLENT
2026-04-29 09:51:32,30.4,79.4,272.0,0.0,30.7,EXCELLENT
2026-04-29 09:51:34,30.5,79.5,249.0,0.0,23.0,EXCELLENT
2026-04-29 09:51:36,30.5,79.5,272.0,0.0,30.7,EXCELLENT
2026-04-29 09:51:38,30.5,79.4,272.0,0.0,30.7,EXCELLENT
2026-04-29 09:51:40,30.4,79.3,261.0,0.0,27.0,EXCELLENT
2026-04-29 09:51:42,30.4,79.3,261.0,0.0,27.0,EXCELLENT
2026-04-29 09:51:44,30.5,79.2,270.0,0.0,30.0,EXCELLENT
2026-04-29 09:51:46,30.4,79.3,266.0,0.0,28.7,EXCELLENT
2026-04-29 09:51:48,30.5,79.2,273.0,0.0,31.0,EXCELLENT
2026-04-29 09:51:50,30.4,79.2,272.0,0.0,30.7,EXCELLENT
2026-04-29 09:51:52,30.5,79.2,262.0,0.0,27.3,EXCELLENT
2026-04-29 09:51:54,30.5,79.2,266.0,0.0,28.7,EXCELLENT
2026-04-29 09:51:56,30.5,79.2,257.0,0.0,25.7,EXCELLENT
2026-04-29 09:51:58,30.5,79.1,272.0,0.0,30.7,EXCELLENT
2026-04-29 09:52:00,30.5,79.2,256.0,0.0,25.3,EXCELLENT
2026-04-29 09:52:02,30.4,79.2,272.0,0.0,30.7,EXCELLENT
2026-04-29 09:52:04,30.5,79.2,271.0,1.0,30.3,EXCELLENT
2026-04-29 09:52:06,30.5,79.1,262.0,1.0,27.3,EXCELLENT
2026-04-29 09:52:08,30.5,79.1,273.0,0.0,31.0,EXCELLENT
2026-04-29 09:52:10,30.5,79.1,263.0,0.0,27.7,EXCELLENT
2026-04-29 09:52:12,30.5,79.2,268.0,0.0,29.3,EXCELLENT
2026-04-29 09:52:14,30.5,79.2,273.0,0.0,31.0,EXCELLENT
2026-04-29 09:52:16,30.5,79.2,272.0,0.0,30.7,EXCELLENT
2026-04-29 09:52:18,30.5,79.3,262.0,0.0,27.3,EXCELLENT
2026-04-29 09:52:20,30.5,79.4,267.0,0.0,29.0,EXCELLENT
2026-04-29 09:52:22,30.4,79.4,259.0,0.0,26.3,EXCELLENT
2026-04-29 09:52:24,30.5,79.3,259.0,0.0,26.3,EXCELLENT
2026-04-29 09:52:26,30.5,79.2,260.0,0.0,26.7,EXCELLENT
2026-04-29 09:52:28,30.5,79.2,271.0,0.0,30.3,EXCELLENT
2026-04-29 09:52:30,30.5,79.3,260.0,0.0,26.7,EXCELLENT
2026-04-29 09:52:32,30.5,79.2,272.0,0.0,30.7,EXCELLENT
2026-04-29 09:52:34,30.4,79.2,272.0,0.0,30.7,EXCELLENT
2026-04-29 09:52:36,30.5,79.2,263.0,0.0,27.7,EXCELLENT
2026-04-29 09:52:38,30.5,79.1,263.0,0.0,27.7,EXCELLENT
2026-04-29 09:52:40,30.5,79.3,262.0,0.0,27.3,EXCELLENT
2026-04-29 09:52:42,30.5,79.2,257.0,0.0,25.7,EXCELLENT
2026-04-29 09:52:44,30.5,79.2,261.0,0.0,27.0,EXCELLENT
2026-04-29 09:52:46,30.4,79.2,263.0,0.0,27.7,EXCELLENT
2026-04-29 09:52:48,30.5,79.2,265.0,0.0,28.3,EXCELLENT
2026-04-29 09:52:50,30.5,79.2,268.0,0.0,29.3,EXCELLENT
2026-04-29 09:52:52,30.5,79.2,270.0,0.0,30.0,EXCELLENT
2026-04-29 09:52:54,30.5,79.2,266.0,0.0,28.7,EXCELLENT
2026-04-29 09:52:56,30.5,79.2,262.0,0.0,27.3,EXCELLENT
2026-04-29 09:52:58,30.4,79.3,262.0,0.0,27.3,EXCELLENT
2026-04-29 09:53:00,30.5,79.3,272.0,0.0,30.7,EXCELLENT
2026-04-29 09:53:02,30.4,79.3,268.0,0.0,29.3,EXCELLENT
2026-04-29 09:53:04,30.5,79.3,267.0,0.0,29.0,EXCELLENT
2026-04-29 09:53:06,30.4,79.3,270.0,0.0,30.0,EXCELLENT
2026-04-29 09:53:08,30.4,79.2,267.0,0.0,29.0,EXCELLENT
2026-04-29 09:53:10,30.4,79.3,261.0,0.0,27.0,EXCELLENT
2026-04-29 09:53:12,30.4,79.3,272.0,0.0,30.7,EXCELLENT
2026-04-29 09:53:14,30.5,79.3,259.0,0.0,26.3,EXCELLENT
2026-04-29 09:53:16,30.4,79.4,260.0,0.0,26.7,EXCELLENT
2026-04-29 09:53:18,30.4,79.4,266.0,0.0,28.7,EXCELLENT
2026-04-29 09:53:20,30.4,79.3,259.0,0.0,26.3,EXCELLENT
2026-04-29 09:53:22,30.4,79.4,272.0,0.0,30.7,EXCELLENT
2026-04-29 09:53:24,30.4,79.4,265.0,0.0,28.3,EXCELLENT
2026-04-29 09:53:26,30.4,79.3,255.0,0.0,25.0,EXCELLENT
2026-04-29 09:53:28,30.4,79.4,260.0,0.0,26.7,EXCELLENT
2026-04-29 09:53:30,30.4,79.4,263.0,0.0,27.7,EXCELLENT
2026-04-29 09:53:32,30.4,79.4,272.0,0.0,30.7,EXCELLENT
2026-04-29 09:53:34,30.4,79.4,272.0,0.0,30.7,EXCELLENT
2026-04-29 09:53:36,30.4,79.4,270.0,0.0,30.0,EXCELLENT
2026-04-29 09:53:38,30.4,79.4,268.0,0.0,29.3,EXCELLENT
2026-04-29 09:53:40,30.4,79.4,260.0,0.0,26.7,EXCELLENT
2026-04-29 09:53:42,30.4,79.4,272.0,0.0,30.7,EXCELLENT
2026-04-29 09:53:44,30.4,79.4,259.0,0.0,26.3,EXCELLENT
2026-04-29 09:53:46,30.4,79.4,269.0,0.0,29.7,EXCELLENT
2026-04-29 09:53:48,30.4,79.4,263.0,0.0,27.7,EXCELLENT
2026-04-29 09:53:50,30.4,79.4,264.0,0.0,28.0,EXCELLENT
2026-04-29 09:53:52,30.4,79.4,273.0,0.0,31.0,EXCELLENT
2026-04-29 09:53:54,30.4,79.3,261.0,0.0,27.0,EXCELLENT
2026-04-29 09:53:56,30.4,79.4,272.0,0.0,30.7,EXCELLENT
2026-04-29 09:53:58,30.4,79.5,264.0,0.0,28.0,EXCELLENT
2026-04-29 09:54:00,30.4,79.4,269.0,0.0,29.7,EXCELLENT
2026-04-29 09:54:02,30.4,79.5,271.0,0.0,30.3,EXCELLENT
2026-04-29 09:54:04,30.4,79.4,258.0,0.0,26.0,EXCELLENT
2026-04-29 09:54:06,30.4,79.5,262.0,0.0,27.3,EXCELLENT
2026-04-29 09:54:08,30.4,79.4,272.0,0.0,30.7,EXCELLENT
2026-04-29 09:54:10,30.4,79.5,267.0,0.0,29.0,EXCELLENT
2026-04-29 09:54:12,30.4,79.5,261.0,0.0,27.0,EXCELLENT
2026-04-29 09:54:14,30.4,79.5,272.0,0.0,30.7,EXCELLENT
2026-04-29 09:54:16,30.4,79.5,272.0,1.0,30.7,EXCELLENT
2026-04-29 09:54:18,30.4,79.4,263.0,1.0,27.7,EXCELLENT
2026-04-29 09:54:20,30.4,79.5,263.0,0.0,27.7,EXCELLENT
2026-04-29 09:54:22,30.4,79.4,272.0,0.0,30.7,EXCELLENT
2026-04-29 09:54:24,30.4,79.4,260.0,1.0,26.7,EXCELLENT
2026-04-29 09:54:26,30.4,79.5,272.0,1.0,30.7,EXCELLENT
2026-04-29 09:54:28,30.4,79.5,270.0,0.0,30.0,EXCELLENT
2026-04-29 09:54:30,30.4,79.5,272.0,0.0,30.7,EXCELLENT
2026-04-29 09:54:32,30.4,79.5,263.0,0.0,27.7,EXCELLENT
2026-04-29 09:54:34,30.4,79.4,261.0,0.0,27.0,EXCELLENT
2026-04-29 09:54:36,30.4,79.5,261.0,0.0,27.0,EXCELLENT
2026-04-29 09:54:38,30.4,79.5,269.0,0.0,29.7,EXCELLENT
2026-04-29 09:54:40,30.4,79.5,267.0,0.0,29.0,EXCELLENT
2026-04-29 09:54:42,30.4,79.5,268.0,0.0,29.3,EXCELLENT
2026-04-29 09:54:44,30.4,79.5,270.0,0.0,30.0,EXCELLENT
2026-04-29 09:54:46,30.4,79.5,267.0,0.0,29.0,EXCELLENT
2026-04-29 09:54:48,30.4,79.5,271.0,0.0,30.3,EXCELLENT
2026-04-29 09:54:50,30.4,79.5,260.0,0.0,26.7,EXCELLENT
2026-04-29 09:54:52,30.4,79.6,267.0,0.0,29.0,EXCELLENT
2026-04-29 09:54:54,30.4,79.5,264.0,1.0,28.0,EXCELLENT
2026-04-29 09:54:56,30.4,79.6,261.0,1.0,27.0,EXCELLENT
2026-04-29 09:54:58,30.4,79.9,266.0,0.0,28.7,EXCELLENT
2026-04-29 09:55:00,30.4,80.1,259.0,0.0,26.3,EXCELLENT
2026-04-29 09:55:02,30.4,80.2,263.0,0.0,27.7,EXCELLENT
2026-04-29 09:55:04,30.4,79.9,272.0,0.0,30.7,EXCELLENT
2026-04-29 09:55:06,30.4,79.7,263.0,0.0,27.7,EXCELLENT
2026-04-29 09:55:08,30.4,79.8,269.0,0.0,29.7,EXCELLENT
2026-04-29 09:55:10,30.5,79.9,267.0,0.0,29.0,EXCELLENT
2026-04-29 09:55:12,30.4,79.9,261.0,0.0,27.0,EXCELLENT
2026-04-29 09:55:14,30.4,79.9,270.0,0.0,30.0,EXCELLENT
2026-04-29 09:55:16,30.4,79.9,268.0,0.0,29.3,EXCELLENT
2026-04-29 09:55:18,30.4,79.8,270.0,0.0,30.0,EXCELLENT
2026-04-29 09:55:20,30.4,79.8,265.0,0.0,28.3,EXCELLENT
2026-04-29 09:55:22,30.4,79.7,263.0,0.0,27.7,EXCELLENT
2026-04-29 09:55:24,30.4,79.7,269.0,0.0,29.7,EXCELLENT
2026-04-29 09:55:26,30.4,79.7,262.0,0.0,27.3,EXCELLENT
2026-04-29 09:55:28,30.4,79.8,272.0,0.0,30.7,EXCELLENT
2026-04-29 09:55:30,30.4,79.8,258.0,0.0,26.0,EXCELLENT
2026-04-29 09:55:32,30.4,79.9,262.0,0.0,27.3,EXCELLENT
2026-04-29 09:55:34,30.4,80.0,267.0,0.0,29.0,EXCELLENT
2026-04-29 09:55:36,30.4,80.0,267.0,0.0,29.0,EXCELLENT
2026-04-29 09:55:38,30.4,79.8,269.0,1.0,29.7,EXCELLENT
2026-04-29 09:55:40,30.4,79.7,262.0,1.0,27.3,EXCELLENT
2026-04-29 09:55:42,30.4,79.6,257.0,0.0,25.7,EXCELLENT
2026-04-29 09:55:44,30.4,79.6,266.0,0.0,28.7,EXCELLENT
2026-04-29 09:55:46,30.4,79.6,262.0,0.0,27.3,EXCELLENT
2026-04-29 09:55:48,30.4,79.6,265.0,0.0,28.3,EXCELLENT
2026-04-29 09:55:50,30.5,79.6,266.0,0.0,28.7,EXCELLENT
2026-04-29 09:55:52,30.5,79.5,269.0,0.0,29.7,EXCELLENT
2026-04-29 09:55:54,30.4,79.5,267.0,0.0,29.0,EXCELLENT
2026-04-29 09:55:56,30.4,79.5,271.0,0.0,30.3,EXCELLENT
2026-04-29 09:55:58,30.4,79.5,266.0,0.0,28.7,EXCELLENT
2026-04-29 09:56:00,30.5,79.6,268.0,0.0,29.3,EXCELLENT
2026-04-29 09:56:02,30.4,79.5,272.0,0.0,30.7,EXCELLENT
2026-04-29 09:56:04,30.4,79.5,270.0,0.0,30.0,EXCELLENT
2026-04-29 09:56:06,30.4,79.6,270.0,0.0,30.0,EXCELLENT
2026-04-29 09:56:08,30.4,79.5,266.0,0.0,28.7,EXCELLENT
2026-04-29 09:56:10,30.4,79.4,262.0,0.0,27.3,EXCELLENT
2026-04-29 09:56:12,30.5,79.5,258.0,0.0,26.0,EXCELLENT
2026-04-29 09:56:14,30.4,79.6,270.0,0.0,30.0,EXCELLENT
2026-04-29 09:56:16,30.4,79.5,259.0,0.0,26.3,EXCELLENT
2026-04-29 09:56:18,30.5,79.5,272.0,0.0,30.7,EXCELLENT
2026-04-29 09:56:20,30.4,79.5,261.0,0.0,27.0,EXCELLENT
2026-04-29 09:56:22,30.5,79.5,272.0,0.0,30.7,EXCELLENT
2026-04-29 09:56:24,30.5,79.6,266.0,0.0,28.7,EXCELLENT
2026-04-29 09:56:26,30.4,79.7,272.0,0.0,30.7,EXCELLENT
2026-04-29 09:56:28,30.4,79.6,272.0,0.0,30.7,EXCELLENT
2026-04-29 09:56:30,30.4,79.7,264.0,0.0,28.0,EXCELLENT
2026-04-29 09:56:32,30.4,79.7,264.0,0.0,28.0,EXCELLENT
2026-04-29 09:56:34,30.5,79.6,269.0,0.0,29.7,EXCELLENT
2026-04-29 09:56:36,30.4,79.6,263.0,0.0,27.7,EXCELLENT
2026-04-29 09:56:38,30.4,79.5,267.0,0.0,29.0,EXCELLENT
2026-04-29 09:56:40,30.4,79.5,268.0,0.0,29.3,EXCELLENT
2026-04-29 09:56:42,30.4,79.5,261.0,0.0,27.0,EXCELLENT
2026-04-29 09:56:44,30.4,79.5,269.0,0.0,29.7,EXCELLENT
2026-04-29 09:56:46,30.5,79.6,272.0,0.0,30.7,EXCELLENT
2026-04-29 09:56:48,30.4,79.5,272.0,0.0,30.7,EXCELLENT
2026-04-29 09:56:50,30.4,79.6,273.0,0.0,31.0,EXCELLENT
2026-04-29 09:56:52,30.4,79.6,261.0,0.0,27.0,EXCELLENT
2026-04-29 09:56:54,30.4,79.6,269.0,0.0,29.7,EXCELLENT
2026-04-29 09:56:56,30.4,79.6,271.0,0.0,30.3,EXCELLENT
2026-04-29 09:56:58,30.5,79.6,271.0,0.0,30.3,EXCELLENT
2026-04-29 09:57:00,30.4,79.6,272.0,0.0,30.7,EXCELLENT
2026-04-29 09:57:02,30.4,79.6,270.0,0.0,30.0,EXCELLENT
2026-04-29 09:57:04,30.4,79.5,272.0,0.0,30.7,EXCELLENT
2026-04-29 09:57:06,30.4,79.5,270.0,0.0,30.0,EXCELLENT
2026-04-29 09:57:08,30.5,79.6,256.0,0.0,25.3,EXCELLENT
2026-04-29 09:57:10,30.4,79.6,271.0,0.0,30.3,EXCELLENT
2026-04-29 09:57:12,30.5,79.6,255.0,0.0,25.0,EXCELLENT
2026-04-29 09:57:14,30.4,79.5,257.0,0.0,25.7,EXCELLENT
2026-04-29 09:57:16,30.4,79.5,270.0,0.0,30.0,EXCELLENT
2026-04-29 09:57:18,30.4,79.5,272.0,0.0,30.7,EXCELLENT
2026-04-29 09:57:20,30.4,79.6,272.0,0.0,30.7,EXCELLENT
2026-04-29 09:57:22,30.4,79.6,274.0,0.0,31.3,EXCELLENT
2026-04-29 09:57:24,30.4,79.6,268.0,0.0,29.3,EXCELLENT
2026-04-29 09:57:26,30.4,79.6,263.0,0.0,27.7,EXCELLENT
2026-04-29 09:57:28,30.4,79.7,267.0,0.0,29.0,EXCELLENT
2026-04-29 09:57:30,30.5,79.8,263.0,0.0,27.7,EXCELLENT
2026-04-29 09:57:32,30.4,79.7,272.0,0.0,30.7,EXCELLENT
2026-04-29 09:57:34,30.5,79.7,270.0,0.0,30.0,EXCELLENT
2026-04-29 09:57:36,30.5,79.6,263.0,0.0,27.7,EXCELLENT
2026-04-29 09:57:38,30.4,79.5,271.0,0.0,30.3,EXCELLENT
2026-04-29 09:57:40,30.5,79.6,266.0,0.0,28.7,EXCELLENT
2026-04-29 09:57:42,30.5,79.6,256.0,0.0,25.3,EXCELLENT
2026-04-29 09:57:44,30.4,79.6,272.0,0.0,30.7,EXCELLENT
2026-04-29 09:57:46,30.4,79.6,272.0,0.0,30.7,EXCELLENT
2026-04-29 09:57:48,30.4,79.6,272.0,0.0,30.7,EXCELLENT
2026-04-29 09:57:50,30.5,79.7,263.0,0.0,27.7,EXCELLENT
2026-04-29 09:57:52,30.5,79.6,263.0,0.0,27.7,EXCELLENT
2026-04-29 09:57:54,30.4,79.6,261.0,0.0,27.0,EXCELLENT
2026-04-29 09:57:56,30.4,79.6,267.0,0.0,29.0,EXCELLENT
2026-04-29 09:57:58,30.4,79.6,266.0,0.0,28.7,EXCELLENT
2026-04-29 09:58:00,30.4,79.6,267.0,0.0,29.0,EXCELLENT
2026-04-29 09:58:02,30.4,79.6,258.0,0.0,26.0,EXCELLENT
2026-04-29 09:58:04,30.4,79.6,265.0,0.0,28.3,EXCELLENT
2026-04-29 09:58:06,30.4,79.6,261.0,0.0,27.0,EXCELLENT
2026-04-29 09:58:08,30.4,79.6,272.0,0.0,30.7,EXCELLENT
2026-04-29 09:58:10,30.4,79.6,273.0,0.0,31.0,EXCELLENT
2026-04-29 09:58:12,30.5,79.5,260.0,0.0,26.7,EXCELLENT
2026-04-29 09:58:14,30.5,79.6,266.0,0.0,28.7,EXCELLENT
2026-04-29 09:58:16,30.4,79.5,273.0,0.0,31.0,EXCELLENT
2026-04-29 09:58:18,30.5,79.5,272.0,0.0,30.7,EXCELLENT
2026-04-29 09:58:20,30.5,79.5,266.0,0.0,28.7,EXCELLENT
2026-04-29 09:58:22,30.5,79.5,265.0,0.0,28.3,EXCELLENT
2026-04-29 09:58:24,30.5,79.6,263.0,0.0,27.7,EXCELLENT
2026-04-29 09:58:26,30.5,79.6,272.0,0.0,30.7,EXCELLENT
2026-04-29 09:58:28,30.5,79.6,270.0,0.0,30.0,EXCELLENT
2026-04-29 09:58:30,30.4,79.6,261.0,0.0,27.0,EXCELLENT
2026-04-29 09:58:32,30.5,79.6,269.0,0.0,29.7,EXCELLENT
2026-04-29 09:58:34,30.5,79.7,262.0,0.0,27.3,EXCELLENT
2026-04-29 09:58:36,30.5,79.6,260.0,0.0,26.7,EXCELLENT
2026-04-29 09:58:38,30.4,79.6,269.0,0.0,29.7,EXCELLENT
2026-04-29 09:58:40,30.4,79.6,274.0,0.0,31.3,EXCELLENT
2026-04-29 09:58:42,30.5,79.5,272.0,0.0,30.7,EXCELLENT
2026-04-29 09:58:44,30.5,79.5,274.0,0.0,31.3,EXCELLENT
2026-04-29 09:58:46,30.5,79.6,270.0,0.0,30.0,EXCELLENT
2026-04-29 09:58:48,30.5,79.9,272.0,0.0,30.7,EXCELLENT
2026-04-29 09:58:50,30.5,80.0,267.0,1.0,29.0,EXCELLENT
2026-04-29 09:58:52,30.5,80.2,279.0,1.0,33.0,EXCELLENT
2026-04-29 09:58:54,30.5,80.6,270.0,0.0,30.0,EXCELLENT
2026-04-29 09:58:56,30.5,80.7,272.0,0.0,30.7,EXCELLENT
2026-04-29 09:58:58,30.5,80.8,272.0,0.0,30.7,EXCELLENT
2026-04-29 09:59:00,30.5,80.8,273.0,0.0,31.0,EXCELLENT
2026-04-29 09:59:02,30.5,80.5,271.0,0.0,30.3,EXCELLENT
2026-04-29 09:59:04,30.5,80.2,264.0,0.0,28.0,EXCELLENT
2026-04-29 09:59:06,30.5,80.2,265.0,0.0,28.3,EXCELLENT
2026-04-29 09:59:08,30.5,79.8,275.0,0.0,31.7,EXCELLENT
2026-04-29 09:59:10,30.5,79.7,275.0,0.0,31.7,EXCELLENT
2026-04-29 09:59:12,30.5,79.6,267.0,0.0,29.0,EXCELLENT
2026-04-29 09:59:14,30.5,79.6,270.0,0.0,30.0,EXCELLENT
2026-04-29 09:59:16,30.6,79.5,256.0,0.0,25.3,EXCELLENT
2026-04-29 09:59:18,30.5,79.5,262.0,0.0,27.3,EXCELLENT
2026-04-29 09:59:20,30.6,79.4,268.0,0.0,29.3,EXCELLENT
2026-04-29 09:59:22,30.6,79.4,263.0,0.0,27.7,EXCELLENT
2026-04-29 09:59:24,30.5,79.3,273.0,0.0,31.0,EXCELLENT
2026-04-29 09:59:26,30.5,79.2,272.0,0.0,30.7,EXCELLENT
2026-04-29 09:59:28,30.6,79.2,266.0,0.0,28.7,EXCELLENT
2026-04-29 09:59:30,30.6,79.2,272.0,0.0,30.7,EXCELLENT
2026-04-29 09:59:32,30.6,79.1,268.0,0.0,29.3,EXCELLENT
2026-04-29 09:59:34,30.5,79.2,272.0,0.0,30.7,EXCELLENT
2026-04-29 09:59:36,30.6,79.2,265.0,0.0,28.3,EXCELLENT
2026-04-29 09:59:38,30.5,79.2,256.0,0.0,25.3,EXCELLENT
2026-04-29 09:59:40,30.6,79.2,271.0,0.0,30.3,EXCELLENT
2026-04-29 09:59:42,30.6,79.2,273.0,0.0,31.0,EXCELLENT
2026-04-29 09:59:44,30.5,79.2,275.0,0.0,31.7,EXCELLENT
2026-04-29 09:59:46,30.6,79.3,272.0,0.0,30.7,EXCELLENT
2026-04-29 09:59:48,30.6,79.2,272.0,0.0,30.7,EXCELLENT
2026-04-29 09:59:50,30.6,79.3,269.0,0.0,29.7,EXCELLENT
2026-04-29 09:59:52,30.6,79.2,272.0,0.0,30.7,EXCELLENT
2026-04-29 09:59:54,30.5,79.2,261.0,0.0,27.0,EXCELLENT
2026-04-29 09:59:56,30.6,79.2,265.0,0.0,28.3,EXCELLENT
2026-04-29 09:59:58,30.6,79.2,272.0,0.0,30.7,EXCELLENT
2026-04-29 10:00:00,30.5,79.2,272.0,0.0,30.7,EXCELLENT
2026-04-29 10:00:02,30.5,79.2,265.0,0.0,28.3,EXCELLENT
2026-04-29 10:00:04,30.5,79.2,270.0,0.0,30.0,EXCELLENT
2026-04-29 10:00:06,30.6,79.2,273.0,0.0,31.0,EXCELLENT
2026-04-29 10:00:08,30.6,79.2,274.0,0.0,31.3,EXCELLENT
2026-04-29 10:00:10,30.5,79.2,271.0,0.0,30.3,EXCELLENT
2026-04-29 10:00:12,30.5,79.2,270.0,0.0,30.0,EXCELLENT
2026-04-29 10:00:14,30.5,79.3,266.0,0.0,28.7,EXCELLENT
2026-04-29 10:00:16,30.5,79.2,268.0,0.0,29.3,EXCELLENT
2026-04-29 10:00:18,30.5,79.2,272.0,0.0,30.7,EXCELLENT
2026-04-29 10:00:20,30.5,79.2,264.0,0.0,28.0,EXCELLENT
2026-04-29 10:00:22,30.5,79.2,272.0,0.0,30.7,EXCELLENT
2026-04-29 10:00:24,30.5,79.3,270.0,0.0,30.0,EXCELLENT
2026-04-29 10:00:26,30.5,79.2,274.0,0.0,31.3,EXCELLENT
2026-04-29 10:00:28,30.5,79.3,272.0,0.0,30.7,EXCELLENT
2026-04-29 10:00:30,30.5,79.3,265.0,0.0,28.3,EXCELLENT
2026-04-29 10:00:32,30.5,79.3,272.0,0.0,30.7,EXCELLENT
2026-04-29 10:00:34,30.5,79.3,271.0,0.0,30.3,EXCELLENT
2026-04-29 10:00:36,30.5,79.3,263.0,0.0,27.7,EXCELLENT
2026-04-29 10:00:38,30.5,79.3,276.0,0.0,32.0,EXCELLENT
2026-04-29 10:00:40,30.5,79.3,266.0,0.0,28.7,EXCELLENT
2026-04-29 10:00:42,30.5,79.3,264.0,0.0,28.0,EXCELLENT
2026-04-29 10:00:44,30.5,79.4,265.0,0.0,28.3,EXCELLENT
2026-04-29 10:00:46,30.5,79.3,275.0,0.0,31.7,EXCELLENT
2026-04-29 10:00:48,30.5,79.3,272.0,0.0,30.7,EXCELLENT
2026-04-29 10:00:50,30.5,79.4,270.0,0.0,30.0,EXCELLENT
2026-04-29 10:00:52,30.5,79.3,271.0,0.0,30.3,EXCELLENT
2026-04-29 10:00:54,30.5,79.3,272.0,0.0,30.7,EXCELLENT
2026-04-29 10:00:56,30.5,79.3,261.0,0.0,27.0,EXCELLENT
2026-04-29 10:00:58,30.5,79.3,267.0,0.0,29.0,EXCELLENT
2026-04-29 10:01:00,30.5,79.4,270.0,0.0,30.0,EXCELLENT
2026-04-29 10:01:02,30.5,79.3,262.0,0.0,27.3,EXCELLENT
2026-04-29 10:01:04,30.5,79.4,272.0,0.0,30.7,EXCELLENT
2026-04-29 10:01:06,30.5,79.3,272.0,0.0,30.7,EXCELLENT
2026-04-29 10:01:08,30.5,79.4,266.0,0.0,28.7,EXCELLENT
2026-04-29 10:01:10,30.5,79.4,267.0,0.0,29.0,EXCELLENT
2026-04-29 10:01:12,30.5,79.4,263.0,0.0,27.7,EXCELLENT
2026-04-29 10:01:14,30.5,79.4,263.0,0.0,27.7,EXCELLENT
2026-04-29 10:01:16,30.5,79.3,269.0,0.0,29.7,EXCELLENT
2026-04-29 10:01:18,30.5,79.4,266.0,0.0,28.7,EXCELLENT
2026-04-29 10:01:20,30.5,79.4,272.0,0.0,30.7,EXCELLENT
2026-04-29 10:01:22,30.5,79.4,263.0,0.0,27.7,EXCELLENT
2026-04-29 10:01:24,30.5,79.4,261.0,0.0,27.0,EXCELLENT
2026-04-29 10:01:26,30.5,79.4,273.0,0.0,31.0,EXCELLENT
2026-04-29 10:01:28,30.5,79.4,263.0,0.0,27.7,EXCELLENT
2026-04-29 10:01:30,30.5,79.4,267.0,0.0,29.0,EXCELLENT
2026-04-29 10:01:32,30.5,79.4,262.0,0.0,27.3,EXCELLENT
2026-04-29 10:01:34,30.5,79.3,272.0,0.0,30.7,EXCELLENT
2026-04-29 10:01:36,30.5,79.4,272.0,0.0,30.7,EXCELLENT
2026-04-29 10:01:38,30.5,79.3,265.0,0.0,28.3,EXCELLENT
2026-04-29 10:01:40,30.5,79.3,270.0,0.0,30.0,EXCELLENT
2026-04-29 10:01:42,30.5,79.4,273.0,0.0,31.0,EXCELLENT
2026-04-29 10:01:44,30.5,79.4,271.0,0.0,30.3,EXCELLENT
2026-04-29 10:01:46,30.5,79.4,263.0,0.0,27.7,EXCELLENT
2026-04-29 10:01:48,30.5,79.5,265.0,0.0,28.3,EXCELLENT
2026-04-29 10:01:50,30.5,79.5,274.0,0.0,31.3,EXCELLENT
2026-04-29 10:01:52,30.5,79.4,257.0,0.0,25.7,EXCELLENT
2026-04-29 10:01:54,30.5,79.4,272.0,0.0,30.7,EXCELLENT
2026-04-29 10:01:56,30.5,79.5,272.0,0.0,30.7,EXCELLENT
2026-04-29 10:01:58,30.5,79.4,271.0,0.0,30.3,EXCELLENT
2026-04-29 10:02:00,30.5,79.5,275.0,0.0,31.7,EXCELLENT
2026-04-29 10:02:02,30.5,79.5,275.0,0.0,31.7,EXCELLENT
2026-04-29 10:02:04,30.5,79.5,265.0,0.0,28.3,EXCELLENT
2026-04-29 10:02:06,30.5,79.4,271.0,0.0,30.3,EXCELLENT
2026-04-29 10:02:08,30.5,79.5,274.0,0.0,31.3,EXCELLENT
2026-04-29 10:02:10,30.5,79.4,266.0,0.0,28.7,EXCELLENT
2026-04-29 10:02:12,30.5,79.7,273.0,0.0,31.0,EXCELLENT
2026-04-29 10:02:14,30.5,79.7,272.0,0.0,30.7,EXCELLENT
2026-04-29 10:02:16,30.5,79.7,269.0,0.0,29.7,EXCELLENT
2026-04-29 10:02:18,30.5,79.6,268.0,0.0,29.3,EXCELLENT
2026-04-29 10:02:20,30.5,79.7,272.0,0.0,30.7,EXCELLENT
2026-04-29 10:02:22,30.5,79.6,272.0,0.0,30.7,EXCELLENT
2026-04-29 10:02:24,30.5,79.5,268.0,0.0,29.3,EXCELLENT
2026-04-29 10:02:26,30.5,79.5,265.0,0.0,28.3,EXCELLENT
2026-04-29 10:02:28,30.5,79.5,257.0,0.0,25.7,EXCELLENT
2026-04-29 10:02:30,30.5,79.5,273.0,0.0,31.0,EXCELLENT
2026-04-29 10:02:32,30.5,79.5,262.0,0.0,27.3,EXCELLENT
2026-04-29 10:02:34,30.5,79.6,269.0,0.0,29.7,EXCELLENT
2026-04-29 10:02:36,30.5,79.7,270.0,0.0,30.0,EXCELLENT
2026-04-29 10:02:38,30.5,79.8,268.0,0.0,29.3,EXCELLENT
2026-04-29 10:02:40,30.5,79.7,267.0,0.0,29.0,EXCELLENT
2026-04-29 10:02:42,30.5,79.7,271.0,0.0,30.3,EXCELLENT
2026-04-29 10:02:44,30.5,79.6,269.0,0.0,29.7,EXCELLENT
2026-04-29 10:02:46,30.5,79.7,276.0,0.0,32.0,EXCELLENT
2026-04-29 10:02:48,30.5,79.6,272.0,0.0,30.7,EXCELLENT
2026-04-29 10:02:50,30.5,79.5,263.0,0.0,27.7,EXCELLENT
2026-04-29 10:02:52,30.5,79.5,271.0,0.0,30.3,EXCELLENT
2026-04-29 10:02:54,30.5,79.5,262.0,0.0,27.3,EXCELLENT
2026-04-29 10:02:56,30.5,79.5,274.0,0.0,31.3,EXCELLENT
2026-04-29 10:02:58,30.5,79.6,272.0,0.0,30.7,EXCELLENT
2026-04-29 10:03:00,30.5,79.5,270.0,0.0,30.0,EXCELLENT
2026-04-29 10:03:02,30.5,79.5,268.0,0.0,29.3,EXCELLENT
2026-04-29 10:03:04,30.5,79.5,274.0,0.0,31.3,EXCELLENT
2026-04-29 10:03:06,30.5,79.5,268.0,0.0,29.3,EXCELLENT
2026-04-29 10:03:08,30.5,79.5,266.0,0.0,28.7,EXCELLENT
2026-04-29 10:03:10,30.5,79.5,272.0,0.0,30.7,EXCELLENT
2026-04-29 10:03:12,30.5,79.5,266.0,0.0,28.7,EXCELLENT
2026-04-29 10:03:14,30.5,79.5,275.0,0.0,31.7,EXCELLENT
2026-04-29 10:03:16,30.5,79.4,268.0,0.0,29.3,EXCELLENT
2026-04-29 10:03:18,30.5,79.5,269.0,0.0,29.7,EXCELLENT
2026-04-29 10:03:20,30.5,79.5,270.0,0.0,30.0,EXCELLENT
2026-04-29 10:03:22,30.5,79.4,272.0,0.0,30.7,EXCELLENT
2026-04-29 10:03:24,30.5,79.5,272.0,0.0,30.7,EXCELLENT
2026-04-29 10:03:26,30.5,79.4,274.0,0.0,31.3,EXCELLENT
2026-04-29 10:03:28,30.5,79.5,274.0,0.0,31.3,EXCELLENT
2026-04-29 10:03:30,30.5,79.5,266.0,0.0,28.7,EXCELLENT
2026-04-29 10:03:32,30.5,79.5,267.0,0.0,29.0,EXCELLENT
2026-04-29 10:03:34,30.5,79.5,275.0,0.0,31.7,EXCELLENT
2026-04-29 10:03:36,30.5,79.5,267.0,0.0,29.0,EXCELLENT
2026-04-29 10:03:38,30.5,79.5,262.0,0.0,27.3,EXCELLENT
2026-04-29 10:03:40,30.5,79.5,272.0,0.0,30.7,EXCELLENT
2026-04-29 10:03:42,30.5,79.4,259.0,0.0,26.3,EXCELLENT
2026-04-29 10:03:44,30.5,79.6,269.0,0.0,29.7,EXCELLENT
2026-04-29 10:03:46,30.5,79.5,276.0,0.0,32.0,EXCELLENT
2026-04-29 10:03:48,30.5,79.5,273.0,0.0,31.0,EXCELLENT
2026-04-29 10:03:50,30.5,79.5,272.0,0.0,30.7,EXCELLENT
2026-04-29 10:03:52,30.5,79.6,272.0,0.0,30.7,EXCELLENT
2026-04-29 10:03:54,30.5,79.5,272.0,0.0,30.7,EXCELLENT
2026-04-29 10:03:56,30.5,79.5,270.0,0.0,30.0,EXCELLENT
2026-04-29 10:03:58,30.5,79.5,268.0,0.0,29.3,EXCELLENT
2026-04-29 10:04:00,30.5,79.5,270.0,0.0,30.0,EXCELLENT
2026-04-29 10:04:02,30.5,79.6,273.0,0.0,31.0,EXCELLENT
2026-04-29 10:04:04,30.5,79.6,272.0,0.0,30.7,EXCELLENT
2026-04-29 10:04:06,30.5,79.7,272.0,0.0,30.7,EXCELLENT
2026-04-29 10:04:08,30.5,79.8,273.0,0.0,31.0,EXCELLENT
2026-04-29 10:04:10,30.5,79.7,268.0,0.0,29.3,EXCELLENT
2026-04-29 10:04:12,30.5,79.7,272.0,0.0,30.7,EXCELLENT
2026-04-29 10:04:14,30.5,79.8,272.0,0.0,30.7,EXCELLENT
2026-04-29 10:04:16,30.5,79.8,261.0,0.0,27.0,EXCELLENT
2026-04-29 10:04:18,30.5,79.7,266.0,0.0,28.7,EXCELLENT
2026-04-29 10:04:20,30.5,79.8,272.0,0.0,30.7,EXCELLENT
2026-04-29 10:04:22,30.5,79.9,274.0,0.0,31.3,EXCELLENT
2026-04-29 10:04:24,30.5,79.8,272.0,0.0,30.7,EXCELLENT
2026-04-29 10:04:26,30.5,79.8,272.0,0.0,30.7,EXCELLENT
2026-04-29 10:04:28,30.5,79.8,269.0,0.0,29.7,EXCELLENT
2026-04-29 10:04:30,30.5,79.8,266.0,0.0,28.7,EXCELLENT
2026-04-29 10:04:32,30.5,79.8,275.0,0.0,31.7,EXCELLENT
2026-04-29 10:04:34,30.5,80.1,273.0,0.0,31.0,EXCELLENT
2026-04-29 10:04:36,30.5,80.1,266.0,0.0,28.7,EXCELLENT
2026-04-29 10:04:38,30.5,79.9,271.0,0.0,30.3,EXCELLENT
2026-04-29 10:04:40,30.5,79.8,272.0,0.0,30.7,EXCELLENT
2026-04-29 10:04:42,30.5,79.7,271.0,0.0,30.3,EXCELLENT
2026-04-29 10:04:44,30.5,79.7,272.0,0.0,30.7,EXCELLENT
2026-04-29 10:04:46,30.5,79.8,274.0,0.0,31.3,EXCELLENT
2026-04-29 10:04:48,30.5,79.7,276.0,0.0,32.0,EXCELLENT
2026-04-29 10:04:50,30.5,80.0,285.0,0.0,35.0,EXCELLENT
2026-04-29 10:04:52,30.5,80.0,272.0,0.0,30.7,EXCELLENT
2026-04-29 10:04:54,30.5,79.9,272.0,0.0,30.7,EXCELLENT
2026-04-29 10:04:56,30.5,79.8,272.0,0.0,30.7,EXCELLENT
2026-04-29 10:04:58,30.5,79.8,263.0,0.0,27.7,EXCELLENT
2026-04-29 10:05:00,30.5,79.7,273.0,0.0,31.0,EXCELLENT
2026-04-29 10:05:02,30.5,79.8,268.0,0.0,29.3,EXCELLENT
2026-04-29 10:05:04,30.5,79.8,271.0,0.0,30.3,EXCELLENT
2026-04-29 10:05:06,30.5,79.8,263.0,0.0,27.7,EXCELLENT
2026-04-29 10:05:08,30.5,79.8,271.0,0.0,30.3,EXCELLENT
2026-04-29 10:05:10,30.5,79.7,276.0,0.0,32.0,EXCELLENT
2026-04-29 10:05:12,30.5,79.7,265.0,0.0,28.3,EXCELLENT
2026-04-29 10:05:14,30.5,79.7,272.0,0.0,30.7,EXCELLENT
2026-04-29 10:05:16,30.5,79.8,272.0,0.0,30.7,EXCELLENT
2026-04-29 10:05:18,30.5,79.7,259.0,0.0,26.3,EXCELLENT
2026-04-29 10:05:20,30.5,79.8,272.0,0.0,30.7,EXCELLENT
2026-04-29 10:05:22,30.4,79.8,277.0,0.0,32.3,EXCELLENT
2026-04-29 10:05:24,30.5,79.7,268.0,0.0,29.3,EXCELLENT
2026-04-29 10:05:26,30.5,79.8,266.0,0.0,28.7,EXCELLENT
2026-04-29 10:05:28,30.4,79.8,274.0,0.0,31.3,EXCELLENT
2026-04-29 10:05:30,30.5,79.8,269.0,0.0,29.7,EXCELLENT
2026-04-29 10:05:32,30.4,79.8,269.0,0.0,29.7,EXCELLENT
2026-04-29 10:05:34,30.5,79.8,259.0,0.0,26.3,EXCELLENT
2026-04-29 10:05:36,30.4,79.8,267.0,0.0,29.0,EXCELLENT
2026-04-29 10:05:38,30.4,79.8,272.0,0.0,30.7,EXCELLENT
2026-04-29 10:05:40,30.5,79.7,273.0,0.0,31.0,EXCELLENT
2026-04-29 10:05:42,30.5,79.8,272.0,0.0,30.7,EXCELLENT
2026-04-29 10:05:44,30.5,79.8,272.0,0.0,30.7,EXCELLENT
2026-04-29 10:05:46,30.4,79.8,271.0,0.0,30.3,EXCELLENT
2026-04-29 10:05:48,30.5,79.8,274.0,0.0,31.3,EXCELLENT
2026-04-29 10:05:50,30.4,79.8,272.0,0.0,30.7,EXCELLENT
2026-04-29 10:05:52,30.5,79.8,277.0,0.0,32.3,EXCELLENT
2026-04-29 10:05:54,30.4,79.9,272.0,0.0,30.7,EXCELLENT
2026-04-29 10:05:56,30.5,79.8,266.0,0.0,28.7,EXCELLENT
2026-04-29 10:05:58,30.5,79.8,268.0,0.0,29.3,EXCELLENT
2026-04-29 10:06:00,30.4,79.8,266.0,0.0,28.7,EXCELLENT
2026-04-29 10:06:02,30.4,79.8,266.0,0.0,28.7,EXCELLENT
2026-04-29 10:06:04,30.4,79.8,272.0,0.0,30.7,EXCELLENT
2026-04-29 10:06:06,30.5,79.8,272.0,0.0,30.7,EXCELLENT
2026-04-29 10:06:08,30.5,79.9,276.0,0.0,32.0,EXCELLENT
2026-04-29 10:06:10,30.4,79.8,272.0,0.0,30.7,EXCELLENT
2026-04-29 10:06:12,30.4,79.8,274.0,0.0,31.3,EXCELLENT
2026-04-29 10:06:14,30.4,79.9,267.0,0.0,29.0,EXCELLENT
2026-04-29 10:06:16,30.5,79.9,263.0,0.0,27.7,EXCELLENT
2026-04-29 10:06:18,30.4,79.9,267.0,0.0,29.0,EXCELLENT
2026-04-29 10:06:20,30.4,80.0,261.0,0.0,27.0,EXCELLENT
2026-04-29 10:06:22,30.4,79.9,271.0,0.0,30.3,EXCELLENT
2026-04-29 10:06:24,30.5,80.0,271.0,1.0,30.3,EXCELLENT
2026-04-29 10:06:26,30.5,80.0,276.0,1.0,32.0,EXCELLENT
2026-04-29 10:06:28,30.4,80.0,268.0,0.0,29.3,EXCELLENT
2026-04-29 10:06:30,30.4,80.0,272.0,0.0,30.7,EXCELLENT
2026-04-29 10:06:32,30.4,79.9,262.0,1.0,27.3,EXCELLENT
2026-04-29 10:06:34,30.4,79.9,267.0,1.0,29.0,EXCELLENT
2026-04-29 10:06:36,30.5,80.1,276.0,0.0,32.0,EXCELLENT
2026-04-29 10:06:38,30.4,80.4,274.0,0.0,31.3,EXCELLENT
2026-04-29 10:06:40,30.4,80.6,272.0,0.0,30.7,EXCELLENT
2026-04-29 10:06:42,30.4,80.5,277.0,0.0,32.3,EXCELLENT
2026-04-29 10:06:44,30.5,80.5,274.0,0.0,31.3,EXCELLENT
2026-04-29 10:06:46,30.5,80.2,274.0,0.0,31.3,EXCELLENT
2026-04-29 10:06:48,30.5,80.2,268.0,0.0,29.3,EXCELLENT
2026-04-29 10:06:50,30.5,80.2,274.0,0.0,31.3,EXCELLENT
2026-04-29 10:06:52,30.5,80.5,275.0,0.0,31.7,EXCELLENT
2026-04-29 10:06:54,30.5,80.6,269.0,0.0,29.7,EXCELLENT
2026-04-29 10:06:56,30.5,80.4,273.0,0.0,31.0,EXCELLENT
2026-04-29 10:06:58,30.5,80.2,272.0,0.0,30.7,EXCELLENT
2026-04-29 10:07:00,30.5,80.3,272.0,1.0,30.7,EXCELLENT
2026-04-29 10:07:02,30.5,80.1,270.0,0.0,30.0,EXCELLENT
2026-04-29 10:07:04,30.5,80.1,273.0,0.0,31.0,EXCELLENT
2026-04-29 10:07:06,30.5,80.0,264.0,0.0,28.0,EXCELLENT
2026-04-29 10:07:08,30.5,80.0,272.0,0.0,30.7,EXCELLENT
2026-04-29 10:07:10,30.5,79.9,272.0,0.0,30.7,EXCELLENT
2026-04-29 10:07:12,30.5,79.9,266.0,0.0,28.7,EXCELLENT
2026-04-29 10:07:14,30.5,79.9,275.0,0.0,31.7,EXCELLENT
2026-04-29 10:07:16,30.5,79.9,271.0,0.0,30.3,EXCELLENT
2026-04-29 10:07:18,30.5,79.8,272.0,0.0,30.7,EXCELLENT
2026-04-29 10:07:20,30.5,79.9,256.0,0.0,25.3,EXCELLENT
2026-04-29 10:07:22,30.5,79.8,265.0,0.0,28.3,EXCELLENT
2026-04-29 10:07:24,30.5,79.8,272.0,0.0,30.7,EXCELLENT
2026-04-29 10:07:26,30.5,79.8,265.0,0.0,28.3,EXCELLENT
2026-04-29 10:07:28,30.5,79.8,272.0,0.0,30.7,EXCELLENT
2026-04-29 10:07:30,30.5,79.8,271.0,0.0,30.3,EXCELLENT
2026-04-29 10:07:32,30.5,79.8,262.0,0.0,27.3,EXCELLENT
2026-04-29 10:07:34,30.5,79.8,272.0,0.0,30.7,EXCELLENT
2026-04-29 10:07:36,30.5,79.8,265.0,0.0,28.3,EXCELLENT
2026-04-29 10:07:38,30.5,79.7,274.0,0.0,31.3,EXCELLENT
2026-04-29 10:07:40,30.5,79.7,257.0,0.0,25.7,EXCELLENT
2026-04-29 10:07:42,30.5,79.7,269.0,1.0,29.7,EXCELLENT
2026-04-29 10:07:44,30.5,79.8,265.0,1.0,28.3,EXCELLENT
2026-04-29 10:07:46,30.5,79.9,274.0,0.0,31.3,EXCELLENT
2026-04-29 10:07:48,30.5,79.8,274.0,0.0,31.3,EXCELLENT
2026-04-29 10:07:50,30.5,79.8,272.0,0.0,30.7,EXCELLENT
2026-04-29 10:07:52,30.5,79.7,266.0,0.0,28.7,EXCELLENT
2026-04-29 10:07:54,30.5,79.9,277.0,0.0,32.3,EXCELLENT
2026-04-29 10:07:56,30.5,79.9,272.0,0.0,30.7,EXCELLENT
2026-04-29 10:07:58,30.5,79.8,272.0,0.0,30.7,EXCELLENT
2026-04-29 10:08:00,30.5,79.9,272.0,0.0,30.7,EXCELLENT
2026-04-29 10:08:02,30.5,79.9,265.0,0.0,28.3,EXCELLENT
2026-04-29 10:08:04,30.5,79.9,278.0,0.0,32.7,EXCELLENT
2026-04-29 10:08:06,30.5,80.0,259.0,0.0,26.3,EXCELLENT
2026-04-29 10:08:08,30.5,80.1,272.0,0.0,30.7,EXCELLENT
2026-04-29 10:08:10,30.5,80.1,267.0,0.0,29.0,EXCELLENT
2026-04-29 10:08:12,30.5,80.0,271.0,0.0,30.3,EXCELLENT
2026-04-29 10:08:14,30.5,80.0,272.0,0.0,30.7,EXCELLENT
2026-04-29 10:08:16,30.5,80.1,267.0,0.0,29.0,EXCELLENT
2026-04-29 10:08:18,30.5,80.0,269.0,0.0,29.7,EXCELLENT
2026-04-29 10:08:20,30.5,79.9,272.0,0.0,30.7,EXCELLENT
2026-04-29 10:08:22,30.5,79.9,266.0,0.0,28.7,EXCELLENT
2026-04-29 10:08:24,30.5,79.9,267.0,0.0,29.0,EXCELLENT
2026-04-29 10:08:26,30.5,79.9,267.0,0.0,29.0,EXCELLENT
2026-04-29 10:08:28,30.5,79.9,256.0,0.0,25.3,EXCELLENT
2026-04-29 10:08:30,30.5,79.8,261.0,0.0,27.0,EXCELLENT
2026-04-29 10:08:32,30.5,79.8,267.0,0.0,29.0,EXCELLENT
2026-04-29 10:08:34,30.5,79.8,267.0,0.0,29.0,EXCELLENT
2026-04-29 10:08:36,30.5,79.7,272.0,0.0,30.7,EXCELLENT
2026-04-29 10:08:38,30.5,79.7,272.0,0.0,30.7,EXCELLENT
2026-04-29 10:08:40,30.5,79.7,263.0,0.0,27.7,EXCELLENT
2026-04-29 10:08:42,30.5,79.7,273.0,0.0,31.0,EXCELLENT
2026-04-29 10:08:44,30.5,79.7,272.0,0.0,30.7,EXCELLENT
2026-04-29 10:08:46,30.5,79.8,272.0,0.0,30.7,EXCELLENT
2026-04-29 10:08:48,30.5,79.8,267.0,0.0,29.0,EXCELLENT
2026-04-29 10:08:50,30.5,79.9,266.0,0.0,28.7,EXCELLENT
2026-04-29 10:08:52,30.5,79.8,277.0,0.0,32.3,EXCELLENT
2026-04-29 10:08:54,30.5,79.8,259.0,0.0,26.3,EXCELLENT
2026-04-29 10:08:56,30.5,79.7,273.0,0.0,31.0,EXCELLENT
2026-04-29 10:08:58,30.5,79.6,266.0,0.0,28.7,EXCELLENT
2026-04-29 10:09:00,30.5,79.7,270.0,0.0,30.0,EXCELLENT
2026-04-29 10:09:02,30.5,79.6,267.0,0.0,29.0,EXCELLENT
2026-04-29 10:09:04,30.5,79.6,261.0,0.0,27.0,EXCELLENT
2026-04-29 10:09:06,30.5,79.8,271.0,0.0,30.3,EXCELLENT
2026-04-29 10:09:08,30.5,79.8,285.0,0.0,35.0,EXCELLENT
2026-04-29 10:09:10,30.5,80.0,268.0,0.0,29.3,EXCELLENT
2026-04-29 10:09:12,30.5,80.3,273.0,0.0,31.0,EXCELLENT
2026-04-29 10:09:14,30.5,80.3,272.0,0.0,30.7,EXCELLENT
2026-04-29 10:09:16,30.6,80.2,272.0,0.0,30.7,EXCELLENT
2026-04-29 10:09:18,30.5,80.1,270.0,0.0,30.0,EXCELLENT
2026-04-29 10:09:20,30.5,80.0,270.0,0.0,30.0,EXCELLENT
2026-04-29 10:09:22,30.6,79.8,259.0,0.0,26.3,EXCELLENT
2026-04-29 10:09:24,30.6,79.8,271.0,0.0,30.3,EXCELLENT
2026-04-29 10:09:26,30.5,79.7,274.0,0.0,31.3,EXCELLENT
2026-04-29 10:09:28,30.6,79.7,272.0,0.0,30.7,EXCELLENT
2026-04-29 10:09:30,30.5,79.7,275.0,0.0,31.7,EXCELLENT
2026-04-29 10:09:32,30.5,79.6,266.0,0.0,28.7,EXCELLENT
2026-04-29 10:09:34,30.5,79.7,272.0,0.0,30.7,EXCELLENT
2026-04-29 10:09:36,30.6,79.7,269.0,0.0,29.7,EXCELLENT
2026-04-29 10:09:38,30.5,79.7,267.0,0.0,29.0,EXCELLENT
2026-04-29 10:09:40,30.5,79.7,251.0,0.0,23.7,EXCELLENT
2026-04-29 10:09:42,30.6,79.8,272.0,0.0,30.7,EXCELLENT
2026-04-29 10:09:44,30.5,79.7,274.0,0.0,31.3,EXCELLENT
2026-04-29 10:09:46,30.6,79.6,276.0,0.0,32.0,EXCELLENT
2026-04-29 10:09:48,30.5,79.7,265.0,0.0,28.3,EXCELLENT
2026-04-29 10:09:50,30.5,79.6,273.0,0.0,31.0,EXCELLENT
2026-04-29 10:09:52,30.5,79.6,272.0,0.0,30.7,EXCELLENT
2026-04-29 10:09:54,30.5,79.6,272.0,0.0,30.7,EXCELLENT
2026-04-29 10:09:56,30.5,79.7,272.0,0.0,30.7,EXCELLENT
2026-04-29 10:09:58,30.5,79.7,272.0,0.0,30.7,EXCELLENT
2026-04-29 10:10:00,30.5,79.7,274.0,0.0,31.3,EXCELLENT
2026-04-29 10:10:02,30.5,79.8,270.0,0.0,30.0,EXCELLENT
2026-04-29 10:10:04,30.5,79.7,273.0,0.0,31.0,EXCELLENT
2026-04-29 10:10:06,30.5,79.7,270.0,0.0,30.0,EXCELLENT
2026-04-29 10:10:08,30.5,79.7,276.0,0.0,32.0,EXCELLENT
2026-04-29 10:10:10,30.5,79.8,272.0,0.0,30.7,EXCELLENT
2026-04-29 10:10:12,30.5,79.8,272.0,0.0,30.7,EXCELLENT
2026-04-29 10:10:14,30.5,79.8,272.0,0.0,30.7,EXCELLENT
2026-04-29 10:10:16,30.5,79.8,261.0,1.0,27.0,EXCELLENT
2026-04-29 10:10:18,30.5,79.7,270.0,0.0,30.0,EXCELLENT
2026-04-29 10:10:20,30.5,79.7,272.0,0.0,30.7,EXCELLENT
2026-04-29 10:10:22,30.5,79.7,261.0,0.0,27.0,EXCELLENT
2026-04-29 10:10:24,30.5,79.8,272.0,0.0,30.7,EXCELLENT
2026-04-29 10:10:26,30.5,79.7,277.0,0.0,32.3,EXCELLENT
2026-04-29 10:10:28,30.5,79.7,267.0,1.0,29.0,EXCELLENT
2026-04-29 10:10:30,30.5,79.7,266.0,1.0,28.7,EXCELLENT
2026-04-29 10:10:32,30.5,79.8,272.0,0.0,30.7,EXCELLENT
2026-04-29 10:10:34,30.5,80.1,266.0,0.0,28.7,EXCELLENT
2026-04-29 10:10:36,30.5,80.4,270.0,0.0,30.0,EXCELLENT
2026-04-29 10:10:38,30.5,80.4,275.0,0.0,31.7,EXCELLENT
2026-04-29 10:10:40,30.5,80.3,271.0,0.0,30.3,EXCELLENT
2026-04-29 10:10:42,30.5,80.2,268.0,0.0,29.3,EXCELLENT
2026-04-29 10:10:44,30.5,80.1,266.0,0.0,28.7,EXCELLENT
2026-04-29 10:10:46,30.5,80.1,267.0,0.0,29.0,EXCELLENT
2026-04-29 10:10:48,30.5,80.1,272.0,0.0,30.7,EXCELLENT
2026-04-29 10:10:50,30.5,80.2,269.0,0.0,29.7,EXCELLENT
2026-04-29 10:10:52,30.5,80.3,272.0,0.0,30.7,EXCELLENT
2026-04-29 10:10:54,30.5,80.2,268.0,0.0,29.3,EXCELLENT
2026-04-29 10:10:56,30.5,80.0,277.0,0.0,32.3,EXCELLENT
2026-04-29 10:10:58,30.5,79.9,271.0,0.0,30.3,EXCELLENT
2026-04-29 10:11:00,30.5,79.8,265.0,0.0,28.3,EXCELLENT
2026-04-29 10:11:02,30.5,79.8,267.0,0.0,29.0,EXCELLENT
2026-04-29 10:11:04,30.5,79.7,262.0,0.0,27.3,EXCELLENT
2026-04-29 10:11:06,30.5,79.7,272.0,0.0,30.7,EXCELLENT
2026-04-29 10:11:08,30.5,79.7,266.0,0.0,28.7,EXCELLENT
2026-04-29 10:11:10,30.5,79.7,267.0,0.0,29.0,EXCELLENT
2026-04-29 10:11:12,30.5,79.7,275.0,0.0,31.7,EXCELLENT
2026-04-29 10:11:14,30.6,79.7,264.0,0.0,28.0,EXCELLENT
2026-04-29 10:11:16,30.5,79.7,260.0,0.0,26.7,EXCELLENT
2026-04-29 10:11:18,30.5,79.7,268.0,0.0,29.3,EXCELLENT
2026-04-29 10:11:20,30.5,79.6,277.0,0.0,32.3,EXCELLENT
2026-04-29 10:11:22,30.5,79.6,267.0,0.0,29.0,EXCELLENT
2026-04-29 10:11:24,30.5,79.7,266.0,0.0,28.7,EXCELLENT
2026-04-29 10:11:26,30.5,79.6,277.0,0.0,32.3,EXCELLENT
2026-04-29 10:11:28,30.5,79.6,274.0,0.0,31.3,EXCELLENT
2026-04-29 10:11:30,30.6,79.6,272.0,0.0,30.7,EXCELLENT
2026-04-29 10:11:32,30.5,79.6,267.0,0.0,29.0,EXCELLENT
2026-04-29 10:11:34,30.5,79.6,277.0,0.0,32.3,EXCELLENT
2026-04-29 10:11:36,30.5,79.6,269.0,0.0,29.7,EXCELLENT
2026-04-29 10:11:38,30.5,79.6,267.0,0.0,29.0,EXCELLENT
2026-04-29 10:11:40,30.5,79.8,275.0,0.0,31.7,EXCELLENT
2026-04-29 10:11:42,30.6,79.8,267.0,1.0,29.0,EXCELLENT
2026-04-29 10:11:44,30.5,79.7,272.0,0.0,30.7,EXCELLENT
2026-04-29 10:11:46,30.6,79.7,269.0,0.0,29.7,EXCELLENT
2026-04-29 10:11:48,30.5,79.7,272.0,0.0,30.7,EXCELLENT
2026-04-29 10:11:50,30.5,79.7,270.0,0.0,30.0,EXCELLENT
2026-04-29 10:11:52,30.5,79.7,265.0,0.0,28.3,EXCELLENT
2026-04-29 10:11:54,30.5,79.7,269.0,0.0,29.7,EXCELLENT
2026-04-29 10:11:56,30.5,79.7,281.0,0.0,33.7,EXCELLENT
2026-04-29 10:11:58,30.5,79.7,269.0,0.0,29.7,EXCELLENT
2026-04-29 10:12:00,30.5,79.7,273.0,0.0,31.0,EXCELLENT
2026-04-29 10:12:02,30.5,79.6,269.0,0.0,29.7,EXCELLENT
2026-04-29 10:12:04,30.5,79.7,269.0,0.0,29.7,EXCELLENT
2026-04-29 10:12:06,30.5,79.7,263.0,0.0,27.7,EXCELLENT
2026-04-29 10:12:08,30.6,79.7,275.0,0.0,31.7,EXCELLENT
2026-04-29 10:12:10,30.5,79.7,266.0,0.0,28.7,EXCELLENT
2026-04-29 10:12:12,30.5,79.8,263.0,0.0,27.7,EXCELLENT
2026-04-29 10:12:14,30.5,79.8,266.0,0.0,28.7,EXCELLENT
2026-04-29 10:12:16,30.5,79.8,266.0,0.0,28.7,EXCELLENT
2026-04-29 10:12:18,30.5,79.7,272.0,0.0,30.7,EXCELLENT
2026-04-29 10:12:20,30.5,79.8,266.0,0.0,28.7,EXCELLENT
2026-04-29 10:12:22,30.5,79.8,275.0,0.0,31.7,EXCELLENT
2026-04-29 10:12:24,30.5,79.9,259.0,0.0,26.3,EXCELLENT
2026-04-29 10:12:26,30.5,79.9,273.0,0.0,31.0,EXCELLENT
2026-04-29 10:12:28,30.5,79.8,272.0,0.0,30.7,EXCELLENT
2026-04-29 10:12:30,30.5,79.9,278.0,0.0,32.7,EXCELLENT
2026-04-29 10:12:32,30.5,80.0,272.0,0.0,30.7,EXCELLENT
2026-04-29 10:12:34,30.5,79.9,271.0,0.0,30.3,EXCELLENT
2026-04-29 10:12:36,30.5,79.9,272.0,0.0,30.7,EXCELLENT
2026-04-29 10:12:38,30.5,79.9,270.0,0.0,30.0,EXCELLENT
2026-04-29 10:12:40,30.5,79.9,269.0,0.0,29.7,EXCELLENT
2026-04-29 10:12:42,30.5,79.9,262.0,0.0,27.3,EXCELLENT
2026-04-29 10:12:44,30.5,79.8,270.0,0.0,30.0,EXCELLENT
2026-04-29 10:12:46,30.5,79.8,272.0,0.0,30.7,EXCELLENT
2026-04-29 10:12:48,30.5,79.8,265.0,0.0,28.3,EXCELLENT
2026-04-29 10:12:50,30.5,79.8,273.0,0.0,31.0,EXCELLENT
2026-04-29 10:12:52,30.5,79.9,274.0,0.0,31.3,EXCELLENT
2026-04-29 10:12:54,30.5,80.0,274.0,0.0,31.3,EXCELLENT
2026-04-29 10:12:56,30.5,80.0,278.0,0.0,32.7,EXCELLENT
2026-04-29 10:12:58,30.5,79.9,274.0,0.0,31.3,EXCELLENT
2026-04-29 10:13:00,30.5,79.9,271.0,0.0,30.3,EXCELLENT
2026-04-29 10:13:02,30.5,79.9,272.0,0.0,30.7,EXCELLENT
2026-04-29 10:13:04,30.5,79.9,272.0,0.0,30.7,EXCELLENT
2026-04-29 10:13:06,30.5,79.9,277.0,0.0,32.3,EXCELLENT
2026-04-29 10:13:08,30.5,79.9,272.0,0.0,30.7,EXCELLENT
2026-04-29 10:13:10,30.5,79.9,272.0,1.0,30.7,EXCELLENT
2026-04-29 10:13:12,30.5,79.8,257.0,1.0,25.7,EXCELLENT
2026-04-29 10:13:14,30.5,79.8,274.0,0.0,31.3,EXCELLENT
2026-04-29 10:13:16,30.5,79.8,279.0,0.0,33.0,EXCELLENT
2026-04-29 10:13:18,30.5,79.9,271.0,0.0,30.3,EXCELLENT
2026-04-29 10:13:20,30.5,79.8,272.0,0.0,30.7,EXCELLENT
2026-04-29 10:13:22,30.5,79.8,270.0,0.0,30.0,EXCELLENT
2026-04-29 10:13:24,30.5,79.8,272.0,0.0,30.7,EXCELLENT
2026-04-29 10:13:26,30.5,79.8,263.0,0.0,27.7,EXCELLENT
2026-04-29 10:13:28,30.5,79.8,273.0,0.0,31.0,EXCELLENT
2026-04-29 10:13:30,30.5,79.8,279.0,0.0,33.0,EXCELLENT
2026-04-29 10:13:32,30.5,79.8,272.0,0.0,30.7,EXCELLENT
2026-04-29 10:13:34,30.5,79.8,271.0,0.0,30.3,EXCELLENT
2026-04-29 10:13:36,30.5,79.8,267.0,0.0,29.0,EXCELLENT
2026-04-29 10:13:38,30.5,79.9,272.0,0.0,30.7,EXCELLENT
2026-04-29 10:13:40,30.5,79.9,270.0,0.0,30.0,EXCELLENT
2026-04-29 10:13:42,30.5,79.9,257.0,0.0,25.7,EXCELLENT
2026-04-29 10:13:44,30.5,79.9,287.0,0.0,35.7,EXCELLENT
2026-04-29 10:13:46,30.5,79.9,270.0,0.0,30.0,EXCELLENT
2026-04-29 10:13:48,30.5,79.9,273.0,0.0,31.0,EXCELLENT
2026-04-29 10:13:50,30.5,79.9,269.0,0.0,29.7,EXCELLENT
2026-04-29 10:13:52,30.5,79.9,275.0,0.0,31.7,EXCELLENT
2026-04-29 10:13:54,30.5,79.9,279.0,1.0,33.0,EXCELLENT
2026-04-29 10:13:56,30.5,79.9,267.0,1.0,29.0,EXCELLENT
2026-04-29 10:13:58,30.5,79.8,270.0,0.0,30.0,EXCELLENT
2026-04-29 10:14:00,30.5,79.9,275.0,0.0,31.7,EXCELLENT
2026-04-29 10:14:02,30.5,79.9,274.0,0.0,31.3,EXCELLENT
2026-04-29 10:14:04,30.5,79.9,276.0,0.0,32.0,EXCELLENT
2026-04-29 10:14:06,30.5,79.9,273.0,0.0,31.0,EXCELLENT
2026-04-29 10:14:08,30.5,79.9,275.0,0.0,31.7,EXCELLENT
2026-04-29 10:14:10,30.5,79.9,269.0,0.0,29.7,EXCELLENT
2026-04-29 10:14:12,30.5,79.9,264.0,0.0,28.0,EXCELLENT
2026-04-29 10:14:14,30.5,79.9,272.0,0.0,30.7,EXCELLENT
2026-04-29 10:14:16,30.5,80.0,274.0,0.0,31.3,EXCELLENT
2026-04-29 10:14:18,30.5,79.9,270.0,0.0,30.0,EXCELLENT
2026-04-29 10:14:20,30.5,79.9,272.0,0.0,30.7,EXCELLENT
2026-04-29 10:14:22,30.5,79.9,262.0,0.0,27.3,EXCELLENT
2026-04-29 10:14:24,30.5,79.9,266.0,0.0,28.7,EXCELLENT
2026-04-29 10:14:26,30.5,79.9,257.0,0.0,25.7,EXCELLENT
2026-04-29 10:14:28,30.5,79.9,267.0,0.0,29.0,EXCELLENT
2026-04-29 10:14:30,30.5,79.9,267.0,0.0,29.0,EXCELLENT
2026-04-29 10:14:32,30.5,79.9,272.0,0.0,30.7,EXCELLENT
2026-04-29 10:14:34,30.5,80.0,270.0,0.0,30.0,EXCELLENT
2026-04-29 10:14:36,30.5,80.0,272.0,0.0,30.7,EXCELLENT
2026-04-29 10:14:38,30.5,80.0,275.0,0.0,31.7,EXCELLENT
2026-04-29 10:14:40,30.5,79.9,281.0,0.0,33.7,EXCELLENT
2026-04-29 10:14:42,30.5,79.9,258.0,0.0,26.0,EXCELLENT
2026-04-29 10:14:44,30.5,79.9,272.0,0.0,30.7,EXCELLENT
2026-04-29 10:14:46,30.5,79.9,270.0,0.0,30.0,EXCELLENT
2026-04-29 10:14:48,30.5,79.9,275.0,0.0,31.7,EXCELLENT
2026-04-29 10:14:50,30.5,79.9,270.0,0.0,30.0,EXCELLENT
2026-04-29 10:14:52,30.5,79.9,272.0,0.0,30.7,EXCELLENT
2026-04-29 10:14:54,30.5,79.9,275.0,0.0,31.7,EXCELLENT
2026-04-29 10:14:56,30.5,80.0,265.0,0.0,28.3,EXCELLENT
2026-04-29 10:14:58,30.5,79.9,272.0,0.0,30.7,EXCELLENT
2026-04-29 10:15:00,30.5,79.9,261.0,0.0,27.0,EXCELLENT
2026-04-29 10:15:02,30.5,80.0,269.0,0.0,29.7,EXCELLENT
2026-04-29 10:15:04,30.5,80.0,272.0,0.0,30.7,EXCELLENT
2026-04-29 10:15:06,30.5,79.9,273.0,0.0,31.0,EXCELLENT
2026-04-29 10:15:08,30.5,79.9,277.0,0.0,32.3,EXCELLENT
2026-04-29 10:15:10,30.5,80.0,278.0,0.0,32.7,EXCELLENT
2026-04-29 10:15:12,30.5,79.9,272.0,0.0,30.7,EXCELLENT
2026-04-29 10:15:14,30.5,79.9,273.0,0.0,31.0,EXCELLENT
2026-04-29 10:15:16,30.5,79.9,275.0,0.0,31.7,EXCELLENT
2026-04-29 10:15:18,30.5,79.9,263.0,0.0,27.7,EXCELLENT
2026-04-29 10:15:20,30.5,79.9,272.0,0.0,30.7,EXCELLENT
2026-04-29 10:15:22,30.5,79.9,274.0,0.0,31.3,EXCELLENT
2026-04-29 10:15:24,30.5,80.0,272.0,0.0,30.7,EXCELLENT
2026-04-29 10:15:26,30.5,79.9,276.0,0.0,32.0,EXCELLENT
2026-04-29 10:15:28,30.5,80.0,267.0,0.0,29.0,EXCELLENT
2026-04-29 10:15:30,30.5,80.0,278.0,0.0,32.7,EXCELLENT
2026-04-29 10:15:32,30.5,79.9,270.0,0.0,30.0,EXCELLENT
2026-04-29 10:15:34,30.5,79.9,276.0,0.0,32.0,EXCELLENT
2026-04-29 10:15:36,30.5,80.0,269.0,0.0,29.7,EXCELLENT
2026-04-29 10:15:38,30.5,79.9,267.0,0.0,29.0,EXCELLENT
2026-04-29 10:15:40,30.5,79.9,280.0,0.0,33.3,EXCELLENT
2026-04-29 10:15:42,30.5,79.9,266.0,0.0,28.7,EXCELLENT
2026-04-29 10:15:44,30.5,80.0,276.0,1.0,32.0,EXCELLENT
2026-04-29 10:15:46,30.6,87.4,254.0,0.0,24.7,EXCELLENT
2026-04-29 10:15:48,30.6,88.9,227.0,0.0,15.7,EXCELLENT
2026-04-29 10:15:50,30.6,88.6,209.0,0.0,9.7,EXCELLENT
2026-04-29 10:15:52,30.6,87.7,272.0,0.0,30.7,EXCELLENT
2026-04-29 10:15:54,30.6,85.4,293.0,0.0,37.7,EXCELLENT
2026-04-29 10:15:56,30.6,84.0,306.0,0.0,42.0,EXCELLENT
2026-04-29 10:15:58,30.6,83.3,306.0,0.0,42.0,EXCELLENT
2026-04-29 10:16:00,30.6,83.5,314.0,0.0,44.7,EXCELLENT
2026-04-29 10:16:02,30.6,85.0,321.0,0.0,47.0,EXCELLENT
2026-04-29 10:16:05,30.6,83.8,325.0,0.0,48.3,EXCELLENT
2026-04-29 10:16:06,30.6,83.1,321.0,0.0,47.0,EXCELLENT
2026-04-29 10:16:08,30.6,84.1,336.0,0.0,51.7,MODERATE
2026-04-29 10:16:10,30.7,86.7,318.0,1.0,46.0,EXCELLENT
2026-04-29 10:16:12,30.6,85.2,318.0,1.0,46.0,EXCELLENT
2026-04-29 10:16:14,30.7,83.8,331.0,0.0,51.0,MODERATE
2026-04-29 10:16:16,30.7,82.7,297.0,0.0,39.0,EXCELLENT
2026-04-29 10:16:19,30.7,82.0,318.0,0.0,46.0,EXCELLENT
2026-04-29 10:16:20,30.7,81.5,313.0,0.0,44.3,EXCELLENT
2026-04-29 10:16:22,30.7,81.3,304.0,0.0,41.3,EXCELLENT
2026-04-29 10:16:24,30.6,81.0,305.0,0.0,41.7,EXCELLENT
2026-04-29 10:16:26,30.7,80.9,304.0,0.0,41.3,EXCELLENT
2026-04-29 10:16:29,30.7,80.6,304.0,0.0,41.3,EXCELLENT
2026-04-29 10:16:30,30.6,80.4,304.0,0.0,41.3,EXCELLENT
2026-04-29 10:16:32,30.7,80.5,302.0,0.0,40.7,EXCELLENT
2026-04-29 10:16:35,30.7,80.3,292.0,1.0,37.3,EXCELLENT
2026-04-29 10:16:36,30.6,80.2,287.0,1.0,35.7,EXCELLENT
2026-04-29 10:16:38,30.7,80.2,289.0,0.0,36.3,EXCELLENT
2026-04-29 10:16:40,30.7,80.0,294.0,0.0,38.0,EXCELLENT
2026-04-29 10:16:42,30.6,79.9,289.0,0.0,36.3,EXCELLENT
2026-04-29 10:16:44,30.7,79.8,293.0,0.0,37.7,EXCELLENT
2026-04-29 10:16:46,30.6,79.8,290.0,0.0,36.7,EXCELLENT
2026-04-29 10:16:48,30.7,79.8,290.0,0.0,36.7,EXCELLENT
2026-04-29 10:16:50,30.7,79.8,283.0,0.0,34.3,EXCELLENT
2026-04-29 10:16:52,30.7,79.8,291.0,0.0,37.0,EXCELLENT
2026-04-29 10:16:55,30.7,79.8,287.0,0.0,35.7,EXCELLENT
2026-04-29 10:16:57,30.7,79.7,283.0,0.0,34.3,EXCELLENT
2026-04-29 10:16:59,30.6,79.7,285.0,0.0,35.0,EXCELLENT
2026-04-29 10:17:01,30.6,79.7,278.0,0.0,32.7,EXCELLENT
2026-04-29 10:17:03,30.6,79.8,281.0,0.0,33.7,EXCELLENT
2026-04-29 10:17:05,30.6,79.7,274.0,0.0,31.3,EXCELLENT
2026-04-29 10:17:07,30.6,79.6,272.0,0.0,30.7,EXCELLENT
2026-04-29 10:17:09,30.6,79.7,262.0,0.0,27.3,EXCELLENT
2026-04-29 10:17:10,30.6,79.7,279.0,0.0,33.0,EXCELLENT
2026-04-29 10:17:12,30.6,79.6,283.0,1.0,34.3,EXCELLENT
2026-04-29 10:17:14,30.7,79.7,275.0,1.0,31.7,EXCELLENT
2026-04-29 10:17:17,30.6,79.7,282.0,0.0,34.0,EXCELLENT
2026-04-29 10:17:19,30.6,79.7,281.0,0.0,33.7,EXCELLENT
2026-04-29 10:17:21,30.6,79.7,283.0,0.0,34.3,EXCELLENT
2026-04-29 10:17:23,30.6,79.7,272.0,0.0,30.7,EXCELLENT
2026-04-29 10:17:25,30.6,79.7,272.0,0.0,30.7,EXCELLENT
2026-04-29 10:17:27,30.6,79.7,275.0,0.0,31.7,EXCELLENT
2026-04-29 10:17:29,30.6,79.7,272.0,0.0,30.7,EXCELLENT
2026-04-29 10:17:30,30.6,79.7,279.0,0.0,33.0,EXCELLENT
2026-04-29 10:17:32,30.6,79.7,270.0,0.0,30.0,EXCELLENT
2026-04-29 10:17:35,30.6,79.7,275.0,1.0,31.7,EXCELLENT
2026-04-29 10:17:37,30.6,79.8,272.0,1.0,30.7,EXCELLENT
2026-04-29 10:17:38,30.6,79.8,277.0,0.0,32.3,EXCELLENT
2026-04-29 10:17:41,30.6,79.7,272.0,0.0,30.7,EXCELLENT
2026-04-29 10:17:43,30.6,79.7,266.0,0.0,28.7,EXCELLENT
2026-04-29 10:17:45,30.6,79.7,277.0,0.0,32.3,EXCELLENT
2026-04-29 10:17:47,30.6,79.7,272.0,0.0,30.7,EXCELLENT
2026-04-29 10:17:49,30.6,79.7,277.0,0.0,32.3,EXCELLENT
2026-04-29 10:17:51,30.6,79.7,273.0,0.0,31.0,EXCELLENT
2026-04-29 10:17:52,30.6,79.8,277.0,0.0,32.3,EXCELLENT
2026-04-29 10:17:54,30.6,79.8,268.0,0.0,29.3,EXCELLENT
2026-04-29 10:17:57,30.6,79.8,267.0,0.0,29.0,EXCELLENT
2026-04-29 10:17:59,30.6,79.8,278.0,0.0,32.7,EXCELLENT
2026-04-29 10:18:01,30.6,79.7,270.0,0.0,30.0,EXCELLENT
2026-04-29 10:18:03,30.6,79.8,277.0,0.0,32.3,EXCELLENT
2026-04-29 10:18:05,30.6,79.8,270.0,0.0,30.0,EXCELLENT
2026-04-29 10:18:06,30.6,79.8,272.0,0.0,30.7,EXCELLENT
2026-04-29 10:18:08,30.6,79.8,272.0,0.0,30.7,EXCELLENT
2026-04-29 10:18:11,30.6,79.8,273.0,0.0,31.0,EXCELLENT
2026-04-29 10:18:13,30.6,79.8,277.0,0.0,32.3,EXCELLENT
2026-04-29 10:18:15,30.6,79.8,272.0,0.0,30.7,EXCELLENT
2026-04-29 10:18:17,30.5,79.8,277.0,0.0,32.3,EXCELLENT
2026-04-29 10:18:19,30.6,79.9,272.0,0.0,30.7,EXCELLENT
2026-04-29 10:18:20,30.6,79.9,272.0,0.0,30.7,EXCELLENT
2026-04-29 10:18:22,30.6,79.9,270.0,0.0,30.0,EXCELLENT
2026-04-29 10:18:25,30.6,79.8,280.0,0.0,33.3,EXCELLENT
2026-04-29 10:18:27,30.6,79.8,279.0,0.0,33.0,EXCELLENT
2026-04-29 10:18:29,30.6,79.9,275.0,0.0,31.7,EXCELLENT
2026-04-29 10:18:30,30.6,79.8,273.0,0.0,31.0,EXCELLENT
2026-04-29 10:18:33,30.6,79.9,269.0,0.0,29.7,EXCELLENT
2026-04-29 10:18:35,30.6,79.9,267.0,0.0,29.0,EXCELLENT
2026-04-29 10:18:36,30.6,79.9,280.0,0.0,33.3,EXCELLENT
2026-04-29 10:18:39,30.6,79.9,277.0,0.0,32.3,EXCELLENT
2026-04-29 10:18:41,30.5,79.9,271.0,0.0,30.3,EXCELLENT
2026-04-29 10:18:43,30.5,79.9,272.0,0.0,30.7,EXCELLENT
2026-04-29 10:18:45,30.6,79.9,273.0,0.0,31.0,EXCELLENT
2026-04-29 10:18:47,30.6,79.9,278.0,0.0,32.7,EXCELLENT
2026-04-29 10:18:49,30.5,80.0,274.0,0.0,31.3,EXCELLENT
2026-04-29 10:18:51,30.5,79.9,275.0,0.0,31.7,EXCELLENT
2026-04-29 10:18:53,30.5,79.9,270.0,0.0,30.0,EXCELLENT
2026-04-29 10:18:55,30.6,80.0,279.0,0.0,33.0,EXCELLENT
2026-04-29 10:18:57,30.5,80.0,277.0,1.0,32.3,EXCELLENT
2026-04-29 10:18:59,30.5,79.9,273.0,1.0,31.0,EXCELLENT
2026-04-29 10:19:01,30.6,79.9,280.0,0.0,33.3,EXCELLENT
2026-04-29 10:19:03,30.6,79.9,279.0,0.0,33.0,EXCELLENT
2026-04-29 10:19:05,30.6,79.9,271.0,0.0,30.3,EXCELLENT
2026-04-29 10:19:07,30.5,80.0,270.0,0.0,30.0,EXCELLENT
2026-04-29 10:19:09,30.6,79.9,267.0,0.0,29.0,EXCELLENT
2026-04-29 10:19:11,30.6,79.9,270.0,0.0,30.0,EXCELLENT
2026-04-29 10:19:13,30.5,80.0,269.0,0.0,29.7,EXCELLENT
2026-04-29 10:19:15,30.5,80.0,276.0,0.0,32.0,EXCELLENT
2026-04-29 10:19:17,30.6,79.9,275.0,0.0,31.7,EXCELLENT
2026-04-29 10:19:19,30.5,80.0,271.0,0.0,30.3,EXCELLENT
2026-04-29 10:19:21,30.5,80.0,269.0,0.0,29.7,EXCELLENT
2026-04-29 10:19:23,30.5,80.0,273.0,0.0,31.0,EXCELLENT
2026-04-29 10:19:25,30.5,79.9,279.0,0.0,33.0,EXCELLENT
2026-04-29 10:19:27,30.5,80.0,278.0,0.0,32.7,EXCELLENT
2026-04-29 10:19:29,30.5,80.0,270.0,0.0,30.0,EXCELLENT
2026-04-29 10:19:31,30.5,80.0,274.0,0.0,31.3,EXCELLENT
2026-04-29 10:19:33,30.5,80.0,271.0,0.0,30.3,EXCELLENT
2026-04-29 10:19:35,30.5,80.0,269.0,0.0,29.7,EXCELLENT
2026-04-29 10:19:37,30.5,80.0,270.0,0.0,30.0,EXCELLENT
2026-04-29 10:19:39,30.5,80.0,278.0,0.0,32.7,EXCELLENT
2026-04-29 10:19:41,30.5,80.1,279.0,0.0,33.0,EXCELLENT
2026-04-29 10:19:43,30.5,80.0,268.0,0.0,29.3,EXCELLENT
2026-04-29 10:19:45,30.5,80.1,278.0,0.0,32.7,EXCELLENT
2026-04-29 10:19:47,30.5,80.1,267.0,0.0,29.0,EXCELLENT
2026-04-29 10:19:49,30.5,80.0,266.0,0.0,28.7,EXCELLENT
2026-04-29 10:19:51,30.5,80.0,276.0,0.0,32.0,EXCELLENT
2026-04-29 10:19:53,30.5,80.5,269.0,0.0,29.7,EXCELLENT
2026-04-29 10:19:55,30.5,80.8,264.0,1.0,28.0,EXCELLENT
2026-04-29 10:19:57,30.5,80.7,279.0,0.0,33.0,EXCELLENT
2026-04-29 10:19:59,30.5,80.5,279.0,0.0,33.0,EXCELLENT
2026-04-29 10:20:01,30.5,80.4,269.0,0.0,29.7,EXCELLENT
2026-04-29 10:20:03,30.5,80.3,270.0,0.0,30.0,EXCELLENT
2026-04-29 10:20:05,30.5,80.2,276.0,0.0,32.0,EXCELLENT
2026-04-29 10:20:07,30.5,80.2,271.0,0.0,30.3,EXCELLENT
2026-04-29 10:20:09,30.5,80.2,268.0,0.0,29.3,EXCELLENT
2026-04-29 10:20:11,30.5,80.2,261.0,0.0,27.0,EXCELLENT
2026-04-29 10:20:13,30.5,80.1,272.0,0.0,30.7,EXCELLENT
2026-04-29 10:20:15,30.5,80.1,272.0,0.0,30.7,EXCELLENT
2026-04-29 10:20:17,30.5,80.2,268.0,0.0,29.3,EXCELLENT
2026-04-29 10:20:19,30.5,80.1,281.0,0.0,33.7,EXCELLENT
2026-04-29 10:20:21,30.5,80.1,270.0,0.0,30.0,EXCELLENT
2026-04-29 10:20:23,30.5,80.1,272.0,0.0,30.7,EXCELLENT
2026-04-29 10:20:25,30.5,80.2,270.0,0.0,30.0,EXCELLENT
2026-04-29 10:20:27,30.5,80.2,277.0,0.0,32.3,EXCELLENT
2026-04-29 10:20:29,30.5,80.1,272.0,0.0,30.7,EXCELLENT
2026-04-29 10:20:31,30.5,80.2,263.0,0.0,27.7,EXCELLENT
2026-04-29 10:20:33,30.5,80.2,261.0,0.0,27.0,EXCELLENT
2026-04-29 10:20:35,30.5,80.2,277.0,0.0,32.3,EXCELLENT
2026-04-29 10:20:37,30.5,80.2,272.0,0.0,30.7,EXCELLENT
2026-04-29 10:20:39,30.5,80.2,271.0,0.0,30.3,EXCELLENT
2026-04-29 10:20:41,30.5,80.1,278.0,0.0,32.7,EXCELLENT
2026-04-29 10:20:43,30.5,80.2,261.0,0.0,27.0,EXCELLENT
2026-04-29 10:20:45,30.5,80.1,277.0,0.0,32.3,EXCELLENT
2026-04-29 10:20:47,30.5,80.2,271.0,0.0,30.3,EXCELLENT
2026-04-29 10:20:49,30.5,80.1,268.0,0.0,29.3,EXCELLENT
2026-04-29 10:20:51,30.5,80.2,274.0,0.0,31.3,EXCELLENT
2026-04-29 10:20:53,30.5,80.1,278.0,0.0,32.7,EXCELLENT
2026-04-29 10:20:55,30.5,80.2,274.0,0.0,31.3,EXCELLENT
2026-04-29 10:20:57,30.5,80.1,275.0,0.0,31.7,EXCELLENT
2026-04-29 10:20:59,30.5,80.1,271.0,0.0,30.3,EXCELLENT
2026-04-29 10:21:01,30.5,80.1,263.0,0.0,27.7,EXCELLENT
2026-04-29 10:21:03,30.5,80.1,272.0,0.0,30.7,EXCELLENT
2026-04-29 10:21:05,30.5,80.1,266.0,0.0,28.7,EXCELLENT
2026-04-29 10:21:07,30.5,80.1,268.0,0.0,29.3,EXCELLENT
2026-04-29 10:21:09,30.5,80.1,262.0,0.0,27.3,EXCELLENT
2026-04-29 10:21:11,30.5,80.1,272.0,0.0,30.7,EXCELLENT
2026-04-29 10:21:13,30.5,80.1,270.0,0.0,30.0,EXCELLENT
2026-04-29 10:21:15,30.5,80.1,272.0,0.0,30.7,EXCELLENT
2026-04-29 10:21:17,30.5,80.1,267.0,0.0,29.0,EXCELLENT
2026-04-29 10:21:19,30.5,80.1,271.0,0.0,30.3,EXCELLENT
2026-04-29 10:21:21,30.5,80.1,265.0,0.0,28.3,EXCELLENT
2026-04-29 10:21:23,30.5,80.1,273.0,0.0,31.0,EXCELLENT
2026-04-29 10:21:25,30.5,80.0,270.0,0.0,30.0,EXCELLENT
2026-04-29 10:21:27,30.5,80.1,272.0,0.0,30.7,EXCELLENT
2026-04-29 10:21:29,30.5,80.0,273.0,0.0,31.0,EXCELLENT
2026-04-29 10:21:31,30.5,80.0,265.0,0.0,28.3,EXCELLENT
2026-04-29 10:21:33,30.5,80.0,267.0,0.0,29.0,EXCELLENT
2026-04-29 10:21:35,30.5,80.0,266.0,0.0,28.7,EXCELLENT
2026-04-29 10:21:37,30.5,80.0,272.0,0.0,30.7,EXCELLENT
2026-04-29 10:21:39,30.5,80.0,266.0,0.0,28.7,EXCELLENT
2026-04-29 10:21:41,30.5,80.0,272.0,0.0,30.7,EXCELLENT
2026-04-29 10:21:43,30.5,79.9,269.0,0.0,29.7,EXCELLENT
2026-04-29 10:21:45,30.5,80.0,268.0,0.0,29.3,EXCELLENT
2026-04-29 10:21:47,30.5,79.9,270.0,0.0,30.0,EXCELLENT
2026-04-29 10:21:49,30.5,80.0,266.0,0.0,28.7,EXCELLENT
2026-04-29 10:21:51,30.5,79.9,273.0,0.0,31.0,EXCELLENT
2026-04-29 10:21:53,30.5,79.9,273.0,0.0,31.0,EXCELLENT
2026-04-29 10:21:55,30.5,79.8,262.0,0.0,27.3,EXCELLENT
2026-04-29 10:21:57,30.5,79.8,269.0,1.0,29.7,EXCELLENT
2026-04-29 10:21:59,30.5,79.8,274.0,1.0,31.3,EXCELLENT
2026-04-29 10:22:01,30.5,79.7,269.0,0.0,29.7,EXCELLENT
2026-04-29 10:22:03,30.5,79.8,272.0,0.0,30.7,EXCELLENT
2026-04-29 10:22:05,30.5,79.7,263.0,0.0,27.7,EXCELLENT
2026-04-29 10:22:07,30.5,79.7,261.0,0.0,27.0,EXCELLENT
2026-04-29 10:22:09,30.5,79.7,262.0,0.0,27.3,EXCELLENT
2026-04-29 10:22:11,30.5,79.8,273.0,0.0,31.0,EXCELLENT
2026-04-29 10:22:13,30.5,79.7,265.0,1.0,28.3,EXCELLENT
2026-04-29 10:22:15,30.5,79.7,260.0,1.0,26.7,EXCELLENT
2026-04-29 10:22:17,30.5,79.7,268.0,0.0,29.3,EXCELLENT
2026-04-29 10:22:19,30.5,79.7,262.0,0.0,27.3,EXCELLENT
2026-04-29 10:22:21,30.5,79.8,261.0,0.0,27.0,EXCELLENT
2026-04-29 10:22:23,30.5,79.8,263.0,0.0,27.7,EXCELLENT
2026-04-29 10:22:25,30.5,79.7,259.0,0.0,26.3,EXCELLENT
2026-04-29 10:22:27,30.5,79.8,269.0,0.0,29.7,EXCELLENT
2026-04-29 10:22:29,30.5,79.8,262.0,0.0,27.3,EXCELLENT
2026-04-29 10:22:31,30.5,79.8,272.0,0.0,30.7,EXCELLENT
2026-04-29 10:22:33,30.5,79.9,270.0,0.0,30.0,EXCELLENT
2026-04-29 10:22:35,30.5,79.9,272.0,0.0,30.7,EXCELLENT
2026-04-29 10:22:37,30.5,80.0,259.0,0.0,26.3,EXCELLENT
2026-04-29 10:22:39,30.5,80.0,259.0,0.0,26.3,EXCELLENT
2026-04-29 10:22:41,30.5,80.0,272.0,0.0,30.7,EXCELLENT
2026-04-29 10:22:43,30.5,79.9,272.0,1.0,30.7,EXCELLENT
2026-04-29 10:22:45,30.5,79.9,249.0,0.0,23.0,EXCELLENT
2026-04-29 10:22:47,30.5,79.9,262.0,0.0,27.3,EXCELLENT
2026-04-29 10:22:49,30.5,79.8,261.0,0.0,27.0,EXCELLENT
2026-04-29 10:22:51,30.5,79.8,267.0,0.0,29.0,EXCELLENT
2026-04-29 10:22:53,30.5,79.8,272.0,0.0,30.7,EXCELLENT
2026-04-29 10:22:55,30.5,79.8,262.0,0.0,27.3,EXCELLENT
2026-04-29 10:22:57,30.5,79.8,269.0,0.0,29.7,EXCELLENT
2026-04-29 10:22:59,30.5,79.7,260.0,0.0,26.7,EXCELLENT
2026-04-29 10:23:01,30.5,79.8,261.0,0.0,27.0,EXCELLENT
2026-04-29 10:23:03,30.5,79.8,271.0,0.0,30.3,EXCELLENT
2026-04-29 10:23:05,30.5,79.8,257.0,0.0,25.7,EXCELLENT
2026-04-29 10:23:07,30.5,79.8,259.0,0.0,26.3,EXCELLENT
2026-04-29 10:23:09,30.5,79.8,263.0,0.0,27.7,EXCELLENT
2026-04-29 10:23:11,30.5,79.8,260.0,0.0,26.7,EXCELLENT
2026-04-29 10:23:13,30.5,79.7,269.0,0.0,29.7,EXCELLENT
2026-04-29 10:23:15,30.5,79.8,258.0,0.0,26.0,EXCELLENT
2026-04-29 10:23:17,30.5,79.8,250.0,0.0,23.3,EXCELLENT
2026-04-29 10:23:19,30.5,79.8,266.0,0.0,28.7,EXCELLENT
2026-04-29 10:23:21,30.5,79.7,267.0,0.0,29.0,EXCELLENT
2026-04-29 10:23:23,30.5,79.8,261.0,0.0,27.0,EXCELLENT
2026-04-29 10:23:25,30.5,79.8,259.0,1.0,26.3,EXCELLENT
2026-04-29 10:23:27,30.5,79.7,272.0,0.0,30.7,EXCELLENT
2026-04-29 10:23:29,30.5,79.8,267.0,0.0,29.0,EXCELLENT
2026-04-29 10:23:31,30.5,79.8,262.0,0.0,27.3,EXCELLENT
2026-04-29 10:23:33,30.5,79.7,254.0,1.0,24.7,EXCELLENT
2026-04-29 10:23:35,30.5,79.7,265.0,1.0,28.3,EXCELLENT
2026-04-29 10:23:37,30.5,79.7,267.0,0.0,29.0,EXCELLENT
2026-04-29 10:23:39,30.5,79.7,267.0,0.0,29.0,EXCELLENT
2026-04-29 10:23:41,30.5,79.8,270.0,0.0,30.0,EXCELLENT
2026-04-29 10:23:43,30.5,79.7,266.0,0.0,28.7,EXCELLENT
2026-04-29 10:23:45,30.6,79.7,258.0,1.0,26.0,EXCELLENT
2026-04-29 10:23:47,30.5,80.1,272.0,1.0,30.7,EXCELLENT
2026-04-29 10:23:49,30.5,80.2,265.0,0.0,28.3,EXCELLENT
2026-04-29 10:23:51,30.5,80.1,269.0,0.0,29.7,EXCELLENT
2026-04-29 10:23:53,30.6,80.0,261.0,0.0,27.0,EXCELLENT
2026-04-29 10:23:55,30.6,79.9,263.0,0.0,27.7,EXCELLENT
2026-04-29 10:23:57,30.5,79.9,259.0,0.0,26.3,EXCELLENT
2026-04-29 10:23:59,30.6,79.8,271.0,0.0,30.3,EXCELLENT
2026-04-29 10:24:01,30.5,79.7,258.0,0.0,26.0,EXCELLENT
2026-04-29 10:24:03,30.5,79.6,256.0,0.0,25.3,EXCELLENT
2026-04-29 10:24:05,30.5,79.7,259.0,0.0,26.3,EXCELLENT
2026-04-29 10:24:07,30.6,79.6,267.0,0.0,29.0,EXCELLENT
2026-04-29 10:24:09,30.6,79.6,268.0,0.0,29.3,EXCELLENT
2026-04-29 10:24:11,30.6,79.7,271.0,0.0,30.3,EXCELLENT
2026-04-29 10:24:13,30.5,79.7,266.0,0.0,28.7,EXCELLENT
2026-04-29 10:24:15,30.6,79.7,268.0,0.0,29.3,EXCELLENT
2026-04-29 10:24:17,30.5,79.6,257.0,1.0,25.7,EXCELLENT
2026-04-29 10:24:19,30.5,79.7,257.0,0.0,25.7,EXCELLENT
2026-04-29 10:24:21,30.6,79.6,262.0,0.0,27.3,EXCELLENT
2026-04-29 10:24:23,30.6,79.6,270.0,0.0,30.0,EXCELLENT
2026-04-29 10:24:25,30.5,79.6,262.0,0.0,27.3,EXCELLENT
2026-04-29 10:24:27,30.6,79.6,267.0,0.0,29.0,EXCELLENT
2026-04-29 10:24:29,30.6,79.6,270.0,0.0,30.0,EXCELLENT
2026-04-29 10:24:31,30.6,79.6,258.0,0.0,26.0,EXCELLENT
2026-04-29 10:24:33,30.5,79.6,266.0,0.0,28.7,EXCELLENT
2026-04-29 10:24:35,30.5,79.7,265.0,0.0,28.3,EXCELLENT
2026-04-29 10:24:37,30.6,79.7,265.0,0.0,28.3,EXCELLENT
2026-04-29 10:24:39,30.6,79.6,261.0,0.0,27.0,EXCELLENT
2026-04-29 10:24:41,30.6,79.6,253.0,0.0,24.3,EXCELLENT
2026-04-29 10:24:43,30.6,79.6,256.0,0.0,25.3,EXCELLENT
2026-04-29 10:24:45,30.6,79.7,257.0,0.0,25.7,EXCELLENT
2026-04-29 10:24:47,30.6,79.6,256.0,0.0,25.3,EXCELLENT
2026-04-29 10:24:49,30.6,79.6,267.0,0.0,29.0,EXCELLENT
2026-04-29 10:24:51,30.5,79.6,271.0,1.0,30.3,EXCELLENT
2026-04-29 10:24:53,30.6,79.5,263.0,1.0,27.7,EXCELLENT
2026-04-29 10:24:55,30.5,79.5,260.0,0.0,26.7,EXCELLENT
2026-04-29 10:24:57,30.6,79.6,291.0,0.0,37.0,EXCELLENT
2026-04-29 10:24:59,30.6,79.6,274.0,1.0,31.3,EXCELLENT
2026-04-29 10:25:01,30.5,79.5,289.0,1.0,36.3,EXCELLENT
2026-04-29 10:25:03,30.6,79.5,289.0,0.0,36.3,EXCELLENT
2026-04-29 10:25:05,30.6,79.5,295.0,0.0,38.3,EXCELLENT
2026-04-29 10:25:07,30.6,79.7,281.0,1.0,33.7,EXCELLENT
2026-04-29 10:25:09,30.6,80.2,287.0,1.0,35.7,EXCELLENT
2026-04-29 10:25:11,30.6,80.0,323.0,0.0,47.7,EXCELLENT
2026-04-29 10:25:13,30.6,79.9,356.0,0.0,54.5,MODERATE
2026-04-29 10:25:15,30.6,79.7,276.0,0.0,32.0,EXCELLENT
2026-04-29 10:25:17,30.6,79.7,289.0,1.0,36.3,EXCELLENT
2026-04-29 10:25:19,30.6,79.6,304.0,1.0,41.3,EXCELLENT
2026-04-29 10:25:21,30.6,79.5,316.0,0.0,45.3,EXCELLENT
2026-04-29 10:25:23,30.6,79.5,274.0,0.0,31.3,EXCELLENT
2026-04-29 10:25:25,30.6,79.4,290.0,0.0,36.7,EXCELLENT
2026-04-29 10:25:27,30.6,79.4,291.0,0.0,37.0,EXCELLENT
2026-04-29 10:25:29,30.6,79.4,290.0,0.0,36.7,EXCELLENT
2026-04-29 10:25:31,30.6,79.4,298.0,0.0,39.3,EXCELLENT
2026-04-29 10:25:33,30.6,79.3,305.0,0.0,41.7,EXCELLENT
2026-04-29 10:25:35,30.6,79.3,297.0,0.0,39.0,EXCELLENT
2026-04-29 10:25:37,30.6,79.3,337.0,1.0,51.8,MODERATE
2026-04-29 10:25:39,30.5,79.4,222.0,1.0,14.0,EXCELLENT
2026-04-29 10:25:41,30.6,79.4,225.0,0.0,15.0,EXCELLENT
2026-04-29 10:25:43,30.5,79.4,320.0,0.0,46.7,EXCELLENT
2026-04-29 10:25:45,30.5,79.5,259.0,1.0,26.3,EXCELLENT
2026-04-29 10:25:47,30.5,80.1,256.0,1.0,25.3,EXCELLENT
2026-04-29 10:25:49,30.5,80.5,286.0,0.0,35.3,EXCELLENT
2026-04-29 10:25:51,30.5,80.3,267.0,0.0,29.0,EXCELLENT
2026-04-29 10:25:53,30.5,80.2,288.0,1.0,36.0,EXCELLENT
2026-04-29 10:25:55,30.5,80.4,281.0,1.0,33.7,EXCELLENT
2026-04-29 10:25:57,30.5,81.1,250.0,0.0,23.3,EXCELLENT
2026-04-29 10:25:59,30.5,82.0,247.0,0.0,22.3,EXCELLENT
2026-04-29 10:26:01,30.5,82.5,271.0,0.0,30.3,EXCELLENT
2026-04-29 10:26:03,30.5,81.6,305.0,1.0,41.7,EXCELLENT
2026-04-29 10:26:05,30.6,82.4,297.0,0.0,39.0,EXCELLENT
2026-04-29 10:26:07,30.6,83.2,272.0,0.0,30.7,EXCELLENT
2026-04-29 10:26:09,30.6,83.0,226.0,0.0,15.3,EXCELLENT
2026-04-29 10:26:11,30.6,82.0,229.0,1.0,16.3,EXCELLENT
2026-04-29 10:26:13,30.7,81.1,243.0,1.0,21.0,EXCELLENT
2026-04-29 10:26:15,30.7,80.4,235.0,0.0,18.3,EXCELLENT
2026-04-29 10:26:17,30.7,80.0,242.0,0.0,20.7,EXCELLENT
2026-04-29 10:26:19,30.7,79.7,243.0,1.0,21.0,EXCELLENT
2026-04-29 10:26:21,30.7,79.5,225.0,1.0,15.0,EXCELLENT
2026-04-29 10:26:23,30.8,79.3,228.0,0.0,16.0,EXCELLENT
2026-04-29 10:26:25,30.8,79.2,233.0,0.0,17.7,EXCELLENT
2026-04-29 10:26:27,30.7,79.2,228.0,1.0,16.0,EXCELLENT
2026-04-29 10:26:29,30.7,79.0,240.0,1.0,20.0,EXCELLENT
2026-04-29 10:26:31,30.7,78.9,236.0,0.0,18.7,EXCELLENT
2026-04-29 10:26:33,30.8,78.9,224.0,0.0,14.7,EXCELLENT
2026-04-29 10:26:35,30.8,78.9,231.0,0.0,17.0,EXCELLENT
2026-04-29 10:26:37,30.7,78.8,231.0,0.0,17.0,EXCELLENT
2026-04-29 10:26:39,30.7,78.9,229.0,0.0,16.3,EXCELLENT
2026-04-29 10:26:41,30.7,78.9,226.0,0.0,15.3,EXCELLENT
2026-04-29 10:26:43,30.7,78.9,222.0,0.0,14.0,EXCELLENT
2026-04-29 10:26:45,30.7,78.8,230.0,0.0,16.7,EXCELLENT
2026-04-29 10:26:47,30.7,78.7,229.0,0.0,16.3,EXCELLENT
2026-04-29 10:26:49,30.7,78.7,225.0,0.0,15.0,EXCELLENT
2026-04-29 10:26:51,30.7,78.8,227.0,0.0,15.7,EXCELLENT
2026-04-29 10:26:53,30.7,78.8,211.0,1.0,10.3,EXCELLENT
2026-04-29 10:26:55,30.7,78.8,222.0,1.0,14.0,EXCELLENT
2026-04-29 10:26:57,30.7,78.9,232.0,0.0,17.3,EXCELLENT
2026-04-29 10:26:59,30.7,78.9,219.0,0.0,13.0,EXCELLENT
2026-04-29 10:27:01,30.7,78.9,225.0,0.0,15.0,EXCELLENT
2026-04-29 10:27:03,30.6,79.0,218.0,0.0,12.7,EXCELLENT
2026-04-29 10:27:05,30.6,79.0,230.0,0.0,16.7,EXCELLENT
2026-04-29 10:27:07,30.6,79.1,218.0,1.0,12.7,EXCELLENT
2026-04-29 10:27:09,30.6,79.1,224.0,0.0,14.7,EXCELLENT
2026-04-29 10:27:11,30.6,79.2,222.0,0.0,14.0,EXCELLENT
2026-04-29 10:27:13,30.6,79.2,226.0,0.0,15.3,EXCELLENT
2026-04-29 10:27:15,30.6,79.2,224.0,1.0,14.7,EXCELLENT
2026-04-29 10:27:17,30.6,79.2,218.0,1.0,12.7,EXCELLENT
2026-04-29 10:27:19,30.6,79.3,219.0,0.0,13.0,EXCELLENT
2026-04-29 10:27:21,30.5,79.4,221.0,0.0,13.7,EXCELLENT
2026-04-29 10:27:23,30.6,79.3,229.0,0.0,16.3,EXCELLENT
2026-04-29 10:27:25,30.5,79.4,226.0,0.0,15.3,EXCELLENT
2026-04-29 10:27:27,30.5,79.4,222.0,0.0,14.0,EXCELLENT
2026-04-29 10:27:29,30.5,79.5,225.0,0.0,15.0,EXCELLENT
2026-04-29 10:27:31,30.5,79.5,225.0,0.0,15.0,EXCELLENT
2026-04-29 10:27:33,30.5,79.6,224.0,0.0,14.7,EXCELLENT
2026-04-29 10:27:35,30.5,79.6,230.0,0.0,16.7,EXCELLENT
2026-04-29 10:27:37,30.5,79.6,213.0,0.0,11.0,EXCELLENT
2026-04-29 10:27:39,30.5,79.6,213.0,0.0,11.0,EXCELLENT
2026-04-29 10:27:41,30.5,79.7,213.0,0.0,11.0,EXCELLENT
2026-04-29 10:27:43,30.4,79.7,227.0,0.0,15.7,EXCELLENT
2026-04-29 10:27:45,30.4,79.8,220.0,0.0,13.3,EXCELLENT
2026-04-29 10:27:47,30.4,79.8,226.0,0.0,15.3,EXCELLENT
2026-04-29 10:27:49,30.4,79.9,225.0,0.0,15.0,EXCELLENT
2026-04-29 10:27:51,30.4,79.9,224.0,0.0,14.7,EXCELLENT
2026-04-29 10:27:53,30.4,80.0,225.0,0.0,15.0,EXCELLENT
2026-04-29 10:27:55,30.4,80.0,227.0,0.0,15.7,EXCELLENT
2026-04-29 10:27:57,30.4,80.1,230.0,0.0,16.7,EXCELLENT
2026-04-29 10:27:59,30.4,80.1,225.0,0.0,15.0,EXCELLENT
2026-04-29 10:28:01,30.4,80.1,219.0,0.0,13.0,EXCELLENT
2026-04-29 10:28:03,30.3,80.1,222.0,0.0,14.0,EXCELLENT
2026-04-29 10:28:05,30.3,80.2,231.0,0.0,17.0,EXCELLENT
2026-04-29 10:28:07,30.3,80.1,222.0,0.0,14.0,EXCELLENT
2026-04-29 10:28:09,30.3,80.2,217.0,0.0,12.3,EXCELLENT
2026-04-29 10:28:11,30.3,80.2,214.0,0.0,11.3,EXCELLENT
2026-04-29 10:28:13,30.3,80.2,225.0,0.0,15.0,EXCELLENT
2026-04-29 10:28:15,30.3,80.3,220.0,0.0,13.3,EXCELLENT
2026-04-29 10:28:17,30.3,80.2,214.0,0.0,11.3,EXCELLENT
2026-04-29 10:28:19,30.3,80.3,224.0,0.0,14.7,EXCELLENT
2026-04-29 10:28:21,30.3,80.3,222.0,0.0,14.0,EXCELLENT
2026-04-29 10:28:23,30.3,80.3,224.0,0.0,14.7,EXCELLENT
2026-04-29 10:28:25,30.3,80.3,219.0,0.0,13.0,EXCELLENT
2026-04-29 10:28:27,30.3,80.3,228.0,0.0,16.0,EXCELLENT
2026-04-29 10:28:29,30.3,80.4,211.0,0.0,10.3,EXCELLENT
2026-04-29 10:28:31,30.3,80.4,219.0,0.0,13.0,EXCELLENT
2026-04-29 10:28:33,30.2,80.4,231.0,0.0,17.0,EXCELLENT
2026-04-29 10:28:35,30.3,80.5,227.0,0.0,15.7,EXCELLENT
2026-04-29 10:28:37,30.3,80.5,230.0,0.0,16.7,EXCELLENT
2026-04-29 10:28:39,30.2,80.5,223.0,0.0,14.3,EXCELLENT
2026-04-29 10:28:41,30.2,80.5,222.0,0.0,14.0,EXCELLENT
2026-04-29 10:28:43,30.2,80.5,220.0,0.0,13.3,EXCELLENT
2026-04-29 10:28:45,30.2,80.5,221.0,0.0,13.7,EXCELLENT
2026-04-29 10:28:47,30.2,80.6,227.0,0.0,15.7,EXCELLENT
2026-04-29 10:28:49,30.2,80.6,226.0,0.0,15.3,EXCELLENT
2026-04-29 10:28:51,30.2,80.6,220.0,0.0,13.3,EXCELLENT
2026-04-29 10:28:53,30.2,80.7,213.0,0.0,11.0,EXCELLENT
2026-04-29 10:28:55,30.2,80.6,226.0,1.0,15.3,EXCELLENT
2026-04-29 10:28:57,30.2,80.8,208.0,1.0,9.3,EXCELLENT
2026-04-29 10:28:59,30.2,80.7,214.0,0.0,11.3,EXCELLENT
2026-04-29 10:29:01,30.2,80.7,223.0,0.0,14.3,EXCELLENT
2026-04-29 10:29:03,30.2,80.7,218.0,0.0,12.7,EXCELLENT
2026-04-29 10:29:05,30.2,80.7,226.0,0.0,15.3,EXCELLENT
2026-04-29 10:29:07,30.2,80.8,210.0,0.0,10.0,EXCELLENT
2026-04-29 10:29:09,30.2,80.8,226.0,0.0,15.3,EXCELLENT
2026-04-29 10:29:11,30.2,80.8,225.0,0.0,15.0,EXCELLENT
2026-04-29 10:29:13,30.2,80.8,211.0,0.0,10.3,EXCELLENT
2026-04-29 10:29:15,30.2,80.8,213.0,0.0,11.0,EXCELLENT
2026-04-29 10:29:17,30.2,80.8,217.0,0.0,12.3,EXCELLENT
2026-04-29 10:29:19,30.2,80.8,226.0,0.0,15.3,EXCELLENT
2026-04-29 10:29:21,30.2,80.8,227.0,1.0,15.7,EXCELLENT
2026-04-29 10:29:23,30.1,80.8,224.0,1.0,14.7,EXCELLENT
2026-04-29 10:29:25,30.2,80.9,213.0,0.0,11.0,EXCELLENT
2026-04-29 10:29:27,30.2,80.9,217.0,0.0,12.3,EXCELLENT
2026-04-29 10:29:29,30.2,80.9,218.0,0.0,12.7,EXCELLENT
2026-04-29 10:29:31,30.1,80.9,224.0,0.0,14.7,EXCELLENT
2026-04-29 10:29:33,30.2,80.9,228.0,0.0,16.0,EXCELLENT
2026-04-29 10:29:35,30.2,81.0,228.0,0.0,16.0,EXCELLENT
2026-04-29 10:29:37,30.2,81.0,208.0,0.0,9.3,EXCELLENT
2026-04-29 10:29:39,30.1,81.0,214.0,0.0,11.3,EXCELLENT
2026-04-29 10:29:41,30.1,81.0,224.0,0.0,14.7,EXCELLENT
2026-04-29 10:29:43,30.1,81.0,224.0,1.0,14.7,EXCELLENT
2026-04-29 10:29:45,30.1,81.0,225.0,1.0,15.0,EXCELLENT
2026-04-29 10:29:47,30.1,81.1,227.0,0.0,15.7,EXCELLENT
2026-04-29 10:29:49,30.1,81.1,228.0,0.0,16.0,EXCELLENT
2026-04-29 10:29:51,30.1,81.1,220.0,0.0,13.3,EXCELLENT
2026-04-29 10:29:53,30.1,81.0,215.0,1.0,11.7,EXCELLENT
2026-04-29 10:29:55,30.1,81.1,223.0,1.0,14.3,EXCELLENT
2026-04-29 10:29:57,30.1,81.1,218.0,0.0,12.7,EXCELLENT
2026-04-29 10:29:59,30.1,81.0,225.0,0.0,15.0,EXCELLENT
2026-04-29 10:30:01,30.1,81.1,215.0,0.0,11.7,EXCELLENT
2026-04-29 10:30:03,30.1,81.1,217.0,0.0,12.3,EXCELLENT
2026-04-29 10:30:05,30.2,81.2,230.0,0.0,16.7,EXCELLENT
2026-04-29 10:30:07,30.1,81.1,222.0,0.0,14.0,EXCELLENT
2026-04-29 10:30:09,30.1,81.1,228.0,0.0,16.0,EXCELLENT
2026-04-29 10:30:11,30.1,81.1,213.0,1.0,11.0,EXCELLENT
2026-04-29 10:30:13,30.1,81.1,218.0,1.0,12.7,EXCELLENT
2026-04-29 10:30:15,30.1,81.1,227.0,0.0,15.7,EXCELLENT
2026-04-29 10:30:17,30.1,81.1,213.0,0.0,11.0,EXCELLENT
2026-04-29 10:30:19,30.1,81.1,219.0,1.0,13.0,EXCELLENT
2026-04-29 10:30:21,30.1,81.1,217.0,1.0,12.3,EXCELLENT
2026-04-29 10:30:23,30.1,81.1,226.0,0.0,15.3,EXCELLENT
2026-04-29 10:30:25,30.1,81.1,219.0,0.0,13.0,EXCELLENT
2026-04-29 10:30:27,30.1,81.2,211.0,0.0,10.3,EXCELLENT
2026-04-29 10:30:29,30.1,81.1,226.0,0.0,15.3,EXCELLENT
2026-04-29 10:30:31,30.1,81.2,227.0,0.0,15.7,EXCELLENT
2026-04-29 10:30:33,30.1,81.2,219.0,0.0,13.0,EXCELLENT
2026-04-29 10:30:35,30.1,81.1,227.0,1.0,15.7,EXCELLENT
2026-04-29 10:30:37,30.1,81.1,219.0,1.0,13.0,EXCELLENT
2026-04-29 10:30:39,30.1,81.1,222.0,0.0,14.0,EXCELLENT
2026-04-29 10:30:41,30.1,81.1,219.0,0.0,13.0,EXCELLENT
2026-04-29 10:30:43,30.1,81.2,219.0,1.0,13.0,EXCELLENT
2026-04-29 10:30:45,30.1,81.1,214.0,1.0,11.3,EXCELLENT
2026-04-29 10:30:47,30.1,81.1,229.0,0.0,16.3,EXCELLENT
2026-04-29 10:30:49,30.2,81.0,220.0,0.0,13.3,EXCELLENT
2026-04-29 10:30:51,30.1,81.0,214.0,0.0,11.3,EXCELLENT
2026-04-29 10:30:53,30.1,81.1,215.0,0.0,11.7,EXCELLENT
2026-04-29 10:30:55,30.1,81.1,227.0,0.0,15.7,EXCELLENT
2026-04-29 10:30:57,30.1,81.1,219.0,0.0,13.0,EXCELLENT
2026-04-29 10:30:59,30.1,81.1,219.0,0.0,13.0,EXCELLENT
2026-04-29 10:31:01,30.1,81.1,225.0,0.0,15.0,EXCELLENT
2026-04-29 10:31:03,30.1,81.1,218.0,0.0,12.7,EXCELLENT
2026-04-29 10:31:05,30.1,81.0,219.0,0.0,13.0,EXCELLENT
2026-04-29 10:31:07,30.1,81.0,219.0,0.0,13.0,EXCELLENT
2026-04-29 10:31:09,30.1,81.1,217.0,0.0,12.3,EXCELLENT
2026-04-29 10:31:11,30.1,81.0,226.0,0.0,15.3,EXCELLENT
2026-04-29 10:31:13,30.1,81.0,217.0,0.0,12.3,EXCELLENT
2026-04-29 10:31:15,30.1,81.0,222.0,0.0,14.0,EXCELLENT
2026-04-29 10:31:17,30.1,81.0,218.0,0.0,12.7,EXCELLENT
2026-04-29 10:31:19,30.2,81.0,228.0,0.0,16.0,EXCELLENT
2026-04-29 10:31:21,30.1,81.0,215.0,0.0,11.7,EXCELLENT
2026-04-29 10:31:23,30.2,80.9,225.0,0.0,15.0,EXCELLENT
2026-04-29 10:31:25,30.1,80.9,228.0,0.0,16.0,EXCELLENT
2026-04-29 10:31:27,30.2,81.0,226.0,0.0,15.3,EXCELLENT
2026-04-29 10:31:29,30.2,80.9,227.0,0.0,15.7,EXCELLENT
2026-04-29 10:31:31,30.2,80.9,227.0,0.0,15.7,EXCELLENT
2026-04-29 10:31:33,30.2,80.9,227.0,0.0,15.7,EXCELLENT
2026-04-29 10:31:35,30.2,80.9,217.0,0.0,12.3,EXCELLENT
2026-04-29 10:31:37,30.2,80.9,223.0,0.0,14.3,EXCELLENT
2026-04-29 10:31:39,30.2,80.8,215.0,0.0,11.7,EXCELLENT
2026-04-29 10:31:41,30.2,80.8,210.0,0.0,10.0,EXCELLENT
2026-04-29 10:31:43,30.2,80.8,211.0,0.0,10.3,EXCELLENT
2026-04-29 10:31:45,30.2,80.7,228.0,0.0,16.0,EXCELLENT
2026-04-29 10:31:47,30.2,80.8,215.0,0.0,11.7,EXCELLENT
2026-04-29 10:31:49,30.2,80.8,224.0,0.0,14.7,EXCELLENT
2026-04-29 10:31:51,30.2,80.8,211.0,0.0,10.3,EXCELLENT
2026-04-29 10:31:53,30.2,80.7,217.0,0.0,12.3,EXCELLENT
2026-04-29 10:31:55,30.2,80.7,225.0,0.0,15.0,EXCELLENT
2026-04-29 10:31:57,30.2,80.7,217.0,0.0,12.3,EXCELLENT
2026-04-29 10:31:59,30.2,80.7,220.0,0.0,13.3,EXCELLENT
2026-04-29 10:32:01,30.2,80.7,226.0,0.0,15.3,EXCELLENT
2026-04-29 10:32:03,30.2,80.7,213.0,0.0,11.0,EXCELLENT
2026-04-29 10:32:05,30.2,80.7,231.0,0.0,17.0,EXCELLENT
2026-04-29 10:32:07,30.2,80.7,219.0,0.0,13.0,EXCELLENT
2026-04-29 10:32:09,30.2,80.7,230.0,0.0,16.7,EXCELLENT
2026-04-29 10:32:11,30.2,80.7,218.0,0.0,12.7,EXCELLENT
2026-04-29 10:32:13,30.2,80.7,219.0,0.0,13.0,EXCELLENT
2026-04-29 10:32:15,30.2,80.7,218.0,0.0,12.7,EXCELLENT
2026-04-29 10:32:17,30.2,80.8,224.0,0.0,14.7,EXCELLENT
2026-04-29 10:32:19,30.2,80.8,225.0,0.0,15.0,EXCELLENT
2026-04-29 10:32:21,30.2,80.7,228.0,0.0,16.0,EXCELLENT
2026-04-29 10:32:23,30.2,80.8,221.0,0.0,13.7,EXCELLENT
2026-04-29 10:32:25,30.2,80.8,214.0,0.0,11.3,EXCELLENT
2026-04-29 10:32:27,30.2,80.8,227.0,1.0,15.7,EXCELLENT
2026-04-29 10:32:29,30.2,80.7,222.0,1.0,14.0,EXCELLENT
2026-04-29 10:32:31,30.2,80.7,219.0,0.0,13.0,EXCELLENT
2026-04-29 10:32:33,30.2,80.7,214.0,0.0,11.3,EXCELLENT
2026-04-29 10:32:35,30.2,80.6,222.0,0.0,14.0,EXCELLENT
2026-04-29 10:32:37,30.2,80.6,219.0,0.0,13.0,EXCELLENT
2026-04-29 10:32:39,30.2,80.7,227.0,0.0,15.7,EXCELLENT
2026-04-29 10:32:41,30.2,80.7,215.0,0.0,11.7,EXCELLENT
2026-04-29 10:32:43,30.2,80.7,219.0,0.0,13.0,EXCELLENT
2026-04-29 10:32:45,30.2,80.7,228.0,0.0,16.0,EXCELLENT
2026-04-29 10:32:47,30.2,80.7,225.0,0.0,15.0,EXCELLENT
2026-04-29 10:32:49,30.2,80.7,225.0,0.0,15.0,EXCELLENT
2026-04-29 10:32:51,30.2,80.7,219.0,0.0,13.0,EXCELLENT
2026-04-29 10:32:53,30.2,80.7,222.0,0.0,14.0,EXCELLENT
2026-04-29 10:32:55,30.2,80.8,209.0,0.0,9.7,EXCELLENT
2026-04-29 10:32:57,30.2,80.7,230.0,0.0,16.7,EXCELLENT
2026-04-29 10:32:59,30.2,80.8,228.0,0.0,16.0,EXCELLENT
2026-04-29 10:33:01,30.2,80.7,219.0,0.0,13.0,EXCELLENT
2026-04-29 10:33:03,30.2,80.8,223.0,0.0,14.3,EXCELLENT
2026-04-29 10:33:05,30.2,80.8,213.0,0.0,11.0,EXCELLENT
2026-04-29 10:33:07,30.2,80.8,223.0,0.0,14.3,EXCELLENT
2026-04-29 10:33:09,30.2,80.8,222.0,0.0,14.0,EXCELLENT
2026-04-29 10:33:11,30.2,80.8,224.0,0.0,14.7,EXCELLENT
2026-04-29 10:33:13,30.2,80.8,230.0,0.0,16.7,EXCELLENT
2026-04-29 10:33:15,30.2,80.9,227.0,0.0,15.7,EXCELLENT
2026-04-29 10:33:17,30.2,80.8,215.0,0.0,11.7,EXCELLENT
2026-04-29 10:33:19,30.2,80.9,217.0,0.0,12.3,EXCELLENT
2026-04-29 10:33:21,30.2,80.9,222.0,0.0,14.0,EXCELLENT
2026-04-29 10:33:23,30.2,80.9,224.0,0.0,14.7,EXCELLENT
2026-04-29 10:33:25,30.2,80.9,230.0,0.0,16.7,EXCELLENT
2026-04-29 10:33:27,30.1,80.8,230.0,0.0,16.7,EXCELLENT
2026-04-29 10:33:29,30.2,80.9,229.0,0.0,16.3,EXCELLENT
2026-04-29 10:33:31,30.1,80.9,228.0,0.0,16.0,EXCELLENT
2026-04-29 10:33:33,30.2,81.0,220.0,0.0,13.3,EXCELLENT
2026-04-29 10:33:35,30.2,80.9,218.0,0.0,12.7,EXCELLENT
2026-04-29 10:33:37,30.2,80.9,226.0,0.0,15.3,EXCELLENT
2026-04-29 10:33:39,30.2,80.9,225.0,1.0,15.0,EXCELLENT
2026-04-29 10:33:41,30.2,80.9,228.0,0.0,16.0,EXCELLENT
2026-04-29 10:33:43,30.2,81.0,226.0,0.0,15.3,EXCELLENT
2026-04-29 10:33:45,30.2,80.9,211.0,0.0,10.3,EXCELLENT
2026-04-29 10:33:47,30.2,81.0,225.0,0.0,15.0,EXCELLENT
2026-04-29 10:33:49,30.1,80.9,224.0,0.0,14.7,EXCELLENT
2026-04-29 10:33:51,30.2,80.9,213.0,1.0,11.0,EXCELLENT
2026-04-29 10:33:53,30.1,80.9,226.0,1.0,15.3,EXCELLENT
2026-04-29 10:33:55,30.2,80.9,226.0,0.0,15.3,EXCELLENT
2026-04-29 10:33:57,30.1,80.9,215.0,0.0,11.7,EXCELLENT
2026-04-29 10:33:59,30.1,81.0,219.0,0.0,13.0,EXCELLENT
2026-04-29 10:34:01,30.2,80.9,225.0,0.0,15.0,EXCELLENT
2026-04-29 10:34:03,30.2,80.9,219.0,0.0,13.0,EXCELLENT
2026-04-29 10:34:05,30.2,80.9,218.0,0.0,12.7,EXCELLENT
2026-04-29 10:34:07,30.1,80.9,227.0,0.0,15.7,EXCELLENT
2026-04-29 10:34:09,30.1,80.9,218.0,0.0,12.7,EXCELLENT
2026-04-29 10:34:11,30.1,80.9,221.0,0.0,13.7,EXCELLENT
2026-04-29 10:34:13,30.2,81.0,223.0,0.0,14.3,EXCELLENT
2026-04-29 10:34:15,30.1,80.9,219.0,0.0,13.0,EXCELLENT
2026-04-29 10:34:17,30.1,81.0,225.0,0.0,15.0,EXCELLENT
2026-04-29 10:34:19,30.1,80.9,226.0,0.0,15.3,EXCELLENT
2026-04-29 10:34:21,30.1,81.0,215.0,0.0,11.7,EXCELLENT
2026-04-29 10:34:23,30.1,81.0,223.0,1.0,14.3,EXCELLENT
2026-04-29 10:34:25,30.1,81.0,229.0,1.0,16.3,EXCELLENT
2026-04-29 10:34:27,30.1,81.0,225.0,0.0,15.0,EXCELLENT
2026-04-29 10:34:29,30.1,81.0,224.0,0.0,14.7,EXCELLENT
2026-04-29 10:34:31,30.1,81.0,213.0,0.0,11.0,EXCELLENT
2026-04-29 10:34:33,30.1,81.0,215.0,1.0,11.7,EXCELLENT
2026-04-29 10:34:35,30.1,81.0,227.0,1.0,15.7,EXCELLENT
2026-04-29 10:34:37,30.1,81.1,219.0,0.0,13.0,EXCELLENT
2026-04-29 10:34:39,30.1,81.1,225.0,0.0,15.0,EXCELLENT
2026-04-29 10:34:41,30.1,81.1,222.0,0.0,14.0,EXCELLENT
2026-04-29 10:34:43,30.1,81.1,217.0,0.0,12.3,EXCELLENT
2026-04-29 10:34:45,30.1,81.0,219.0,0.0,13.0,EXCELLENT
2026-04-29 10:34:47,30.1,81.1,221.0,0.0,13.7,EXCELLENT
2026-04-29 10:34:49,30.2,81.0,225.0,1.0,15.0,EXCELLENT
2026-04-29 10:34:51,30.1,81.1,227.0,1.0,15.7,EXCELLENT
2026-04-29 10:34:53,30.1,81.1,219.0,0.0,13.0,EXCELLENT
2026-04-29 10:34:55,30.1,81.0,229.0,0.0,16.3,EXCELLENT
2026-04-29 10:34:57,30.1,81.1,217.0,0.0,12.3,EXCELLENT
2026-04-29 10:34:59,30.1,81.1,215.0,0.0,11.7,EXCELLENT
2026-04-29 10:35:01,30.1,81.0,215.0,0.0,11.7,EXCELLENT
2026-04-29 10:35:03,30.1,81.1,221.0,0.0,13.7,EXCELLENT
2026-04-29 10:35:05,30.1,81.1,218.0,0.0,12.7,EXCELLENT
2026-04-29 10:35:07,30.1,81.1,219.0,0.0,13.0,EXCELLENT
2026-04-29 10:35:09,30.1,81.1,229.0,0.0,16.3,EXCELLENT
2026-04-29 10:35:11,30.1,81.1,220.0,1.0,13.3,EXCELLENT
2026-04-29 10:35:13,30.1,81.1,213.0,0.0,11.0,EXCELLENT
2026-04-29 10:35:15,30.1,81.0,224.0,0.0,14.7,EXCELLENT
2026-04-29 10:35:17,30.1,81.1,222.0,0.0,14.0,EXCELLENT
2026-04-29 10:35:19,30.1,81.0,214.0,0.0,11.3,EXCELLENT
2026-04-29 10:35:21,30.1,81.0,215.0,0.0,11.7,EXCELLENT
2026-04-29 10:35:23,30.1,81.0,214.0,0.0,11.3,EXCELLENT
2026-04-29 10:35:25,30.1,81.0,222.0,0.0,14.0,EXCELLENT
2026-04-29 10:35:27,30.1,81.0,219.0,0.0,13.0,EXCELLENT
2026-04-29 10:35:29,30.1,81.1,229.0,0.0,16.3,EXCELLENT
2026-04-29 10:35:31,30.1,81.0,223.0,0.0,14.3,EXCELLENT
2026-04-29 10:35:33,30.1,81.0,230.0,0.0,16.7,EXCELLENT
2026-04-29 10:35:35,30.1,81.0,218.0,0.0,12.7,EXCELLENT
2026-04-29 10:35:37,30.1,81.0,227.0,0.0,15.7,EXCELLENT
2026-04-29 10:35:39,30.1,81.0,218.0,0.0,12.7,EXCELLENT
2026-04-29 10:35:41,30.1,81.0,229.0,0.0,16.3,EXCELLENT
2026-04-29 10:35:43,30.1,81.1,218.0,0.0,12.7,EXCELLENT
2026-04-29 10:35:45,30.1,81.0,212.0,0.0,10.7,EXCELLENT
2026-04-29 10:35:47,30.1,81.0,219.0,0.0,13.0,EXCELLENT
2026-04-29 10:35:49,30.1,81.1,215.0,0.0,11.7,EXCELLENT
2026-04-29 10:35:51,30.1,81.0,222.0,0.0,14.0,EXCELLENT
2026-04-29 10:35:53,30.1,81.0,224.0,0.0,14.7,EXCELLENT
2026-04-29 10:35:55,30.1,81.0,227.0,0.0,15.7,EXCELLENT
2026-04-29 10:35:57,30.1,81.0,223.0,0.0,14.3,EXCELLENT
2026-04-29 10:35:59,30.1,81.0,219.0,0.0,13.0,EXCELLENT
2026-04-29 10:36:01,30.1,81.0,226.0,0.0,15.3,EXCELLENT
2026-04-29 10:36:03,30.1,81.0,214.0,0.0,11.3,EXCELLENT
2026-04-29 10:36:05,30.1,81.0,219.0,0.0,13.0,EXCELLENT
2026-04-29 10:36:07,30.1,81.0,222.0,0.0,14.0,EXCELLENT
2026-04-29 10:36:09,30.1,81.0,215.0,0.0,11.7,EXCELLENT
2026-04-29 10:36:11,30.1,81.0,219.0,0.0,13.0,EXCELLENT
2026-04-29 10:36:13,30.1,81.1,227.0,0.0,15.7,EXCELLENT
2026-04-29 10:36:15,30.1,81.0,223.0,0.0,14.3,EXCELLENT
2026-04-29 10:36:17,30.1,81.0,219.0,1.0,13.0,EXCELLENT
2026-04-29 10:36:19,30.1,81.1,215.0,1.0,11.7,EXCELLENT
2026-04-29 10:36:21,30.1,81.0,219.0,0.0,13.0,EXCELLENT
2026-04-29 10:36:23,30.1,81.0,218.0,0.0,12.7,EXCELLENT
2026-04-29 10:36:25,30.1,81.1,219.0,0.0,13.0,EXCELLENT
2026-04-29 10:36:27,30.1,81.0,217.0,0.0,12.3,EXCELLENT
2026-04-29 10:36:29,30.2,80.9,228.0,1.0,16.0,EXCELLENT
2026-04-29 10:36:31,30.1,81.0,225.0,1.0,15.0,EXCELLENT
2026-04-29 10:36:33,30.1,81.0,229.0,0.0,16.3,EXCELLENT
2026-04-29 10:36:35,30.1,81.0,208.0,0.0,9.3,EXCELLENT
2026-04-29 10:36:37,30.1,81.0,224.0,0.0,14.7,EXCELLENT
2026-04-29 10:36:39,30.1,81.0,219.0,0.0,13.0,EXCELLENT
2026-04-29 10:36:41,30.1,81.0,222.0,0.0,14.0,EXCELLENT
2026-04-29 10:36:43,30.1,81.1,218.0,0.0,12.7,EXCELLENT
2026-04-29 10:36:45,30.1,81.1,214.0,0.0,11.3,EXCELLENT
2026-04-29 10:36:47,30.1,81.0,215.0,0.0,11.7,EXCELLENT
2026-04-29 10:36:49,30.1,81.0,217.0,0.0,12.3,EXCELLENT
2026-04-29 10:36:51,30.1,81.1,219.0,0.0,13.0,EXCELLENT
2026-04-29 10:36:53,30.1,81.1,233.0,0.0,17.7,EXCELLENT
2026-04-29 10:36:55,30.2,81.0,221.0,0.0,13.7,EXCELLENT
2026-04-29 10:36:57,30.1,81.0,227.0,0.0,15.7,EXCELLENT
2026-04-29 10:36:59,30.1,81.0,232.0,0.0,17.3,EXCELLENT
2026-04-29 10:37:01,30.1,81.0,223.0,0.0,14.3,EXCELLENT
2026-04-29 10:37:03,30.1,81.1,226.0,0.0,15.3,EXCELLENT
2026-04-29 10:37:05,30.1,81.0,209.0,0.0,9.7,EXCELLENT
2026-04-29 10:37:07,30.1,81.0,222.0,0.0,14.0,EXCELLENT
2026-04-29 10:37:09,30.1,81.0,227.0,0.0,15.7,EXCELLENT
2026-04-29 10:37:11,30.1,81.0,226.0,0.0,15.3,EXCELLENT
2026-04-29 10:37:13,30.1,81.1,221.0,0.0,13.7,EXCELLENT
2026-04-29 10:37:15,30.1,81.1,228.0,0.0,16.0,EXCELLENT
2026-04-29 10:37:17,30.1,81.1,219.0,0.0,13.0,EXCELLENT
2026-04-29 10:37:19,30.1,81.1,217.0,0.0,12.3,EXCELLENT
2026-04-29 10:37:21,30.1,81.1,230.0,0.0,16.7,EXCELLENT
2026-04-29 10:37:23,30.1,81.1,220.0,0.0,13.3,EXCELLENT
2026-04-29 10:37:25,30.1,81.1,226.0,0.0,15.3,EXCELLENT
2026-04-29 10:37:27,30.1,81.1,219.0,0.0,13.0,EXCELLENT
2026-04-29 10:37:29,30.1,81.2,226.0,0.0,15.3,EXCELLENT
2026-04-29 10:37:31,30.1,81.1,231.0,0.0,17.0,EXCELLENT
2026-04-29 10:37:33,30.1,81.1,228.0,0.0,16.0,EXCELLENT
2026-04-29 10:37:35,30.1,81.1,219.0,0.0,13.0,EXCELLENT
2026-04-29 10:37:37,30.1,81.1,218.0,0.0,12.7,EXCELLENT
2026-04-29 10:37:39,30.1,81.1,219.0,0.0,13.0,EXCELLENT
2026-04-29 10:37:41,30.1,81.2,221.0,0.0,13.7,EXCELLENT
2026-04-29 10:37:43,30.1,81.2,218.0,0.0,12.7,EXCELLENT
2026-04-29 10:37:45,30.1,81.1,219.0,0.0,13.0,EXCELLENT
2026-04-29 10:37:47,30.1,81.1,226.0,0.0,15.3,EXCELLENT
2026-04-29 10:37:49,30.1,81.1,214.0,0.0,11.3,EXCELLENT
2026-04-29 10:37:51,30.1,81.2,227.0,0.0,15.7,EXCELLENT
2026-04-29 10:37:53,30.1,81.1,218.0,0.0,12.7,EXCELLENT
2026-04-29 10:37:55,30.1,81.2,229.0,0.0,16.3,EXCELLENT
2026-04-29 10:37:57,30.1,81.2,226.0,0.0,15.3,EXCELLENT
2026-04-29 10:37:59,30.1,81.2,218.0,0.0,12.7,EXCELLENT
2026-04-29 10:38:01,30.1,81.3,218.0,1.0,12.7,EXCELLENT
2026-04-29 10:38:03,30.1,81.2,221.0,1.0,13.7,EXCELLENT
2026-04-29 10:38:05,30.1,81.2,227.0,0.0,15.7,EXCELLENT
2026-04-29 10:38:07,30.1,81.1,225.0,0.0,15.0,EXCELLENT
2026-04-29 10:38:09,30.1,81.2,213.0,0.0,11.0,EXCELLENT
2026-04-29 10:38:11,30.1,81.2,219.0,1.0,13.0,EXCELLENT
2026-04-29 10:38:13,30.1,81.2,220.0,0.0,13.3,EXCELLENT
2026-04-29 10:38:15,30.1,81.2,226.0,0.0,15.3,EXCELLENT
2026-04-29 10:38:17,30.1,81.2,226.0,0.0,15.3,EXCELLENT
2026-04-29 10:38:19,30.0,81.3,214.0,1.0,11.3,EXCELLENT
2026-04-29 10:38:21,30.1,81.3,226.0,1.0,15.3,EXCELLENT
2026-04-29 10:38:23,30.1,81.3,227.0,0.0,15.7,EXCELLENT
2026-04-29 10:38:25,30.1,81.3,231.0,0.0,17.0,EXCELLENT
2026-04-29 10:38:27,30.0,81.3,224.0,0.0,14.7,EXCELLENT
2026-04-29 10:38:29,30.1,81.3,216.0,0.0,12.0,EXCELLENT
2026-04-29 10:38:31,30.1,81.3,222.0,0.0,14.0,EXCELLENT
2026-04-29 10:38:33,30.1,81.4,233.0,0.0,17.7,EXCELLENT
2026-04-29 10:38:35,30.0,80.5,225.0,0.0,15.0,EXCELLENT
2026-04-29 10:38:37,30.1,81.3,227.0,0.0,15.7,EXCELLENT
2026-04-29 10:38:39,30.0,81.4,223.0,0.0,14.3,EXCELLENT
2026-04-29 10:38:41,30.1,81.4,218.0,1.0,12.7,EXCELLENT
2026-04-29 10:38:43,30.1,81.4,223.0,1.0,14.3,EXCELLENT
2026-04-29 10:38:45,30.0,81.4,222.0,0.0,14.0,EXCELLENT
2026-04-29 10:38:47,30.1,81.4,223.0,0.0,14.3,EXCELLENT
2026-04-29 10:38:49,30.0,80.5,217.0,0.0,12.3,EXCELLENT
2026-04-29 10:38:51,30.0,80.5,221.0,0.0,13.7,EXCELLENT
2026-04-29 10:38:53,30.0,80.5,227.0,0.0,15.7,EXCELLENT
2026-04-29 10:38:55,30.1,81.4,220.0,0.0,13.3,EXCELLENT
2026-04-29 10:38:57,30.0,80.5,212.0,1.0,10.7,EXCELLENT
2026-04-29 10:38:59,30.0,81.4,217.0,0.0,12.3,EXCELLENT
2026-04-29 10:39:01,30.0,81.3,218.0,0.0,12.7,EXCELLENT
2026-04-29 10:39:03,30.1,81.3,229.0,0.0,16.3,EXCELLENT
2026-04-29 10:39:05,30.0,81.4,226.0,0.0,15.3,EXCELLENT
2026-04-29 10:39:07,30.0,81.4,223.0,0.0,14.3,EXCELLENT
2026-04-29 10:39:09,30.0,80.5,228.0,0.0,16.0,EXCELLENT
2026-04-29 10:39:11,30.0,81.4,215.0,0.0,11.7,EXCELLENT
2026-04-29 10:39:13,30.0,80.5,222.0,1.0,14.0,EXCELLENT
2026-04-29 10:39:15,30.1,81.3,220.0,1.0,13.3,EXCELLENT
2026-04-29 10:39:17,30.0,80.5,227.0,0.0,15.7,EXCELLENT
2026-04-29 10:39:19,30.0,81.4,218.0,0.0,12.7,EXCELLENT
2026-04-29 10:39:21,30.1,81.4,222.0,1.0,14.0,EXCELLENT
2026-04-29 10:39:23,30.1,81.3,232.0,1.0,17.3,EXCELLENT
2026-04-29 10:39:25,30.0,81.4,226.0,0.0,15.3,EXCELLENT
2026-04-29 10:39:27,30.0,81.3,221.0,0.0,13.7,EXCELLENT
2026-04-29 10:39:29,30.1,81.3,225.0,0.0,15.0,EXCELLENT
2026-04-29 10:39:31,30.0,81.3,228.0,0.0,16.0,EXCELLENT
2026-04-29 10:39:33,30.0,81.4,227.0,0.0,15.7,EXCELLENT
2026-04-29 10:39:35,30.1,81.3,227.0,0.0,15.7,EXCELLENT
2026-04-29 10:39:37,30.0,81.4,224.0,0.0,14.7,EXCELLENT
2026-04-29 10:39:39,30.0,81.3,220.0,0.0,13.3,EXCELLENT
2026-04-29 10:39:41,30.0,81.3,215.0,0.0,11.7,EXCELLENT
2026-04-29 10:39:43,30.0,81.5,223.0,0.0,14.3,EXCELLENT
2026-04-29 10:39:45,30.0,81.4,211.0,0.0,10.3,EXCELLENT
2026-04-29 10:39:47,30.1,81.4,219.0,0.0,13.0,EXCELLENT
2026-04-29 10:39:49,30.0,80.6,222.0,0.0,14.0,EXCELLENT
2026-04-29 10:39:51,30.0,81.4,217.0,0.0,12.3,EXCELLENT
2026-04-29 10:39:53,30.0,81.4,215.0,0.0,11.7,EXCELLENT
2026-04-29 10:39:55,30.1,81.4,221.0,0.0,13.7,EXCELLENT
2026-04-29 10:39:57,30.0,81.4,223.0,0.0,14.3,EXCELLENT
2026-04-29 10:39:59,30.0,80.5,224.0,0.0,14.7,EXCELLENT
2026-04-29 10:40:01,30.0,80.5,215.0,0.0,11.7,EXCELLENT
2026-04-29 10:40:03,30.0,81.4,227.0,0.0,15.7,EXCELLENT
2026-04-29 10:40:05,30.1,81.4,218.0,0.0,12.7,EXCELLENT
2026-04-29 10:40:07,30.0,80.5,218.0,0.0,12.7,EXCELLENT
2026-04-29 10:40:09,30.0,80.5,223.0,0.0,14.3,EXCELLENT
2026-04-29 10:40:11,30.0,80.6,217.0,0.0,12.3,EXCELLENT
2026-04-29 10:40:13,30.0,80.6,225.0,0.0,15.0,EXCELLENT
2026-04-29 10:40:15,30.0,80.5,215.0,0.0,11.7,EXCELLENT
2026-04-29 10:40:17,30.0,80.5,219.0,0.0,13.0,EXCELLENT
2026-04-29 10:40:19,30.0,80.6,219.0,0.0,13.0,EXCELLENT
2026-04-29 10:40:21,30.0,80.6,223.0,0.0,14.3,EXCELLENT
2026-04-29 10:40:23,30.0,80.6,226.0,0.0,15.3,EXCELLENT
2026-04-29 10:40:25,30.0,80.6,225.0,0.0,15.0,EXCELLENT
2026-04-29 10:40:27,30.0,80.6,214.0,0.0,11.3,EXCELLENT
2026-04-29 10:40:29,30.0,80.6,226.0,0.0,15.3,EXCELLENT
2026-04-29 10:40:31,30.0,80.6,226.0,0.0,15.3,EXCELLENT
2026-04-29 10:40:33,30.0,80.6,218.0,0.0,12.7,EXCELLENT
2026-04-29 10:40:35,30.0,80.6,217.0,0.0,12.3,EXCELLENT
2026-04-29 10:40:37,30.0,80.6,213.0,0.0,11.0,EXCELLENT
2026-04-29 10:40:39,30.0,80.6,226.0,0.0,15.3,EXCELLENT
2026-04-29 10:40:41,30.0,80.7,214.0,0.0,11.3,EXCELLENT
2026-04-29 10:40:43,30.0,80.7,217.0,0.0,12.3,EXCELLENT
2026-04-29 10:40:45,30.0,81.5,223.0,0.0,14.3,EXCELLENT
2026-04-29 10:40:47,30.0,80.7,208.0,0.0,9.3,EXCELLENT
2026-04-29 10:40:49,30.0,80.7,219.0,0.0,13.0,EXCELLENT
2026-04-29 10:40:51,30.0,80.7,222.0,1.0,14.0,EXCELLENT
2026-04-29 10:40:53,30.0,80.7,228.0,1.0,16.0,EXCELLENT
2026-04-29 10:40:55,30.0,80.7,229.0,0.0,16.3,EXCELLENT
2026-04-29 10:40:57,30.0,80.6,227.0,0.0,15.7,EXCELLENT
2026-04-29 10:40:59,30.0,80.6,225.0,0.0,15.0,EXCELLENT
2026-04-29 10:41:01,30.0,80.7,224.0,0.0,14.7,EXCELLENT
2026-04-29 10:41:03,30.0,80.7,221.0,0.0,13.7,EXCELLENT
2026-04-29 10:41:05,30.0,80.7,227.0,0.0,15.7,EXCELLENT
2026-04-29 10:41:07,30.0,80.6,223.0,0.0,14.3,EXCELLENT
2026-04-29 10:41:09,30.0,80.7,216.0,0.0,12.0,EXCELLENT
2026-04-29 10:41:11,30.0,80.7,231.0,0.0,17.0,EXCELLENT
2026-04-29 10:41:13,30.0,80.7,217.0,0.0,12.3,EXCELLENT
2026-04-29 10:41:15,30.0,80.7,223.0,0.0,14.3,EXCELLENT
2026-04-29 10:41:17,30.0,80.6,228.0,0.0,16.0,EXCELLENT
2026-04-29 10:41:19,30.0,80.7,225.0,0.0,15.0,EXCELLENT
2026-04-29 10:41:21,30.0,80.7,224.0,0.0,14.7,EXCELLENT
2026-04-29 10:41:23,30.0,80.7,219.0,0.0,13.0,EXCELLENT
2026-04-29 10:41:25,30.0,80.7,224.0,0.0,14.7,EXCELLENT
2026-04-29 10:41:27,30.0,80.8,221.0,0.0,13.7,EXCELLENT
2026-04-29 10:41:29,30.0,80.8,225.0,0.0,15.0,EXCELLENT
2026-04-29 10:41:31,30.0,80.7,221.0,0.0,13.7,EXCELLENT
2026-04-29 10:41:33,30.0,80.8,227.0,0.0,15.7,EXCELLENT
2026-04-29 10:41:35,30.0,80.7,214.0,0.0,11.3,EXCELLENT
2026-04-29 10:41:37,30.0,80.7,222.0,0.0,14.0,EXCELLENT
2026-04-29 10:41:39,30.0,80.8,236.0,1.0,18.7,EXCELLENT
2026-04-29 10:41:41,30.0,80.8,221.0,1.0,13.7,EXCELLENT
2026-04-29 10:41:43,30.0,80.7,224.0,0.0,14.7,EXCELLENT
2026-04-29 10:41:45,30.0,80.6,224.0,0.0,14.7,EXCELLENT
2026-04-29 10:41:47,30.0,80.6,224.0,0.0,14.7,EXCELLENT
2026-04-29 10:41:49,30.0,80.7,215.0,0.0,11.7,EXCELLENT
2026-04-29 10:41:51,30.0,80.7,222.0,0.0,14.0,EXCELLENT
2026-04-29 10:41:53,30.0,80.7,220.0,1.0,13.3,EXCELLENT
2026-04-29 10:41:55,30.0,80.7,222.0,1.0,14.0,EXCELLENT
2026-04-29 10:41:57,30.0,80.6,217.0,0.0,12.3,EXCELLENT
2026-04-29 10:41:59,30.0,80.6,218.0,0.0,12.7,EXCELLENT
2026-04-29 10:42:01,30.0,80.7,220.0,0.0,13.3,EXCELLENT
2026-04-29 10:42:03,30.0,80.6,219.0,0.0,13.0,EXCELLENT
2026-04-29 10:42:05,30.0,80.7,222.0,0.0,14.0,EXCELLENT
2026-04-29 10:42:07,30.0,80.7,217.0,0.0,12.3,EXCELLENT
2026-04-29 10:42:09,30.0,80.6,221.0,0.0,13.7,EXCELLENT
2026-04-29 10:42:11,30.0,80.6,224.0,0.0,14.7,EXCELLENT
2026-04-29 10:42:13,30.0,81.5,224.0,0.0,14.7,EXCELLENT
2026-04-29 10:42:15,30.0,80.6,217.0,0.0,12.3,EXCELLENT
2026-04-29 10:42:17,30.0,80.7,229.0,0.0,16.3,EXCELLENT
2026-04-29 10:42:19,30.0,80.7,223.0,0.0,14.3,EXCELLENT
2026-04-29 10:42:21,30.0,80.6,221.0,0.0,13.7,EXCELLENT
2026-04-29 10:42:23,30.0,80.7,219.0,0.0,13.0,EXCELLENT
2026-04-29 10:42:25,30.0,80.6,225.0,0.0,15.0,EXCELLENT
2026-04-29 10:42:27,30.0,80.6,220.0,1.0,13.3,EXCELLENT
2026-04-29 10:42:29,30.0,80.6,223.0,1.0,14.3,EXCELLENT
2026-04-29 10:42:31,30.0,80.6,229.0,0.0,16.3,EXCELLENT
2026-04-29 10:42:33,30.0,81.5,227.0,0.0,15.7,EXCELLENT
2026-04-29 10:42:35,30.0,80.7,211.0,0.0,10.3,EXCELLENT
2026-04-29 10:42:37,30.0,80.7,221.0,0.0,13.7,EXCELLENT
2026-04-29 10:42:39,30.0,80.7,231.0,0.0,17.0,EXCELLENT
2026-04-29 10:42:41,30.0,80.6,226.0,0.0,15.3,EXCELLENT
2026-04-29 10:42:43,30.0,80.7,226.0,0.0,15.3,EXCELLENT
2026-04-29 10:42:45,30.0,81.5,223.0,0.0,14.3,EXCELLENT
2026-04-29 10:42:47,30.0,81.5,227.0,0.0,15.7,EXCELLENT
2026-04-29 10:42:49,30.0,80.6,224.0,0.0,14.7,EXCELLENT
2026-04-29 10:42:51,30.0,81.5,225.0,1.0,15.0,EXCELLENT
2026-04-29 10:42:53,30.0,81.4,218.0,1.0,12.7,EXCELLENT
2026-04-29 10:42:55,30.0,80.6,226.0,0.0,15.3,EXCELLENT
2026-04-29 10:42:57,30.0,81.4,225.0,0.0,15.0,EXCELLENT
2026-04-29 10:42:59,30.0,80.5,222.0,0.0,14.0,EXCELLENT
2026-04-29 10:43:01,30.0,81.4,223.0,0.0,14.3,EXCELLENT
2026-04-29 10:43:03,30.0,81.4,218.0,0.0,12.7,EXCELLENT
2026-04-29 10:43:05,30.0,81.4,233.0,0.0,17.7,EXCELLENT
2026-04-29 10:43:07,30.0,81.4,223.0,0.0,14.3,EXCELLENT
2026-04-29 10:43:09,30.1,81.4,226.0,0.0,15.3,EXCELLENT
2026-04-29 10:43:11,30.0,81.4,230.0,0.0,16.7,EXCELLENT
2026-04-29 10:43:13,30.1,81.4,228.0,0.0,16.0,EXCELLENT
2026-04-29 10:43:15,30.0,81.4,217.0,0.0,12.3,EXCELLENT
2026-04-29 10:43:17,30.0,81.5,219.0,0.0,13.0,EXCELLENT
2026-04-29 10:43:19,30.0,81.4,225.0,0.0,15.0,EXCELLENT
2026-04-29 10:43:21,30.0,81.4,225.0,0.0,15.0,EXCELLENT
2026-04-29 10:43:23,30.0,80.5,224.0,0.0,14.7,EXCELLENT
2026-04-29 10:43:25,30.0,81.5,230.0,0.0,16.7,EXCELLENT
2026-04-29 10:43:27,30.0,80.6,213.0,0.0,11.0,EXCELLENT
2026-04-29 10:43:29,30.0,80.6,221.0,0.0,13.7,EXCELLENT
2026-04-29 10:43:31,30.1,81.4,229.0,0.0,16.3,EXCELLENT
2026-04-29 10:43:33,30.0,81.4,219.0,0.0,13.0,EXCELLENT
2026-04-29 10:43:35,30.1,81.4,231.0,0.0,17.0,EXCELLENT
2026-04-29 10:43:37,30.0,81.4,222.0,0.0,14.0,EXCELLENT
2026-04-29 10:43:39,30.1,81.5,227.0,0.0,15.7,EXCELLENT
2026-04-29 10:43:41,30.0,80.6,220.0,0.0,13.3,EXCELLENT
2026-04-29 10:43:43,30.0,80.6,231.0,1.0,17.0,EXCELLENT
2026-04-29 10:43:45,30.0,80.6,228.0,0.0,16.0,EXCELLENT
2026-04-29 10:43:47,30.0,81.4,214.0,0.0,11.3,EXCELLENT
2026-04-29 10:43:49,30.0,80.6,219.0,0.0,13.0,EXCELLENT
2026-04-29 10:43:51,30.0,80.6,219.0,0.0,13.0,EXCELLENT
2026-04-29 10:43:53,30.0,80.6,215.0,0.0,11.7,EXCELLENT
2026-04-29 10:43:55,30.0,80.6,227.0,0.0,15.7,EXCELLENT
2026-04-29 10:43:57,30.0,80.5,225.0,0.0,15.0,EXCELLENT
2026-04-29 10:43:59,30.0,80.6,221.0,0.0,13.7,EXCELLENT
2026-04-29 10:44:01,30.0,80.6,228.0,0.0,16.0,EXCELLENT
2026-04-29 10:44:03,30.1,81.4,228.0,0.0,16.0,EXCELLENT
2026-04-29 10:44:05,30.0,80.5,226.0,0.0,15.3,EXCELLENT
2026-04-29 10:44:07,30.0,81.4,232.0,0.0,17.3,EXCELLENT
2026-04-29 10:44:09,30.0,81.4,230.0,0.0,16.7,EXCELLENT
2026-04-29 10:44:11,30.0,80.6,229.0,0.0,16.3,EXCELLENT
2026-04-29 10:44:13,30.0,80.6,226.0,0.0,15.3,EXCELLENT
2026-04-29 10:44:15,30.0,81.4,220.0,0.0,13.3,EXCELLENT
2026-04-29 10:44:17,30.0,81.5,219.0,0.0,13.0,EXCELLENT
2026-04-29 10:44:19,30.0,80.6,218.0,0.0,12.7,EXCELLENT
2026-04-29 10:44:21,30.0,80.6,212.0,0.0,10.7,EXCELLENT
2026-04-29 10:44:23,30.0,81.4,221.0,0.0,13.7,EXCELLENT
2026-04-29 10:44:25,30.1,81.4,226.0,1.0,15.3,EXCELLENT
2026-04-29 10:44:27,30.0,81.5,211.0,1.0,10.3,EXCELLENT
2026-04-29 10:44:29,30.0,80.6,217.0,0.0,12.3,EXCELLENT
2026-04-29 10:44:31,30.0,80.5,218.0,0.0,12.7,EXCELLENT
2026-04-29 10:44:33,30.0,81.5,222.0,0.0,14.0,EXCELLENT
2026-04-29 10:44:35,30.0,80.6,229.0,0.0,16.3,EXCELLENT
2026-04-29 10:44:37,30.0,81.4,216.0,0.0,12.0,EXCELLENT
2026-04-29 10:44:39,30.0,80.6,222.0,0.0,14.0,EXCELLENT
2026-04-29 10:44:41,30.1,81.5,214.0,0.0,11.3,EXCELLENT
2026-04-29 10:44:43,30.0,80.6,218.0,0.0,12.7,EXCELLENT
2026-04-29 10:44:45,30.0,81.4,227.0,0.0,15.7,EXCELLENT
2026-04-29 10:44:47,30.0,81.4,218.0,0.0,12.7,EXCELLENT
2026-04-29 10:44:49,30.1,81.4,224.0,0.0,14.7,EXCELLENT
2026-04-29 10:44:51,30.0,81.5,225.0,0.0,15.0,EXCELLENT
2026-04-29 10:44:53,30.0,81.4,222.0,0.0,14.0,EXCELLENT
2026-04-29 10:44:55,30.0,80.6,227.0,0.0,15.7,EXCELLENT
2026-04-29 10:44:57,30.0,81.5,218.0,0.0,12.7,EXCELLENT
2026-04-29 10:44:59,30.0,81.5,225.0,0.0,15.0,EXCELLENT
2026-04-29 10:45:01,30.0,81.5,212.0,0.0,10.7,EXCELLENT
2026-04-29 10:45:03,30.0,80.6,213.0,0.0,11.0,EXCELLENT
2026-04-29 10:45:05,30.0,80.6,222.0,0.0,14.0,EXCELLENT
2026-04-29 10:45:07,30.0,80.7,219.0,0.0,13.0,EXCELLENT
2026-04-29 10:45:09,30.0,80.6,225.0,0.0,15.0,EXCELLENT
2026-04-29 10:45:11,30.0,80.7,220.0,0.0,13.3,EXCELLENT
2026-04-29 10:45:13,30.0,80.6,221.0,0.0,13.7,EXCELLENT
2026-04-29 10:45:15,30.0,80.6,216.0,1.0,12.0,EXCELLENT
2026-04-29 10:45:17,30.0,81.5,224.0,1.0,14.7,EXCELLENT
2026-04-29 10:45:19,30.0,80.6,216.0,0.0,12.0,EXCELLENT
2026-04-29 10:45:21,30.0,80.7,227.0,0.0,15.7,EXCELLENT
2026-04-29 10:45:23,30.0,81.6,219.0,0.0,13.0,EXCELLENT
2026-04-29 10:45:25,30.0,80.6,211.0,0.0,10.3,EXCELLENT
2026-04-29 10:45:27,30.0,80.7,222.0,0.0,14.0,EXCELLENT
2026-04-29 10:45:29,30.0,81.5,219.0,0.0,13.0,EXCELLENT
2026-04-29 10:45:31,30.0,81.5,219.0,0.0,13.0,EXCELLENT
2026-04-29 10:45:33,30.0,81.6,215.0,0.0,11.7,EXCELLENT
2026-04-29 10:45:35,30.0,81.5,218.0,0.0,12.7,EXCELLENT
2026-04-29 10:45:37,30.0,80.6,224.0,0.0,14.7,EXCELLENT
2026-04-29 10:45:39,30.1,81.5,225.0,0.0,15.0,EXCELLENT
2026-04-29 10:45:41,30.0,80.6,223.0,0.0,14.3,EXCELLENT
2026-04-29 10:45:43,30.1,81.4,219.0,0.0,13.0,EXCELLENT
2026-04-29 10:45:45,30.0,81.4,224.0,0.0,14.7,EXCELLENT
2026-04-29 10:45:47,30.1,81.4,220.0,0.0,13.3,EXCELLENT
2026-04-29 10:45:49,30.0,81.4,231.0,0.0,17.0,EXCELLENT
2026-04-29 10:45:51,30.0,81.5,210.0,0.0,10.0,EXCELLENT
2026-04-29 10:45:53,30.0,81.4,228.0,0.0,16.0,EXCELLENT
2026-04-29 10:45:55,30.0,81.4,229.0,0.0,16.3,EXCELLENT
2026-04-29 10:45:57,30.1,81.4,225.0,0.0,15.0,EXCELLENT
2026-04-29 10:45:59,30.0,81.4,228.0,0.0,16.0,EXCELLENT
2026-04-29 10:46:01,30.0,81.3,225.0,1.0,15.0,EXCELLENT
2026-04-29 10:46:03,30.1,81.4,222.0,1.0,14.0,EXCELLENT
2026-04-29 10:46:05,30.1,81.4,217.0,0.0,12.3,EXCELLENT
2026-04-29 10:46:07,30.0,80.5,219.0,0.0,13.0,EXCELLENT
2026-04-29 10:46:09,30.0,81.4,230.0,0.0,16.7,EXCELLENT
2026-04-29 10:46:11,30.0,81.4,213.0,0.0,11.0,EXCELLENT
2026-04-29 10:46:13,30.0,81.4,219.0,0.0,13.0,EXCELLENT
2026-04-29 10:46:15,30.0,80.6,219.0,0.0,13.0,EXCELLENT
2026-04-29 10:46:17,30.0,80.6,220.0,0.0,13.3,EXCELLENT
2026-04-29 10:46:19,30.1,81.4,221.0,0.0,13.7,EXCELLENT
2026-04-29 10:46:21,30.1,81.4,224.0,0.0,14.7,EXCELLENT
2026-04-29 10:46:23,30.0,81.4,227.0,0.0,15.7,EXCELLENT
2026-04-29 10:46:25,30.0,80.6,231.0,0.0,17.0,EXCELLENT
2026-04-29 10:46:27,30.0,80.6,214.0,0.0,11.3,EXCELLENT
2026-04-29 10:46:29,30.0,81.5,221.0,0.0,13.7,EXCELLENT
2026-04-29 10:46:31,30.0,80.6,225.0,0.0,15.0,EXCELLENT
2026-04-29 10:46:33,30.0,80.6,219.0,0.0,13.0,EXCELLENT
2026-04-29 10:46:35,30.0,81.4,230.0,0.0,16.7,EXCELLENT
2026-04-29 10:46:37,30.0,80.6,224.0,0.0,14.7,EXCELLENT
2026-04-29 10:46:39,30.0,81.5,224.0,0.0,14.7,EXCELLENT
2026-04-29 10:46:41,30.0,80.6,218.0,0.0,12.7,EXCELLENT
2026-04-29 10:46:43,30.0,80.6,219.0,0.0,13.0,EXCELLENT
2026-04-29 10:46:45,30.0,80.7,231.0,0.0,17.0,EXCELLENT
2026-04-29 10:46:47,30.0,80.6,230.0,0.0,16.7,EXCELLENT
2026-04-29 10:46:49,30.0,80.6,221.0,0.0,13.7,EXCELLENT
2026-04-29 10:46:51,30.0,80.6,229.0,0.0,16.3,EXCELLENT
2026-04-29 10:46:54,30.0,80.6,216.0,0.0,12.0,EXCELLENT
2026-04-29 10:46:55,30.1,81.5,219.0,0.0,13.0,EXCELLENT
2026-04-29 10:46:57,30.1,81.5,215.0,0.0,11.7,EXCELLENT
2026-04-29 10:46:59,30.0,81.5,228.0,0.0,16.0,EXCELLENT
2026-04-29 10:47:01,30.0,80.6,230.0,0.0,16.7,EXCELLENT
2026-04-29 10:47:03,30.0,81.5,225.0,0.0,15.0,EXCELLENT
2026-04-29 10:47:05,30.0,81.5,223.0,0.0,14.3,EXCELLENT
2026-04-29 10:47:07,30.0,81.5,218.0,0.0,12.7,EXCELLENT
2026-04-29 10:47:09,30.1,81.4,221.0,0.0,13.7,EXCELLENT
2026-04-29 10:47:11,30.0,81.4,223.0,0.0,14.3,EXCELLENT
2026-04-29 10:47:13,30.0,81.4,214.0,0.0,11.3,EXCELLENT
2026-04-29 10:47:15,30.0,81.4,224.0,0.0,14.7,EXCELLENT
2026-04-29 10:47:17,30.0,81.4,221.0,0.0,13.7,EXCELLENT
2026-04-29 10:47:19,30.0,81.4,225.0,0.0,15.0,EXCELLENT
2026-04-29 10:47:21,30.0,81.4,221.0,0.0,13.7,EXCELLENT
2026-04-29 10:47:23,30.0,81.4,233.0,0.0,17.7,EXCELLENT
2026-04-29 10:47:25,30.0,81.4,223.0,0.0,14.3,EXCELLENT
2026-04-29 10:47:27,30.1,81.4,215.0,0.0,11.7,EXCELLENT
2026-04-29 10:47:29,30.0,81.4,225.0,0.0,15.0,EXCELLENT
2026-04-29 10:47:31,30.1,81.3,231.0,0.0,17.0,EXCELLENT
2026-04-29 10:47:33,30.0,81.4,231.0,0.0,17.0,EXCELLENT
2026-04-29 10:47:35,30.0,81.4,220.0,0.0,13.3,EXCELLENT
2026-04-29 10:47:37,30.0,81.4,225.0,0.0,15.0,EXCELLENT
2026-04-29 10:47:39,30.0,81.4,228.0,0.0,16.0,EXCELLENT
2026-04-29 10:47:41,30.1,81.4,213.0,0.0,11.0,EXCELLENT
2026-04-29 10:47:43,30.0,81.3,226.0,0.0,15.3,EXCELLENT
2026-04-29 10:47:45,30.0,81.4,230.0,0.0,16.7,EXCELLENT
2026-04-29 10:47:47,30.0,80.6,223.0,0.0,14.3,EXCELLENT
2026-04-29 10:47:49,30.1,81.4,229.0,0.0,16.3,EXCELLENT
2026-04-29 10:47:51,30.1,81.4,225.0,0.0,15.0,EXCELLENT
2026-04-29 10:47:53,30.0,81.4,216.0,0.0,12.0,EXCELLENT
2026-04-29 10:47:55,30.0,81.4,229.0,0.0,16.3,EXCELLENT
2026-04-29 10:47:57,30.0,81.5,214.0,0.0,11.3,EXCELLENT
2026-04-29 10:47:59,30.0,81.4,229.0,0.0,16.3,EXCELLENT
2026-04-29 10:48:01,30.0,80.6,226.0,0.0,15.3,EXCELLENT
2026-04-29 10:48:03,30.0,81.4,229.0,1.0,16.3,EXCELLENT
2026-04-29 10:48:05,30.0,81.4,227.0,1.0,15.7,EXCELLENT
2026-04-29 10:48:07,30.0,81.4,222.0,0.0,14.0,EXCELLENT
2026-04-29 10:48:09,30.1,81.4,226.0,0.0,15.3,EXCELLENT
2026-04-29 10:48:11,30.1,81.5,218.0,0.0,12.7,EXCELLENT
2026-04-29 10:48:13,30.0,81.5,230.0,0.0,16.7,EXCELLENT
2026-04-29 10:48:15,30.0,81.5,223.0,1.0,14.3,EXCELLENT
2026-04-29 10:48:17,30.0,81.4,219.0,1.0,13.0,EXCELLENT
2026-04-29 10:48:19,30.0,81.5,220.0,0.0,13.3,EXCELLENT
2026-04-29 10:48:22,30.0,81.5,227.0,0.0,15.7,EXCELLENT
2026-04-29 10:48:24,30.0,80.6,214.0,0.0,11.3,EXCELLENT
2026-04-29 10:48:26,30.0,80.6,223.0,0.0,14.3,EXCELLENT
2026-04-29 10:48:27,30.0,80.6,223.0,0.0,14.3,EXCELLENT
2026-04-29 10:48:29,30.0,81.5,219.0,0.0,13.0,EXCELLENT
2026-04-29 10:48:31,30.0,80.6,226.0,1.0,15.3,EXCELLENT
2026-04-29 10:48:33,30.0,81.5,227.0,1.0,15.7,EXCELLENT
2026-04-29 10:48:35,30.0,80.6,231.0,0.0,17.0,EXCELLENT
2026-04-29 10:48:37,30.0,80.7,230.0,0.0,16.7,EXCELLENT
2026-04-29 10:48:40,30.0,80.6,222.0,0.0,14.0,EXCELLENT
2026-04-29 10:48:41,30.0,80.7,214.0,0.0,11.3,EXCELLENT
2026-04-29 10:48:43,30.0,81.6,221.0,0.0,13.7,EXCELLENT
2026-04-29 10:48:45,30.0,81.5,221.0,0.0,13.7,EXCELLENT
2026-04-29 10:48:48,30.0,80.7,226.0,0.0,15.3,EXCELLENT
2026-04-29 10:48:50,30.0,80.7,229.0,0.0,16.3,EXCELLENT
2026-04-29 10:48:51,30.0,80.7,228.0,0.0,16.0,EXCELLENT
2026-04-29 10:48:53,30.0,80.6,220.0,0.0,13.3,EXCELLENT
2026-04-29 10:48:55,30.0,80.7,219.0,0.0,13.0,EXCELLENT
2026-04-29 10:48:58,30.0,80.7,223.0,0.0,14.3,EXCELLENT
2026-04-29 10:49:00,30.0,81.5,222.0,0.0,14.0,EXCELLENT
2026-04-29 10:49:02,30.0,80.7,220.0,0.0,13.3,EXCELLENT
2026-04-29 10:49:04,30.0,80.6,219.0,0.0,13.0,EXCELLENT
2026-04-29 10:49:06,30.0,81.5,225.0,0.0,15.0,EXCELLENT
2026-04-29 10:49:08,30.0,80.6,220.0,0.0,13.3,EXCELLENT
2026-04-29 10:49:10,30.0,81.5,220.0,0.0,13.3,EXCELLENT
2026-04-29 10:49:12,30.1,81.5,229.0,0.0,16.3,EXCELLENT
2026-04-29 10:49:14,30.1,81.6,218.0,0.0,12.7,EXCELLENT
2026-04-29 10:49:16,30.1,81.5,225.0,0.0,15.0,EXCELLENT
2026-04-29 10:49:18,30.1,81.5,226.0,0.0,15.3,EXCELLENT
2026-04-29 10:49:20,30.0,81.5,225.0,0.0,15.0,EXCELLENT
2026-04-29 10:49:22,30.0,81.5,228.0,0.0,16.0,EXCELLENT
2026-04-29 10:49:24,30.1,81.4,230.0,0.0,16.7,EXCELLENT
2026-04-29 10:49:26,30.1,81.4,227.0,0.0,15.7,EXCELLENT
2026-04-29 10:49:28,30.0,81.4,229.0,0.0,16.3,EXCELLENT
2026-04-29 10:49:30,30.1,81.4,214.0,0.0,11.3,EXCELLENT
2026-04-29 10:49:32,30.1,81.4,230.0,1.0,16.7,EXCELLENT
2026-04-29 10:49:34,30.1,81.4,230.0,1.0,16.7,EXCELLENT
2026-04-29 10:49:35,30.0,81.4,215.0,0.0,11.7,EXCELLENT
2026-04-29 10:49:37,30.1,81.4,220.0,0.0,13.3,EXCELLENT
2026-04-29 10:49:40,30.0,81.4,220.0,0.0,13.3,EXCELLENT
2026-04-29 10:49:42,30.1,81.4,226.0,0.0,15.3,EXCELLENT
2026-04-29 10:49:44,30.1,81.4,222.0,0.0,14.0,EXCELLENT
2026-04-29 10:49:46,30.0,81.4,221.0,0.0,13.7,EXCELLENT
2026-04-29 10:49:48,30.0,81.4,220.0,0.0,13.3,EXCELLENT
2026-04-29 10:49:50,30.1,81.4,221.0,0.0,13.7,EXCELLENT
2026-04-29 10:49:52,30.1,81.4,221.0,0.0,13.7,EXCELLENT
2026-04-29 10:49:54,30.0,80.6,225.0,0.0,15.0,EXCELLENT
2026-04-29 10:49:56,30.1,81.4,231.0,0.0,17.0,EXCELLENT
2026-04-29 10:49:58,30.1,81.5,224.0,0.0,14.7,EXCELLENT
2026-04-29 10:50:00,30.1,81.5,227.0,0.0,15.7,EXCELLENT
2026-04-29 10:50:02,30.0,81.4,219.0,0.0,13.0,EXCELLENT
2026-04-29 10:50:04,30.0,81.4,218.0,0.0,12.7,EXCELLENT
2026-04-29 10:50:06,30.0,81.4,215.0,0.0,11.7,EXCELLENT
2026-04-29 10:50:08,30.1,81.4,221.0,0.0,13.7,EXCELLENT
2026-04-29 10:50:10,30.0,81.4,218.0,0.0,12.7,EXCELLENT
2026-04-29 10:50:12,30.0,81.4,231.0,0.0,17.0,EXCELLENT
2026-04-29 10:50:13,30.0,81.4,227.0,0.0,15.7,EXCELLENT
2026-04-29 10:50:15,30.0,81.4,209.0,0.0,9.7,EXCELLENT
2026-04-29 10:50:18,30.0,81.5,222.0,0.0,14.0,EXCELLENT
2026-04-29 10:50:20,30.0,81.4,222.0,0.0,14.0,EXCELLENT
2026-04-29 10:50:22,30.1,81.5,220.0,0.0,13.3,EXCELLENT
2026-04-29 10:50:23,30.0,81.4,221.0,0.0,13.7,EXCELLENT
2026-04-29 10:50:25,30.0,81.4,211.0,0.0,10.3,EXCELLENT
2026-04-29 10:50:28,30.0,81.4,220.0,0.0,13.3,EXCELLENT
2026-04-29 10:50:30,30.1,81.4,222.0,0.0,14.0,EXCELLENT
2026-04-29 10:50:32,30.0,81.5,227.0,0.0,15.7,EXCELLENT
2026-04-29 10:50:34,30.0,80.6,224.0,0.0,14.7,EXCELLENT
2026-04-29 10:50:36,30.0,80.5,228.0,0.0,16.0,EXCELLENT
2026-04-29 10:50:38,30.0,80.5,230.0,0.0,16.7,EXCELLENT
2026-04-29 10:50:40,30.0,80.6,218.0,0.0,12.7,EXCELLENT
2026-04-29 10:50:42,30.0,81.4,219.0,0.0,13.0,EXCELLENT
2026-04-29 10:50:44,30.0,81.5,210.0,0.0,10.0,EXCELLENT
2026-04-29 10:50:46,30.0,80.6,229.0,0.0,16.3,EXCELLENT
2026-04-29 10:50:48,30.0,81.5,224.0,0.0,14.7,EXCELLENT
2026-04-29 10:50:50,30.0,81.5,215.0,0.0,11.7,EXCELLENT
2026-04-29 10:50:52,30.0,80.7,228.0,0.0,16.0,EXCELLENT
2026-04-29 10:50:54,30.0,80.7,218.0,0.0,12.7,EXCELLENT
2026-04-29 10:50:56,30.0,81.5,225.0,0.0,15.0,EXCELLENT
2026-04-29 10:50:58,30.0,80.7,229.0,0.0,16.3,EXCELLENT
2026-04-29 10:51:00,30.0,80.7,222.0,0.0,14.0,EXCELLENT
2026-04-29 10:51:02,30.0,81.5,220.0,0.0,13.3,EXCELLENT
2026-04-29 10:51:04,30.0,80.8,225.0,0.0,15.0,EXCELLENT
2026-04-29 10:51:06,30.0,80.7,208.0,0.0,9.3,EXCELLENT
2026-04-29 10:51:08,30.0,80.7,231.0,0.0,17.0,EXCELLENT
2026-04-29 10:51:10,30.0,80.7,225.0,0.0,15.0,EXCELLENT
2026-04-29 10:51:12,30.0,80.8,233.0,0.0,17.7,EXCELLENT
2026-04-29 10:51:14,30.0,81.6,221.0,0.0,13.7,EXCELLENT
2026-04-29 10:51:16,30.0,80.7,218.0,0.0,12.7,EXCELLENT
2026-04-29 10:51:18,30.0,80.7,218.0,0.0,12.7,EXCELLENT
2026-04-29 10:51:20,30.0,80.8,222.0,0.0,14.0,EXCELLENT
2026-04-29 10:51:22,30.0,80.7,220.0,0.0,13.3,EXCELLENT
2026-04-29 10:51:24,30.0,80.7,225.0,0.0,15.0,EXCELLENT
2026-04-29 10:51:26,30.0,80.8,225.0,0.0,15.0,EXCELLENT
2026-04-29 10:51:28,30.0,80.7,217.0,0.0,12.3,EXCELLENT
2026-04-29 10:51:30,30.0,80.8,223.0,0.0,14.3,EXCELLENT
2026-04-29 10:51:32,30.0,80.8,220.0,0.0,13.3,EXCELLENT
2026-04-29 10:51:34,30.0,80.8,226.0,0.0,15.3,EXCELLENT
2026-04-29 10:51:36,30.0,80.8,223.0,0.0,14.3,EXCELLENT
2026-04-29 10:51:38,30.0,80.8,219.0,0.0,13.0,EXCELLENT
2026-04-29 10:51:40,30.0,80.8,228.0,0.0,16.0,EXCELLENT
2026-04-29 10:51:42,30.0,80.8,230.0,0.0,16.7,EXCELLENT
2026-04-29 10:51:44,30.0,80.8,214.0,0.0,11.3,EXCELLENT
2026-04-29 10:51:46,30.0,80.8,222.0,0.0,14.0,EXCELLENT
2026-04-29 10:51:48,30.0,81.6,214.0,0.0,11.3,EXCELLENT
2026-04-29 10:51:50,30.0,80.8,226.0,0.0,15.3,EXCELLENT
2026-04-29 10:51:52,30.0,80.8,223.0,0.0,14.3,EXCELLENT
2026-04-29 10:51:54,30.0,80.8,218.0,0.0,12.7,EXCELLENT
2026-04-29 10:51:56,30.0,80.7,217.0,0.0,12.3,EXCELLENT
2026-04-29 10:51:58,30.0,80.7,222.0,0.0,14.0,EXCELLENT
2026-04-29 10:52:00,30.0,80.7,231.0,0.0,17.0,EXCELLENT
2026-04-29 10:52:02,30.0,81.6,230.0,0.0,16.7,EXCELLENT
2026-04-29 10:52:04,30.0,81.6,219.0,0.0,13.0,EXCELLENT
2026-04-29 10:52:06,30.0,80.7,231.0,0.0,17.0,EXCELLENT
2026-04-29 10:52:08,30.0,80.7,225.0,0.0,15.0,EXCELLENT
2026-04-29 10:52:10,30.0,81.5,229.0,0.0,16.3,EXCELLENT
2026-04-29 10:52:12,30.0,80.7,217.0,0.0,12.3,EXCELLENT
2026-04-29 10:52:14,30.0,80.7,228.0,0.0,16.0,EXCELLENT
2026-04-29 10:52:16,30.0,80.6,222.0,0.0,14.0,EXCELLENT
2026-04-29 10:52:18,30.0,81.6,213.0,0.0,11.0,EXCELLENT
2026-04-29 10:52:20,30.0,80.7,210.0,0.0,10.0,EXCELLENT
2026-04-29 10:52:22,30.0,81.6,224.0,0.0,14.7,EXCELLENT
2026-04-29 10:52:24,30.0,80.7,228.0,0.0,16.0,EXCELLENT
2026-04-29 10:52:26,30.0,80.7,217.0,0.0,12.3,EXCELLENT
2026-04-29 10:52:28,30.0,80.7,229.0,0.0,16.3,EXCELLENT
2026-04-29 10:52:30,30.0,80.7,222.0,0.0,14.0,EXCELLENT
2026-04-29 10:52:32,30.0,80.6,217.0,0.0,12.3,EXCELLENT
2026-04-29 10:52:34,30.0,81.6,226.0,0.0,15.3,EXCELLENT
2026-04-29 10:52:36,30.0,81.5,218.0,0.0,12.7,EXCELLENT
2026-04-29 10:52:38,30.0,80.7,226.0,0.0,15.3,EXCELLENT
2026-04-29 10:52:40,30.0,80.6,227.0,0.0,15.7,EXCELLENT
2026-04-29 10:52:42,30.0,81.6,230.0,0.0,16.7,EXCELLENT
2026-04-29 10:52:44,30.0,80.7,227.0,0.0,15.7,EXCELLENT
2026-04-29 10:52:46,30.1,81.5,227.0,0.0,15.7,EXCELLENT
2026-04-29 10:52:48,30.1,81.6,215.0,0.0,11.7,EXCELLENT
2026-04-29 10:52:50,30.0,81.5,225.0,0.0,15.0,EXCELLENT
2026-04-29 10:52:52,30.0,80.7,226.0,0.0,15.3,EXCELLENT
2026-04-29 10:52:54,30.0,81.5,231.0,0.0,17.0,EXCELLENT
2026-04-29 10:52:56,30.0,80.6,229.0,0.0,16.3,EXCELLENT
2026-04-29 10:52:58,30.0,80.6,228.0,0.0,16.0,EXCELLENT
2026-04-29 10:53:00,30.1,81.5,224.0,1.0,14.7,EXCELLENT
2026-04-29 10:53:02,30.1,81.5,219.0,1.0,13.0,EXCELLENT
2026-04-29 10:53:04,30.0,81.5,224.0,0.0,14.7,EXCELLENT
2026-04-29 10:53:06,30.1,81.5,219.0,0.0,13.0,EXCELLENT
2026-04-29 10:53:08,30.0,81.5,213.0,1.0,11.0,EXCELLENT
2026-04-29 10:53:10,30.1,81.4,219.0,1.0,13.0,EXCELLENT
2026-04-29 10:53:12,30.0,80.6,215.0,0.0,11.7,EXCELLENT
2026-04-29 10:53:14,30.0,81.5,224.0,0.0,14.7,EXCELLENT
2026-04-29 10:53:16,30.0,81.5,214.0,0.0,11.3,EXCELLENT
2026-04-29 10:53:18,30.1,81.5,217.0,0.0,12.3,EXCELLENT
2026-04-29 10:53:20,30.0,81.5,212.0,0.0,10.7,EXCELLENT
2026-04-29 10:53:22,30.0,81.4,225.0,0.0,15.0,EXCELLENT
2026-04-29 10:53:24,30.0,81.5,226.0,0.0,15.3,EXCELLENT
2026-04-29 10:53:26,30.1,81.5,218.0,0.0,12.7,EXCELLENT
2026-04-29 10:53:28,30.1,81.5,227.0,0.0,15.7,EXCELLENT
2026-04-29 10:53:30,30.1,81.4,219.0,0.0,13.0,EXCELLENT
2026-04-29 10:53:32,30.0,81.4,226.0,0.0,15.3,EXCELLENT
2026-04-29 10:53:34,30.1,81.5,215.0,0.0,11.7,EXCELLENT
2026-04-29 10:53:36,30.0,81.4,219.0,0.0,13.0,EXCELLENT
2026-04-29 10:53:38,30.0,80.5,218.0,0.0,12.7,EXCELLENT
2026-04-29 10:53:40,30.0,81.5,224.0,0.0,14.7,EXCELLENT
2026-04-29 10:53:42,30.0,81.5,227.0,0.0,15.7,EXCELLENT
2026-04-29 10:53:44,30.0,80.6,228.0,0.0,16.0,EXCELLENT
2026-04-29 10:53:46,30.1,81.4,213.0,0.0,11.0,EXCELLENT
2026-04-29 10:53:48,30.1,81.4,213.0,0.0,11.0,EXCELLENT
2026-04-29 10:53:50,30.0,80.5,210.0,0.0,10.0,EXCELLENT
2026-04-29 10:53:52,30.1,81.4,229.0,0.0,16.3,EXCELLENT
2026-04-29 10:53:54,30.0,81.4,224.0,1.0,14.7,EXCELLENT
2026-04-29 10:53:56,30.0,80.6,221.0,1.0,13.7,EXCELLENT
2026-04-29 10:53:58,30.0,81.5,226.0,0.0,15.3,EXCELLENT
2026-04-29 10:54:00,30.1,81.4,229.0,0.0,16.3,EXCELLENT
2026-04-29 10:54:02,30.1,81.4,218.0,1.0,12.7,EXCELLENT
2026-04-29 10:54:04,30.0,81.4,226.0,1.0,15.3,EXCELLENT
2026-04-29 10:54:06,30.0,81.4,225.0,0.0,15.0,EXCELLENT
2026-04-29 10:54:08,30.1,81.4,222.0,0.0,14.0,EXCELLENT
2026-04-29 10:54:10,30.0,81.4,227.0,1.0,15.7,EXCELLENT
2026-04-29 10:54:12,30.0,81.4,227.0,1.0,15.7,EXCELLENT
2026-04-29 10:54:14,30.0,81.4,227.0,0.0,15.7,EXCELLENT
2026-04-29 10:54:16,30.0,80.5,217.0,0.0,12.3,EXCELLENT
2026-04-29 10:54:18,30.0,81.4,229.0,1.0,16.3,EXCELLENT
2026-04-29 10:54:20,30.0,81.4,223.0,1.0,14.3,EXCELLENT
2026-04-29 10:54:22,30.0,81.4,214.0,0.0,11.3,EXCELLENT
2026-04-29 10:54:24,30.0,81.4,227.0,0.0,15.7,EXCELLENT
2026-04-29 10:54:26,30.0,81.4,228.0,0.0,16.0,EXCELLENT
2026-04-29 10:54:28,30.1,81.4,227.0,0.0,15.7,EXCELLENT
2026-04-29 10:54:30,30.1,81.4,226.0,0.0,15.3,EXCELLENT
2026-04-29 10:54:32,30.1,81.4,226.0,0.0,15.3,EXCELLENT
2026-04-29 10:54:34,30.1,81.5,219.0,0.0,13.0,EXCELLENT
2026-04-29 10:54:36,30.0,81.4,219.0,0.0,13.0,EXCELLENT
2026-04-29 10:54:38,30.1,81.4,227.0,0.0,15.7,EXCELLENT
2026-04-29 10:54:40,30.1,81.4,230.0,0.0,16.7,EXCELLENT
2026-04-29 10:54:42,30.0,81.4,220.0,0.0,13.3,EXCELLENT
2026-04-29 10:54:44,30.1,81.4,218.0,0.0,12.7,EXCELLENT
2026-04-29 10:54:46,30.1,81.4,217.0,0.0,12.3,EXCELLENT
2026-04-29 10:54:48,30.0,81.4,224.0,0.0,14.7,EXCELLENT
2026-04-29 10:54:50,30.1,81.5,230.0,1.0,16.7,EXCELLENT
2026-04-29 10:54:52,30.1,81.3,228.0,0.0,16.0,EXCELLENT
2026-04-29 10:54:54,30.1,81.3,232.0,0.0,17.3,EXCELLENT
2026-04-29 10:54:56,30.1,81.4,219.0,0.0,13.0,EXCELLENT
2026-04-29 10:54:58,30.1,81.4,224.0,0.0,14.7,EXCELLENT
2026-04-29 10:55:00,30.1,81.4,219.0,0.0,13.0,EXCELLENT
2026-04-29 10:55:02,30.1,81.4,226.0,0.0,15.3,EXCELLENT
2026-04-29 10:55:04,30.1,81.3,229.0,0.0,16.3,EXCELLENT
2026-04-29 10:55:06,30.1,81.3,225.0,0.0,15.0,EXCELLENT
2026-04-29 10:55:08,30.1,81.4,221.0,0.0,13.7,EXCELLENT
2026-04-29 10:55:10,30.0,81.4,220.0,0.0,13.3,EXCELLENT
2026-04-29 10:55:12,30.1,81.4,229.0,0.0,16.3,EXCELLENT
2026-04-29 10:55:14,30.1,81.3,227.0,1.0,15.7,EXCELLENT
2026-04-29 10:55:16,30.1,81.4,224.0,1.0,14.7,EXCELLENT
2026-04-29 10:55:18,30.1,81.3,229.0,0.0,16.3,EXCELLENT
2026-04-29 10:55:20,30.1,81.3,220.0,0.0,13.3,EXCELLENT
2026-04-29 10:55:22,30.1,81.4,218.0,0.0,12.7,EXCELLENT
2026-04-29 10:55:24,30.1,81.4,217.0,0.0,12.3,EXCELLENT
2026-04-29 10:55:26,30.1,81.3,220.0,0.0,13.3,EXCELLENT
2026-04-29 10:55:28,30.1,81.3,219.0,0.0,13.0,EXCELLENT
2026-04-29 10:55:30,30.1,81.3,217.0,0.0,12.3,EXCELLENT
2026-04-29 10:55:32,30.1,81.3,220.0,0.0,13.3,EXCELLENT
2026-04-29 10:55:34,30.1,81.3,211.0,0.0,10.3,EXCELLENT
2026-04-29 10:55:36,30.1,81.4,213.0,0.0,11.0,EXCELLENT
2026-04-29 10:55:38,30.1,81.3,224.0,0.0,14.7,EXCELLENT
2026-04-29 10:55:40,30.1,81.3,217.0,1.0,12.3,EXCELLENT
2026-04-29 10:55:42,30.1,81.3,225.0,1.0,15.0,EXCELLENT
2026-04-29 10:55:44,30.1,81.3,215.0,0.0,11.7,EXCELLENT
2026-04-29 10:55:46,30.1,81.2,226.0,0.0,15.3,EXCELLENT
2026-04-29 10:55:48,30.1,81.2,229.0,0.0,16.3,EXCELLENT
2026-04-29 10:55:50,30.1,81.2,221.0,0.0,13.7,EXCELLENT
2026-04-29 10:55:52,30.1,81.2,231.0,0.0,17.0,EXCELLENT
2026-04-29 10:55:54,30.1,81.2,213.0,0.0,11.0,EXCELLENT
2026-04-29 10:55:56,30.1,81.2,227.0,0.0,15.7,EXCELLENT
2026-04-29 10:55:58,30.1,81.2,210.0,0.0,10.0,EXCELLENT
2026-04-29 10:56:00,30.1,81.1,217.0,0.0,12.3,EXCELLENT
2026-04-29 10:56:02,30.1,81.2,221.0,0.0,13.7,EXCELLENT
2026-04-29 10:56:04,30.1,81.2,221.0,0.0,13.7,EXCELLENT
2026-04-29 10:56:06,30.1,81.2,221.0,0.0,13.7,EXCELLENT
2026-04-29 10:56:08,30.1,81.2,209.0,0.0,9.7,EXCELLENT
2026-04-29 10:56:10,30.1,81.2,227.0,0.0,15.7,EXCELLENT
2026-04-29 10:56:12,30.1,81.2,225.0,0.0,15.0,EXCELLENT
2026-04-29 10:56:14,30.1,81.2,225.0,0.0,15.0,EXCELLENT
2026-04-29 10:56:16,30.1,81.2,215.0,0.0,11.7,EXCELLENT
2026-04-29 10:56:18,30.1,81.2,218.0,0.0,12.7,EXCELLENT
2026-04-29 10:56:20,30.1,81.2,228.0,0.0,16.0,EXCELLENT
2026-04-29 10:56:22,30.1,81.2,226.0,0.0,15.3,EXCELLENT
2026-04-29 10:56:24,30.1,81.2,227.0,0.0,15.7,EXCELLENT
2026-04-29 10:56:26,30.1,81.2,225.0,0.0,15.0,EXCELLENT
2026-04-29 10:56:28,30.1,81.2,233.0,0.0,17.7,EXCELLENT
2026-04-29 10:56:30,30.1,81.2,223.0,0.0,14.3,EXCELLENT
2026-04-29 10:56:32,30.1,81.2,213.0,0.0,11.0,EXCELLENT
2026-04-29 10:56:34,30.1,81.2,226.0,0.0,15.3,EXCELLENT
2026-04-29 10:56:36,30.1,81.2,228.0,0.0,16.0,EXCELLENT
2026-04-29 10:56:38,30.1,81.2,226.0,0.0,15.3,EXCELLENT
2026-04-29 10:56:40,30.1,81.2,218.0,0.0,12.7,EXCELLENT
2026-04-29 10:56:42,30.1,81.3,221.0,0.0,13.7,EXCELLENT
2026-04-29 10:56:44,30.1,81.2,218.0,0.0,12.7,EXCELLENT
2026-04-29 10:56:46,30.1,81.3,227.0,0.0,15.7,EXCELLENT
2026-04-29 10:56:48,30.1,81.3,215.0,0.0,11.7,EXCELLENT
2026-04-29 10:56:50,30.1,81.2,218.0,0.0,12.7,EXCELLENT
2026-04-29 10:56:52,30.1,81.2,226.0,0.0,15.3,EXCELLENT
2026-04-29 10:56:54,30.1,81.2,233.0,0.0,17.7,EXCELLENT
2026-04-29 10:56:56,30.1,81.3,223.0,0.0,14.3,EXCELLENT
2026-04-29 10:56:58,30.1,81.2,219.0,0.0,13.0,EXCELLENT
2026-04-29 10:57:00,30.1,81.3,225.0,0.0,15.0,EXCELLENT
2026-04-29 10:57:02,30.1,81.3,208.0,0.0,9.3,EXCELLENT
2026-04-29 10:57:04,30.1,81.2,230.0,0.0,16.7,EXCELLENT
2026-04-29 10:57:06,30.1,81.3,226.0,0.0,15.3,EXCELLENT
2026-04-29 10:57:08,30.1,81.3,224.0,0.0,14.7,EXCELLENT
2026-04-29 10:57:10,30.1,81.3,217.0,0.0,12.3,EXCELLENT
2026-04-29 10:57:12,30.1,81.3,222.0,1.0,14.0,EXCELLENT
2026-04-29 10:57:14,30.1,81.2,214.0,1.0,11.3,EXCELLENT
2026-04-29 10:57:16,30.1,81.3,215.0,0.0,11.7,EXCELLENT
2026-04-29 10:57:18,30.1,81.2,227.0,0.0,15.7,EXCELLENT
2026-04-29 10:57:20,30.1,81.3,219.0,0.0,13.0,EXCELLENT
2026-04-29 10:57:22,30.1,81.2,222.0,0.0,14.0,EXCELLENT
2026-04-29 10:57:24,30.1,81.3,230.0,0.0,16.7,EXCELLENT
2026-04-29 10:57:26,30.1,81.3,219.0,1.0,13.0,EXCELLENT
2026-04-29 10:57:28,30.1,81.3,224.0,1.0,14.7,EXCELLENT
2026-04-29 10:57:30,30.1,81.3,231.0,0.0,17.0,EXCELLENT
2026-04-29 10:57:32,30.1,81.3,223.0,0.0,14.3,EXCELLENT
2026-04-29 10:57:34,30.1,81.3,227.0,0.0,15.7,EXCELLENT
2026-04-29 10:57:36,30.1,81.3,227.0,0.0,15.7,EXCELLENT
2026-04-29 10:57:38,30.0,81.3,210.0,0.0,10.0,EXCELLENT
2026-04-29 10:57:40,30.1,81.3,229.0,0.0,16.3,EXCELLENT
2026-04-29 10:57:42,30.0,81.3,229.0,0.0,16.3,EXCELLENT
2026-04-29 10:57:44,30.1,81.3,225.0,0.0,15.0,EXCELLENT
2026-04-29 10:57:46,30.0,81.3,230.0,0.0,16.7,EXCELLENT
2026-04-29 10:57:48,30.0,81.3,226.0,0.0,15.3,EXCELLENT
2026-04-29 10:57:50,30.0,81.3,227.0,0.0,15.7,EXCELLENT
2026-04-29 10:57:52,30.1,81.2,234.0,0.0,18.0,EXCELLENT
2026-04-29 10:57:54,30.0,81.4,223.0,0.0,14.3,EXCELLENT
2026-04-29 10:57:56,30.0,81.3,229.0,0.0,16.3,EXCELLENT
2026-04-29 10:57:58,30.0,81.3,221.0,0.0,13.7,EXCELLENT
2026-04-29 10:58:00,30.0,81.3,211.0,0.0,10.3,EXCELLENT
2026-04-29 10:58:02,30.1,81.3,221.0,0.0,13.7,EXCELLENT
2026-04-29 10:58:04,30.1,81.3,210.0,0.0,10.0,EXCELLENT
2026-04-29 10:58:06,30.1,81.3,225.0,0.0,15.0,EXCELLENT
2026-04-29 10:58:08,30.0,81.4,231.0,0.0,17.0,EXCELLENT
2026-04-29 10:58:10,30.0,81.3,215.0,0.0,11.7,EXCELLENT
2026-04-29 10:58:12,30.1,81.3,217.0,0.0,12.3,EXCELLENT
2026-04-29 10:58:14,30.0,81.2,228.0,0.0,16.0,EXCELLENT
2026-04-29 10:58:16,30.1,81.3,221.0,0.0,13.7,EXCELLENT
2026-04-29 10:58:18,30.0,81.3,227.0,0.0,15.7,EXCELLENT
2026-04-29 10:58:20,30.1,81.3,226.0,0.0,15.3,EXCELLENT
2026-04-29 10:58:22,30.1,81.3,227.0,0.0,15.7,EXCELLENT
2026-04-29 10:58:24,30.1,81.3,231.0,0.0,17.0,EXCELLENT
2026-04-29 10:58:26,30.1,81.3,220.0,0.0,13.3,EXCELLENT
2026-04-29 10:58:28,30.1,81.2,225.0,0.0,15.0,EXCELLENT
2026-04-29 10:58:30,30.1,81.3,221.0,0.0,13.7,EXCELLENT
2026-04-29 10:58:32,30.1,81.3,231.0,0.0,17.0,EXCELLENT
2026-04-29 10:58:34,30.1,81.3,222.0,0.0,14.0,EXCELLENT
2026-04-29 10:58:36,30.1,81.2,223.0,0.0,14.3,EXCELLENT
2026-04-29 10:58:38,30.1,81.2,222.0,0.0,14.0,EXCELLENT
2026-04-29 10:58:40,30.1,81.3,223.0,0.0,14.3,EXCELLENT
2026-04-29 10:58:42,30.1,81.3,223.0,0.0,14.3,EXCELLENT
2026-04-29 10:58:44,30.1,81.3,220.0,0.0,13.3,EXCELLENT
2026-04-29 10:58:46,30.0,81.2,228.0,0.0,16.0,EXCELLENT
2026-04-29 10:58:48,30.1,81.2,219.0,0.0,13.0,EXCELLENT
2026-04-29 10:58:50,30.0,81.2,228.0,0.0,16.0,EXCELLENT
2026-04-29 10:58:52,30.1,81.2,225.0,0.0,15.0,EXCELLENT
2026-04-29 10:58:54,30.1,81.3,222.0,0.0,14.0,EXCELLENT
2026-04-29 10:58:56,30.1,81.3,215.0,0.0,11.7,EXCELLENT
2026-04-29 10:58:58,30.1,81.2,224.0,0.0,14.7,EXCELLENT
2026-04-29 10:59:00,30.1,81.3,224.0,0.0,14.7,EXCELLENT
2026-04-29 10:59:02,30.1,81.3,231.0,0.0,17.0,EXCELLENT
2026-04-29 10:59:04,30.0,81.3,223.0,0.0,14.3,EXCELLENT
2026-04-29 10:59:06,30.0,81.3,223.0,0.0,14.3,EXCELLENT
2026-04-29 10:59:08,30.1,81.3,225.0,0.0,15.0,EXCELLENT
2026-04-29 10:59:10,30.0,81.3,225.0,0.0,15.0,EXCELLENT
2026-04-29 10:59:12,30.1,81.3,213.0,0.0,11.0,EXCELLENT
2026-04-29 10:59:14,30.0,81.3,219.0,0.0,13.0,EXCELLENT
2026-04-29 10:59:16,30.1,81.3,218.0,0.0,12.7,EXCELLENT
2026-04-29 10:59:18,30.0,81.3,234.0,0.0,18.0,EXCELLENT
2026-04-29 10:59:20,30.1,81.3,217.0,0.0,12.3,EXCELLENT
2026-04-29 10:59:22,30.1,81.2,224.0,0.0,14.7,EXCELLENT
2026-04-29 10:59:24,30.1,81.3,215.0,0.0,11.7,EXCELLENT
2026-04-29 10:59:26,30.1,81.2,229.0,0.0,16.3,EXCELLENT
2026-04-29 10:59:28,30.1,81.3,225.0,0.0,15.0,EXCELLENT
2026-04-29 10:59:30,30.1,81.2,220.0,0.0,13.3,EXCELLENT
2026-04-29 10:59:32,30.1,81.2,217.0,1.0,12.3,EXCELLENT
2026-04-29 10:59:34,30.1,81.3,223.0,1.0,14.3,EXCELLENT
2026-04-29 10:59:36,30.1,81.2,219.0,0.0,13.0,EXCELLENT
2026-04-29 10:59:38,30.1,81.2,220.0,0.0,13.3,EXCELLENT
2026-04-29 10:59:40,30.1,81.2,219.0,0.0,13.0,EXCELLENT
2026-04-29 10:59:42,30.0,81.2,231.0,0.0,17.0,EXCELLENT
2026-04-29 10:59:44,30.1,81.1,217.0,0.0,12.3,EXCELLENT
2026-04-29 10:59:46,30.1,81.2,223.0,0.0,14.3,EXCELLENT
2026-04-29 10:59:48,30.1,81.2,221.0,0.0,13.7,EXCELLENT
2026-04-29 10:59:50,30.1,81.2,218.0,0.0,12.7,EXCELLENT
2026-04-29 10:59:52,30.0,81.2,227.0,0.0,15.7,EXCELLENT
2026-04-29 10:59:54,30.1,81.2,226.0,0.0,15.3,EXCELLENT
2026-04-29 10:59:56,30.1,81.3,235.0,0.0,18.3,EXCELLENT
2026-04-29 10:59:58,30.1,81.2,219.0,0.0,13.0,EXCELLENT
2026-04-29 11:00:00,30.1,81.2,230.0,0.0,16.7,EXCELLENT
2026-04-29 11:00:02,30.1,81.2,218.0,0.0,12.7,EXCELLENT
2026-04-29 11:00:04,30.1,81.2,226.0,0.0,15.3,EXCELLENT
2026-04-29 11:00:06,30.1,81.2,226.0,0.0,15.3,EXCELLENT
2026-04-29 11:00:08,30.1,81.2,221.0,0.0,13.7,EXCELLENT
2026-04-29 11:00:10,30.1,81.2,225.0,0.0,15.0,EXCELLENT
2026-04-29 11:00:12,30.0,81.2,226.0,0.0,15.3,EXCELLENT
2026-04-29 11:00:14,30.1,81.2,229.0,0.0,16.3,EXCELLENT
2026-04-29 11:00:16,30.1,81.2,225.0,0.0,15.0,EXCELLENT
2026-04-29 11:00:18,30.1,81.2,223.0,0.0,14.3,EXCELLENT
2026-04-29 11:00:20,30.1,81.1,227.0,0.0,15.7,EXCELLENT
2026-04-29 11:00:22,30.1,81.2,226.0,0.0,15.3,EXCELLENT
2026-04-29 11:00:24,30.1,81.2,223.0,0.0,14.3,EXCELLENT
2026-04-29 11:00:26,30.1,81.2,221.0,0.0,13.7,EXCELLENT
2026-04-29 11:00:28,30.1,81.2,218.0,0.0,12.7,EXCELLENT
2026-04-29 11:00:30,30.1,81.1,228.0,0.0,16.0,EXCELLENT
2026-04-29 11:00:32,30.0,81.2,225.0,0.0,15.0,EXCELLENT
2026-04-29 11:00:34,30.1,81.2,221.0,0.0,13.7,EXCELLENT
2026-04-29 11:00:36,30.1,81.2,215.0,0.0,11.7,EXCELLENT
2026-04-29 11:00:38,30.1,81.1,222.0,0.0,14.0,EXCELLENT
2026-04-29 11:00:40,30.1,81.1,222.0,0.0,14.0,EXCELLENT
2026-04-29 11:00:42,30.1,81.1,228.0,0.0,16.0,EXCELLENT
2026-04-29 11:00:44,30.1,81.2,221.0,0.0,13.7,EXCELLENT
2026-04-29 11:00:46,30.1,81.2,217.0,0.0,12.3,EXCELLENT
2026-04-29 11:00:48,30.0,81.2,213.0,0.0,11.0,EXCELLENT
2026-04-29 11:00:50,30.1,81.1,217.0,0.0,12.3,EXCELLENT
2026-04-29 11:00:52,30.1,81.1,229.0,0.0,16.3,EXCELLENT
2026-04-29 11:00:54,30.0,81.2,226.0,0.0,15.3,EXCELLENT
2026-04-29 11:00:56,30.1,81.2,221.0,0.0,13.7,EXCELLENT
2026-04-29 11:00:58,30.1,81.2,227.0,0.0,15.7,EXCELLENT
2026-04-29 11:01:00,30.1,81.2,222.0,0.0,14.0,EXCELLENT
2026-04-29 11:01:02,30.1,81.2,224.0,0.0,14.7,EXCELLENT
2026-04-29 11:01:04,30.1,81.2,222.0,0.0,14.0,EXCELLENT
2026-04-29 11:01:06,30.1,81.2,224.0,0.0,14.7,EXCELLENT
2026-04-29 11:01:08,30.0,81.2,217.0,0.0,12.3,EXCELLENT
2026-04-29 11:01:10,30.1,81.2,219.0,0.0,13.0,EXCELLENT
2026-04-29 11:01:12,30.0,81.1,226.0,0.0,15.3,EXCELLENT
2026-04-29 11:01:14,30.0,81.2,225.0,0.0,15.0,EXCELLENT
2026-04-29 11:01:16,30.0,81.2,213.0,0.0,11.0,EXCELLENT
2026-04-29 11:01:18,30.1,81.2,223.0,0.0,14.3,EXCELLENT
2026-04-29 11:01:20,30.0,81.2,218.0,0.0,12.7,EXCELLENT
2026-04-29 11:01:22,30.1,81.2,227.0,0.0,15.7,EXCELLENT
2026-04-29 11:01:24,30.1,81.1,224.0,0.0,14.7,EXCELLENT
2026-04-29 11:01:26,30.1,81.1,227.0,0.0,15.7,EXCELLENT
2026-04-29 11:01:28,30.1,81.2,215.0,0.0,11.7,EXCELLENT
2026-04-29 11:01:30,30.0,81.2,223.0,0.0,14.3,EXCELLENT
2026-04-29 11:01:32,30.1,81.2,228.0,0.0,16.0,EXCELLENT
2026-04-29 11:01:34,30.1,81.2,215.0,0.0,11.7,EXCELLENT
2026-04-29 11:01:36,30.1,81.2,227.0,0.0,15.7,EXCELLENT
2026-04-29 11:01:38,30.1,81.1,215.0,0.0,11.7,EXCELLENT
2026-04-29 11:01:40,30.1,81.2,229.0,0.0,16.3,EXCELLENT
2026-04-29 11:01:42,30.1,81.1,223.0,0.0,14.3,EXCELLENT
2026-04-29 11:01:44,30.1,81.2,219.0,0.0,13.0,EXCELLENT
2026-04-29 11:01:46,30.1,81.2,218.0,0.0,12.7,EXCELLENT
2026-04-29 11:01:48,30.1,81.1,228.0,0.0,16.0,EXCELLENT
2026-04-29 11:01:50,30.1,81.1,229.0,0.0,16.3,EXCELLENT
2026-04-29 11:01:52,30.1,81.1,215.0,0.0,11.7,EXCELLENT
2026-04-29 11:01:54,30.1,81.1,224.0,0.0,14.7,EXCELLENT
2026-04-29 11:01:56,30.1,81.1,227.0,0.0,15.7,EXCELLENT
2026-04-29 11:01:58,30.1,81.1,227.0,0.0,15.7,EXCELLENT
2026-04-29 11:02:00,30.1,81.1,230.0,0.0,16.7,EXCELLENT
2026-04-29 11:02:02,30.1,81.1,229.0,0.0,16.3,EXCELLENT
2026-04-29 11:02:04,30.1,81.0,220.0,0.0,13.3,EXCELLENT
2026-04-29 11:02:06,30.1,81.1,225.0,0.0,15.0,EXCELLENT
2026-04-29 11:02:08,30.1,81.1,215.0,0.0,11.7,EXCELLENT
2026-04-29 11:02:10,30.1,81.1,224.0,0.0,14.7,EXCELLENT
2026-04-29 11:02:12,30.1,81.0,223.0,0.0,14.3,EXCELLENT
2026-04-29 11:02:14,30.1,81.0,225.0,0.0,15.0,EXCELLENT
2026-04-29 11:02:16,30.1,81.0,218.0,0.0,12.7,EXCELLENT
2026-04-29 11:02:18,30.1,81.0,224.0,0.0,14.7,EXCELLENT
2026-04-29 11:02:20,30.1,81.0,221.0,0.0,13.7,EXCELLENT
2026-04-29 11:02:22,30.1,81.0,220.0,0.0,13.3,EXCELLENT
2026-04-29 11:02:24,30.1,81.0,219.0,0.0,13.0,EXCELLENT
2026-04-29 11:02:26,30.1,81.0,229.0,0.0,16.3,EXCELLENT
2026-04-29 11:02:28,30.1,81.0,218.0,0.0,12.7,EXCELLENT
2026-04-29 11:02:30,30.1,81.1,217.0,0.0,12.3,EXCELLENT
2026-04-29 11:02:32,30.1,81.0,226.0,0.0,15.3,EXCELLENT
2026-04-29 11:02:34,30.1,81.1,222.0,0.0,14.0,EXCELLENT
2026-04-29 11:02:36,30.1,81.0,228.0,0.0,16.0,EXCELLENT
2026-04-29 11:02:38,30.1,81.0,217.0,0.0,12.3,EXCELLENT
2026-04-29 11:02:40,30.1,81.1,225.0,0.0,15.0,EXCELLENT
2026-04-29 11:02:42,30.1,81.0,215.0,0.0,11.7,EXCELLENT
2026-04-29 11:02:44,30.1,81.0,223.0,0.0,14.3,EXCELLENT
2026-04-29 11:02:46,30.1,81.1,226.0,0.0,15.3,EXCELLENT
2026-04-29 11:02:48,30.1,81.0,225.0,0.0,15.0,EXCELLENT
2026-04-29 11:02:50,30.1,81.1,220.0,0.0,13.3,EXCELLENT
2026-04-29 11:02:52,30.1,81.0,213.0,0.0,11.0,EXCELLENT
2026-04-29 11:02:54,30.1,81.1,224.0,0.0,14.7,EXCELLENT
2026-04-29 11:02:56,30.0,81.1,218.0,0.0,12.7,EXCELLENT
2026-04-29 11:02:58,30.1,81.1,225.0,1.0,15.0,EXCELLENT
2026-04-29 11:03:00,30.1,81.1,220.0,1.0,13.3,EXCELLENT
2026-04-29 11:03:02,30.1,81.0,227.0,0.0,15.7,EXCELLENT
2026-04-29 11:03:04,30.1,81.1,222.0,0.0,14.0,EXCELLENT
2026-04-29 11:03:06,30.1,81.1,224.0,0.0,14.7,EXCELLENT
2026-04-29 11:03:08,30.1,81.1,218.0,0.0,12.7,EXCELLENT
2026-04-29 11:03:10,30.1,81.1,220.0,0.0,13.3,EXCELLENT
2026-04-29 11:03:12,30.0,81.1,208.0,0.0,9.3,EXCELLENT
2026-04-29 11:03:14,30.0,81.2,226.0,0.0,15.3,EXCELLENT
2026-04-29 11:03:16,30.1,81.1,218.0,1.0,12.7,EXCELLENT
2026-04-29 11:03:18,30.1,81.2,227.0,1.0,15.7,EXCELLENT
2026-04-29 11:03:20,30.1,81.2,228.0,0.0,16.0,EXCELLENT
2026-04-29 11:03:22,30.1,81.2,224.0,0.0,14.7,EXCELLENT
2026-04-29 11:03:24,30.0,81.2,227.0,0.0,15.7,EXCELLENT
2026-04-29 11:03:26,30.1,81.2,224.0,0.0,14.7,EXCELLENT
2026-04-29 11:03:28,30.1,81.2,224.0,0.0,14.7,EXCELLENT
2026-04-29 11:03:30,30.0,81.2,208.0,1.0,9.3,EXCELLENT
2026-04-29 11:03:32,30.0,81.2,224.0,1.0,14.7,EXCELLENT
2026-04-29 11:03:34,30.1,81.2,218.0,0.0,12.7,EXCELLENT
2026-04-29 11:03:36,30.1,81.2,226.0,0.0,15.3,EXCELLENT
2026-04-29 11:03:38,30.0,81.2,225.0,0.0,15.0,EXCELLENT
2026-04-29 11:03:40,30.1,81.2,219.0,0.0,13.0,EXCELLENT
2026-04-29 11:03:42,30.1,81.2,224.0,0.0,14.7,EXCELLENT
2026-04-29 11:03:44,30.0,81.2,219.0,0.0,13.0,EXCELLENT
2026-04-29 11:03:46,30.0,81.2,224.0,0.0,14.7,EXCELLENT
2026-04-29 11:03:48,30.1,81.2,221.0,0.0,13.7,EXCELLENT
2026-04-29 11:03:50,30.1,81.1,225.0,0.0,15.0,EXCELLENT
2026-04-29 11:03:52,30.1,81.1,218.0,0.0,12.7,EXCELLENT
2026-04-29 11:03:54,30.1,81.0,221.0,0.0,13.7,EXCELLENT
2026-04-29 11:03:56,30.1,81.1,226.0,0.0,15.3,EXCELLENT
2026-04-29 11:03:58,30.1,81.1,217.0,0.0,12.3,EXCELLENT
2026-04-29 11:04:00,30.1,81.1,232.0,0.0,17.3,EXCELLENT
2026-04-29 11:04:02,30.1,81.0,226.0,0.0,15.3,EXCELLENT
2026-04-29 11:04:04,30.1,81.0,226.0,0.0,15.3,EXCELLENT
2026-04-29 11:04:06,30.1,81.0,211.0,0.0,10.3,EXCELLENT
2026-04-29 11:04:08,30.1,81.0,219.0,0.0,13.0,EXCELLENT
2026-04-29 11:04:10,30.1,81.0,228.0,0.0,16.0,EXCELLENT
2026-04-29 11:04:12,30.1,81.0,218.0,0.0,12.7,EXCELLENT
2026-04-29 11:04:14,30.1,81.0,226.0,0.0,15.3,EXCELLENT
2026-04-29 11:04:16,30.1,81.0,223.0,0.0,14.3,EXCELLENT
2026-04-29 11:04:18,30.1,80.9,219.0,0.0,13.0,EXCELLENT
2026-04-29 11:04:20,30.1,81.0,217.0,0.0,12.3,EXCELLENT
2026-04-29 11:04:22,30.1,81.0,218.0,0.0,12.7,EXCELLENT
2026-04-29 11:04:24,30.1,81.0,226.0,0.0,15.3,EXCELLENT
2026-04-29 11:04:26,30.1,81.0,226.0,0.0,15.3,EXCELLENT
2026-04-29 11:04:28,30.1,81.0,222.0,0.0,14.0,EXCELLENT
2026-04-29 11:04:30,30.1,81.0,221.0,0.0,13.7,EXCELLENT
2026-04-29 11:04:32,30.1,81.0,218.0,0.0,12.7,EXCELLENT
2026-04-29 11:04:34,30.1,81.1,219.0,0.0,13.0,EXCELLENT
2026-04-29 11:04:36,30.1,81.1,224.0,0.0,14.7,EXCELLENT
2026-04-29 11:04:38,30.1,81.0,229.0,0.0,16.3,EXCELLENT
2026-04-29 11:04:40,30.1,81.1,230.0,0.0,16.7,EXCELLENT
2026-04-29 11:04:42,30.1,81.1,214.0,0.0,11.3,EXCELLENT
2026-04-29 11:04:44,30.1,81.1,219.0,0.0,13.0,EXCELLENT
2026-04-29 11:04:46,30.0,81.1,227.0,0.0,15.7,EXCELLENT
2026-04-29 11:04:48,30.0,81.1,224.0,0.0,14.7,EXCELLENT
2026-04-29 11:04:50,30.1,81.1,227.0,0.0,15.7,EXCELLENT
2026-04-29 11:04:52,30.0,81.1,216.0,0.0,12.0,EXCELLENT
2026-04-29 11:04:54,30.1,81.1,213.0,0.0,11.0,EXCELLENT
2026-04-29 11:04:56,30.1,81.1,217.0,0.0,12.3,EXCELLENT
2026-04-29 11:04:58,30.0,81.1,229.0,0.0,16.3,EXCELLENT
2026-04-29 11:05:00,30.0,80.2,224.0,0.0,14.7,EXCELLENT
2026-04-29 11:05:02,30.1,81.1,210.0,0.0,10.0,EXCELLENT
2026-04-29 11:05:04,30.1,81.0,225.0,0.0,15.0,EXCELLENT
2026-04-29 11:05:06,30.1,81.1,218.0,0.0,12.7,EXCELLENT
2026-04-29 11:05:08,30.1,81.1,230.0,0.0,16.7,EXCELLENT
2026-04-29 11:05:10,30.0,81.1,229.0,0.0,16.3,EXCELLENT
2026-04-29 11:05:12,30.0,81.1,217.0,0.0,12.3,EXCELLENT
2026-04-29 11:05:14,30.1,81.1,227.0,0.0,15.7,EXCELLENT
2026-04-29 11:05:16,30.1,81.1,227.0,0.0,15.7,EXCELLENT
2026-04-29 11:05:18,30.1,81.1,215.0,0.0,11.7,EXCELLENT
2026-04-29 11:05:20,30.1,81.1,221.0,0.0,13.7,EXCELLENT
2026-04-29 11:05:22,30.1,81.2,227.0,0.0,15.7,EXCELLENT
2026-04-29 11:05:24,30.0,80.3,215.0,0.0,11.7,EXCELLENT
2026-04-29 11:05:26,30.0,81.2,219.0,0.0,13.0,EXCELLENT
2026-04-29 11:05:28,30.0,80.3,222.0,0.0,14.0,EXCELLENT
2026-04-29 11:05:30,30.1,81.1,211.0,0.0,10.3,EXCELLENT
2026-04-29 11:05:32,30.0,81.1,235.0,0.0,18.3,EXCELLENT
2026-04-29 11:05:34,30.0,80.3,231.0,0.0,17.0,EXCELLENT
2026-04-29 11:05:36,30.1,81.2,221.0,0.0,13.7,EXCELLENT
2026-04-29 11:05:38,30.0,80.3,229.0,0.0,16.3,EXCELLENT
2026-04-29 11:05:40,30.0,81.2,223.0,0.0,14.3,EXCELLENT
2026-04-29 11:05:42,30.0,81.2,221.0,0.0,13.7,EXCELLENT
2026-04-29 11:05:44,30.0,80.3,225.0,0.0,15.0,EXCELLENT
2026-04-29 11:05:46,30.0,80.3,218.0,0.0,12.7,EXCELLENT
2026-04-29 11:05:48,30.1,81.1,229.0,0.0,16.3,EXCELLENT
2026-04-29 11:05:50,30.0,81.2,228.0,0.0,16.0,EXCELLENT
2026-04-29 11:05:52,30.1,81.1,223.0,0.0,14.3,EXCELLENT
2026-04-29 11:05:54,30.0,81.1,219.0,0.0,13.0,EXCELLENT
2026-04-29 11:05:56,30.0,81.1,217.0,0.0,12.3,EXCELLENT
2026-04-29 11:05:58,30.0,81.1,220.0,0.0,13.3,EXCELLENT
2026-04-29 11:06:00,30.0,81.2,222.0,0.0,14.0,EXCELLENT
2026-04-29 11:06:02,30.0,81.2,218.0,0.0,12.7,EXCELLENT
2026-04-29 11:06:04,30.1,81.1,229.0,0.0,16.3,EXCELLENT
2026-04-29 11:06:06,30.1,81.1,220.0,0.0,13.3,EXCELLENT
2026-04-29 11:06:08,30.0,81.1,215.0,0.0,11.7,EXCELLENT
2026-04-29 11:06:10,30.0,81.1,220.0,0.0,13.3,EXCELLENT
2026-04-29 11:06:12,30.0,80.3,226.0,0.0,15.3,EXCELLENT
2026-04-29 11:06:14,30.1,81.1,220.0,0.0,13.3,EXCELLENT
2026-04-29 11:06:16,30.1,81.1,230.0,0.0,16.7,EXCELLENT
2026-04-29 11:06:18,30.1,81.1,221.0,0.0,13.7,EXCELLENT
2026-04-29 11:06:20,30.1,81.2,225.0,0.0,15.0,EXCELLENT
2026-04-29 11:06:22,30.0,81.2,220.0,0.0,13.3,EXCELLENT
2026-04-29 11:06:24,30.1,81.1,231.0,0.0,17.0,EXCELLENT
2026-04-29 11:06:26,30.0,81.1,226.0,0.0,15.3,EXCELLENT
2026-04-29 11:06:28,30.1,81.1,217.0,0.0,12.3,EXCELLENT
2026-04-29 11:06:30,30.0,81.1,210.0,0.0,10.0,EXCELLENT
2026-04-29 11:06:32,30.1,81.1,224.0,0.0,14.7,EXCELLENT
2026-04-29 11:06:34,30.1,81.1,222.0,0.0,14.0,EXCELLENT
2026-04-29 11:06:36,30.0,81.1,227.0,0.0,15.7,EXCELLENT
2026-04-29 11:06:38,30.1,81.1,212.0,0.0,10.7,EXCELLENT
2026-04-29 11:06:40,30.1,81.1,227.0,0.0,15.7,EXCELLENT
2026-04-29 11:06:42,30.0,80.2,225.0,0.0,15.0,EXCELLENT
2026-04-29 11:06:44,30.1,81.1,223.0,0.0,14.3,EXCELLENT
2026-04-29 11:06:46,30.0,81.1,217.0,0.0,12.3,EXCELLENT
2026-04-29 11:06:48,30.1,81.1,224.0,0.0,14.7,EXCELLENT
2026-04-29 11:06:50,30.1,81.1,227.0,0.0,15.7,EXCELLENT
2026-04-29 11:06:52,30.1,81.0,218.0,0.0,12.7,EXCELLENT
2026-04-29 11:06:54,30.1,81.1,221.0,0.0,13.7,EXCELLENT
2026-04-29 11:06:56,30.1,81.1,215.0,0.0,11.7,EXCELLENT
2026-04-29 11:06:58,30.1,81.0,214.0,0.0,11.3,EXCELLENT
2026-04-29 11:07:00,30.1,81.1,223.0,0.0,14.3,EXCELLENT
2026-04-29 11:07:02,30.0,81.1,225.0,0.0,15.0,EXCELLENT
2026-04-29 11:07:04,30.0,81.1,219.0,0.0,13.0,EXCELLENT
2026-04-29 11:07:06,30.0,81.1,216.0,1.0,12.0,EXCELLENT
2026-04-29 11:07:08,30.1,81.1,216.0,1.0,12.0,EXCELLENT
2026-04-29 11:07:10,30.1,81.1,217.0,0.0,12.3,EXCELLENT
2026-04-29 11:07:12,30.1,81.1,215.0,0.0,11.7,EXCELLENT
2026-04-29 11:07:14,30.0,81.1,210.0,0.0,10.0,EXCELLENT
2026-04-29 11:07:16,30.0,81.1,221.0,0.0,13.7,EXCELLENT
2026-04-29 11:07:18,30.1,81.1,208.0,0.0,9.3,EXCELLENT
2026-04-29 11:07:20,30.1,81.0,218.0,0.0,12.7,EXCELLENT
2026-04-29 11:07:22,30.1,81.0,226.0,0.0,15.3,EXCELLENT
2026-04-29 11:07:24,30.1,81.1,220.0,0.0,13.3,EXCELLENT
2026-04-29 11:07:26,30.1,81.0,230.0,0.0,16.7,EXCELLENT
2026-04-29 11:07:28,30.1,81.1,226.0,0.0,15.3,EXCELLENT
2026-04-29 11:07:30,30.1,81.1,230.0,0.0,16.7,EXCELLENT
2026-04-29 11:07:32,30.1,81.1,223.0,0.0,14.3,EXCELLENT
2026-04-29 11:07:34,30.1,81.1,227.0,0.0,15.7,EXCELLENT
2026-04-29 11:07:36,30.1,81.1,226.0,0.0,15.3,EXCELLENT
2026-04-29 11:07:38,30.1,81.0,219.0,0.0,13.0,EXCELLENT
2026-04-29 11:07:40,30.1,81.0,225.0,0.0,15.0,EXCELLENT
2026-04-29 11:07:42,30.1,81.0,214.0,0.0,11.3,EXCELLENT
2026-04-29 11:07:44,30.1,81.0,214.0,0.0,11.3,EXCELLENT
2026-04-29 11:07:46,30.1,81.1,224.0,0.0,14.7,EXCELLENT
2026-04-29 11:07:48,30.1,81.0,223.0,0.0,14.3,EXCELLENT
2026-04-29 11:07:50,30.1,81.0,213.0,0.0,11.0,EXCELLENT
2026-04-29 11:07:52,30.1,81.0,226.0,1.0,15.3,EXCELLENT
2026-04-29 11:07:54,30.1,81.0,230.0,0.0,16.7,EXCELLENT
2026-04-29 11:07:56,30.1,81.1,219.0,0.0,13.0,EXCELLENT
2026-04-29 11:07:58,30.1,81.0,217.0,0.0,12.3,EXCELLENT
2026-04-29 11:08:00,30.1,81.1,227.0,1.0,15.7,EXCELLENT
2026-04-29 11:08:02,30.1,81.1,226.0,0.0,15.3,EXCELLENT
2026-04-29 11:08:04,30.1,81.0,214.0,0.0,11.3,EXCELLENT
2026-04-29 11:08:06,30.1,81.0,217.0,0.0,12.3,EXCELLENT
2026-04-29 11:08:08,30.1,81.1,218.0,0.0,12.7,EXCELLENT
2026-04-29 11:08:10,30.1,81.0,218.0,1.0,12.7,EXCELLENT
2026-04-29 11:08:12,30.1,81.0,227.0,1.0,15.7,EXCELLENT
2026-04-29 11:08:14,30.1,81.0,229.0,0.0,16.3,EXCELLENT
2026-04-29 11:08:16,30.1,81.0,226.0,0.0,15.3,EXCELLENT
2026-04-29 11:08:18,30.1,81.0,229.0,0.0,16.3,EXCELLENT
2026-04-29 11:08:20,30.1,81.0,219.0,0.0,13.0,EXCELLENT
2026-04-29 11:08:22,30.1,81.0,226.0,0.0,15.3,EXCELLENT
2026-04-29 11:08:24,30.1,81.0,224.0,0.0,14.7,EXCELLENT
2026-04-29 11:08:26,30.1,81.0,219.0,0.0,13.0,EXCELLENT
2026-04-29 11:08:28,30.1,81.1,226.0,0.0,15.3,EXCELLENT
2026-04-29 11:08:30,30.0,81.0,225.0,0.0,15.0,EXCELLENT
2026-04-29 11:08:32,30.1,81.0,210.0,0.0,10.0,EXCELLENT
2026-04-29 11:08:34,30.0,81.0,226.0,0.0,15.3,EXCELLENT
2026-04-29 11:08:36,30.1,81.0,220.0,0.0,13.3,EXCELLENT
2026-04-29 11:08:38,30.1,81.1,221.0,0.0,13.7,EXCELLENT
2026-04-29 11:08:40,30.1,81.0,224.0,1.0,14.7,EXCELLENT
2026-04-29 11:08:42,30.0,81.0,218.0,1.0,12.7,EXCELLENT
2026-04-29 11:08:44,30.1,81.1,222.0,0.0,14.0,EXCELLENT
2026-04-29 11:08:46,30.0,81.0,226.0,0.0,15.3,EXCELLENT
2026-04-29 11:08:48,30.0,81.1,228.0,0.0,16.0,EXCELLENT
2026-04-29 11:08:50,30.0,81.0,223.0,0.0,14.3,EXCELLENT
2026-04-29 11:08:52,30.1,81.0,229.0,0.0,16.3,EXCELLENT
2026-04-29 11:08:54,30.1,81.1,222.0,0.0,14.0,EXCELLENT
2026-04-29 11:08:56,30.0,81.1,222.0,0.0,14.0,EXCELLENT
2026-04-29 11:08:58,30.0,80.3,211.0,0.0,10.3,EXCELLENT
2026-04-29 11:09:00,30.0,81.1,223.0,0.0,14.3,EXCELLENT
2026-04-29 11:09:02,30.0,81.1,225.0,0.0,15.0,EXCELLENT
2026-04-29 11:09:04,30.1,81.1,214.0,0.0,11.3,EXCELLENT
2026-04-29 11:09:06,30.1,81.0,225.0,0.0,15.0,EXCELLENT
2026-04-29 11:09:08,30.1,81.1,224.0,0.0,14.7,EXCELLENT
2026-04-29 11:09:10,30.0,81.1,222.0,0.0,14.0,EXCELLENT
2026-04-29 11:09:12,30.1,81.0,222.0,0.0,14.0,EXCELLENT
2026-04-29 11:09:14,30.1,81.0,223.0,0.0,14.3,EXCELLENT
2026-04-29 11:09:16,30.1,81.0,220.0,0.0,13.3,EXCELLENT
2026-04-29 11:09:18,30.1,81.0,219.0,0.0,13.0,EXCELLENT
2026-04-29 11:09:20,30.1,81.0,212.0,0.0,10.7,EXCELLENT
2026-04-29 11:09:22,30.1,81.0,221.0,0.0,13.7,EXCELLENT
2026-04-29 11:09:24,30.1,81.0,228.0,0.0,16.0,EXCELLENT
2026-04-29 11:09:26,30.1,81.0,224.0,0.0,14.7,EXCELLENT
2026-04-29 11:09:28,30.1,81.1,226.0,0.0,15.3,EXCELLENT
2026-04-29 11:09:30,30.1,81.0,225.0,0.0,15.0,EXCELLENT
2026-04-29 11:09:32,30.0,81.0,222.0,0.0,14.0,EXCELLENT
2026-04-29 11:09:34,30.1,81.0,219.0,0.0,13.0,EXCELLENT
2026-04-29 11:09:36,30.1,81.1,217.0,0.0,12.3,EXCELLENT
2026-04-29 11:09:38,30.1,81.0,215.0,0.0,11.7,EXCELLENT
2026-04-29 11:09:40,30.1,81.0,215.0,0.0,11.7,EXCELLENT
2026-04-29 11:09:42,30.1,81.0,225.0,0.0,15.0,EXCELLENT
2026-04-29 11:09:44,30.1,81.1,223.0,0.0,14.3,EXCELLENT
2026-04-29 11:09:46,30.1,81.0,223.0,1.0,14.3,EXCELLENT
2026-04-29 11:09:48,30.1,81.1,226.0,1.0,15.3,EXCELLENT
2026-04-29 11:09:50,30.0,81.0,218.0,0.0,12.7,EXCELLENT
2026-04-29 11:09:52,30.1,81.0,225.0,0.0,15.0,EXCELLENT
2026-04-29 11:09:54,30.1,81.1,230.0,1.0,16.7,EXCELLENT
2026-04-29 11:09:56,30.1,81.0,227.0,1.0,15.7,EXCELLENT
2026-04-29 11:09:58,30.0,81.0,221.0,0.0,13.7,EXCELLENT
2026-04-29 11:10:00,30.0,81.0,221.0,0.0,13.7,EXCELLENT
2026-04-29 11:10:02,30.1,81.1,228.0,1.0,16.0,EXCELLENT
2026-04-29 11:10:04,30.0,81.0,234.0,1.0,18.0,EXCELLENT
2026-04-29 11:10:06,30.1,81.0,227.0,0.0,15.7,EXCELLENT
2026-04-29 11:10:08,30.1,81.0,229.0,0.0,16.3,EXCELLENT
2026-04-29 11:10:10,30.1,81.0,225.0,0.0,15.0,EXCELLENT
2026-04-29 11:10:12,30.0,81.1,216.0,0.0,12.0,EXCELLENT
2026-04-29 11:10:14,30.1,81.0,224.0,1.0,14.7,EXCELLENT
2026-04-29 11:10:16,30.1,80.9,223.0,0.0,14.3,EXCELLENT
2026-04-29 11:10:18,30.1,81.0,223.0,0.0,14.3,EXCELLENT
2026-04-29 11:10:20,30.1,81.0,209.0,1.0,9.7,EXCELLENT
2026-04-29 11:10:22,30.1,81.0,205.0,1.0,8.3,EXCELLENT
2026-04-29 11:10:24,30.1,81.0,206.0,0.0,8.7,EXCELLENT
2026-04-29 11:10:26,30.1,81.0,198.0,0.0,6.0,EXCELLENT
2026-04-29 11:10:28,30.1,81.0,208.0,0.0,9.3,EXCELLENT
2026-04-29 11:10:30,30.1,81.1,213.0,1.0,11.0,EXCELLENT
2026-04-29 11:10:32,30.1,81.1,207.0,0.0,9.0,EXCELLENT
2026-04-29 11:10:34,30.1,81.1,209.0,0.0,9.7,EXCELLENT
2026-04-29 11:10:36,30.1,81.1,209.0,0.0,9.7,EXCELLENT
2026-04-29 11:10:38,30.1,81.1,211.0,1.0,10.3,EXCELLENT
2026-04-29 11:10:40,30.0,81.1,208.0,1.0,9.3,EXCELLENT
2026-04-29 11:10:42,30.0,81.1,208.0,0.0,9.3,EXCELLENT
2026-04-29 11:10:44,30.0,81.1,213.0,0.0,11.0,EXCELLENT
2026-04-29 11:10:46,30.0,81.1,207.0,1.0,9.0,EXCELLENT
2026-04-29 11:10:48,30.1,81.4,214.0,1.0,11.3,EXCELLENT
2026-04-29 11:10:50,30.1,82.0,2336.0,0.0,299.7,UNHEALTHY
2026-04-29 11:10:52,30.1,81.8,1361.0,0.0,197.3,UNHEALTHY
2026-04-29 11:10:54,30.0,81.5,740.0,1.0,109.4,UNHEALTHY
2026-04-29 11:10:56,30.1,81.4,511.0,1.0,76.3,MODERATE
2026-04-29 11:10:58,30.1,81.2,400.0,0.0,60.7,MODERATE
2026-04-29 11:11:00,30.0,80.3,338.0,0.0,52.0,MODERATE
2026-04-29 11:11:02,30.1,81.1,305.0,0.0,41.7,EXCELLENT
2026-04-29 11:11:04,30.0,81.1,294.0,0.0,38.0,EXCELLENT
2026-04-29 11:11:06,30.1,81.1,272.0,0.0,30.7,EXCELLENT
2026-04-29 11:11:08,30.1,81.1,272.0,0.0,30.7,EXCELLENT
2026-04-29 11:11:10,30.1,81.1,270.0,0.0,30.0,EXCELLENT
2026-04-29 11:11:12,30.1,81.1,246.0,0.0,22.0,EXCELLENT
2026-04-29 11:11:14,30.1,81.0,246.0,0.0,22.0,EXCELLENT
2026-04-29 11:11:16,30.1,81.0,245.0,1.0,21.7,EXCELLENT
2026-04-29 11:11:18,30.1,81.0,240.0,1.0,20.0,EXCELLENT
2026-04-29 11:11:20,30.1,81.0,233.0,0.0,17.7,EXCELLENT
2026-04-29 11:11:22,30.0,81.1,225.0,0.0,15.0,EXCELLENT
2026-04-29 11:11:24,30.1,81.1,238.0,1.0,19.3,EXCELLENT
2026-04-29 11:11:26,30.1,81.1,227.0,1.0,15.7,EXCELLENT
2026-04-29 11:11:28,30.0,80.2,229.0,0.0,16.3,EXCELLENT
2026-04-29 11:11:30,30.1,81.1,230.0,0.0,16.7,EXCELLENT
2026-04-29 11:11:32,30.1,81.1,218.0,0.0,12.7,EXCELLENT
2026-04-29 11:11:34,30.1,81.1,225.0,0.0,15.0,EXCELLENT
2026-04-29 11:11:36,30.1,81.0,213.0,0.0,11.0,EXCELLENT
2026-04-29 11:11:38,30.1,81.1,219.0,0.0,13.0,EXCELLENT
2026-04-29 11:11:40,30.1,81.1,216.0,0.0,12.0,EXCELLENT
2026-04-29 11:11:42,30.1,81.0,210.0,0.0,10.0,EXCELLENT
2026-04-29 11:11:44,30.1,81.1,210.0,0.0,10.0,EXCELLENT
2026-04-29 11:11:46,30.1,81.1,223.0,1.0,14.3,EXCELLENT
2026-04-29 11:11:48,30.1,81.0,207.0,1.0,9.0,EXCELLENT
2026-04-29 11:11:50,30.1,81.1,208.0,0.0,9.3,EXCELLENT
2026-04-29 11:11:52,30.1,81.1,212.0,0.0,10.7,EXCELLENT
2026-04-29 11:11:54,30.0,81.0,207.0,0.0,9.0,EXCELLENT
2026-04-29 11:11:56,30.1,81.0,208.0,0.0,9.3,EXCELLENT
2026-04-29 11:11:58,30.1,81.1,208.0,0.0,9.3,EXCELLENT
2026-04-29 11:12:00,30.1,81.0,214.0,1.0,11.3,EXCELLENT
2026-04-29 11:12:02,30.0,81.1,213.0,1.0,11.0,EXCELLENT
2026-04-29 11:12:04,30.0,81.0,226.0,0.0,15.3,EXCELLENT
2026-04-29 11:12:06,30.0,80.2,289.0,0.0,36.3,EXCELLENT
2026-04-29 11:12:08,30.1,81.1,187.0,1.0,2.3,EXCELLENT
2026-04-29 11:12:10,30.1,81.1,216.0,1.0,12.0,EXCELLENT
2026-04-29 11:12:12,30.1,81.3,240.0,0.0,20.0,EXCELLENT
2026-04-29 11:12:14,30.0,81.4,271.0,0.0,30.3,EXCELLENT
2026-04-29 11:12:16,30.1,81.5,305.0,1.0,41.7,EXCELLENT
2026-04-29 11:12:18,30.1,81.6,325.0,1.0,48.3,EXCELLENT
2026-04-29 11:12:20,30.1,81.6,322.0,0.0,47.3,EXCELLENT
2026-04-29 11:12:22,30.1,81.5,208.0,0.0,9.3,EXCELLENT
2026-04-29 11:12:24,30.1,81.5,226.0,0.0,15.3,EXCELLENT
2026-04-29 11:12:26,30.1,81.3,198.0,0.0,6.0,EXCELLENT
2026-04-29 11:12:28,30.1,81.3,204.0,0.0,8.0,EXCELLENT
2026-04-29 11:12:30,30.1,81.2,186.0,0.0,2.0,EXCELLENT
2026-04-29 11:12:32,30.2,81.3,207.0,0.0,9.0,EXCELLENT
2026-04-29 11:12:34,30.2,81.3,191.0,0.0,3.7,EXCELLENT
2026-04-29 11:12:36,30.2,81.3,194.0,0.0,4.7,EXCELLENT
2026-04-29 11:12:38,30.2,81.2,207.0,1.0,9.0,EXCELLENT
2026-04-29 11:12:40,30.2,81.5,209.0,1.0,9.7,EXCELLENT
2026-04-29 11:12:42,30.2,81.9,205.0,0.0,8.3,EXCELLENT
2026-04-29 11:12:44,30.2,81.8,194.0,0.0,4.7,EXCELLENT
2026-04-29 11:12:46,30.2,81.6,203.0,0.0,7.7,EXCELLENT
2026-04-29 11:12:48,30.3,81.5,237.0,1.0,19.0,EXCELLENT
2026-04-29 11:12:50,30.3,81.3,196.0,1.0,5.3,EXCELLENT
2026-04-29 11:12:52,30.3,81.1,230.0,0.0,16.7,EXCELLENT
2026-04-29 11:12:54,30.4,81.1,208.0,0.0,9.3,EXCELLENT
2026-04-29 11:12:56,30.3,81.0,211.0,0.0,10.3,EXCELLENT
2026-04-29 11:12:58,30.4,80.9,226.0,0.0,15.3,EXCELLENT
2026-04-29 11:13:00,30.4,80.7,222.0,1.0,14.0,EXCELLENT
2026-04-29 11:13:02,30.4,80.7,208.0,1.0,9.3,EXCELLENT
2026-04-29 11:13:04,30.4,80.5,208.0,0.0,9.3,EXCELLENT
2026-04-29 11:13:06,30.4,80.4,208.0,0.0,9.3,EXCELLENT
2026-04-29 11:13:08,30.4,80.3,215.0,0.0,11.7,EXCELLENT
2026-04-29 11:13:10,30.5,80.2,203.0,0.0,7.7,EXCELLENT
2026-04-29 11:13:12,30.4,80.2,209.0,0.0,9.7,EXCELLENT
2026-04-29 11:13:14,30.5,80.1,203.0,0.0,7.7,EXCELLENT
2026-04-29 11:13:16,30.4,80.0,208.0,0.0,9.3,EXCELLENT
2026-04-29 11:13:18,30.5,79.9,198.0,0.0,6.0,EXCELLENT
2026-04-29 11:13:20,30.5,79.9,203.0,0.0,7.7,EXCELLENT
2026-04-29 11:13:22,30.5,79.9,194.0,0.0,4.7,EXCELLENT
2026-04-29 11:13:24,30.5,79.9,190.0,0.0,3.3,EXCELLENT
2026-04-29 11:13:26,30.5,79.9,190.0,0.0,3.3,EXCELLENT
2026-04-29 11:13:28,30.5,79.9,192.0,0.0,4.0,EXCELLENT
2026-04-29 11:13:30,30.5,79.9,208.0,0.0,9.3,EXCELLENT
2026-04-29 11:13:32,30.5,80.5,208.0,0.0,9.3,EXCELLENT
2026-04-29 11:13:34,30.5,83.5,223.0,0.0,14.3,EXCELLENT
2026-04-29 11:13:36,30.5,86.7,223.0,0.0,14.3,EXCELLENT
2026-04-29 11:13:38,30.5,89.4,225.0,0.0,15.0,EXCELLENT
2026-04-29 11:13:40,30.5,91.3,230.0,0.0,16.7,EXCELLENT
2026-04-29 11:13:42,30.5,92.8,227.0,0.0,15.7,EXCELLENT
2026-04-29 11:13:44,30.6,94.0,241.0,0.0,20.3,EXCELLENT
2026-04-29 11:13:46,30.6,94.1,233.0,0.0,17.7,EXCELLENT
2026-04-29 11:13:48,30.5,92.8,256.0,1.0,25.3,EXCELLENT
2026-04-29 11:13:50,30.6,89.4,228.0,1.0,16.0,EXCELLENT
2026-04-29 11:13:52,30.5,86.4,231.0,0.0,17.0,EXCELLENT
2026-04-29 11:13:54,30.6,85.1,211.0,0.0,10.3,EXCELLENT
2026-04-29 11:13:56,30.5,83.9,220.0,1.0,13.3,EXCELLENT
2026-04-29 11:13:58,30.6,83.0,226.0,1.0,15.3,EXCELLENT
2026-04-29 11:14:00,30.6,82.2,220.0,0.0,13.3,EXCELLENT
2026-04-29 11:14:02,30.5,81.6,224.0,0.0,14.7,EXCELLENT
2026-04-29 11:14:04,30.5,81.3,314.0,0.0,44.7,EXCELLENT
2026-04-29 11:14:06,30.5,81.0,374.0,0.0,57.0,MODERATE
2026-04-29 11:14:08,30.5,80.7,341.0,0.0,52.4,MODERATE
2026-04-29 11:14:10,30.5,80.4,574.0,0.0,85.1,MODERATE
2026-04-29 11:14:12,30.5,80.3,832.0,0.0,122.4,UNHEALTHY
2026-04-29 11:14:14,30.5,80.3,787.0,0.0,116.0,UNHEALTHY
2026-04-29 11:14:16,30.5,80.4,725.0,0.0,107.2,UNHEALTHY
2026-04-29 11:14:18,30.5,80.3,717.0,0.0,106.1,UNHEALTHY
2026-04-29 11:14:20,30.6,80.4,688.0,0.0,102.0,UNHEALTHY
2026-04-29 11:14:22,30.6,80.4,702.0,0.0,104.0,UNHEALTHY
2026-04-29 11:14:24,30.5,80.5,688.0,0.0,102.0,UNHEALTHY
2026-04-29 11:14:26,30.6,80.5,697.0,0.0,103.3,UNHEALTHY
2026-04-29 11:14:28,30.6,80.4,688.0,0.0,102.0,UNHEALTHY
2026-04-29 11:14:30,30.6,80.4,701.0,0.0,103.8,UNHEALTHY
2026-04-29 11:14:32,30.6,80.4,707.0,0.0,104.7,UNHEALTHY
2026-04-29 11:14:34,30.6,80.3,709.0,0.0,105.0,UNHEALTHY
2026-04-29 11:14:36,30.6,80.3,726.0,0.0,107.4,UNHEALTHY
2026-04-29 11:14:38,30.6,80.3,741.0,0.0,109.5,UNHEALTHY
2026-04-29 11:14:40,30.6,80.3,786.0,0.0,115.9,UNHEALTHY
2026-04-29 11:14:42,30.6,80.2,821.0,0.0,120.8,UNHEALTHY
2026-04-29 11:14:44,30.6,80.1,847.0,0.0,124.5,UNHEALTHY
2026-04-29 11:14:46,30.6,80.1,864.0,0.0,126.9,UNHEALTHY
2026-04-29 11:14:48,30.6,80.1,865.0,0.0,127.1,UNHEALTHY
2026-04-29 11:14:50,30.6,80.0,834.0,0.0,122.7,UNHEALTHY
2026-04-29 11:14:52,30.7,79.9,757.0,0.0,111.8,UNHEALTHY
2026-04-29 11:14:54,30.7,79.7,670.0,0.0,98.6,MODERATE
2026-04-29 11:14:56,30.7,79.5,579.0,0.0,85.8,MODERATE
2026-04-29 11:14:58,30.7,79.5,482.0,0.0,72.2,MODERATE
2026-04-29 11:15:00,30.8,79.4,435.0,0.0,65.6,MODERATE
2026-04-29 11:15:02,30.8,79.3,385.0,0.0,58.6,MODERATE
2026-04-29 11:15:04,30.8,79.2,385.0,0.0,58.6,MODERATE
2026-04-29 11:15:06,30.8,79.1,403.0,0.0,61.1,MODERATE
2026-04-29 11:15:08,30.9,79.1,413.0,0.0,62.5,MODERATE
2026-04-29 11:15:10,30.9,79.0,409.0,0.0,62.0,MODERATE
2026-04-29 11:15:12,30.9,78.9,397.0,0.0,60.3,MODERATE
2026-04-29 11:15:14,30.9,78.8,377.0,0.0,57.5,MODERATE
2026-04-29 11:15:16,30.9,78.7,374.0,0.0,57.0,MODERATE
2026-04-29 11:15:18,31.0,78.6,336.0,0.0,51.7,MODERATE
2026-04-29 11:15:20,31.0,78.4,346.0,0.0,53.1,MODERATE
2026-04-29 11:15:22,31.0,78.5,326.0,0.0,48.7,EXCELLENT
2026-04-29 11:15:24,31.0,78.3,318.0,0.0,46.0,EXCELLENT
2026-04-29 11:15:26,31.0,78.0,299.0,0.0,39.7,EXCELLENT
2026-04-29 11:15:28,31.0,78.0,321.0,0.0,47.0,EXCELLENT
2026-04-29 11:15:30,31.0,77.9,305.0,0.0,41.7,EXCELLENT
2026-04-29 11:15:32,31.0,79.1,300.0,0.0,40.0,EXCELLENT
2026-04-29 11:15:34,31.0,79.8,300.0,0.0,40.0,EXCELLENT
2026-04-29 11:15:36,31.0,80.0,298.0,0.0,39.3,EXCELLENT
2026-04-29 11:15:38,31.0,80.0,287.0,0.0,35.7,EXCELLENT
2026-04-29 11:15:40,31.0,79.9,279.0,0.0,33.0,EXCELLENT
2026-04-29 11:15:42,31.0,79.8,276.0,0.0,32.0,EXCELLENT
2026-04-29 11:15:44,31.1,79.6,273.0,0.0,31.0,EXCELLENT
2026-04-29 11:15:46,31.0,79.4,288.0,0.0,36.0,EXCELLENT
2026-04-29 11:15:48,31.0,79.3,285.0,0.0,35.0,EXCELLENT
2026-04-29 11:15:50,31.0,79.1,275.0,0.0,31.7,EXCELLENT
2026-04-29 11:15:52,31.0,79.0,302.0,0.0,40.7,EXCELLENT
2026-04-29 11:15:54,31.0,78.8,304.0,0.0,41.3,EXCELLENT
2026-04-29 11:15:56,31.0,78.7,304.0,0.0,41.3,EXCELLENT
2026-04-29 11:15:58,31.0,78.7,302.0,0.0,40.7,EXCELLENT
2026-04-29 11:16:00,31.0,78.6,297.0,0.0,39.0,EXCELLENT
2026-04-29 11:16:02,31.0,78.4,272.0,0.0,30.7,EXCELLENT
2026-04-29 11:16:04,31.0,78.4,269.0,0.0,29.7,EXCELLENT
2026-04-29 11:16:06,31.0,78.4,261.0,0.0,27.0,EXCELLENT
2026-04-29 11:16:08,31.0,78.3,256.0,0.0,25.3,EXCELLENT
2026-04-29 11:16:10,31.0,78.2,262.0,0.0,27.3,EXCELLENT
2026-04-29 11:16:12,31.0,78.2,256.0,0.0,25.3,EXCELLENT
2026-04-29 11:16:14,31.0,78.2,249.0,0.0,23.0,EXCELLENT
2026-04-29 11:16:16,31.0,78.2,253.0,0.0,24.3,EXCELLENT
2026-04-29 11:16:18,31.0,78.2,242.0,0.0,20.7,EXCELLENT
2026-04-29 11:16:20,31.0,78.2,242.0,0.0,20.7,EXCELLENT
2026-04-29 11:16:22,31.0,78.1,243.0,0.0,21.0,EXCELLENT
2026-04-29 11:16:24,31.0,78.1,230.0,0.0,16.7,EXCELLENT
2026-04-29 11:16:26,31.0,78.1,219.0,0.0,13.0,EXCELLENT
2026-04-29 11:16:28,31.0,78.1,240.0,0.0,20.0,EXCELLENT
2026-04-29 11:16:30,31.0,78.1,225.0,0.0,15.0,EXCELLENT
2026-04-29 11:16:32,30.9,78.1,218.0,0.0,12.7,EXCELLENT
2026-04-29 11:16:34,30.9,78.2,235.0,0.0,18.3,EXCELLENT
2026-04-29 11:16:36,31.0,78.1,228.0,0.0,16.0,EXCELLENT
2026-04-29 11:16:38,30.9,78.2,240.0,0.0,20.0,EXCELLENT
2026-04-29 11:16:40,31.0,78.1,231.0,0.0,17.0,EXCELLENT
2026-04-29 11:16:42,30.9,78.1,240.0,0.0,20.0,EXCELLENT
2026-04-29 11:16:44,31.0,78.1,233.0,0.0,17.7,EXCELLENT
2026-04-29 11:16:46,31.0,78.1,239.0,0.0,19.7,EXCELLENT
2026-04-29 11:16:48,30.9,78.0,230.0,0.0,16.7,EXCELLENT
2026-04-29 11:16:50,30.9,78.0,231.0,0.0,17.0,EXCELLENT
2026-04-29 11:16:52,30.9,78.0,237.0,0.0,19.0,EXCELLENT
2026-04-29 11:16:54,30.9,78.0,228.0,0.0,16.0,EXCELLENT
2026-04-29 11:16:56,30.9,77.9,240.0,0.0,20.0,EXCELLENT
2026-04-29 11:16:58,30.9,77.9,240.0,0.0,20.0,EXCELLENT
2026-04-29 11:17:00,30.9,78.0,232.0,0.0,17.3,EXCELLENT
2026-04-29 11:17:02,30.9,78.0,234.0,0.0,18.0,EXCELLENT
2026-04-29 11:17:04,30.9,77.9,237.0,0.0,19.0,EXCELLENT
2026-04-29 11:17:06,30.9,78.0,222.0,0.0,14.0,EXCELLENT
2026-04-29 11:17:08,30.9,78.0,221.0,0.0,13.7,EXCELLENT
2026-04-29 11:17:10,30.9,77.9,224.0,0.0,14.7,EXCELLENT
2026-04-29 11:17:12,30.9,77.9,227.0,0.0,15.7,EXCELLENT
2026-04-29 11:17:14,30.9,77.9,223.0,0.0,14.3,EXCELLENT
2026-04-29 11:17:16,30.9,77.9,226.0,0.0,15.3,EXCELLENT
2026-04-29 11:17:18,30.9,77.9,224.0,0.0,14.7,EXCELLENT
2026-04-29 11:17:20,30.9,77.8,221.0,0.0,13.7,EXCELLENT
2026-04-29 11:17:22,30.9,77.8,229.0,0.0,16.3,EXCELLENT
2026-04-29 11:17:24,30.9,77.9,234.0,0.0,18.0,EXCELLENT
2026-04-29 11:17:26,30.9,77.8,227.0,0.0,15.7,EXCELLENT
2026-04-29 11:17:28,30.9,77.8,231.0,0.0,17.0,EXCELLENT
2026-04-29 11:17:30,30.9,77.9,237.0,0.0,19.0,EXCELLENT
2026-04-29 11:17:32,30.9,77.9,229.0,0.0,16.3,EXCELLENT
2026-04-29 11:17:34,30.9,77.9,231.0,0.0,17.0,EXCELLENT
2026-04-29 11:17:36,30.8,77.9,239.0,0.0,19.7,EXCELLENT
2026-04-29 11:17:38,30.8,77.9,223.0,0.0,14.3,EXCELLENT
2026-04-29 11:17:40,30.9,77.9,224.0,0.0,14.7,EXCELLENT
2026-04-29 11:17:42,30.8,78.0,225.0,0.0,15.0,EXCELLENT
2026-04-29 11:17:44,30.8,78.0,209.0,0.0,9.7,EXCELLENT
2026-04-29 11:17:46,30.8,77.9,227.0,0.0,15.7,EXCELLENT
2026-04-29 11:17:48,30.8,77.9,211.0,0.0,10.3,EXCELLENT
2026-04-29 11:17:50,30.8,78.0,215.0,0.0,11.7,EXCELLENT
2026-04-29 11:17:52,30.8,78.0,214.0,0.0,11.3,EXCELLENT
2026-04-29 11:17:54,30.8,78.0,218.0,0.0,12.7,EXCELLENT
2026-04-29 11:17:56,30.8,78.1,214.0,0.0,11.3,EXCELLENT
2026-04-29 11:17:58,30.8,78.1,208.0,0.0,9.3,EXCELLENT
2026-04-29 11:18:00,30.8,78.1,209.0,0.0,9.7,EXCELLENT
2026-04-29 11:18:02,30.8,78.1,211.0,0.0,10.3,EXCELLENT
2026-04-29 11:18:04,30.8,78.1,211.0,0.0,10.3,EXCELLENT
2026-04-29 11:18:06,30.8,78.1,217.0,0.0,12.3,EXCELLENT
2026-04-29 11:18:08,30.8,78.2,207.0,0.0,9.0,EXCELLENT
2026-04-29 11:18:10,30.8,78.1,217.0,0.0,12.3,EXCELLENT
2026-04-29 11:18:12,30.8,78.2,224.0,0.0,14.7,EXCELLENT
2026-04-29 11:18:14,30.8,78.2,218.0,0.0,12.7,EXCELLENT
2026-04-29 11:18:16,30.8,78.2,224.0,0.0,14.7,EXCELLENT
2026-04-29 11:18:18,30.8,78.2,229.0,0.0,16.3,EXCELLENT
2026-04-29 11:18:20,30.8,78.2,208.0,0.0,9.3,EXCELLENT
2026-04-29 11:18:22,30.7,78.2,213.0,0.0,11.0,EXCELLENT
2026-04-29 11:18:24,30.7,78.1,211.0,0.0,10.3,EXCELLENT
2026-04-29 11:18:26,30.8,78.3,208.0,0.0,9.3,EXCELLENT
2026-04-29 11:18:28,30.7,78.2,212.0,0.0,10.7,EXCELLENT
2026-04-29 11:18:30,30.7,78.3,218.0,0.0,12.7,EXCELLENT
2026-04-29 11:18:32,30.7,78.3,213.0,0.0,11.0,EXCELLENT
2026-04-29 11:18:34,30.7,78.3,221.0,0.0,13.7,EXCELLENT
2026-04-29 11:18:36,30.8,78.3,217.0,0.0,12.3,EXCELLENT
2026-04-29 11:18:38,30.7,78.3,215.0,0.0,11.7,EXCELLENT
2026-04-29 11:18:40,30.7,78.4,213.0,0.0,11.0,EXCELLENT
2026-04-29 11:18:42,30.7,78.3,211.0,0.0,10.3,EXCELLENT
2026-04-29 11:18:44,30.7,78.3,215.0,0.0,11.7,EXCELLENT
2026-04-29 11:18:46,30.7,78.4,218.0,0.0,12.7,EXCELLENT
2026-04-29 11:18:48,30.7,78.4,221.0,0.0,13.7,EXCELLENT
2026-04-29 11:18:50,30.7,78.4,220.0,0.0,13.3,EXCELLENT
2026-04-29 11:18:52,30.7,78.4,219.0,1.0,13.0,EXCELLENT
2026-04-29 11:18:54,30.7,78.4,217.0,1.0,12.3,EXCELLENT
2026-04-29 11:18:56,30.7,78.4,214.0,0.0,11.3,EXCELLENT
2026-04-29 11:18:58,30.7,78.4,216.0,0.0,12.0,EXCELLENT
2026-04-29 11:19:00,30.7,78.4,212.0,0.0,10.7,EXCELLENT
2026-04-29 11:19:02,30.7,78.5,213.0,0.0,11.0,EXCELLENT
2026-04-29 11:19:04,30.6,78.5,214.0,0.0,11.3,EXCELLENT
2026-04-29 11:19:06,30.7,78.5,208.0,0.0,9.3,EXCELLENT
2026-04-29 11:19:08,30.6,78.6,214.0,0.0,11.3,EXCELLENT
2026-04-29 11:19:10,30.7,78.5,218.0,0.0,12.7,EXCELLENT
2026-04-29 11:19:12,30.6,78.5,214.0,0.0,11.3,EXCELLENT
2026-04-29 11:19:14,30.7,78.6,218.0,0.0,12.7,EXCELLENT
2026-04-29 11:19:16,30.6,78.6,225.0,1.0,15.0,EXCELLENT
2026-04-29 11:19:18,30.6,78.6,220.0,1.0,13.3,EXCELLENT
2026-04-29 11:19:20,30.7,78.7,212.0,0.0,10.7,EXCELLENT
2026-04-29 11:19:22,30.6,78.6,215.0,0.0,11.7,EXCELLENT
2026-04-29 11:19:24,30.6,78.6,223.0,0.0,14.3,EXCELLENT
2026-04-29 11:19:26,30.6,78.6,210.0,0.0,10.0,EXCELLENT
2026-04-29 11:19:28,30.6,78.6,221.0,0.0,13.7,EXCELLENT
2026-04-29 11:19:30,30.6,78.6,211.0,0.0,10.3,EXCELLENT
2026-04-29 11:19:32,30.6,78.6,216.0,0.0,12.0,EXCELLENT
2026-04-29 11:19:35,30.6,78.7,209.0,0.0,9.7,EXCELLENT
2026-04-29 11:19:36,30.6,78.7,221.0,0.0,13.7,EXCELLENT
2026-04-29 11:19:38,30.6,78.7,209.0,0.0,9.7,EXCELLENT
