Room_ID,DayType,Occupancy,Ventilation_Status,CO2,PM2.5,Humidity,Temperature,AQ_Label
1,0,1,1,490.458,20.0,50.0,24.0,0
1,0,1,1,490.505,20.0,50.0,24.0,0
1,0,1,1,489.08,20.0,50.0,24.0,0
1,0,1,1,488.189,20.0,50.0,24.0,0
1,0,1,1,485.401,20.0,50.0,24.0,0
1,0,1,1,484.354,20.0,50.0,24.0,0
1,0,1,1,484.315,20.0,50.0,24.0,0
1,0,1,1,486.062,20.0,50.0,24.0,0
1,0,1,1,486.384,20.0,50.0,24.0,0
1,0,1,1,488.766,20.0,50.0,24.0,0
1,0,1,1,489.28,20.0,50.0,24.0,0
1,0,1,1,490.248,20.0,50.0,24.0,0
1,0,1,1,493.033,20.0,50.0,24.0,0
1,0,1,1,491.86,20.0,50.0,24.0,0
1,0,1,1,497.879,20.0,50.0,24.0,0
1,0,1,1,498.922,20.0,50.0,24.0,0
1,0,1,1,496.826,20.0,50.0,24.0,0
1,0,1,1,493.815,20.0,50.0,24.0,0
1,0,1,1,493.682,20.0,50.0,24.0,0
1,0,1,1,494.644,20.0,50.0,24.0,0
1,0,1,1,494.926,20.0,50.0,24.0,0
1,0,1,1,496.999,20.0,50.0,24.0,0
1,0,1,1,497.988,20.0,50.0,24.0,0
1,0,1,1,499.614,20.0,50.0,24.0,0
1,0,1,1,508.23,20.0,50.0,24.0,0
1,0,1,1,510.182,20.0,50.0,24.0,0
1,0,1,1,523.249,20.0,50.0,24.0,0
1,0,1,1,524.302,20.0,50.0,24.0,0
1,0,1,1,530.527,20.0,50.0,24.0,0
1,0,1,1,536.689,20.0,50.0,24.0,0
1,0,1,1,534.482,20.0,50.0,24.0,0
1,0,1,1,529.809,20.0,50.0,24.0,0
1,0,1,1,529.363,20.0,50.0,24.0,0
1,0,1,1,535.622,20.0,50.0,24.0,0
1,0,1,1,538.413,20.0,50.0,24.0,0
1,0,1,1,539.172,20.0,50.0,24.0,0
1,0,1,1,537.4,20.0,50.0,24.0,0
1,0,1,1,536.825,20.0,50.0,24.0,0
1,0,1,1,532.094,20.0,50.0,24.0,0
1,0,1,1,528.657,20.0,50.0,24.0,0
1,0,1,1,523.819,20.0,50.0,24.0,0
1,0,1,1,523.305,20.0,50.0,24.0,0
1,0,1,1,527.023,20.0,50.0,24.0,0
1,0,1,1,526.27,20.0,50.0,24.0,0
1,0,1,1,512.789,20.0,50.0,24.0,0
1,0,1,1,500.674,20.0,50.0,24.0,0
1,0,1,1,495.141,20.0,50.0,24.0,0
1,0,1,1,497.396,20.0,50.0,24.0,0
1,0,1,1,497.076,20.0,50.0,24.0,0
1,0,1,1,497.353,20.0,50.0,24.0,0
1,0,1,1,497.235,20.0,50.0,24.0,0
1,0,1,1,501.81,20.0,50.0,24.0,0
1,0,1,1,509.626,20.0,50.0,24.0,0
1,0,1,1,511.992,20.0,50.0,24.0,0
1,0,1,1,514.48,20.0,50.0,24.0,0
1,0,1,1,515.375,20.0,50.0,24.0,0
1,0,1,1,518.321,20.0,50.0,24.0,0
1,0,1,1,521.247,20.0,50.0,24.0,0
1,0,1,1,514.316,20.0,50.0,24.0,0
1,0,1,1,506.746,20.0,50.0,24.0,0
1,0,1,1,500.315,20.0,50.0,24.0,0
1,0,1,1,498.414,20.0,50.0,24.0,0
1,0,1,1,499.527,20.0,50.0,24.0,0
1,0,1,1,500.821,20.0,50.0,24.0,0
1,0,1,1,500.269,20.0,50.0,24.0,0
1,0,1,1,501.871,20.0,50.0,24.0,0
1,0,1,1,507.0,20.0,50.0,24.0,0
1,0,1,1,514.662,20.0,50.0,24.0,0
1,0,1,1,514.777,20.0,50.0,24.0,0
1,0,1,1,512.404,20.0,50.0,24.0,0
1,0,1,1,511.983,20.0,50.0,24.0,0
1,0,1,1,512.195,20.0,50.0,24.0,0
1,0,1,1,509.873,20.0,50.0,24.0,0
1,0,1,1,508.059,20.0,50.0,24.0,0
1,0,1,1,508.992,20.0,50.0,24.0,0
1,0,1,1,511.694,20.0,50.0,24.0,0
1,0,1,1,512.98,20.0,50.0,24.0,0
1,0,1,1,511.222,20.0,50.0,24.0,0
1,0,1,1,511.706,20.0,50.0,24.0,0
1,0,1,1,508.498,20.0,50.0,24.0,0
1,0,1,1,505.882,20.0,50.0,24.0,0
1,0,1,1,513.683,20.0,50.0,24.0,0
1,0,1,1,515.643,20.0,50.0,24.0,0
1,0,1,1,511.725,20.0,50.0,24.0,0
1,0,1,1,508.827,20.0,50.0,24.0,0
1,0,1,1,509.713,20.0,50.0,24.0,0
1,0,1,1,513.321,20.0,50.0,24.0,0
1,0,1,1,515.434,20.0,50.0,24.0,0
1,0,1,1,515.257,20.0,50.0,24.0,0
1,0,1,1,520.027,20.0,50.0,24.0,0
1,0,1,1,521.991,20.0,50.0,24.0,0
1,0,1,1,521.28,20.0,50.0,24.0,0
1,0,1,1,517.893,20.0,50.0,24.0,0
1,0,1,1,513.353,20.0,50.0,24.0,0
1,0,1,1,508.386,20.0,50.0,24.0,0
1,0,1,1,507.022,20.0,50.0,24.0,0
1,0,1,1,500.035,20.0,50.0,24.0,0
1,0,1,1,502.243,20.0,50.0,24.0,0
1,0,1,1,503.257,20.0,50.0,24.0,0
1,0,1,1,504.906,20.0,50.0,24.0,0
1,0,1,1,505.678,20.0,50.0,24.0,0
1,0,1,1,502.717,20.0,50.0,24.0,0
1,0,1,1,502.547,20.0,50.0,24.0,0
1,0,1,1,506.178,20.0,50.0,24.0,0
1,0,1,1,507.179,20.0,50.0,24.0,0
1,0,1,1,504.904,20.0,50.0,24.0,0
1,0,1,1,505.687,20.0,50.0,24.0,0
1,0,1,1,506.593,20.0,50.0,24.0,0
1,0,1,1,507.333,20.0,50.0,24.0,0
1,0,1,1,507.864,20.0,50.0,24.0,0
1,0,1,1,509.999,20.0,50.0,24.0,0
1,0,1,1,514.531,20.0,50.0,24.0,0
1,0,1,1,516.341,20.0,50.0,24.0,0
1,0,1,1,516.192,20.0,50.0,24.0,0
1,0,1,1,516.138,20.0,50.0,24.0,0
1,0,1,1,512.219,20.0,50.0,24.0,0
1,0,1,1,514.111,20.0,50.0,24.0,0
1,0,1,1,515.194,20.0,50.0,24.0,0
1,0,1,1,514.184,20.0,50.0,24.0,0
1,0,1,1,513.013,20.0,50.0,24.0,0
1,0,1,1,511.932,20.0,50.0,24.0,0
1,0,1,1,509.354,20.0,50.0,24.0,0
1,0,1,1,507.363,20.0,50.0,24.0,0
1,0,1,1,507.902,20.0,50.0,24.0,0
1,0,1,1,508.353,20.0,50.0,24.0,0
1,0,1,1,508.518,20.0,50.0,24.0,0
1,0,1,1,507.501,20.0,50.0,24.0,0
1,0,1,1,505.132,20.0,50.0,24.0,0
1,0,1,1,511.158,20.0,50.0,24.0,0
1,0,1,1,512.362,20.0,50.0,24.0,0
1,0,1,1,511.426,20.0,50.0,24.0,0
1,0,1,1,512.272,20.0,50.0,24.0,0
1,0,1,1,511.106,20.0,50.0,24.0,0
1,0,1,1,506.459,20.0,50.0,24.0,0
1,0,1,1,507.472,20.0,50.0,24.0,0
1,0,1,1,509.612,20.0,50.0,24.0,0
1,0,1,1,513.536,20.0,50.0,24.0,0
1,0,1,1,513.677,20.0,50.0,24.0,0
1,0,1,1,512.723,20.0,50.0,24.0,0
1,0,1,1,511.891,20.0,50.0,24.0,0
1,0,1,1,511.91,20.0,50.0,24.0,0
1,0,1,1,513.015,20.0,50.0,24.0,0
1,0,1,1,510.458,20.0,50.0,24.0,0
1,0,1,1,510.073,20.0,50.0,24.0,0
1,0,1,1,512.751,20.0,50.0,24.0,0
1,0,1,1,512.694,20.0,50.0,24.0,0
1,0,1,1,510.299,20.0,50.0,24.0,0
1,0,1,1,506.284,20.0,50.0,24.0,0
1,0,1,1,504.291,20.0,50.0,24.0,0
1,0,1,1,504.254,20.0,50.0,24.0,0
1,0,1,1,502.617,20.0,50.0,24.0,0
1,0,1,1,501.997,20.0,50.0,24.0,0
1,0,1,1,496.686,20.0,50.0,24.0,0
1,0,1,1,494.439,20.0,50.0,24.0,0
1,0,1,1,493.72,20.0,50.0,24.0,0
1,0,1,1,493.075,20.0,50.0,24.0,0
1,0,1,1,494.716,20.0,50.0,24.0,0
1,0,1,1,495.755,20.0,50.0,24.0,0
1,0,1,1,494.64,20.0,50.0,24.0,0
1,0,1,1,495.231,20.0,50.0,24.0,0
1,0,1,1,493.501,20.0,50.0,24.0,0
1,0,1,1,490.63,20.0,50.0,24.0,0
1,0,1,1,487.683,20.0,50.0,24.0,0
1,0,1,1,484.889,20.0,50.0,24.0,0
1,0,1,1,485.873,20.0,50.0,24.0,0
1,0,1,1,484.353,20.0,50.0,24.0,0
1,0,1,1,487.736,20.0,50.0,24.0,0
1,0,1,1,487.053,20.0,50.0,24.0,0
1,0,1,1,484.8,20.0,50.0,24.0,0
1,0,1,1,485.437,20.0,50.0,24.0,0
1,0,1,1,484.624,20.0,50.0,24.0,0
1,0,1,1,480.293,20.0,50.0,24.0,0
1,0,1,1,482.739,20.0,50.0,24.0,0
1,0,1,1,483.163,20.0,50.0,24.0,0
1,0,1,1,482.177,20.0,50.0,24.0,0
1,0,1,1,476.352,20.0,50.0,24.0,0
1,0,1,1,474.46,20.0,50.0,24.0,0
1,0,1,1,478.593,20.0,50.0,24.0,0
1,0,1,1,481.146,20.0,50.0,24.0,0
1,0,1,1,481.842,20.0,50.0,24.0,0
1,0,1,1,480.945,20.0,50.0,24.0,0
1,0,1,1,479.975,20.0,50.0,24.0,0
1,0,1,1,488.651,20.0,50.0,24.0,0
1,0,1,1,489.434,20.0,50.0,24.0,0
1,0,1,1,482.26,20.0,50.0,24.0,0
1,0,1,1,481.884,20.0,50.0,24.0,0
1,0,1,1,479.818,20.0,50.0,24.0,0
1,0,1,1,480.886,20.0,50.0,24.0,0
1,0,1,1,476.452,20.0,50.0,24.0,0
1,0,1,1,479.627,20.0,50.0,24.0,0
1,0,1,1,478.9,20.0,50.0,24.0,0
1,0,1,1,479.836,20.0,50.0,24.0,0
1,0,1,1,481.758,20.0,50.0,24.0,0
1,0,1,1,482.75,20.0,50.0,24.0,0
1,0,1,1,480.897,20.0,50.0,24.0,0
1,0,1,1,480.003,20.0,50.0,24.0,0
1,0,1,1,480.762,20.0,50.0,24.0,0
1,0,1,1,484.545,20.0,50.0,24.0,0
1,0,1,1,483.745,20.0,50.0,24.0,0
1,0,1,1,487.432,20.0,50.0,24.0,0
1,0,1,1,493.213,20.0,50.0,24.0,0
1,0,1,1,491.492,20.0,50.0,24.0,0
1,0,1,1,488.498,20.0,50.0,24.0,0
1,0,1,1,481.825,20.0,50.0,24.0,0
1,0,1,1,487.116,20.0,50.0,24.0,0
1,0,1,1,483.841,20.0,50.0,24.0,0
1,0,1,1,478.616,20.0,50.0,24.0,0
1,0,1,1,480.578,20.0,50.0,24.0,0
1,0,1,1,488.735,20.0,50.0,24.0,0
1,0,1,1,491.154,20.0,50.0,24.0,0
1,0,1,1,493.244,20.0,50.0,24.0,0
1,0,1,1,488.089,20.0,50.0,24.0,0
1,0,1,1,480.307,20.0,50.0,24.0,0
1,0,1,1,477.923,20.0,50.0,24.0,0
1,0,1,1,494.233,20.0,50.0,24.0,0
1,0,1,1,493.066,20.0,50.0,24.0,0
1,0,1,1,495.667,20.0,50.0,24.0,0
1,0,1,1,487.754,20.0,50.0,24.0,0
1,0,1,1,484.761,20.0,50.0,24.0,0
1,0,1,1,480.209,20.0,50.0,24.0,0
1,0,1,1,472.362,20.0,50.0,24.0,0
1,0,1,1,467.929,20.0,50.0,24.0,0
1,0,1,1,466.644,20.0,50.0,24.0,0
1,0,1,1,463.094,20.0,50.0,24.0,0
1,0,1,1,463.128,20.0,50.0,24.0,0
1,0,1,1,464.681,20.0,50.0,24.0,0
1,0,1,1,466.881,20.0,50.0,24.0,0
1,0,1,1,473.085,20.0,50.0,24.0,0
1,0,1,1,474.88,20.0,50.0,24.0,0
1,0,1,1,479.425,20.0,50.0,24.0,0
1,0,1,1,479.273,20.0,50.0,24.0,0
1,0,1,1,480.422,20.0,50.0,24.0,0
1,0,1,1,477.467,20.0,50.0,24.0,0
1,0,1,1,478.389,20.0,50.0,24.0,0
1,0,1,1,476.719,20.0,50.0,24.0,0
1,0,1,1,474.097,20.0,50.0,24.0,0
1,0,1,1,474.589,20.0,50.0,24.0,0
1,0,1,1,474.392,20.0,50.0,24.0,0
1,0,1,1,468.714,20.0,50.0,24.0,0
1,0,1,1,467.968,20.0,50.0,24.0,0
1,0,1,1,479.698,20.0,50.0,24.0,0
1,0,1,1,484.275,20.0,50.0,24.0,0
1,0,1,1,485.915,20.0,50.0,24.0,0
1,0,1,1,484.505,20.0,50.0,24.0,0
1,0,1,1,488.93,20.0,50.0,24.0,0
1,0,1,1,481.07,20.0,50.0,24.0,0
1,0,1,1,468.142,20.0,50.0,24.0,0
1,0,1,1,463.35,20.0,50.0,24.0,0
1,0,1,1,464.383,20.0,50.0,24.0,0
1,0,1,1,464.744,20.0,50.0,24.0,0
1,0,1,1,465.66,20.0,50.0,24.0,0
1,0,1,1,460.384,20.0,50.0,24.0,0
1,0,1,1,458.085,20.0,50.0,24.0,0
1,0,1,1,459.809,20.0,50.0,24.0,0
1,0,1,1,461.322,20.0,50.0,24.0,0
1,0,1,1,467.737,20.0,50.0,24.0,0
1,0,1,1,463.882,20.0,50.0,24.0,0
1,0,1,1,484.4,20.0,50.0,24.0,0
1,0,1,1,518.577,20.0,50.0,24.0,0
1,0,1,1,523.307,20.0,50.0,24.0,0
1,0,1,1,520.434,20.0,50.0,24.0,0
1,0,1,1,523.413,20.0,50.0,24.0,0
1,0,1,1,512.337,20.0,50.0,24.0,0
1,0,1,1,513.625,20.0,50.0,24.0,0
1,0,1,1,540.882,20.0,50.0,24.0,0
1,0,1,1,527.716,20.0,50.0,24.0,0
1,0,1,1,554.298,20.0,50.0,24.0,0
1,0,1,1,535.497,20.0,50.0,24.0,0
1,0,1,1,523.539,20.0,50.0,24.0,0
1,0,1,1,508.713,20.0,50.0,24.0,0
1,0,1,1,526.56,20.0,50.0,24.0,0
1,0,1,1,532.828,20.0,50.0,24.0,0
1,0,1,1,521.311,20.0,50.0,24.0,0
1,0,1,1,505.508,20.0,50.0,24.0,0
1,0,1,1,512.113,20.0,50.0,24.0,0
1,0,1,1,514.668,20.0,50.0,24.0,0
1,0,1,1,515.812,20.0,50.0,24.0,0
1,0,1,1,524.34,20.0,50.0,24.0,0
1,0,1,1,513.652,20.0,50.0,24.0,0
1,0,1,1,516.588,20.0,50.0,24.0,0
1,0,1,1,519.143,20.0,50.0,24.0,0
1,0,1,1,521.804,20.0,50.0,24.0,0
1,0,1,1,520.384,20.0,50.0,24.0,0
1,0,1,1,519.496,20.0,50.0,24.0,0
1,0,1,1,525.829,20.0,50.0,24.0,0
1,0,1,1,516.202,20.0,50.0,24.0,0
1,0,1,1,512.558,20.0,50.0,24.0,0
1,0,1,1,507.249,20.0,50.0,24.0,0
1,0,1,1,504.521,20.0,50.0,24.0,0
1,0,1,1,503.04,20.0,50.0,24.0,0
1,0,1,1,500.102,20.0,50.0,24.0,0
1,0,1,1,499.53,20.0,50.0,24.0,0
1,0,1,1,492.622,20.0,50.0,24.0,0
1,0,1,1,488.159,20.0,50.0,24.0,0
1,0,1,1,491.667,20.0,50.0,24.0,0
1,0,1,1,497.754,20.0,50.0,24.0,0
1,0,1,1,498.1,20.0,50.0,24.0,0
1,0,1,1,491.324,20.0,50.0,24.0,0
1,0,1,1,493.333,20.0,50.0,24.0,0
1,0,1,1,498.045,20.0,50.0,24.0,0
1,0,1,1,507.9,20.0,50.0,24.0,0
1,0,1,1,492.835,20.0,50.0,24.0,0
1,0,1,1,488.412,20.0,50.0,24.0,0
1,0,1,1,486.526,20.0,50.0,24.0,0
1,0,1,1,493.107,20.0,50.0,24.0,0
1,0,1,1,493.826,20.0,50.0,24.0,0
1,0,1,1,497.688,20.0,50.0,24.0,0
1,0,1,1,483.627,20.0,50.0,24.0,0
1,0,1,1,479.999,20.0,50.0,24.0,0
1,0,1,1,477.749,20.0,50.0,24.0,0
1,0,1,1,482.174,20.0,50.0,24.0,0
1,0,1,1,466.996,20.0,50.0,24.0,0
1,0,1,1,462.656,20.0,50.0,24.0,0
1,0,1,1,495.749,20.0,50.0,24.0,0
1,0,1,1,478.487,20.0,50.0,24.0,0
1,0,1,1,479.264,20.0,50.0,24.0,0
1,0,1,1,475.682,20.0,50.0,24.0,0
1,0,1,1,473.76,20.0,50.0,24.0,0
1,0,1,1,480.205,20.0,50.0,24.0,0
1,0,1,1,483.413,20.0,50.0,24.0,0
1,0,1,1,488.585,20.0,50.0,24.0,0
1,0,1,1,487.66,20.0,50.0,24.0,0
1,0,1,1,500.252,20.0,50.0,24.0,0
1,0,1,1,492.104,20.0,50.0,24.0,0
1,0,1,1,485.519,20.0,50.0,24.0,0
1,0,1,1,479.836,20.0,50.0,24.0,0
1,0,1,1,480.226,20.0,50.0,24.0,0
1,0,1,1,486.228,20.0,50.0,24.0,0
1,0,1,1,500.909,20.0,50.0,24.0,0
1,0,1,1,482.576,20.0,50.0,24.0,0
1,0,1,1,474.79,20.0,50.0,24.0,0
1,0,1,1,478.122,20.0,50.0,24.0,0
1,0,1,1,480.936,20.0,50.0,24.0,0
1,0,1,1,484.748,20.0,50.0,24.0,0
1,0,1,1,492.393,20.0,50.0,24.0,0
1,0,1,1,490.256,20.0,50.0,24.0,0
1,0,1,1,486.448,20.0,50.0,24.0,0
1,0,1,1,478.944,20.0,50.0,24.0,0
1,0,1,1,471.549,20.0,50.0,24.0,0
1,0,1,1,477.608,20.0,50.0,24.0,0
1,0,1,1,484.015,20.0,50.0,24.0,0
1,0,1,1,492.936,20.0,50.0,24.0,0
1,0,1,1,500.645,20.0,50.0,24.0,0
1,0,1,1,490.565,20.0,50.0,24.0,0
1,0,1,1,483.485,20.0,50.0,24.0,0
1,0,1,1,485.98,20.0,50.0,24.0,0
1,0,1,1,491.579,20.0,50.0,24.0,0
1,0,1,1,471.009,20.0,50.0,24.0,0
1,0,1,1,483.362,20.0,50.0,24.0,0
1,0,1,1,477.337,20.0,50.0,24.0,0
1,0,1,1,515.94,20.0,50.0,24.0,0
1,0,1,1,502.669,20.0,50.0,24.0,0
1,0,1,1,471.156,20.0,50.0,24.0,0
1,0,1,1,469.509,20.0,50.0,24.0,0
1,0,1,1,461.429,20.0,50.0,24.0,0
1,0,1,1,473.59,20.0,50.0,24.0,0
1,0,1,1,480.86,20.0,50.0,24.0,0
1,0,1,1,479.999,20.0,50.0,24.0,0
1,0,1,1,481.702,20.0,50.0,24.0,0
1,0,1,1,498.874,20.0,50.0,24.0,0
1,0,1,1,511.376,20.0,50.0,24.0,0
1,0,1,1,489.015,20.0,50.0,24.0,0
1,0,1,1,476.162,20.0,50.0,24.0,0
1,0,1,1,488.961,20.0,50.0,24.0,0
1,0,1,1,493.075,20.0,50.0,24.0,0
1,0,1,1,490.558,20.0,50.0,24.0,0
1,0,1,1,491.749,20.0,50.0,24.0,0
1,0,1,1,491.817,20.0,50.0,24.0,0
1,0,1,1,485.906,20.0,50.0,24.0,0
1,0,1,1,494.898,20.0,50.0,24.0,0
1,0,1,1,482.749,20.0,50.0,24.0,0
1,0,1,1,495.834,20.0,50.0,24.0,0
1,0,1,1,515.92,20.0,50.0,24.0,0
1,0,1,1,506.004,20.0,50.0,24.0,0
1,0,1,1,494.743,20.0,50.0,24.0,0
1,0,1,1,495.372,20.0,50.0,24.0,0
1,0,1,1,487.741,20.0,50.0,24.0,0
1,0,1,1,480.206,20.0,50.0,24.0,0
1,0,1,1,470.752,20.0,50.0,24.0,0
1,0,1,1,478.388,20.0,50.0,24.0,0
1,0,1,1,509.579,20.0,50.0,24.0,0
1,0,1,1,495.976,20.0,50.0,24.0,0
1,0,1,1,502.043,20.0,50.0,24.0,0
1,0,1,1,488.507,20.0,50.0,24.0,0
1,0,1,1,491.554,20.0,50.0,24.0,0
1,0,1,1,491.673,20.0,50.0,24.0,0
1,0,1,1,496.548,20.0,50.0,24.0,0
1,0,1,1,488.977,20.0,50.0,24.0,0
1,0,1,1,480.358,20.0,50.0,24.0,0
1,0,1,1,491.655,20.0,50.0,24.0,0
1,0,1,1,482.658,20.0,50.0,24.0,0
1,0,1,1,480.813,20.0,50.0,24.0,0
1,0,1,1,476.682,20.0,50.0,24.0,0
1,0,1,1,463.365,20.0,50.0,24.0,0
1,0,1,1,466.567,20.0,50.0,24.0,0
1,0,1,1,481.074,20.0,50.0,24.0,0
1,0,1,1,479.35,20.0,50.0,24.0,0
1,0,1,1,469.842,20.0,50.0,24.0,0
1,0,1,1,477.699,20.0,50.0,24.0,0
1,0,1,1,476.653,20.0,50.0,24.0,0
1,0,1,1,489.997,20.0,50.0,24.0,0
1,0,1,1,499.5,20.0,50.0,24.0,0
1,0,1,1,481.742,20.0,50.0,24.0,0
1,0,1,1,476.091,20.0,50.0,24.0,0
1,0,1,1,449.738,20.0,50.0,24.0,0
1,0,1,1,445.298,20.0,50.0,24.0,0
1,0,1,1,452.428,20.0,50.0,24.0,0
1,0,1,1,457.004,20.0,50.0,24.0,0
1,0,1,1,458.959,20.0,50.0,24.0,0
1,0,1,1,457.375,20.0,50.0,24.0,0
1,0,1,1,455.186,20.0,50.0,24.0,0
1,0,1,1,472.728,20.0,50.0,24.0,0
1,0,1,1,462.189,20.0,50.0,24.0,0
1,0,1,1,463.146,20.0,50.0,24.0,0
1,0,1,1,447.18,20.0,50.0,24.0,0
1,0,1,1,445.61,20.0,50.0,24.0,0
1,0,1,1,451.394,20.0,50.0,24.0,0
1,0,1,1,459.371,20.0,50.0,24.0,0
1,0,1,1,463.77,20.0,50.0,24.0,0
1,0,1,1,464.873,20.0,50.0,24.0,0
1,0,1,1,452.389,20.0,50.0,24.0,0
1,0,1,1,443.546,20.0,50.0,24.0,0
1,0,1,1,439.916,20.0,50.0,24.0,0
1,0,1,1,452.504,20.0,50.0,24.0,0
1,0,1,1,456.245,20.0,50.0,24.0,0
1,0,1,1,458.289,20.0,50.0,24.0,0
1,0,1,1,465.005,20.0,50.0,24.0,0
1,0,1,1,452.155,20.0,50.0,24.0,0
1,0,1,1,444.029,20.0,50.0,24.0,0
1,0,1,1,443.07,20.0,50.0,24.0,0
1,0,1,1,442.728,20.0,50.0,24.0,0
1,0,1,1,443.838,20.0,50.0,24.0,0
1,0,1,1,444.521,20.0,50.0,24.0,0
1,0,1,1,445.485,20.0,50.0,24.0,0
1,0,1,1,443.992,20.0,50.0,24.0,0
1,0,1,1,441.498,20.0,50.0,24.0,0
1,0,1,1,439.327,20.0,50.0,24.0,0
1,0,1,1,441.894,20.0,50.0,24.0,0
1,0,1,1,443.64,20.0,50.0,24.0,0
1,0,1,1,445.529,20.0,50.0,24.0,0
1,0,1,1,455.75,20.0,50.0,24.0,0
1,0,1,1,475.127,20.0,50.0,24.0,0
1,0,1,1,465.975,20.0,50.0,24.0,0
1,0,1,1,457.474,20.0,50.0,24.0,0
1,0,1,1,468.724,20.0,50.0,24.0,0
1,0,1,1,473.774,20.0,50.0,24.0,0
1,0,1,1,464.088,20.0,50.0,24.0,0
1,0,1,1,464.808,20.0,50.0,24.0,0
1,0,1,1,471.276,20.0,50.0,24.0,0
1,0,1,1,475.94,20.0,50.0,24.0,0
1,0,1,1,467.11,20.0,50.0,24.0,0
1,0,1,1,483.677,20.0,50.0,24.0,0
1,0,1,1,475.844,20.0,50.0,24.0,0
1,0,1,1,477.714,20.0,50.0,24.0,0
1,0,1,1,482.014,20.0,50.0,24.0,0
1,0,1,1,472.274,20.0,50.0,24.0,0
1,0,1,1,479.549,20.0,50.0,24.0,0
1,0,1,1,468.634,20.0,50.0,24.0,0
1,0,1,1,471.202,20.0,50.0,24.0,0
1,0,1,1,457.646,20.0,50.0,24.0,0
1,0,1,1,451.696,20.0,50.0,24.0,0
1,0,1,1,460.217,20.0,50.0,24.0,0
1,0,1,1,476.695,20.0,50.0,24.0,0
1,0,1,1,483.751,20.0,50.0,24.0,0
1,0,1,1,468.112,20.0,50.0,24.0,0
1,0,1,1,476.367,20.0,50.0,24.0,0
1,0,1,1,489.343,20.0,50.0,24.0,0
1,0,1,1,510.914,20.0,50.0,24.0,0
1,0,1,1,499.71,20.0,50.0,24.0,0
1,0,1,1,507.949,20.0,50.0,24.0,0
1,0,1,1,494.279,20.0,50.0,24.0,0
1,0,1,1,510.178,20.0,50.0,24.0,0
1,0,1,1,516.986,20.0,50.0,24.0,0
1,0,1,1,528.293,20.0,50.0,24.0,0
1,0,1,1,542.965,20.0,50.0,24.0,0
1,0,1,1,550.319,20.0,50.0,24.0,0
1,0,1,1,541.808,20.0,50.0,24.0,0
1,0,1,1,522.826,20.0,50.0,24.0,0
1,0,1,1,541.681,20.0,50.0,24.0,0
1,0,1,1,515.548,20.0,50.0,24.0,0
1,0,1,1,532.631,20.0,50.0,24.0,0
1,0,1,1,502.894,20.0,50.0,24.0,0
1,0,1,1,501.018,20.0,50.0,24.0,0
1,0,1,1,506.08,20.0,50.0,24.0,0
1,0,1,1,499.687,20.0,50.0,24.0,0
1,0,1,1,511.519,20.0,50.0,24.0,0
1,0,1,1,505.12,20.0,50.0,24.0,0
1,0,1,1,509.511,20.0,50.0,24.0,0
1,0,1,1,516.722,20.0,50.0,24.0,0
1,0,1,1,511.836,20.0,50.0,24.0,0
1,0,1,1,510.87,20.0,50.0,24.0,0
1,0,1,1,510.704,20.0,50.0,24.0,0
1,0,1,1,504.181,20.0,50.0,24.0,0
1,0,1,1,503.941,20.0,50.0,24.0,0
1,0,1,1,499.625,20.0,50.0,24.0,0
1,0,1,1,500.43,20.0,50.0,24.0,0
1,0,1,1,500.149,20.0,50.0,24.0,0
1,0,1,1,495.412,20.0,50.0,24.0,0
1,0,1,1,503.464,20.0,50.0,24.0,0
1,0,1,1,505.33,20.0,50.0,24.0,0
1,0,1,1,503.831,20.0,50.0,24.0,0
1,0,1,1,505.595,20.0,50.0,24.0,0
1,0,1,1,495.775,20.0,50.0,24.0,0
1,0,1,1,497.655,20.0,50.0,24.0,0
1,0,1,1,496.371,20.0,50.0,24.0,0
1,0,1,1,490.174,20.0,50.0,24.0,0
1,0,1,1,490.004,20.0,50.0,24.0,0
1,0,1,1,489.907,20.0,50.0,24.0,0
1,0,1,1,499.733,20.0,50.0,24.0,0
1,0,1,1,490.421,20.0,50.0,24.0,0
1,0,1,1,474.59,20.0,50.0,24.0,0
1,0,1,1,490.98,20.0,50.0,24.0,0
1,0,1,1,495.802,20.0,50.0,24.0,0
1,0,1,1,499.087,20.0,50.0,24.0,0
1,0,1,1,507.632,20.0,50.0,24.0,0
1,0,1,1,498.991,20.0,50.0,24.0,0
1,0,1,1,480.42,20.0,50.0,24.0,0
1,0,1,1,474.881,20.0,50.0,24.0,0
1,0,1,1,470.281,20.0,50.0,24.0,0
1,0,1,1,477.127,20.0,50.0,24.0,0
1,0,1,1,484.226,20.0,50.0,24.0,0
1,0,1,1,483.219,20.0,50.0,24.0,0
1,0,1,1,487.734,20.0,50.0,24.0,0
1,0,1,1,483.466,20.0,50.0,24.0,0
1,0,1,1,479.558,20.0,50.0,24.0,0
1,0,1,1,474.375,20.0,50.0,24.0,0
1,0,1,1,480.673,20.0,50.0,24.0,0
1,0,1,1,492.816,20.0,50.0,24.0,0
1,0,1,1,493.015,20.0,50.0,24.0,0
1,0,1,1,487.222,20.0,50.0,24.0,0
1,0,1,1,482.428,20.0,50.0,24.0,0
1,0,1,1,482.415,20.0,50.0,24.0,0
1,0,1,1,481.419,20.0,50.0,24.0,0
1,0,1,1,485.71,20.0,50.0,24.0,0
1,0,1,1,497.248,20.0,50.0,24.0,0
1,0,1,1,500.891,20.0,50.0,24.0,0
1,0,1,1,499.012,20.0,50.0,24.0,0
1,0,1,1,495.253,20.0,50.0,24.0,0
1,0,1,1,489.804,20.0,50.0,24.0,0
1,0,1,1,487.172,20.0,50.0,24.0,0
1,0,1,1,485.083,20.0,50.0,24.0,0
1,0,1,1,505.374,20.0,50.0,24.0,0
1,0,1,1,520.314,20.0,50.0,24.0,0
1,0,1,1,522.686,20.0,50.0,24.0,0
1,0,1,1,521.162,20.0,50.0,24.0,0
1,0,1,1,517.742,20.0,50.0,24.0,0
1,0,1,1,514.631,20.0,50.0,24.0,0
1,0,1,1,505.894,20.0,50.0,24.0,0
1,0,1,1,516.721,20.0,50.0,24.0,0
1,0,1,1,509.906,20.0,50.0,24.0,0
1,0,1,1,506.857,20.0,50.0,24.0,0
1,0,1,1,498.479,20.0,50.0,24.0,0
1,0,1,1,491.282,20.0,50.0,24.0,0
1,0,1,1,498.575,20.0,50.0,24.0,0
1,0,1,1,507.01,20.0,50.0,24.0,0
1,0,1,1,507.184,20.0,50.0,24.0,0
1,0,1,1,501.393,20.0,50.0,24.0,0
1,0,1,1,507.34,20.0,50.0,24.0,0
1,0,1,1,507.375,20.0,50.0,24.0,0
1,0,1,1,478.72,20.0,50.0,24.0,0
1,0,1,1,479.306,20.0,50.0,24.0,0
1,0,1,1,486.313,20.0,50.0,24.0,0
1,0,1,1,483.643,20.0,50.0,24.0,0
1,0,1,1,482.276,20.0,50.0,24.0,0
1,0,1,1,483.788,20.0,50.0,24.0,0
1,0,1,1,477.016,20.0,50.0,24.0,0
1,0,1,1,488.47,20.0,50.0,24.0,0
1,0,1,1,506.286,20.0,50.0,24.0,0
1,0,1,1,494.158,20.0,50.0,24.0,0
1,0,1,1,493.15,20.0,50.0,24.0,0
1,0,1,1,500.533,20.0,50.0,24.0,0
1,0,1,1,502.699,20.0,50.0,24.0,0
1,0,1,1,511.987,20.0,50.0,24.0,0
1,0,1,1,522.435,20.0,50.0,24.0,0
1,0,1,1,514.11,20.0,50.0,24.0,0
1,0,1,1,505.116,20.0,50.0,24.0,0
1,0,1,1,508.266,20.0,50.0,24.0,0
1,0,1,1,506.969,20.0,50.0,24.0,0
1,0,1,1,486.703,20.0,50.0,24.0,0
1,0,1,1,510.092,20.0,50.0,24.0,0
1,0,1,1,525.685,20.0,50.0,24.0,0
1,0,1,1,518.455,20.0,50.0,24.0,0
1,0,1,1,507.7,20.0,50.0,24.0,0
1,0,1,1,498.092,20.0,50.0,24.0,0
1,0,1,1,477.798,20.0,50.0,24.0,0
1,0,1,1,465.378,20.0,50.0,24.0,0
1,0,1,1,460.315,20.0,50.0,24.0,0
1,0,1,1,455.057,20.0,50.0,24.0,0
1,0,1,1,453.688,20.0,50.0,24.0,0
1,0,1,1,450.607,20.0,50.0,24.0,0
1,0,1,1,447.786,20.0,50.0,24.0,0
1,0,1,1,448.97,20.0,50.0,24.0,0
1,0,1,1,464.418,20.0,50.0,24.0,0
1,0,1,1,472.435,20.0,50.0,24.0,0
1,0,1,1,473.623,20.0,50.0,24.0,0
1,0,1,1,480.808,20.0,50.0,24.0,0
1,0,1,1,476.793,20.0,50.0,24.0,0
1,0,1,1,472.276,20.0,50.0,24.0,0
1,0,1,1,466.6,20.0,50.0,24.0,0
1,0,1,1,469.192,20.0,50.0,24.0,0
1,0,1,1,466.595,20.0,50.0,24.0,0
1,0,1,1,466.84,20.0,50.0,24.0,0
1,0,1,1,463.44,20.0,50.0,24.0,0
1,0,1,1,460.547,20.0,50.0,24.0,0
1,0,1,1,458.081,20.0,50.0,24.0,0
1,0,1,1,460.555,20.0,50.0,24.0,0
1,0,1,1,465.079,20.0,50.0,24.0,0
1,0,1,1,465.735,20.0,50.0,24.0,0
1,0,1,1,468.621,20.0,50.0,24.0,0
1,0,1,1,472.804,20.0,50.0,24.0,0
1,0,1,1,482.505,20.0,50.0,24.0,0
1,0,1,1,489.25,20.0,50.0,24.0,0
1,0,1,1,488.348,20.0,50.0,24.0,0
1,0,1,1,488.327,20.0,50.0,24.0,0
1,0,1,1,491.84,20.0,50.0,24.0,0
1,0,1,1,493.519,20.0,50.0,24.0,0
1,0,1,1,498.558,20.0,50.0,24.0,0
1,0,1,1,501.696,20.0,50.0,24.0,0
1,0,1,1,501.903,20.0,50.0,24.0,0
1,0,1,1,510.647,20.0,50.0,24.0,0
1,0,1,1,515.129,20.0,50.0,24.0,0
1,0,1,1,503.945,20.0,50.0,24.0,0
1,0,1,1,498.526,20.0,50.0,24.0,0
1,0,1,1,499.919,20.0,50.0,24.0,0
1,0,1,1,503.769,20.0,50.0,24.0,0
1,0,1,1,505.863,20.0,50.0,24.0,0
1,0,1,1,502.798,20.0,50.0,24.0,0
1,0,1,1,507.885,20.0,50.0,24.0,0
1,0,1,1,505.878,20.0,50.0,24.0,0
1,0,1,1,507.285,20.0,50.0,24.0,0
1,0,1,1,507.568,20.0,50.0,24.0,0
1,0,1,1,509.437,20.0,50.0,24.0,0
1,0,1,1,510.818,20.0,50.0,24.0,0
1,0,1,1,508.721,20.0,50.0,24.0,0
1,0,1,1,509.094,20.0,50.0,24.0,0
1,0,1,1,504.876,20.0,50.0,24.0,0
1,0,1,1,498.88,20.0,50.0,24.0,0
1,0,1,1,497.874,20.0,50.0,24.0,0
1,0,1,1,501.954,20.0,50.0,24.0,0
1,0,1,1,506.305,20.0,50.0,24.0,0
1,0,1,1,507.453,20.0,50.0,24.0,0
1,0,1,1,509.189,20.0,50.0,24.0,0
1,0,1,1,512.401,20.0,50.0,24.0,0
1,0,1,1,513.833,20.0,50.0,24.0,0
1,0,1,1,514.23,20.0,50.0,24.0,0
1,0,1,1,511.125,20.0,50.0,24.0,0
1,0,1,1,509.121,20.0,50.0,24.0,0
1,0,1,1,512.551,20.0,50.0,24.0,0
1,0,1,1,517.243,20.0,50.0,24.0,0
1,0,1,1,521.495,20.0,50.0,24.0,0
1,0,1,1,517.291,20.0,50.0,24.0,0
1,0,1,1,513.02,20.0,50.0,24.0,0
1,0,1,1,514.263,20.0,50.0,24.0,0
1,0,1,1,524.495,20.0,50.0,24.0,0
1,0,1,1,519.761,20.0,50.0,24.0,0
1,0,1,1,519.503,20.0,50.0,24.0,0
1,0,1,1,521.703,20.0,50.0,24.0,0
1,0,1,1,520.655,20.0,50.0,24.0,0
1,0,1,1,521.468,20.0,50.0,24.0,0
1,0,1,1,516.324,20.0,50.0,24.0,0
1,0,1,1,514.66,20.0,50.0,24.0,0
1,0,1,1,517.447,20.0,50.0,24.0,0
1,0,1,1,514.333,20.0,50.0,24.0,0
1,0,1,1,509.383,20.0,50.0,24.0,0
1,0,1,1,513.47,20.0,50.0,24.0,0
1,0,1,1,510.572,20.0,50.0,24.0,0
1,0,1,1,504.715,20.0,50.0,24.0,0
1,0,1,1,502.402,20.0,50.0,24.0,0
1,0,1,1,503.146,20.0,50.0,24.0,0
1,0,1,1,514.155,20.0,50.0,24.0,0
1,0,1,1,515.391,20.0,50.0,24.0,0
1,0,1,1,514.886,20.0,50.0,24.0,0
1,0,1,1,517.369,20.0,50.0,24.0,0
1,0,1,1,516.686,20.0,50.0,24.0,0
1,0,1,1,514.548,20.0,50.0,24.0,0
1,0,1,1,515.387,20.0,50.0,24.0,0
1,0,1,1,514.705,20.0,50.0,24.0,0
1,0,1,1,511.86,20.0,50.0,24.0,0
1,0,1,1,508.723,20.0,50.0,24.0,0
1,0,1,1,508.504,20.0,50.0,24.0,0
1,0,1,1,503.121,20.0,50.0,24.0,0
1,0,1,1,502.267,20.0,50.0,24.0,0
1,0,1,1,505.331,20.0,50.0,24.0,0
1,0,1,1,507.618,20.0,50.0,24.0,0
1,0,1,1,506.648,20.0,50.0,24.0,0
1,0,1,1,501.677,20.0,50.0,24.0,0
1,0,1,1,500.217,20.0,50.0,24.0,0
1,0,1,1,496.608,20.0,50.0,24.0,0
1,0,1,1,495.53,20.0,50.0,24.0,0
1,0,1,1,492.207,20.0,50.0,24.0,0
1,0,1,1,493.82,20.0,50.0,24.0,0
1,0,1,1,493.314,20.0,50.0,24.0,0
1,0,1,1,499.791,20.0,50.0,24.0,0
1,0,1,1,504.738,20.0,50.0,24.0,0
1,0,1,1,506.515,20.0,50.0,24.0,0
1,0,1,1,504.616,20.0,50.0,24.0,0
1,0,1,1,503.121,20.0,50.0,24.0,0
1,0,1,1,502.995,20.0,50.0,24.0,0
1,0,1,1,505.614,20.0,50.0,24.0,0
1,0,1,1,505.907,20.0,50.0,24.0,0
1,0,1,1,507.082,20.0,50.0,24.0,0
1,0,1,1,504.645,20.0,50.0,24.0,0
1,0,1,1,505.681,20.0,50.0,24.0,0
1,0,1,1,504.188,20.0,50.0,24.0,0
1,0,1,1,501.498,20.0,50.0,24.0,0
1,0,1,1,507.367,20.0,50.0,24.0,0
1,0,1,1,515.035,20.0,50.0,24.0,0
1,0,1,1,512.128,20.0,50.0,24.0,0
1,0,1,1,517.645,20.0,50.0,24.0,0
1,0,1,1,518.292,20.0,50.0,24.0,0
1,0,1,1,518.108,20.0,50.0,24.0,0
1,0,1,1,512.861,20.0,50.0,24.0,0
1,0,1,1,514.43,20.0,50.0,24.0,0
1,0,1,1,515.505,20.0,50.0,24.0,0
1,0,1,1,510.191,20.0,50.0,24.0,0
1,0,1,1,508.471,20.0,50.0,24.0,0
1,0,1,1,513.072,20.0,50.0,24.0,0
1,0,1,1,517.139,20.0,50.0,24.0,0
1,0,1,1,514.454,20.0,50.0,24.0,0
1,0,1,1,509.221,20.0,50.0,24.0,0
1,0,1,1,510.223,20.0,50.0,24.0,0
1,0,1,1,511.178,20.0,50.0,24.0,0
1,0,1,1,516.026,20.0,50.0,24.0,0
1,0,1,1,510.393,20.0,50.0,24.0,0
1,0,1,1,511.649,20.0,50.0,24.0,0
1,0,1,1,508.874,20.0,50.0,24.0,0
1,0,1,1,508.813,20.0,50.0,24.0,0
1,0,1,1,513.067,20.0,50.0,24.0,0
1,0,1,1,509.775,20.0,50.0,24.0,0
1,0,1,1,507.038,20.0,50.0,24.0,0
1,0,1,1,501.676,20.0,50.0,24.0,0
1,0,1,1,500.404,20.0,50.0,24.0,0
1,0,1,1,502.79,20.0,50.0,24.0,0
1,0,1,1,504.403,20.0,50.0,24.0,0
1,0,1,1,505.35,20.0,50.0,24.0,0
1,0,1,1,504.836,20.0,50.0,24.0,0
1,0,1,1,509.76,20.0,50.0,24.0,0
1,0,1,1,515.246,20.0,50.0,24.0,0
1,0,1,1,514.98,20.0,50.0,24.0,0
1,0,1,1,512.579,20.0,50.0,24.0,0
1,0,1,1,512.014,20.0,50.0,24.0,0
1,0,1,1,510.335,20.0,50.0,24.0,0
1,0,1,1,513.454,20.0,50.0,24.0,0
1,0,1,1,514.68,20.0,50.0,24.0,0
1,0,1,1,516.052,20.0,50.0,24.0,0
1,0,1,1,516.696,20.0,50.0,24.0,0
1,0,1,1,518.277,20.0,50.0,24.0,0
1,0,1,1,520.206,20.0,50.0,24.0,0
1,0,1,1,522.534,20.0,50.0,24.0,0
1,0,1,1,522.484,20.0,50.0,24.0,0
1,0,1,1,518.378,20.0,50.0,24.0,0
1,0,1,1,517.139,20.0,50.0,24.0,0
1,0,1,1,515.116,20.0,50.0,24.0,0
1,0,1,1,517.328,20.0,50.0,24.0,0
1,0,1,1,520.418,20.0,50.0,24.0,0
1,0,1,1,522.4,20.0,50.0,24.0,0
1,0,1,1,518.674,20.0,50.0,24.0,0
1,0,1,1,516.148,20.0,50.0,24.0,0
1,0,1,1,515.305,20.0,50.0,24.0,0
1,0,1,1,513.661,20.0,50.0,24.0,0
1,0,1,1,516.032,20.0,50.0,24.0,0
1,0,1,1,516.496,20.0,50.0,24.0,0
1,0,1,1,510.291,20.0,50.0,24.0,0
1,0,1,1,510.423,20.0,50.0,24.0,0
1,0,1,1,507.904,20.0,50.0,24.0,0
1,0,1,1,509.538,20.0,50.0,24.0,0
1,0,1,1,513.058,20.0,50.0,24.0,0
1,0,1,1,509.454,20.0,50.0,24.0,0
1,0,1,1,508.324,20.0,50.0,24.0,0
1,0,1,1,510.77,20.0,50.0,24.0,0
1,0,1,1,511.815,20.0,50.0,24.0,0
1,0,1,1,509.584,20.0,50.0,24.0,0
1,0,1,1,508.199,20.0,50.0,24.0,0
1,0,1,1,508.366,20.0,50.0,24.0,0
1,0,1,1,507.72,20.0,50.0,24.0,0
1,0,1,1,508.818,20.0,50.0,24.0,0
1,0,1,1,509.539,20.0,50.0,24.0,0
1,0,1,1,508.011,20.0,50.0,24.0,0
1,0,1,1,508.268,20.0,50.0,24.0,0
1,0,1,1,511.503,20.0,50.0,24.0,0
1,0,1,1,508.214,20.0,50.0,24.0,0
1,0,1,1,512.031,20.0,50.0,24.0,0
1,0,1,1,512.452,20.0,50.0,24.0,0
1,0,1,1,514.933,20.0,50.0,24.0,0
1,0,1,1,515.282,20.0,50.0,24.0,0
1,0,1,1,520.74,20.0,50.0,24.0,0
1,0,1,1,525.955,20.0,50.0,24.0,0
1,0,1,1,531.99,20.0,50.0,24.0,0
1,0,1,1,534.832,20.0,50.0,24.0,0
1,0,1,1,535.694,20.0,50.0,24.0,0
1,0,1,1,535.652,20.0,50.0,24.0,0
1,0,1,1,537.481,20.0,50.0,24.0,0
1,0,1,1,536.676,20.0,50.0,24.0,0
1,0,1,1,534.587,20.0,50.0,24.0,0
1,0,1,1,533.616,20.0,50.0,24.0,0
1,0,1,1,534.074,20.0,50.0,24.0,0
1,0,1,1,535.823,20.0,50.0,24.0,0
1,0,1,1,539.306,20.0,50.0,24.0,0
1,0,1,1,541.097,20.0,50.0,24.0,0
1,0,1,1,540.835,20.0,50.0,24.0,0
1,0,1,1,538.127,20.0,50.0,24.0,0
1,0,1,1,538.551,20.0,50.0,24.0,0
1,0,1,1,540.628,20.0,50.0,24.0,0
1,0,1,1,543.504,20.0,50.0,24.0,0
1,0,1,1,554.428,20.0,50.0,24.0,0
1,0,1,1,555.905,20.0,50.0,24.0,0
1,0,1,1,550.367,20.0,50.0,24.0,0
1,0,1,1,549.487,20.0,50.0,24.0,0
1,0,1,1,550.57,20.0,50.0,24.0,0
1,0,1,1,550.195,20.0,50.0,24.0,0
1,0,1,1,548.602,20.0,50.0,24.0,0
1,0,1,1,547.99,20.0,50.0,24.0,0
1,0,1,1,548.604,20.0,50.0,24.0,0
1,0,1,1,547.067,20.0,50.0,24.0,0
1,0,1,1,546.687,20.0,50.0,24.0,0
1,0,1,1,544.292,20.0,50.0,24.0,0
1,0,1,1,544.121,20.0,50.0,24.0,0
1,0,1,1,545.14,20.0,50.0,24.0,0
1,0,1,1,547.417,20.0,50.0,24.0,0
1,0,1,1,549.901,20.0,50.0,24.0,0
1,0,1,1,547.158,20.0,50.0,24.0,0
1,0,1,1,547.284,20.0,50.0,24.0,0
1,0,1,1,549.503,20.0,50.0,24.0,0
1,0,1,1,548.762,20.0,50.0,24.0,0
1,0,1,1,550.71,20.0,50.0,24.0,0
1,0,1,1,547.456,20.0,50.0,24.0,0
1,0,1,1,548.942,20.0,50.0,24.0,0
1,0,1,1,551.996,20.0,50.0,24.0,0
1,0,1,1,551.041,20.0,50.0,24.0,0
1,0,1,1,552.835,20.0,50.0,24.0,0
1,0,1,1,553.222,20.0,50.0,24.0,0
1,0,1,1,551.136,20.0,50.0,24.0,0
1,0,1,1,550.245,20.0,50.0,24.0,0
1,0,1,1,547.842,20.0,50.0,24.0,0
1,0,1,1,547.625,20.0,50.0,24.0,0
1,0,1,1,543.524,20.0,50.0,24.0,0
1,0,1,1,542.665,20.0,50.0,24.0,0
1,0,1,1,541.79,20.0,50.0,24.0,0
1,0,1,1,544.539,20.0,50.0,24.0,0
1,0,1,1,547.392,20.0,50.0,24.0,0
1,0,1,1,552.97,20.0,50.0,24.0,0
1,0,1,1,560.51,20.0,50.0,24.0,0
1,0,1,1,563.3,20.0,50.0,24.0,0
1,0,1,1,562.21,20.0,50.0,24.0,0
1,0,1,1,562.045,20.0,50.0,24.0,0
1,0,1,1,562.184,20.0,50.0,24.0,0
1,0,1,1,563.189,20.0,50.0,24.0,0
1,0,1,1,559.367,20.0,50.0,24.0,0
1,0,1,1,557.362,20.0,50.0,24.0,0
1,0,1,1,545.295,20.0,50.0,24.0,0
1,0,1,1,535.655,20.0,50.0,24.0,0
1,0,1,1,536.016,20.0,50.0,24.0,0
1,0,1,1,530.512,20.0,50.0,24.0,0
1,0,1,1,532.212,20.0,50.0,24.0,0
1,0,1,1,531.307,20.0,50.0,24.0,0
1,0,1,1,527.451,20.0,50.0,24.0,0
1,0,1,1,527.836,20.0,50.0,24.0,0
1,0,1,1,523.449,20.0,50.0,24.0,0
1,0,1,1,522.735,20.0,50.0,24.0,0
1,0,1,1,523.088,20.0,50.0,24.0,0
1,0,1,1,524.874,20.0,50.0,24.0,0
1,0,1,1,529.589,20.0,50.0,24.0,0
1,0,1,1,526.664,20.0,50.0,24.0,0
1,0,1,1,528.431,20.0,50.0,24.0,0
1,0,1,1,523.668,20.0,50.0,24.0,0
1,0,1,1,524.877,20.0,50.0,24.0,0
1,0,1,1,525.67,20.0,50.0,24.0,0
1,0,1,1,525.17,20.0,50.0,24.0,0
1,0,1,1,526.091,20.0,50.0,24.0,0
1,0,1,1,528.531,20.0,50.0,24.0,0
1,0,1,1,530.37,20.0,50.0,24.0,0
1,0,1,1,532.949,20.0,50.0,24.0,0
1,0,1,1,533.806,20.0,50.0,24.0,0
1,0,1,1,531.854,20.0,50.0,24.0,0
1,0,1,1,527.242,20.0,50.0,24.0,0
1,0,1,1,525.342,20.0,50.0,24.0,0
1,0,1,1,529.824,20.0,50.0,24.0,0
1,0,1,1,530.664,20.0,50.0,24.0,0
1,0,1,1,533.568,20.0,50.0,24.0,0
1,0,1,1,527.79,20.0,50.0,24.0,0
1,0,1,1,521.178,20.0,50.0,24.0,0
1,0,1,1,516.409,20.0,50.0,24.0,0
1,0,1,1,518.678,20.0,50.0,24.0,0
1,0,1,1,518.432,20.0,50.0,24.0,0
1,0,1,1,512.04,20.0,50.0,24.0,0
1,0,1,1,519.167,20.0,50.0,24.0,0
1,0,1,1,509.063,20.0,50.0,24.0,0
1,0,1,1,494.387,20.0,50.0,24.0,0
1,0,1,1,476.128,20.0,50.0,24.0,0
1,0,1,1,474.35,20.0,50.0,24.0,0
1,0,1,1,476.656,20.0,50.0,24.0,0
1,0,1,1,473.473,20.0,50.0,24.0,0
1,0,1,1,472.039,20.0,50.0,24.0,0
1,0,1,1,468.922,20.0,50.0,24.0,0
1,0,1,1,467.174,20.0,50.0,24.0,0
1,0,1,1,472.265,20.0,50.0,24.0,0
1,0,1,1,463.629,20.0,50.0,24.0,0
1,0,1,1,456.208,20.0,50.0,24.0,0
1,0,1,1,453.813,20.0,50.0,24.0,0
1,0,1,1,452.577,20.0,50.0,24.0,0
1,0,1,1,452.985,20.0,50.0,24.0,0
1,0,1,1,453.951,20.0,50.0,24.0,0
1,0,1,1,456.122,20.0,50.0,24.0,0
1,0,1,1,454.191,20.0,50.0,24.0,0
1,0,1,1,451.75,20.0,50.0,24.0,0
1,0,1,1,451.025,20.0,50.0,24.0,0
1,0,1,1,452.826,20.0,50.0,24.0,0
1,0,1,1,452.173,20.0,50.0,24.0,0
1,0,1,1,451.024,20.0,50.0,24.0,0
1,0,1,1,452.407,20.0,50.0,24.0,0
1,0,1,1,454.119,20.0,50.0,24.0,0
1,0,1,1,457.378,20.0,50.0,24.0,0
1,0,1,1,454.98,20.0,50.0,24.0,0
1,0,1,1,453.43,20.0,50.0,24.0,0
1,0,1,1,453.051,20.0,50.0,24.0,0
1,0,1,1,452.929,20.0,50.0,24.0,0
1,0,1,1,449.885,20.0,50.0,24.0,0
1,0,1,1,447.534,20.0,50.0,24.0,0
1,0,1,1,446.83,20.0,50.0,24.0,0
1,0,1,1,447.132,20.0,50.0,24.0,0
1,0,1,1,447.734,20.0,50.0,24.0,0
1,0,1,1,449.321,20.0,50.0,24.0,0
1,0,1,1,448.478,20.0,50.0,24.0,0
1,0,1,1,449.351,20.0,50.0,24.0,0
1,0,1,1,446.981,20.0,50.0,24.0,0
1,0,1,1,449.749,20.0,50.0,24.0,0
1,0,1,1,451.655,20.0,50.0,24.0,0
1,0,1,1,450.506,20.0,50.0,24.0,0
1,0,1,1,450.252,20.0,50.0,24.0,0
1,0,1,1,451.259,20.0,50.0,24.0,0
1,0,1,1,448.769,20.0,50.0,24.0,0
1,0,1,1,453.725,20.0,50.0,24.0,0
1,0,1,1,454.019,20.0,50.0,24.0,0
1,0,1,1,451.597,20.0,50.0,24.0,0
1,0,1,1,451.27,20.0,50.0,24.0,0
1,0,1,1,450.486,20.0,50.0,24.0,0
1,0,1,1,451.348,20.0,50.0,24.0,0
1,0,1,1,450.009,20.0,50.0,24.0,0
1,0,1,1,451.885,20.0,50.0,24.0,0
1,0,1,1,451.753,20.0,50.0,24.0,0
1,0,1,1,454.951,20.0,50.0,24.0,0
1,0,1,1,454.037,20.0,50.0,24.0,0
1,0,1,1,450.846,20.0,50.0,24.0,0
1,0,1,1,448.862,20.0,50.0,24.0,0
1,0,1,1,447.474,20.0,50.0,24.0,0
1,0,1,1,450.988,20.0,50.0,24.0,0
1,0,1,1,448.817,20.0,50.0,24.0,0
1,0,1,1,447.51,20.0,50.0,24.0,0
1,0,1,1,448.416,20.0,50.0,24.0,0
1,0,1,1,449.131,20.0,50.0,24.0,0
1,0,1,1,448.316,20.0,50.0,24.0,0
1,0,1,1,450.4,20.0,50.0,24.0,0
1,0,1,1,447.884,20.0,50.0,24.0,0
1,0,1,1,448.548,20.0,50.0,24.0,0
1,0,1,1,446.792,20.0,50.0,24.0,0
1,0,1,1,446.636,20.0,50.0,24.0,0
1,0,1,1,446.464,20.0,50.0,24.0,0
1,0,1,1,444.415,20.0,50.0,24.0,0
1,0,1,1,443.74,20.0,50.0,24.0,0
1,0,1,1,443.637,20.0,50.0,24.0,0
1,0,1,1,446.377,20.0,50.0,24.0,0
1,0,1,1,444.312,20.0,50.0,24.0,0
1,0,1,1,443.683,20.0,50.0,24.0,0
1,0,1,1,444.79,20.0,50.0,24.0,0
1,0,1,1,444.708,20.0,50.0,24.0,0
1,0,1,1,453.182,20.0,50.0,24.0,0
1,0,1,1,455.021,20.0,50.0,24.0,0
1,0,1,1,454.066,20.0,50.0,24.0,0
1,0,1,1,454.152,20.0,50.0,24.0,0
1,0,1,1,453.903,20.0,50.0,24.0,0
1,0,1,1,456.217,20.0,50.0,24.0,0
1,0,1,1,458.251,20.0,50.0,24.0,0
1,0,1,1,456.954,20.0,50.0,24.0,0
1,0,1,1,459.135,20.0,50.0,24.0,0
1,0,1,1,465.971,20.0,50.0,24.0,0
1,0,1,1,463.052,20.0,50.0,24.0,0
1,0,1,1,456.397,20.0,50.0,24.0,0
1,0,1,1,454.226,20.0,50.0,24.0,0
1,0,1,1,453.931,20.0,50.0,24.0,0
1,0,1,1,451.688,20.0,50.0,24.0,0
1,0,1,1,451.935,20.0,50.0,24.0,0
1,0,1,1,452.834,20.0,50.0,24.0,0
1,0,1,1,457.672,20.0,50.0,24.0,0
1,0,1,1,459.373,20.0,50.0,24.0,0
1,0,1,1,457.138,20.0,50.0,24.0,0
1,0,1,1,458.402,20.0,50.0,24.0,0
1,0,1,1,460.4,20.0,50.0,24.0,0
1,0,1,1,460.386,20.0,50.0,24.0,0
1,0,1,1,463.464,20.0,50.0,24.0,0
1,0,1,1,467.745,20.0,50.0,24.0,0
1,0,1,1,470.995,20.0,50.0,24.0,0
1,0,1,1,472.98,20.0,50.0,24.0,0
1,0,1,1,483.972,20.0,50.0,24.0,0
1,0,1,1,498.358,20.0,50.0,24.0,0
1,0,1,1,517.903,20.0,50.0,24.0,0
1,0,1,1,524.986,20.0,50.0,24.0,0
1,0,1,1,526.321,20.0,50.0,24.0,0
1,0,1,1,510.767,20.0,50.0,24.0,0
1,0,1,1,498.524,20.0,50.0,24.0,0
1,0,1,1,503.68,20.0,50.0,24.0,0
1,0,1,1,486.214,20.0,50.0,24.0,0
1,0,1,1,482.403,20.0,50.0,24.0,0
1,0,1,1,473.912,20.0,50.0,24.0,0
1,0,1,1,475.669,20.0,50.0,24.0,0
1,0,1,1,479.697,20.0,50.0,24.0,0
1,0,1,1,477.878,20.0,50.0,24.0,0
1,0,1,1,487.142,20.0,50.0,24.0,0
1,0,1,1,504.976,20.0,50.0,24.0,0
1,0,1,1,486.97,20.0,50.0,24.0,0
1,0,1,1,488.305,20.0,50.0,24.0,0
1,0,1,1,471.857,20.0,50.0,24.0,0
1,0,1,1,466.407,20.0,50.0,24.0,0
1,0,1,1,452.711,20.0,50.0,24.0,0
1,0,1,1,436.15,20.0,50.0,24.0,0
1,0,1,1,430.977,20.0,50.0,24.0,0
1,0,1,1,432.045,20.0,50.0,24.0,0
1,0,1,1,439.357,20.0,50.0,24.0,0
1,0,1,1,462.881,20.0,50.0,24.0,0
1,0,1,1,477.73,20.0,50.0,24.0,0
1,0,1,1,489.918,20.0,50.0,24.0,0
1,0,1,1,483.803,20.0,50.0,24.0,0
1,0,1,1,484.992,20.0,50.0,24.0,0
1,0,1,1,496.078,20.0,50.0,24.0,0
1,0,1,1,499.553,20.0,50.0,24.0,0
1,0,1,1,503.467,20.0,50.0,24.0,0
1,0,1,1,500.414,20.0,50.0,24.0,0
1,0,1,1,509.806,20.0,50.0,24.0,0
1,0,1,1,488.864,20.0,50.0,24.0,0
1,0,1,1,515.36,20.0,50.0,24.0,0
1,0,1,1,531.52,20.0,50.0,24.0,0
1,0,1,1,530.18,20.0,50.0,24.0,0
1,0,1,1,535.406,20.0,50.0,24.0,0
1,0,1,1,527.433,20.0,50.0,24.0,0
1,0,1,1,533.944,20.0,50.0,24.0,0
1,0,1,1,552.619,20.0,50.0,24.0,0
1,0,1,1,541.95,20.0,50.0,24.0,0
1,0,1,1,519.319,20.0,50.0,24.0,0
1,0,1,1,478.315,20.0,50.0,24.0,0
1,0,1,1,481.024,20.0,50.0,24.0,0
1,0,1,1,473.493,20.0,50.0,24.0,0
1,0,1,1,461.615,20.0,50.0,24.0,0
1,0,1,1,476.517,20.0,50.0,24.0,0
1,0,1,1,484.704,20.0,50.0,24.0,0
1,0,1,1,482.825,20.0,50.0,24.0,0
1,0,1,1,480.924,20.0,50.0,24.0,0
1,0,1,1,473.126,20.0,50.0,24.0,0
1,0,1,1,485.298,20.0,50.0,24.0,0
1,0,1,1,470.914,20.0,50.0,24.0,0
1,0,1,1,467.108,20.0,50.0,24.0,0
1,0,1,1,466.169,20.0,50.0,24.0,0
1,0,1,1,482.873,20.0,50.0,24.0,0
1,0,1,1,483.284,20.0,50.0,24.0,0
1,0,1,1,464.406,20.0,50.0,24.0,0
1,0,1,1,474.438,20.0,50.0,24.0,0
1,0,1,1,477.378,20.0,50.0,24.0,0
1,0,1,1,502.582,20.0,50.0,24.0,0
1,0,1,1,496.647,20.0,50.0,24.0,0
1,0,1,1,472.638,20.0,50.0,24.0,0
1,0,1,1,473.365,20.0,50.0,24.0,0
1,0,1,1,477.445,20.0,50.0,24.0,0
1,0,1,1,471.598,20.0,50.0,24.0,0
1,0,1,1,487.885,20.0,50.0,24.0,0
1,0,1,1,473.675,20.0,50.0,24.0,0
1,0,1,1,469.01,20.0,50.0,24.0,0
1,0,1,1,469.205,20.0,50.0,24.0,0
1,0,1,1,462.45,20.0,50.0,24.0,0
1,0,1,1,453.06,20.0,50.0,24.0,0
1,0,1,1,450.124,20.0,50.0,24.0,0
1,0,1,1,442.703,20.0,50.0,24.0,0
1,0,1,1,448.526,20.0,50.0,24.0,0
1,0,1,1,456.495,20.0,50.0,24.0,0
1,0,1,1,455.79,20.0,50.0,24.0,0
1,0,1,1,451.497,20.0,50.0,24.0,0
1,0,1,1,451.141,20.0,50.0,24.0,0
1,0,1,1,455.22,20.0,50.0,24.0,0
1,0,1,1,459.923,20.0,50.0,24.0,0
1,0,1,1,455.97,20.0,50.0,24.0,0
1,0,1,1,449.734,20.0,50.0,24.0,0
1,0,1,1,457.653,20.0,50.0,24.0,0
1,0,1,1,444.373,20.0,50.0,24.0,0
1,0,1,1,426.757,20.0,50.0,24.0,0
1,0,1,1,431.114,20.0,50.0,24.0,0
1,0,1,1,450.153,20.0,50.0,24.0,0
1,0,1,1,443.771,20.0,50.0,24.0,0
1,0,1,1,477.125,20.0,50.0,24.0,0
1,0,1,1,483.176,20.0,50.0,24.0,0
1,0,1,1,459.136,20.0,50.0,24.0,0
1,0,1,1,500.084,20.0,50.0,24.0,0
1,0,1,1,486.769,20.0,50.0,24.0,0
1,0,1,1,450.102,20.0,50.0,24.0,0
1,0,1,1,471.822,20.0,50.0,24.0,0
1,0,1,1,469.697,20.0,50.0,24.0,0
1,0,1,1,466.788,20.0,50.0,24.0,0
1,0,1,1,467.456,20.0,50.0,24.0,0
1,0,1,1,452.568,20.0,50.0,24.0,0
1,0,1,1,457.831,20.0,50.0,24.0,0
1,0,1,1,436.155,20.0,50.0,24.0,0
1,0,1,1,431.38,20.0,50.0,24.0,0
1,0,1,1,435.496,20.0,50.0,24.0,0
1,0,1,1,444.077,20.0,50.0,24.0,0
1,0,1,1,457.952,20.0,50.0,24.0,0
1,0,1,1,460.499,20.0,50.0,24.0,0
1,0,1,1,463.911,20.0,50.0,24.0,0
1,0,1,1,460.326,20.0,50.0,24.0,0
1,0,1,1,449.543,20.0,50.0,24.0,0
1,0,1,1,461.13,20.0,50.0,24.0,0
1,0,1,1,449.648,20.0,50.0,24.0,0
1,0,1,1,439.953,20.0,50.0,24.0,0
1,0,1,1,441.728,20.0,50.0,24.0,0
1,0,1,1,452.236,20.0,50.0,24.0,0
1,0,1,1,440.061,20.0,50.0,24.0,0
1,0,1,1,438.184,20.0,50.0,24.0,0
1,0,1,1,443.155,20.0,50.0,24.0,0
1,0,1,1,442.198,20.0,50.0,24.0,0
1,0,1,1,473.387,20.0,50.0,24.0,0
1,0,1,1,445.827,20.0,50.0,24.0,0
1,0,1,1,439.507,20.0,50.0,24.0,0
1,0,1,1,432.129,20.0,50.0,24.0,0
1,0,1,1,443.561,20.0,50.0,24.0,0
1,0,1,1,456.702,20.0,50.0,24.0,0
1,0,1,1,443.391,20.0,50.0,24.0,0
1,0,1,1,442.86,20.0,50.0,24.0,0
1,0,1,1,439.333,20.0,50.0,24.0,0
1,0,1,1,446.716,20.0,50.0,24.0,0
1,0,1,1,456.666,20.0,50.0,24.0,0
1,0,1,1,462.194,20.0,50.0,24.0,0
1,0,1,1,463.526,20.0,50.0,24.0,0
1,0,1,1,468.778,20.0,50.0,24.0,0
1,0,1,1,488.622,20.0,50.0,24.0,0
1,0,1,1,483.004,20.0,50.0,24.0,0
1,0,1,1,468.998,20.0,50.0,24.0,0
1,0,1,1,466.906,20.0,50.0,24.0,0
1,0,1,1,465.385,20.0,50.0,24.0,0
1,0,1,1,474.341,20.0,50.0,24.0,0
1,0,1,1,475.496,20.0,50.0,24.0,0
1,0,1,1,463.874,20.0,50.0,24.0,0
1,0,1,1,467.732,20.0,50.0,24.0,0
1,0,1,1,472.486,20.0,50.0,24.0,0
1,0,1,1,476.483,20.0,50.0,24.0,0
1,0,1,1,487.839,20.0,50.0,24.0,0
1,0,1,1,512.307,20.0,50.0,24.0,0
1,0,1,1,468.909,20.0,50.0,24.0,0
1,0,1,1,451.271,20.0,50.0,24.0,0
1,0,1,1,442.729,20.0,50.0,24.0,0
1,0,1,1,451.713,20.0,50.0,24.0,0
1,0,1,1,468.302,20.0,50.0,24.0,0
1,0,1,1,469.568,20.0,50.0,24.0,0
1,0,1,1,451.578,20.0,50.0,24.0,0
1,0,1,1,438.932,20.0,50.0,24.0,0
1,0,1,1,444.525,20.0,50.0,24.0,0
1,0,1,1,467.917,20.0,50.0,24.0,0
1,0,1,1,468.318,20.0,50.0,24.0,0
1,0,1,1,442.245,20.0,50.0,24.0,0
1,0,1,1,425.233,20.0,50.0,24.0,0
1,0,1,1,460.769,20.0,50.0,24.0,0
1,0,1,1,460.456,20.0,50.0,24.0,0
1,0,1,1,443.977,20.0,50.0,24.0,0
1,0,1,1,444.618,20.0,50.0,24.0,0
1,0,1,1,446.576,20.0,50.0,24.0,0
1,0,1,1,446.884,20.0,50.0,24.0,0
1,0,1,1,460.988,20.0,50.0,24.0,0
1,0,1,1,495.699,20.0,50.0,24.0,0
1,0,1,1,502.447,20.0,50.0,24.0,0
1,0,1,1,521.796,20.0,50.0,24.0,0
1,0,1,1,546.319,20.0,50.0,24.0,0
1,0,1,1,529.475,20.0,50.0,24.0,0
1,0,1,1,508.929,20.0,50.0,24.0,0
1,0,1,1,482.925,20.0,50.0,24.0,0
1,0,1,1,475.849,20.0,50.0,24.0,0
1,0,1,1,505.687,20.0,50.0,24.0,0
1,0,1,1,498.338,20.0,50.0,24.0,0
1,0,1,1,476.147,20.0,50.0,24.0,0
1,0,1,1,500.404,20.0,50.0,24.0,0
1,0,1,1,508.519,20.0,50.0,24.0,0
1,0,1,1,516.747,20.0,50.0,24.0,0
1,0,1,1,478.116,20.0,50.0,24.0,0
1,0,1,1,462.572,20.0,50.0,24.0,0
1,0,1,1,476.821,20.0,50.0,24.0,0
1,0,1,1,459.704,20.0,50.0,24.0,0
1,0,1,1,458.07,20.0,50.0,24.0,0
1,0,1,1,476.705,20.0,50.0,24.0,0
1,0,1,1,531.682,20.0,50.0,24.0,0
1,0,1,1,516.372,20.0,50.0,24.0,0
1,0,1,1,546.806,20.0,50.0,24.0,0
1,0,1,1,532.198,20.0,50.0,24.0,0
1,0,1,1,498.885,20.0,50.0,24.0,0
1,0,1,1,514.76,20.0,50.0,24.0,0
1,0,1,1,565.91,20.0,50.0,24.0,0
1,0,1,1,537.822,20.0,50.0,24.0,0
1,0,1,1,527.207,20.0,50.0,24.0,0
1,0,1,1,544.528,20.0,50.0,24.0,0
1,0,1,1,563.201,20.0,50.0,24.0,0
1,0,1,1,505.989,20.0,50.0,24.0,0
1,0,1,1,484.907,20.0,50.0,24.0,0
1,0,1,1,557.122,20.0,50.0,24.0,0
1,0,1,1,575.001,20.0,50.0,24.0,0
1,0,1,1,572.666,20.0,50.0,24.0,0
1,0,1,1,558.711,20.0,50.0,24.0,0
1,0,1,1,533.778,20.0,50.0,24.0,0
1,0,1,1,492.722,20.0,50.0,24.0,0
1,0,1,1,467.825,20.0,50.0,24.0,0
1,0,1,1,500.652,20.0,50.0,24.0,0
1,0,1,1,523.532,20.0,50.0,24.0,0
1,0,1,1,540.58,20.0,50.0,24.0,0
1,0,1,1,517.177,20.0,50.0,24.0,0
1,0,1,1,496.683,20.0,50.0,24.0,0
1,0,1,1,483.622,20.0,50.0,24.0,0
1,0,1,1,508.131,20.0,50.0,24.0,0
1,0,1,1,534.82,20.0,50.0,24.0,0
1,0,1,1,524.366,20.0,50.0,24.0,0
1,0,1,1,484.24,20.0,50.0,24.0,0
1,0,1,1,487.737,20.0,50.0,24.0,0
1,0,1,1,520.912,20.0,50.0,24.0,0
1,0,1,1,513.191,20.0,50.0,24.0,0
1,0,1,1,528.298,20.0,50.0,24.0,0
1,0,1,1,535.921,20.0,50.0,24.0,0
1,0,1,1,503.397,20.0,50.0,24.0,0
1,0,1,1,523.978,20.0,50.0,24.0,0
1,0,1,1,522.47,20.0,50.0,24.0,0
1,0,1,1,532.223,20.0,50.0,24.0,0
1,0,1,1,521.883,20.0,50.0,24.0,0
1,0,1,1,543.631,20.0,50.0,24.0,0
1,0,1,1,538.604,20.0,50.0,24.0,0
1,0,1,1,557.752,20.0,50.0,24.0,0
1,0,1,1,571.234,20.0,50.0,24.0,0
1,0,1,1,553.758,20.0,50.0,24.0,0
1,0,1,1,564.78,20.0,50.0,24.0,0
1,0,1,1,570.271,20.0,50.0,24.0,0
1,0,1,1,548.658,20.0,50.0,24.0,0
1,0,1,1,544.571,20.0,50.0,24.0,0
1,0,1,1,513.381,20.0,50.0,24.0,0
1,0,1,1,483.981,20.0,50.0,24.0,0
1,0,1,1,479.209,20.0,50.0,24.0,0
1,0,1,1,482.001,20.0,50.0,24.0,0
1,0,1,1,496.452,20.0,50.0,24.0,0
1,0,1,1,514.095,20.0,50.0,24.0,0
1,0,1,1,527.974,20.0,50.0,24.0,0
1,0,1,1,546.206,20.0,50.0,24.0,0
1,0,1,1,547.755,20.0,50.0,24.0,0
1,0,1,1,529.408,20.0,50.0,24.0,0
1,0,1,1,552.548,20.0,50.0,24.0,0
1,0,1,1,605.61,20.0,50.0,24.0,0
1,0,1,1,624.583,20.0,50.0,24.0,0
1,0,1,1,583.181,20.0,50.0,24.0,0
1,0,1,1,566.63,20.0,50.0,24.0,0
1,0,1,1,536.306,20.0,50.0,24.0,0
1,0,1,1,496.146,20.0,50.0,24.0,0
1,0,1,1,472.669,20.0,50.0,24.0,0
1,0,1,1,463.301,20.0,50.0,24.0,0
1,0,1,1,453.65,20.0,50.0,24.0,0
1,0,1,1,450.052,20.0,50.0,24.0,0
1,0,1,1,446.538,20.0,50.0,24.0,0
1,0,1,1,442.105,20.0,50.0,24.0,0
1,0,1,1,443.29,20.0,50.0,24.0,0
1,0,1,1,478.369,20.0,50.0,24.0,0
1,0,1,1,591.749,20.0,50.0,24.0,0
1,0,1,1,584.501,20.0,50.0,24.0,0
1,0,1,1,532.861,20.0,50.0,24.0,0
1,0,1,1,462.345,20.0,50.0,24.0,0
1,0,1,1,433.074,20.0,50.0,24.0,0
1,0,1,1,424.859,20.0,50.0,24.0,0
1,0,1,1,422.872,20.0,50.0,24.0,0
1,0,1,1,421.471,20.0,50.0,24.0,0
1,0,1,1,417.444,20.0,50.0,24.0,0
1,0,1,1,418.359,20.0,50.0,24.0,0
1,0,1,1,446.668,20.0,50.0,24.0,0
1,0,1,1,460.348,20.0,50.0,24.0,0
1,0,1,1,500.619,20.0,50.0,24.0,0
1,0,1,1,521.786,20.0,50.0,24.0,0
1,0,1,1,566.935,20.0,50.0,24.0,0
1,0,1,1,563.9,20.0,50.0,24.0,0
1,0,1,1,536.352,20.0,50.0,24.0,0
1,0,1,1,532.69,20.0,50.0,24.0,0
1,0,1,1,516.329,20.0,50.0,24.0,0
1,0,1,1,551.403,20.0,50.0,24.0,0
1,0,1,1,557.898,20.0,50.0,24.0,0
1,0,1,1,553.118,20.0,50.0,24.0,0
1,0,1,1,565.501,20.0,50.0,24.0,0
1,0,1,1,550.218,20.0,50.0,24.0,0
1,0,1,1,530.487,20.0,50.0,24.0,0
1,0,1,1,556.566,20.0,50.0,24.0,0
1,0,1,1,566.937,20.0,50.0,24.0,0
1,0,1,1,576.766,20.0,50.0,24.0,0
1,0,1,1,578.22,20.0,50.0,24.0,0
1,0,1,1,559.666,20.0,50.0,24.0,0
1,0,1,1,563.649,20.0,50.0,24.0,0
1,0,1,1,542.883,20.0,50.0,24.0,0
1,0,1,1,549.76,20.0,50.0,24.0,0
1,0,1,1,552.818,20.0,50.0,24.0,0
1,0,1,1,571.806,20.0,50.0,24.0,0
1,0,1,1,585.024,20.0,50.0,24.0,0
1,0,1,1,545.066,20.0,50.0,24.0,0
1,0,1,1,530.788,20.0,50.0,24.0,0
1,0,1,1,544.68,20.0,50.0,24.0,0
1,0,1,1,517.604,20.0,50.0,24.0,0
1,0,1,1,524.006,20.0,50.0,24.0,0
1,0,1,1,525.673,20.0,50.0,24.0,0
1,0,1,1,527.439,20.0,50.0,24.0,0
1,0,1,1,536.896,20.0,50.0,24.0,0
1,0,1,1,527.59,20.0,50.0,24.0,0
1,0,1,1,536.867,20.0,50.0,24.0,0
1,0,1,1,541.579,20.0,50.0,24.0,0
1,0,1,1,542.41,20.0,50.0,24.0,0
1,0,1,1,534.524,20.0,50.0,24.0,0
1,0,1,1,507.298,20.0,50.0,24.0,0
1,0,1,1,497.873,20.0,50.0,24.0,0
1,0,1,1,512.247,20.0,50.0,24.0,0
1,0,1,1,509.684,20.0,50.0,24.0,0
1,0,1,1,516.404,20.0,50.0,24.0,0
1,0,1,1,512.009,20.0,50.0,24.0,0
1,0,1,1,499.051,20.0,50.0,24.0,0
1,0,1,1,504.764,20.0,50.0,24.0,0
1,0,1,1,490.541,20.0,50.0,24.0,0
1,0,1,1,509.898,20.0,50.0,24.0,0
1,0,1,1,504.733,20.0,50.0,24.0,0
1,0,1,1,510.761,20.0,50.0,24.0,0
1,0,1,1,517.324,20.0,50.0,24.0,0
1,0,1,1,511.653,20.0,50.0,24.0,0
1,0,1,1,494.255,20.0,50.0,24.0,0
1,0,1,1,497.258,20.0,50.0,24.0,0
1,0,1,1,497.524,20.0,50.0,24.0,0
1,0,1,1,488.882,20.0,50.0,24.0,0
1,0,1,1,487.735,20.0,50.0,24.0,0
1,0,1,1,479.006,20.0,50.0,24.0,0
1,0,1,1,481.908,20.0,50.0,24.0,0
1,0,1,1,475.868,20.0,50.0,24.0,0
1,0,1,1,484.204,20.0,50.0,24.0,0
1,0,1,1,487.707,20.0,50.0,24.0,0
1,0,1,1,485.525,20.0,50.0,24.0,0
1,0,1,1,477.967,20.0,50.0,24.0,0
1,0,1,1,476.002,20.0,50.0,24.0,0
1,0,1,1,478.043,20.0,50.0,24.0,0
1,0,1,1,486.304,20.0,50.0,24.0,0
1,0,1,1,492.025,20.0,50.0,24.0,0
1,0,1,1,496.703,20.0,50.0,24.0,0
1,0,1,1,506.76,20.0,50.0,24.0,0
1,0,1,1,514.178,20.0,50.0,24.0,0
1,0,1,1,508.489,20.0,50.0,24.0,0
1,0,1,1,516.151,20.0,50.0,24.0,0
1,0,1,1,513.354,20.0,50.0,24.0,0
1,0,1,1,501.417,20.0,50.0,24.0,0
1,0,1,1,503.235,20.0,50.0,24.0,0
1,0,1,1,503.277,20.0,50.0,24.0,0
1,0,1,1,501.857,20.0,50.0,24.0,0
1,0,1,1,503.336,20.0,50.0,24.0,0
1,0,1,1,504.092,20.0,50.0,24.0,0
1,0,1,1,501.949,20.0,50.0,24.0,0
1,0,1,1,498.067,20.0,50.0,24.0,0
1,0,1,1,498.702,20.0,50.0,24.0,0
1,0,1,1,500.973,20.0,50.0,24.0,0
1,0,1,1,498.535,20.0,50.0,24.0,0
1,0,1,1,503.729,20.0,50.0,24.0,0
1,0,1,1,507.509,20.0,50.0,24.0,0
1,0,1,1,499.228,20.0,50.0,24.0,0
1,0,1,1,503.119,20.0,50.0,24.0,0
1,0,1,1,506.678,20.0,50.0,24.0,0
1,0,1,1,514.451,20.0,50.0,24.0,0
1,0,1,1,518.158,20.0,50.0,24.0,0
1,0,1,1,514.119,20.0,50.0,24.0,0
1,0,1,1,525.456,20.0,50.0,24.0,0
1,0,1,1,534.351,20.0,50.0,24.0,0
1,0,1,1,533.624,20.0,50.0,24.0,0
1,0,1,1,534.056,20.0,50.0,24.0,0
1,0,1,1,539.994,20.0,50.0,24.0,0
1,0,1,1,544.207,20.0,50.0,24.0,0
1,0,1,1,540.889,20.0,50.0,24.0,0
1,0,1,1,537.823,20.0,50.0,24.0,0
1,0,1,1,540.055,20.0,50.0,24.0,0
1,0,1,1,537.051,20.0,50.0,24.0,0
1,0,1,1,533.912,20.0,50.0,24.0,0
1,0,1,1,524.238,20.0,50.0,24.0,0
1,0,1,1,521.838,20.0,50.0,24.0,0
1,0,1,1,514.668,20.0,50.0,24.0,0
1,0,1,1,509.975,20.0,50.0,24.0,0
1,0,1,1,504.782,20.0,50.0,24.0,0
1,0,1,1,504.979,20.0,50.0,24.0,0
1,0,1,1,502.921,20.0,50.0,24.0,0
1,0,1,1,502.904,20.0,50.0,24.0,0
1,0,1,1,504.032,20.0,50.0,24.0,0
1,0,1,1,506.998,20.0,50.0,24.0,0
1,0,1,1,503.203,20.0,50.0,24.0,0
1,0,1,1,495.825,20.0,50.0,24.0,0
1,0,1,1,497.618,20.0,50.0,24.0,0
1,0,1,1,486.477,20.0,50.0,24.0,0
1,0,1,1,478.379,20.0,50.0,24.0,0
1,0,1,1,472.994,20.0,50.0,24.0,0
1,0,1,1,474.769,20.0,50.0,24.0,0
1,0,1,1,475.17,20.0,50.0,24.0,0
1,0,1,1,469.298,20.0,50.0,24.0,0
1,0,1,1,462.886,20.0,50.0,24.0,0
1,0,1,1,464.433,20.0,50.0,24.0,0
1,0,1,1,457.425,20.0,50.0,24.0,0
1,0,1,1,454.446,20.0,50.0,24.0,0
1,0,1,1,456.415,20.0,50.0,24.0,0
1,0,1,1,459.697,20.0,50.0,24.0,0
1,0,1,1,461.154,20.0,50.0,24.0,0
1,0,1,1,459.245,20.0,50.0,24.0,0
1,0,1,1,453.687,20.0,50.0,24.0,0
1,0,1,1,452.844,20.0,50.0,24.0,0
1,0,1,1,452.964,20.0,50.0,24.0,0
1,0,1,1,451.748,20.0,50.0,24.0,0
1,0,1,1,452.101,20.0,50.0,24.0,0
1,0,1,1,453.451,20.0,50.0,24.0,0
1,0,1,1,453.945,20.0,50.0,24.0,0
1,0,1,1,454.351,20.0,50.0,24.0,0
1,0,1,1,452.315,20.0,50.0,24.0,0
1,0,1,1,453.404,20.0,50.0,24.0,0
1,0,1,1,454.888,20.0,50.0,24.0,0
1,0,1,1,454.657,20.0,50.0,24.0,0
1,0,1,1,455.745,20.0,50.0,24.0,0
1,0,1,1,454.22,20.0,50.0,24.0,0
1,0,1,1,455.42,20.0,50.0,24.0,0
1,0,1,1,457.715,20.0,50.0,24.0,0
1,0,1,1,456.83,20.0,50.0,24.0,0
1,0,1,1,459.488,20.0,50.0,24.0,0
1,0,1,1,458.953,20.0,50.0,24.0,0
1,0,1,1,457.84,20.0,50.0,24.0,0
1,0,1,1,455.761,20.0,50.0,24.0,0
1,0,1,1,459.6,20.0,50.0,24.0,0
1,0,1,1,467.159,20.0,50.0,24.0,0
1,0,1,1,471.003,20.0,50.0,24.0,0
1,0,1,1,475.737,20.0,50.0,24.0,0
1,0,1,1,480.095,20.0,50.0,24.0,0
1,0,1,1,480.909,20.0,50.0,24.0,0
1,0,1,1,480.814,20.0,50.0,24.0,0
1,0,1,1,482.182,20.0,50.0,24.0,0
1,0,1,1,483.576,20.0,50.0,24.0,0
1,0,1,1,481.948,20.0,50.0,24.0,0
1,0,1,1,481.38,20.0,50.0,24.0,0
1,0,1,1,481.979,20.0,50.0,24.0,0
1,0,1,1,480.309,20.0,50.0,24.0,0
1,0,1,1,474.642,20.0,50.0,24.0,0
1,0,1,1,471.177,20.0,50.0,24.0,0
1,0,1,1,473.082,20.0,50.0,24.0,0
1,0,1,1,473.448,20.0,50.0,24.0,0
1,0,1,1,470.823,20.0,50.0,24.0,0
1,0,1,1,471.845,20.0,50.0,24.0,0
1,0,1,1,471.782,20.0,50.0,24.0,0
1,0,1,1,470.043,20.0,50.0,24.0,0
1,0,1,1,470.883,20.0,50.0,24.0,0
1,0,1,1,466.106,20.0,50.0,24.0,0
1,0,1,1,468.909,20.0,50.0,24.0,0
1,0,1,1,471.659,20.0,50.0,24.0,0
1,0,1,1,468.034,20.0,50.0,24.0,0
1,0,1,1,464.746,20.0,50.0,24.0,0
1,0,1,1,469.558,20.0,50.0,24.0,0
1,0,1,1,470.643,20.0,50.0,24.0,0
1,0,1,1,465.253,20.0,50.0,24.0,0
1,0,1,1,464.68,20.0,50.0,24.0,0
1,0,1,1,469.098,20.0,50.0,24.0,0
1,0,1,1,466.938,20.0,50.0,24.0,0
1,0,1,1,452.59,20.0,50.0,24.0,0
1,0,1,1,447.726,20.0,50.0,24.0,0
1,0,1,1,447.199,20.0,50.0,24.0,0
1,0,1,1,448.47,20.0,50.0,24.0,0
1,0,1,1,449.51,20.0,50.0,24.0,0
1,0,1,1,448.207,20.0,50.0,24.0,0
1,0,1,1,451.203,20.0,50.0,24.0,0
1,0,1,1,453.387,20.0,50.0,24.0,0
1,0,1,1,452.408,20.0,50.0,24.0,0
1,0,1,1,450.991,20.0,50.0,24.0,0
1,0,1,1,450.422,20.0,50.0,24.0,0
1,0,1,1,451.12,20.0,50.0,24.0,0
1,0,1,1,451.972,20.0,50.0,24.0,0
1,0,1,1,450.33,20.0,50.0,24.0,0
1,0,1,1,451.401,20.0,50.0,24.0,0
1,0,1,1,451.265,20.0,50.0,24.0,0
1,0,1,1,450.804,20.0,50.0,24.0,0
1,0,1,1,451.468,20.0,50.0,24.0,0
1,0,1,1,451.727,20.0,50.0,24.0,0
1,0,1,1,452.278,20.0,50.0,24.0,0
1,0,1,1,454.49,20.0,50.0,24.0,0
1,0,1,1,455.239,20.0,50.0,24.0,0
1,0,1,1,455.262,20.0,50.0,24.0,0
1,0,1,1,453.739,20.0,50.0,24.0,0
1,0,1,1,456.197,20.0,50.0,24.0,0
1,0,1,1,454.581,20.0,50.0,24.0,0
1,0,1,1,456.203,20.0,50.0,24.0,0
1,0,1,1,456.49,20.0,50.0,24.0,0
1,0,1,1,455.677,20.0,50.0,24.0,0
1,0,1,1,454.937,20.0,50.0,24.0,0
1,0,1,1,459.411,20.0,50.0,24.0,0
1,0,1,1,458.282,20.0,50.0,24.0,0
1,0,1,1,459.043,20.0,50.0,24.0,0
1,0,1,1,457.86,20.0,50.0,24.0,0
1,0,1,1,457.973,20.0,50.0,24.0,0
1,0,1,1,456.114,20.0,50.0,24.0,0
1,0,1,1,457.952,20.0,50.0,24.0,0
1,0,1,1,455.671,20.0,50.0,24.0,0
1,0,1,1,458.035,20.0,50.0,24.0,0
1,0,1,1,457.828,20.0,50.0,24.0,0
1,0,1,1,458.239,20.0,50.0,24.0,0
1,0,1,1,457.744,20.0,50.0,24.0,0
1,0,1,1,459.209,20.0,50.0,24.0,0
1,0,1,1,461.296,20.0,50.0,24.0,0
1,0,1,1,461.922,20.0,50.0,24.0,0
1,0,1,1,460.421,20.0,50.0,24.0,0
1,0,1,1,464.467,20.0,50.0,24.0,0
1,0,1,1,466.299,20.0,50.0,24.0,0
1,0,1,1,465.444,20.0,50.0,24.0,0
1,0,1,1,468.729,20.0,50.0,24.0,0
1,0,1,1,470.501,20.0,50.0,24.0,0
1,0,1,1,471.572,20.0,50.0,24.0,0
1,0,1,1,470.066,20.0,50.0,24.0,0
1,0,1,1,469.12,20.0,50.0,24.0,0
1,0,1,1,466.387,20.0,50.0,24.0,0
1,0,1,1,468.857,20.0,50.0,24.0,0
1,0,1,1,469.868,20.0,50.0,24.0,0
1,0,1,1,471.385,20.0,50.0,24.0,0
1,0,1,1,467.742,20.0,50.0,24.0,0
1,0,1,1,467.457,20.0,50.0,24.0,0
1,0,1,1,469.072,20.0,50.0,24.0,0
1,0,1,1,470.247,20.0,50.0,24.0,0
1,0,1,1,468.18,20.0,50.0,24.0,0
1,0,1,1,470.79,20.0,50.0,24.0,0
1,0,1,1,474.084,20.0,50.0,24.0,0
1,0,1,1,474.247,20.0,50.0,24.0,0
1,0,1,1,473.686,20.0,50.0,24.0,0
1,0,1,1,470.797,20.0,50.0,24.0,0
1,0,1,1,468.348,20.0,50.0,24.0,0
1,0,1,1,466.062,20.0,50.0,24.0,0
1,0,1,1,464.07,20.0,50.0,24.0,0
1,0,1,1,462.769,20.0,50.0,24.0,0
1,0,1,1,461.497,20.0,50.0,24.0,0
1,0,1,1,460.809,20.0,50.0,24.0,0
1,0,1,1,460.017,20.0,50.0,24.0,0
1,0,1,1,457.549,20.0,50.0,24.0,0
1,0,1,1,455.948,20.0,50.0,24.0,0
1,0,1,1,459.111,20.0,50.0,24.0,0
1,0,1,1,459.222,20.0,50.0,24.0,0
1,0,1,1,462.576,20.0,50.0,24.0,0
1,0,1,1,460.811,20.0,50.0,24.0,0
1,0,1,1,455.479,20.0,50.0,24.0,0
1,0,1,1,460.092,20.0,50.0,24.0,0
1,0,1,1,459.495,20.0,50.0,24.0,0
1,0,1,1,461.192,20.0,50.0,24.0,0
1,0,1,1,460.166,20.0,50.0,24.0,0
1,0,1,1,462.16,20.0,50.0,24.0,0
1,0,1,1,463.393,20.0,50.0,24.0,0
1,0,1,1,463.161,20.0,50.0,24.0,0
1,0,1,1,461.19,20.0,50.0,24.0,0
1,0,1,1,459.829,20.0,50.0,24.0,0
1,0,1,1,457.766,20.0,50.0,24.0,0
1,0,1,1,460.081,20.0,50.0,24.0,0
1,0,1,1,461.026,20.0,50.0,24.0,0
1,0,1,1,465.318,20.0,50.0,24.0,0
1,0,1,1,471.765,20.0,50.0,24.0,0
1,0,1,1,474.736,20.0,50.0,24.0,0
1,0,1,1,475.962,20.0,50.0,24.0,0
1,0,1,1,480.26,20.0,50.0,24.0,0
1,0,1,1,482.708,20.0,50.0,24.0,0
1,0,1,1,479.524,20.0,50.0,24.0,0
1,0,1,1,481.89,20.0,50.0,24.0,0
1,0,1,1,481.716,20.0,50.0,24.0,0
1,0,1,1,483.636,20.0,50.0,24.0,0
1,0,1,1,483.436,20.0,50.0,24.0,0
1,0,1,1,483.352,20.0,50.0,24.0,0
1,0,1,1,484.221,20.0,50.0,24.0,0
1,0,1,1,485.264,20.0,50.0,24.0,0
1,0,1,1,481.674,20.0,50.0,24.0,0
1,0,1,1,480.644,20.0,50.0,24.0,0
1,0,1,1,485.252,20.0,50.0,24.0,0
1,0,1,1,484.301,20.0,50.0,24.0,0
1,0,1,1,482.284,20.0,50.0,24.0,0
1,0,1,1,482.58,20.0,50.0,24.0,0
1,0,1,1,481.189,20.0,50.0,24.0,0
1,0,1,1,483.811,20.0,50.0,24.0,0
1,0,1,1,483.628,20.0,50.0,24.0,0
1,0,1,1,483.498,20.0,50.0,24.0,0
1,0,1,1,483.497,20.0,50.0,24.0,0
1,0,1,1,484.605,20.0,50.0,24.0,0
1,0,1,1,483.215,20.0,50.0,24.0,0
1,0,1,1,484.656,20.0,50.0,24.0,0
1,0,1,1,478.745,20.0,50.0,24.0,0
1,0,1,1,480.595,20.0,50.0,24.0,0
1,0,1,1,480.105,20.0,50.0,24.0,0
1,0,1,1,479.585,20.0,50.0,24.0,0
1,0,1,1,482.067,20.0,50.0,24.0,0
1,0,1,1,482.533,20.0,50.0,24.0,0
1,0,1,1,477.848,20.0,50.0,24.0,0
1,0,1,1,478.782,20.0,50.0,24.0,0
1,0,1,1,486.659,20.0,50.0,24.0,0
1,0,1,1,492.89,20.0,50.0,24.0,0
1,0,1,1,491.133,20.0,50.0,24.0,0
1,0,1,1,488.706,20.0,50.0,24.0,0
1,0,1,1,485.053,20.0,50.0,24.0,0
1,0,1,1,486.077,20.0,50.0,24.0,0
1,0,1,1,486.539,20.0,50.0,24.0,0
1,0,1,1,487.355,20.0,50.0,24.0,0
1,0,1,1,489.799,20.0,50.0,24.0,0
1,0,1,1,484.631,20.0,50.0,24.0,0
1,0,1,1,485.934,20.0,50.0,24.0,0
1,0,1,1,487.443,20.0,50.0,24.0,0
1,0,1,1,493.431,20.0,50.0,24.0,0
1,0,1,1,482.364,20.0,50.0,24.0,0
1,0,1,1,473.864,20.0,50.0,24.0,0
1,0,1,1,468.051,20.0,50.0,24.0,0
1,0,1,1,467.412,20.0,50.0,24.0,0
1,0,1,1,466.331,20.0,50.0,24.0,0
1,0,1,1,455.039,20.0,50.0,24.0,0
1,0,1,1,453.205,20.0,50.0,24.0,0
1,0,1,1,456.523,20.0,50.0,24.0,0
1,0,1,1,455.88,20.0,50.0,24.0,0
1,0,1,1,456.187,20.0,50.0,24.0,0
1,0,1,1,452.5,20.0,50.0,24.0,0
1,0,1,1,455.005,20.0,50.0,24.0,0
1,0,1,1,453.617,20.0,50.0,24.0,0
1,0,1,1,452.916,20.0,50.0,24.0,0
1,0,1,1,455.943,20.0,50.0,24.0,0
1,0,1,1,458.315,20.0,50.0,24.0,0
1,0,1,1,463.052,20.0,50.0,24.0,0
1,0,1,1,459.146,20.0,50.0,24.0,0
1,0,1,1,461.755,20.0,50.0,24.0,0
1,0,1,1,467.64,20.0,50.0,24.0,0
1,0,1,1,460.432,20.0,50.0,24.0,0
1,0,1,1,459.502,20.0,50.0,24.0,0
1,0,1,1,457.336,20.0,50.0,24.0,0
1,0,1,1,457.703,20.0,50.0,24.0,0
1,0,1,1,454.98,20.0,50.0,24.0,0
1,0,1,1,457.318,20.0,50.0,24.0,0
1,0,1,1,457.117,20.0,50.0,24.0,0
1,0,1,1,457.731,20.0,50.0,24.0,0
1,0,1,1,454.084,20.0,50.0,24.0,0
1,0,1,1,456.186,20.0,50.0,24.0,0
1,0,1,1,457.975,20.0,50.0,24.0,0
1,0,1,1,457.273,20.0,50.0,24.0,0
1,0,1,1,450.296,20.0,50.0,24.0,0
1,0,1,1,454.543,20.0,50.0,24.0,0
1,0,1,1,452.886,20.0,50.0,24.0,0
1,0,1,1,446.982,20.0,50.0,24.0,0
1,0,1,1,460.796,20.0,50.0,24.0,0
1,0,1,1,456.26,20.0,50.0,24.0,0
1,0,1,1,460.706,20.0,50.0,24.0,0
1,0,1,1,456.808,20.0,50.0,24.0,0
1,0,1,1,452.729,20.0,50.0,24.0,0
1,0,1,1,447.932,20.0,50.0,24.0,0
1,0,1,1,449.768,20.0,50.0,24.0,0
1,0,1,1,451.919,20.0,50.0,24.0,0
1,0,1,1,454.247,20.0,50.0,24.0,0
1,0,1,1,459.365,20.0,50.0,24.0,0
1,0,1,1,454.448,20.0,50.0,24.0,0
1,0,1,1,453.56,20.0,50.0,24.0,0
1,0,1,1,457.644,20.0,50.0,24.0,0
1,0,1,1,458.638,20.0,50.0,24.0,0
1,0,1,1,462.298,20.0,50.0,24.0,0
1,0,1,1,456.18,20.0,50.0,24.0,0
1,0,1,1,450.63,20.0,50.0,24.0,0
1,0,1,1,455.166,20.0,50.0,24.0,0
1,0,1,1,457.253,20.0,50.0,24.0,0
1,0,1,1,457.617,20.0,50.0,24.0,0
1,0,1,1,461.165,20.0,50.0,24.0,0
1,0,1,1,455.75,20.0,50.0,24.0,0
1,0,1,1,460.048,20.0,50.0,24.0,0
1,0,1,1,475.302,20.0,50.0,24.0,0
1,0,1,1,477.519,20.0,50.0,24.0,0
1,0,1,1,476.301,20.0,50.0,24.0,0
1,0,1,1,479.61,20.0,50.0,24.0,0
1,0,1,1,484.829,20.0,50.0,24.0,0
1,0,1,1,489.396,20.0,50.0,24.0,0
1,0,1,1,486.019,20.0,50.0,24.0,0
1,0,1,1,478.162,20.0,50.0,24.0,0
1,0,1,1,472.461,20.0,50.0,24.0,0
1,0,1,1,498.916,20.0,50.0,24.0,0
1,0,1,1,495.63,20.0,50.0,24.0,0
1,0,1,1,489.251,20.0,50.0,24.0,0
1,0,1,1,480.071,20.0,50.0,24.0,0
1,0,1,1,475.0,20.0,50.0,24.0,0
1,0,1,1,470.054,20.0,50.0,24.0,0
1,0,1,1,490.026,20.0,50.0,24.0,0
1,0,1,1,495.667,20.0,50.0,24.0,0
1,0,1,1,491.908,20.0,50.0,24.0,0
1,0,1,1,481.668,20.0,50.0,24.0,0
1,0,1,1,492.738,20.0,50.0,24.0,0
1,0,1,1,505.869,20.0,50.0,24.0,0
1,0,1,1,504.903,20.0,50.0,24.0,0
1,0,1,1,502.685,20.0,50.0,24.0,0
1,0,1,1,501.862,20.0,50.0,24.0,0
1,0,1,1,501.265,20.0,50.0,24.0,0
1,0,1,1,499.701,20.0,50.0,24.0,0
1,0,1,1,514.168,20.0,50.0,24.0,0
1,0,1,1,554.83,20.0,50.0,24.0,0
1,0,1,1,529.077,20.0,50.0,24.0,0
1,0,1,1,518.991,20.0,50.0,24.0,0
1,0,1,1,502.269,20.0,50.0,24.0,0
1,0,1,1,474.504,20.0,50.0,24.0,0
1,0,1,1,468.595,20.0,50.0,24.0,0
1,0,1,1,470.114,20.0,50.0,24.0,0
1,0,1,1,480.387,20.0,50.0,24.0,0
1,0,1,1,507.473,20.0,50.0,24.0,0
1,0,1,1,508.881,20.0,50.0,24.0,0
1,0,1,1,504.822,20.0,50.0,24.0,0
1,0,1,1,502.148,20.0,50.0,24.0,0
1,0,1,1,503.267,20.0,50.0,24.0,0
1,0,1,1,495.491,20.0,50.0,24.0,0
1,0,1,1,497.293,20.0,50.0,24.0,0
1,0,1,1,492.816,20.0,50.0,24.0,0
1,0,1,1,500.438,20.0,50.0,24.0,0
1,0,1,1,486.936,20.0,50.0,24.0,0
1,0,1,1,488.367,20.0,50.0,24.0,0
1,0,1,1,488.998,20.0,50.0,24.0,0
1,0,1,1,487.404,20.0,50.0,24.0,0
1,0,1,1,489.911,20.0,50.0,24.0,0
1,0,1,1,495.297,20.0,50.0,24.0,0
1,0,1,1,501.455,20.0,50.0,24.0,0
1,0,1,1,498.185,20.0,50.0,24.0,0
1,0,1,1,495.14,20.0,50.0,24.0,0
1,0,1,1,510.87,20.0,50.0,24.0,0
1,0,1,1,498.699,20.0,50.0,24.0,0
1,0,1,1,501.738,20.0,50.0,24.0,0
1,0,1,1,508.662,20.0,50.0,24.0,0
1,0,1,1,502.288,20.0,50.0,24.0,0
1,0,1,1,496.328,20.0,50.0,24.0,0
1,0,1,1,498.79,20.0,50.0,24.0,0
1,0,1,1,496.947,20.0,50.0,24.0,0
1,0,1,1,495.986,20.0,50.0,24.0,0
1,0,1,1,491.615,20.0,50.0,24.0,0
1,0,1,1,475.913,20.0,50.0,24.0,0
1,0,1,1,452.74,20.0,50.0,24.0,0
1,0,1,1,446.25,20.0,50.0,24.0,0
1,0,1,1,450.143,20.0,50.0,24.0,0
1,0,1,1,455.959,20.0,50.0,24.0,0
1,0,1,1,453.268,20.0,50.0,24.0,0
1,0,1,1,455.749,20.0,50.0,24.0,0
1,0,1,1,455.939,20.0,50.0,24.0,0
1,0,1,1,451.939,20.0,50.0,24.0,0
1,0,1,1,453.023,20.0,50.0,24.0,0
1,0,1,1,453.255,20.0,50.0,24.0,0
1,0,1,1,463.748,20.0,50.0,24.0,0
1,0,1,1,460.876,20.0,50.0,24.0,0
1,0,1,1,463.143,20.0,50.0,24.0,0
1,0,1,1,458.891,20.0,50.0,24.0,0
1,0,1,1,459.949,20.0,50.0,24.0,0
1,0,1,1,457.116,20.0,50.0,24.0,0
1,0,1,1,451.749,20.0,50.0,24.0,0
1,0,1,1,446.094,20.0,50.0,24.0,0
1,0,1,1,448.778,20.0,50.0,24.0,0
1,0,1,1,457.449,20.0,50.0,24.0,0
1,0,1,1,469.488,20.0,50.0,24.0,0
1,0,1,1,466.626,20.0,50.0,24.0,0
1,0,1,1,464.687,20.0,50.0,24.0,0
1,0,1,1,469.56,20.0,50.0,24.0,0
1,0,1,1,458.047,20.0,50.0,24.0,0
1,0,1,1,455.192,20.0,50.0,24.0,0
1,0,1,1,450.818,20.0,50.0,24.0,0
1,0,1,1,450.761,20.0,50.0,24.0,0
1,0,1,1,453.018,20.0,50.0,24.0,0
1,0,1,1,449.144,20.0,50.0,24.0,0
1,0,1,1,444.789,20.0,50.0,24.0,0
1,0,1,1,441.911,20.0,50.0,24.0,0
1,0,1,1,450.59,20.0,50.0,24.0,0
1,0,1,1,447.937,20.0,50.0,24.0,0
1,0,1,1,448.678,20.0,50.0,24.0,0
1,0,1,1,462.72,20.0,50.0,24.0,0
1,0,1,1,463.654,20.0,50.0,24.0,0
1,0,1,1,455.398,20.0,50.0,24.0,0
1,0,1,1,452.714,20.0,50.0,24.0,0
1,0,1,1,448.449,20.0,50.0,24.0,0
1,0,1,1,449.367,20.0,50.0,24.0,0
1,0,1,1,450.077,20.0,50.0,24.0,0
1,0,1,1,448.295,20.0,50.0,24.0,0
1,0,1,1,449.819,20.0,50.0,24.0,0
1,0,1,1,452.56,20.0,50.0,24.0,0
1,0,1,1,462.325,20.0,50.0,24.0,0
1,0,1,1,452.888,20.0,50.0,24.0,0
1,0,1,1,454.449,20.0,50.0,24.0,0
1,0,1,1,448.22,20.0,50.0,24.0,0
1,0,1,1,450.693,20.0,50.0,24.0,0
1,0,1,1,449.492,20.0,50.0,24.0,0
1,0,1,1,449.07,20.0,50.0,24.0,0
1,0,1,1,449.775,20.0,50.0,24.0,0
1,0,1,1,458.832,20.0,50.0,24.0,0
1,0,1,1,465.77,20.0,50.0,24.0,0
1,0,1,1,461.841,20.0,50.0,24.0,0
1,0,1,1,465.495,20.0,50.0,24.0,0
1,0,1,1,459.409,20.0,50.0,24.0,0
1,0,1,1,453.873,20.0,50.0,24.0,0
1,0,1,1,453.091,20.0,50.0,24.0,0
1,0,1,1,465.827,20.0,50.0,24.0,0
1,0,1,1,447.683,20.0,50.0,24.0,0
1,0,1,1,438.923,20.0,50.0,24.0,0
1,0,1,1,451.275,20.0,50.0,24.0,0
1,0,1,1,454.046,20.0,50.0,24.0,0
1,0,1,1,453.502,20.0,50.0,24.0,0
1,0,1,1,450.445,20.0,50.0,24.0,0
1,0,1,1,455.115,20.0,50.0,24.0,0
1,0,1,1,465.765,20.0,50.0,24.0,0
1,0,1,1,452.978,20.0,50.0,24.0,0
1,0,1,1,451.849,20.0,50.0,24.0,0
1,0,1,1,455.462,20.0,50.0,24.0,0
1,0,1,1,459.883,20.0,50.0,24.0,0
1,0,1,1,457.829,20.0,50.0,24.0,0
1,0,1,1,456.19,20.0,50.0,24.0,0
1,0,1,1,464.28,20.0,50.0,24.0,0
1,0,1,1,457.859,20.0,50.0,24.0,0
1,0,1,1,445.235,20.0,50.0,24.0,0
1,0,1,1,443.071,20.0,50.0,24.0,0
1,0,1,1,446.944,20.0,50.0,24.0,0
1,0,1,1,447.298,20.0,50.0,24.0,0
1,0,1,1,451.674,20.0,50.0,24.0,0
1,0,1,1,453.242,20.0,50.0,24.0,0
1,0,1,1,450.216,20.0,50.0,24.0,0
1,0,1,1,455.145,20.0,50.0,24.0,0
1,0,1,1,450.28,20.0,50.0,24.0,0
1,0,1,1,446.837,20.0,50.0,24.0,0
1,0,1,1,450.797,20.0,50.0,24.0,0
1,0,1,1,451.223,20.0,50.0,24.0,0
1,0,1,1,448.895,20.0,50.0,24.0,0
1,0,1,1,443.91,20.0,50.0,24.0,0
1,0,1,1,454.734,20.0,50.0,24.0,0
1,0,1,1,453.425,20.0,50.0,24.0,0
1,0,1,1,455.826,20.0,50.0,24.0,0
1,0,1,1,465.131,20.0,50.0,24.0,0
1,0,1,1,456.605,20.0,50.0,24.0,0
1,0,1,1,454.826,20.0,50.0,24.0,0
1,0,1,1,448.153,20.0,50.0,24.0,0
1,0,1,1,443.731,20.0,50.0,24.0,0
1,0,1,1,448.01,20.0,50.0,24.0,0
1,0,1,1,455.241,20.0,50.0,24.0,0
1,0,1,1,454.56,20.0,50.0,24.0,0
1,0,1,1,448.626,20.0,50.0,24.0,0
1,0,1,1,446.603,20.0,50.0,24.0,0
1,0,1,1,456.333,20.0,50.0,24.0,0
1,0,1,1,456.469,20.0,50.0,24.0,0
1,0,1,1,461.682,20.0,50.0,24.0,0
1,0,1,1,445.046,20.0,50.0,24.0,0
1,0,1,1,444.862,20.0,50.0,24.0,0
1,0,1,1,453.412,20.0,50.0,24.0,0
1,0,1,1,459.743,20.0,50.0,24.0,0
1,0,1,1,460.172,20.0,50.0,24.0,0
1,0,1,1,462.782,20.0,50.0,24.0,0
1,0,1,1,455.374,20.0,50.0,24.0,0
1,0,1,1,449.43,20.0,50.0,24.0,0
1,0,1,1,442.319,20.0,50.0,24.0,0
1,0,1,1,443.646,20.0,50.0,24.0,0
1,0,1,1,438.449,20.0,50.0,24.0,0
1,0,1,1,444.516,20.0,50.0,24.0,0
1,0,1,1,443.888,20.0,50.0,24.0,0
1,0,1,1,446.52,20.0,50.0,24.0,0
1,0,1,1,453.409,20.0,50.0,24.0,0
1,0,1,1,449.106,20.0,50.0,24.0,0
1,0,1,1,449.723,20.0,50.0,24.0,0
1,0,1,1,451.728,20.0,50.0,24.0,0
1,0,1,1,449.894,20.0,50.0,24.0,0
1,0,1,1,448.337,20.0,50.0,24.0,0
1,0,1,1,446.159,20.0,50.0,24.0,0
1,0,1,1,452.819,20.0,50.0,24.0,0
1,0,1,1,451.676,20.0,50.0,24.0,0
1,0,1,1,446.908,20.0,50.0,24.0,0
1,0,1,1,446.873,20.0,50.0,24.0,0
1,0,1,1,444.15,20.0,50.0,24.0,0
1,0,1,1,456.368,20.0,50.0,24.0,0
1,0,1,1,454.886,20.0,50.0,24.0,0
1,0,1,1,461.425,20.0,50.0,24.0,0
1,0,1,1,447.614,20.0,50.0,24.0,0
1,0,1,1,444.645,20.0,50.0,24.0,0
1,0,1,1,447.826,20.0,50.0,24.0,0
1,0,1,1,446.79,20.0,50.0,24.0,0
1,0,1,1,450.507,20.0,50.0,24.0,0
1,0,1,1,445.169,20.0,50.0,24.0,0
1,0,1,1,452.938,20.0,50.0,24.0,0
1,0,1,1,442.201,20.0,50.0,24.0,0
1,0,1,1,442.592,20.0,50.0,24.0,0
1,0,1,1,444.93,20.0,50.0,24.0,0
1,0,1,1,444.694,20.0,50.0,24.0,0
1,0,1,1,450.544,20.0,50.0,24.0,0
1,0,1,1,463.68,20.0,50.0,24.0,0
1,0,1,1,460.268,20.0,50.0,24.0,0
1,0,1,1,446.743,20.0,50.0,24.0,0
1,0,1,1,437.131,20.0,50.0,24.0,0
1,0,1,1,446.233,20.0,50.0,24.0,0
1,0,1,1,450.908,20.0,50.0,24.0,0
1,0,1,1,451.087,20.0,50.0,24.0,0
1,0,1,1,461.145,20.0,50.0,24.0,0
1,0,1,1,464.443,20.0,50.0,24.0,0
1,0,1,1,460.328,20.0,50.0,24.0,0
1,0,1,1,457.674,20.0,50.0,24.0,0
1,0,1,1,452.063,20.0,50.0,24.0,0
1,0,1,1,450.719,20.0,50.0,24.0,0
1,0,1,1,448.553,20.0,50.0,24.0,0
1,0,1,1,450.576,20.0,50.0,24.0,0
1,0,1,1,452.004,20.0,50.0,24.0,0
1,0,1,1,447.063,20.0,50.0,24.0,0
1,0,1,1,447.984,20.0,50.0,24.0,0
1,0,1,1,450.922,20.0,50.0,24.0,0
1,0,1,1,450.59,20.0,50.0,24.0,0
1,0,1,1,451.158,20.0,50.0,24.0,0
1,0,1,1,457.784,20.0,50.0,24.0,0
1,0,1,1,464.358,20.0,50.0,24.0,0
1,0,1,1,462.682,20.0,50.0,24.0,0
1,0,1,1,447.96,20.0,50.0,24.0,0
1,0,1,1,443.07,20.0,50.0,24.0,0
1,0,1,1,440.287,20.0,50.0,24.0,0
1,0,1,1,437.762,20.0,50.0,24.0,0
1,0,1,1,432.718,20.0,50.0,24.0,0
1,0,1,1,436.468,20.0,50.0,24.0,0
1,0,1,1,480.292,20.0,50.0,24.0,0
1,0,1,1,487.724,20.0,50.0,24.0,0
1,0,1,1,486.22,20.0,50.0,24.0,0
1,0,1,1,472.043,20.0,50.0,24.0,0
1,0,1,1,475.777,20.0,50.0,24.0,0
1,0,1,1,468.979,20.0,50.0,24.0,0
1,0,1,1,465.214,20.0,50.0,24.0,0
1,0,1,1,463.546,20.0,50.0,24.0,0
1,0,1,1,478.895,20.0,50.0,24.0,0
1,0,1,1,474.825,20.0,50.0,24.0,0
1,0,1,1,471.086,20.0,50.0,24.0,0
1,0,1,1,463.362,20.0,50.0,24.0,0
1,0,1,1,465.688,20.0,50.0,24.0,0
1,0,1,1,457.301,20.0,50.0,24.0,0
1,0,1,1,441.605,20.0,50.0,24.0,0
1,0,1,1,437.769,20.0,50.0,24.0,0
1,0,1,1,437.238,20.0,50.0,24.0,0
1,0,1,1,437.499,20.0,50.0,24.0,0
1,0,1,1,435.997,20.0,50.0,24.0,0
1,0,1,1,436.69,20.0,50.0,24.0,0
1,0,1,1,436.005,20.0,50.0,24.0,0
1,0,1,1,436.059,20.0,50.0,24.0,0
1,0,1,1,435.044,20.0,50.0,24.0,0
1,0,1,1,438.792,20.0,50.0,24.0,0
1,0,1,1,441.591,20.0,50.0,24.0,0
1,0,1,1,441.837,20.0,50.0,24.0,0
1,0,1,1,443.372,20.0,50.0,24.0,0
1,0,1,1,446.71,20.0,50.0,24.0,0
1,0,1,1,485.462,20.0,50.0,24.0,0
1,0,1,1,469.451,20.0,50.0,24.0,0
1,0,1,1,457.508,20.0,50.0,24.0,0
1,0,1,1,451.882,20.0,50.0,24.0,0
1,0,1,1,441.534,20.0,50.0,24.0,0
1,0,1,1,438.616,20.0,50.0,24.0,0
1,0,1,1,436.234,20.0,50.0,24.0,0
1,0,1,1,435.234,20.0,50.0,24.0,0
1,0,1,1,434.586,20.0,50.0,24.0,0
1,0,1,1,438.553,20.0,50.0,24.0,0
1,0,1,1,439.249,20.0,50.0,24.0,0
1,0,1,1,438.659,20.0,50.0,24.0,0
1,0,1,1,436.82,20.0,50.0,24.0,0
1,0,1,1,437.009,20.0,50.0,24.0,0
1,0,1,1,449.326,20.0,50.0,24.0,0
1,0,1,1,448.36,20.0,50.0,24.0,0
1,0,1,1,442.779,20.0,50.0,24.0,0
1,0,1,1,450.46,20.0,50.0,24.0,0
1,0,1,1,477.143,20.0,50.0,24.0,0
1,0,1,1,473.643,20.0,50.0,24.0,0
1,0,1,1,455.468,20.0,50.0,24.0,0
1,0,1,1,452.761,20.0,50.0,24.0,0
1,0,1,1,446.852,20.0,50.0,24.0,0
1,0,1,1,439.797,20.0,50.0,24.0,0
1,0,1,1,439.855,20.0,50.0,24.0,0
1,0,1,1,445.435,20.0,50.0,24.0,0
1,0,1,1,447.565,20.0,50.0,24.0,0
1,0,1,1,451.402,20.0,50.0,24.0,0
1,0,1,1,449.903,20.0,50.0,24.0,0
1,0,1,1,444.1,20.0,50.0,24.0,0
1,0,1,1,441.479,20.0,50.0,24.0,0
1,0,1,1,439.343,20.0,50.0,24.0,0
1,0,1,1,445.614,20.0,50.0,24.0,0
1,0,1,1,447.511,20.0,50.0,24.0,0
1,0,1,1,445.181,20.0,50.0,24.0,0
1,0,1,1,445.29,20.0,50.0,24.0,0
1,0,1,1,445.174,20.0,50.0,24.0,0
1,0,1,1,447.872,20.0,50.0,24.0,0
1,0,1,1,446.232,20.0,50.0,24.0,0
1,0,1,1,453.705,20.0,50.0,24.0,0
1,0,1,1,460.898,20.0,50.0,24.0,0
1,0,1,1,452.495,20.0,50.0,24.0,0
1,0,1,1,452.179,20.0,50.0,24.0,0
1,0,1,1,447.251,20.0,50.0,24.0,0
1,0,1,1,443.179,20.0,50.0,24.0,0
1,0,1,1,438.499,20.0,50.0,24.0,0
1,0,1,1,444.652,20.0,50.0,24.0,0
1,0,1,1,448.311,20.0,50.0,24.0,0
1,0,1,1,449.507,20.0,50.0,24.0,0
1,0,1,1,445.131,20.0,50.0,24.0,0
1,0,1,1,441.757,20.0,50.0,24.0,0
1,0,1,1,441.246,20.0,50.0,24.0,0
1,0,1,1,438.559,20.0,50.0,24.0,0
1,0,1,1,436.911,20.0,50.0,24.0,0
1,0,1,1,441.413,20.0,50.0,24.0,0
1,0,1,1,437.851,20.0,50.0,24.0,0
1,0,1,1,437.449,20.0,50.0,24.0,0
1,0,1,1,439.643,20.0,50.0,24.0,0
1,0,1,1,443.248,20.0,50.0,24.0,0
1,0,1,1,445.531,20.0,50.0,24.0,0
1,0,1,1,443.413,20.0,50.0,24.0,0
1,0,1,1,440.586,20.0,50.0,24.0,0
1,0,1,1,438.303,20.0,50.0,24.0,0
1,0,1,1,436.635,20.0,50.0,24.0,0
1,0,1,1,438.423,20.0,50.0,24.0,0
1,0,1,1,440.639,20.0,50.0,24.0,0
1,0,1,1,439.107,20.0,50.0,24.0,0
1,0,1,1,442.156,20.0,50.0,24.0,0
1,0,1,1,439.522,20.0,50.0,24.0,0
1,0,1,1,437.306,20.0,50.0,24.0,0
1,0,1,1,440.667,20.0,50.0,24.0,0
1,0,1,1,442.366,20.0,50.0,24.0,0
1,0,1,1,442.416,20.0,50.0,24.0,0
1,0,1,1,438.528,20.0,50.0,24.0,0
1,0,1,1,442.153,20.0,50.0,24.0,0
1,0,1,1,439.401,20.0,50.0,24.0,0
1,0,1,1,445.734,20.0,50.0,24.0,0
1,0,1,1,453.065,20.0,50.0,24.0,0
1,0,1,1,451.333,20.0,50.0,24.0,0
1,0,1,1,446.019,20.0,50.0,24.0,0
1,0,1,1,442.046,20.0,50.0,24.0,0
1,0,1,1,440.97,20.0,50.0,24.0,0
1,0,1,1,440.169,20.0,50.0,24.0,0
1,0,1,1,439.545,20.0,50.0,24.0,0
1,0,1,1,435.872,20.0,50.0,24.0,0
1,0,1,1,437.805,20.0,50.0,24.0,0
1,0,1,1,439.896,20.0,50.0,24.0,0
1,0,1,1,440.737,20.0,50.0,24.0,0
1,0,1,1,447.798,20.0,50.0,24.0,0
1,0,1,1,445.408,20.0,50.0,24.0,0
1,0,1,1,449.255,20.0,50.0,24.0,0
1,0,1,1,447.63,20.0,50.0,24.0,0
1,0,1,1,446.578,20.0,50.0,24.0,0
1,0,1,1,444.911,20.0,50.0,24.0,0
1,0,1,1,446.04,20.0,50.0,24.0,0
1,0,1,1,445.404,20.0,50.0,24.0,0
1,0,1,1,444.813,20.0,50.0,24.0,0
1,0,1,1,447.185,20.0,50.0,24.0,0
1,0,1,1,449.214,20.0,50.0,24.0,0
1,0,1,1,448.784,20.0,50.0,24.0,0
1,0,1,1,442.884,20.0,50.0,24.0,0
1,0,1,1,445.172,20.0,50.0,24.0,0
1,0,1,1,448.42,20.0,50.0,24.0,0
1,0,1,1,448.872,20.0,50.0,24.0,0
1,0,1,1,449.864,20.0,50.0,24.0,0
1,0,1,1,448.074,20.0,50.0,24.0,0
1,0,1,1,451.902,20.0,50.0,24.0,0
1,0,1,1,451.546,20.0,50.0,24.0,0
1,0,1,1,460.259,20.0,50.0,24.0,0
1,0,1,1,457.84,20.0,50.0,24.0,0
1,0,1,1,454.131,20.0,50.0,24.0,0
1,0,1,1,457.747,20.0,50.0,24.0,0
1,0,1,1,453.158,20.0,50.0,24.0,0
1,0,1,1,447.756,20.0,50.0,24.0,0
1,0,1,1,445.325,20.0,50.0,24.0,0
1,0,1,1,449.048,20.0,50.0,24.0,0
1,0,1,1,450.677,20.0,50.0,24.0,0
1,0,1,1,453.62,20.0,50.0,24.0,0
1,0,1,1,455.855,20.0,50.0,24.0,0
1,0,1,1,457.55,20.0,50.0,24.0,0
1,0,1,1,464.06,20.0,50.0,24.0,0
1,0,1,1,474.393,20.0,50.0,24.0,0
1,0,1,1,470.856,20.0,50.0,24.0,0
1,0,1,1,473.648,20.0,50.0,24.0,0
1,0,1,1,473.313,20.0,50.0,24.0,0
1,0,1,1,473.295,20.0,50.0,24.0,0
1,0,1,1,476.127,20.0,50.0,24.0,0
1,0,1,1,471.461,20.0,50.0,24.0,0
1,0,1,1,465.394,20.0,50.0,24.0,0
1,0,1,1,460.609,20.0,50.0,24.0,0
1,0,1,1,460.146,20.0,50.0,24.0,0
1,0,1,1,459.477,20.0,50.0,24.0,0
1,0,1,1,462.512,20.0,50.0,24.0,0
1,0,1,1,464.021,20.0,50.0,24.0,0
1,0,1,1,462.772,20.0,50.0,24.0,0
1,0,1,1,465.574,20.0,50.0,24.0,0
1,0,1,1,460.913,20.0,50.0,24.0,0
1,0,1,1,461.341,20.0,50.0,24.0,0
1,0,1,1,463.461,20.0,50.0,24.0,0
1,0,1,1,464.168,20.0,50.0,24.0,0
1,0,1,1,465.932,20.0,50.0,24.0,0
1,0,1,1,466.29,20.0,50.0,24.0,0
1,0,1,1,462.987,20.0,50.0,24.0,0
1,0,1,1,465.796,20.0,50.0,24.0,0
1,0,1,1,471.052,20.0,50.0,24.0,0
1,0,1,1,466.953,20.0,50.0,24.0,0
1,0,1,1,464.781,20.0,50.0,24.0,0
1,0,1,1,462.805,20.0,50.0,24.0,0
1,0,1,1,458.334,20.0,50.0,24.0,0
1,0,1,1,456.86,20.0,50.0,24.0,0
1,0,1,1,463.833,20.0,50.0,24.0,0
1,0,1,1,453.388,20.0,50.0,24.0,0
1,0,1,1,448.802,20.0,50.0,24.0,0
1,0,1,1,452.93,20.0,50.0,24.0,0
1,0,1,1,451.504,20.0,50.0,24.0,0
1,0,1,1,447.268,20.0,50.0,24.0,0
1,0,1,1,447.231,20.0,50.0,24.0,0
1,0,1,1,459.273,20.0,50.0,24.0,0
1,0,1,1,486.71,20.0,50.0,24.0,0
1,0,1,1,489.295,20.0,50.0,24.0,0
1,0,1,1,481.902,20.0,50.0,24.0,0
1,0,1,1,483.471,20.0,50.0,24.0,0
1,0,1,1,491.316,20.0,50.0,24.0,0
1,0,1,1,495.721,20.0,50.0,24.0,0
1,0,1,1,501.366,20.0,50.0,24.0,0
1,0,1,1,494.961,20.0,50.0,24.0,0
1,0,1,1,493.721,20.0,50.0,24.0,0
1,0,1,1,493.31,20.0,50.0,24.0,0
1,0,1,1,493.139,20.0,50.0,24.0,0
1,0,1,1,491.527,20.0,50.0,24.0,0
1,0,1,1,485.81,20.0,50.0,24.0,0
1,0,1,1,484.919,20.0,50.0,24.0,0
1,0,1,1,489.525,20.0,50.0,24.0,0
1,0,1,1,489.434,20.0,50.0,24.0,0
1,0,1,1,493.309,20.0,50.0,24.0,0
1,0,1,1,486.747,20.0,50.0,24.0,0
1,0,1,1,488.668,20.0,50.0,24.0,0
1,0,1,1,494.972,20.0,50.0,24.0,0
1,0,1,1,496.191,20.0,50.0,24.0,0
1,0,1,1,488.315,20.0,50.0,24.0,0
1,0,1,1,487.007,20.0,50.0,24.0,0
1,0,1,1,479.202,20.0,50.0,24.0,0
1,0,1,1,478.4,20.0,50.0,24.0,0
1,0,1,1,477.526,20.0,50.0,24.0,0
1,0,1,1,475.342,20.0,50.0,24.0,0
1,0,1,1,474.921,20.0,50.0,24.0,0
1,0,1,1,476.918,20.0,50.0,24.0,0
1,0,1,1,477.404,20.0,50.0,24.0,0
1,0,1,1,477.932,20.0,50.0,24.0,0
1,0,1,1,476.367,20.0,50.0,24.0,0
1,0,1,1,472.585,20.0,50.0,24.0,0
1,0,1,1,470.325,20.0,50.0,24.0,0
1,0,1,1,470.322,20.0,50.0,24.0,0
1,0,1,1,469.312,20.0,50.0,24.0,0
1,0,1,1,470.834,20.0,50.0,24.0,0
1,0,1,1,469.704,20.0,50.0,24.0,0
1,0,1,1,469.582,20.0,50.0,24.0,0
1,0,1,1,469.673,20.0,50.0,24.0,0
1,0,1,1,468.08,20.0,50.0,24.0,0
1,0,1,1,469.866,20.0,50.0,24.0,0
1,0,1,1,466.531,20.0,50.0,24.0,0
1,0,1,1,468.36,20.0,50.0,24.0,0
1,0,1,1,468.678,20.0,50.0,24.0,0
1,0,1,1,473.085,20.0,50.0,24.0,0
1,0,1,1,475.629,20.0,50.0,24.0,0
1,0,1,1,471.7,20.0,50.0,24.0,0
1,0,1,1,470.781,20.0,50.0,24.0,0
1,0,1,1,475.804,20.0,50.0,24.0,0
1,0,1,1,476.719,20.0,50.0,24.0,0
1,0,1,1,479.558,20.0,50.0,24.0,0
1,0,1,1,483.971,20.0,50.0,24.0,0
1,0,1,1,482.597,20.0,50.0,24.0,0
1,0,1,1,481.968,20.0,50.0,24.0,0
1,0,1,1,480.221,20.0,50.0,24.0,0
1,0,1,1,479.262,20.0,50.0,24.0,0
1,0,1,1,479.087,20.0,50.0,24.0,0
1,0,1,1,482.224,20.0,50.0,24.0,0
1,0,1,1,481.864,20.0,50.0,24.0,0
1,0,1,1,481.91,20.0,50.0,24.0,0
1,0,1,1,480.887,20.0,50.0,24.0,0
1,0,1,1,475.91,20.0,50.0,24.0,0
1,0,1,1,475.804,20.0,50.0,24.0,0
1,0,1,1,477.58,20.0,50.0,24.0,0
1,0,1,1,475.649,20.0,50.0,24.0,0
1,0,1,1,477.345,20.0,50.0,24.0,0
1,0,1,1,479.037,20.0,50.0,24.0,0
1,0,1,1,481.437,20.0,50.0,24.0,0
1,0,1,1,483.305,20.0,50.0,24.0,0
1,0,1,1,482.553,20.0,50.0,24.0,0
1,0,1,1,478.969,20.0,50.0,24.0,0
1,0,1,1,475.149,20.0,50.0,24.0,0
1,0,1,1,474.668,20.0,50.0,24.0,0
1,0,1,1,472.985,20.0,50.0,24.0,0
1,0,1,1,472.013,20.0,50.0,24.0,0
1,0,1,1,474.351,20.0,50.0,24.0,0
1,0,1,1,473.388,20.0,50.0,24.0,0
1,0,1,1,471.891,20.0,50.0,24.0,0
1,0,1,1,470.954,20.0,50.0,24.0,0
1,0,1,1,471.085,20.0,50.0,24.0,0
1,0,1,1,473.659,20.0,50.0,24.0,0
1,0,1,1,474.071,20.0,50.0,24.0,0
1,0,1,1,472.918,20.0,50.0,24.0,0
1,0,1,1,470.522,20.0,50.0,24.0,0
1,0,1,1,469.291,20.0,50.0,24.0,0
1,0,1,1,470.725,20.0,50.0,24.0,0
1,0,1,1,469.593,20.0,50.0,24.0,0
1,0,1,1,468.004,20.0,50.0,24.0,0
1,0,1,1,466.699,20.0,50.0,24.0,0
1,0,1,1,470.484,20.0,50.0,24.0,0
1,0,1,1,474.146,20.0,50.0,24.0,0
1,0,1,1,472.708,20.0,50.0,24.0,0
1,0,1,1,471.501,20.0,50.0,24.0,0
1,0,1,1,472.907,20.0,50.0,24.0,0
1,0,1,1,473.493,20.0,50.0,24.0,0
1,0,1,1,472.458,20.0,50.0,24.0,0
1,0,1,1,471.872,20.0,50.0,24.0,0
1,0,1,1,471.618,20.0,50.0,24.0,0
1,0,1,1,473.876,20.0,50.0,24.0,0
1,0,1,1,475.758,20.0,50.0,24.0,0
1,0,1,1,475.413,20.0,50.0,24.0,0
1,0,1,1,474.681,20.0,50.0,24.0,0
1,0,1,1,472.14,20.0,50.0,24.0,0
1,0,1,1,474.684,20.0,50.0,24.0,0
1,0,1,1,469.613,20.0,50.0,24.0,0
1,0,1,1,470.868,20.0,50.0,24.0,0
1,0,1,1,471.483,20.0,50.0,24.0,0
1,0,1,1,473.297,20.0,50.0,24.0,0
1,0,1,1,470.72,20.0,50.0,24.0,0
1,0,1,1,471.406,20.0,50.0,24.0,0
1,0,1,1,468.52,20.0,50.0,24.0,0
1,0,1,1,469.059,20.0,50.0,24.0,0
1,0,1,1,474.263,20.0,50.0,24.0,0
1,0,1,1,476.477,20.0,50.0,24.0,0
1,0,1,1,476.233,20.0,50.0,24.0,0
1,0,1,1,471.672,20.0,50.0,24.0,0
1,0,1,1,470.53,20.0,50.0,24.0,0
1,0,1,1,469.828,20.0,50.0,24.0,0
1,0,1,1,471.325,20.0,50.0,24.0,0
1,0,1,1,472.793,20.0,50.0,24.0,0
1,0,1,1,467.227,20.0,50.0,24.0,0
1,0,1,1,468.105,20.0,50.0,24.0,0
1,0,1,1,467.436,20.0,50.0,24.0,0
1,0,1,1,467.937,20.0,50.0,24.0,0
1,0,1,1,469.412,20.0,50.0,24.0,0
1,0,1,1,473.671,20.0,50.0,24.0,0
1,0,1,1,471.892,20.0,50.0,24.0,0
1,0,1,1,471.249,20.0,50.0,24.0,0
1,0,1,1,473.388,20.0,50.0,24.0,0
1,0,1,1,478.308,20.0,50.0,24.0,0
1,0,1,1,480.427,20.0,50.0,24.0,0
1,0,1,1,479.461,20.0,50.0,24.0,0
1,0,1,1,480.31,20.0,50.0,24.0,0
1,0,1,1,478.099,20.0,50.0,24.0,0
1,0,1,1,481.393,20.0,50.0,24.0,0
1,0,1,1,480.14,20.0,50.0,24.0,0
1,0,1,1,476.883,20.0,50.0,24.0,0
1,0,1,1,477.864,20.0,50.0,24.0,0
1,0,1,1,483.095,20.0,50.0,24.0,0
1,0,1,1,481.45,20.0,50.0,24.0,0
1,0,1,1,475.87,20.0,50.0,24.0,0
1,0,1,1,475.791,20.0,50.0,24.0,0
1,0,1,1,473.316,20.0,50.0,24.0,0
1,0,1,1,472.832,20.0,50.0,24.0,0
1,0,1,1,472.849,20.0,50.0,24.0,0
1,0,1,1,475.32,20.0,50.0,24.0,0
1,0,1,1,479.231,20.0,50.0,24.0,0
1,0,1,1,480.821,20.0,50.0,24.0,0
1,0,1,1,477.964,20.0,50.0,24.0,0
1,0,1,1,481.201,20.0,50.0,24.0,0
1,0,1,1,479.061,20.0,50.0,24.0,0
1,0,1,1,476.872,20.0,50.0,24.0,0
1,0,1,1,474.42,20.0,50.0,24.0,0
1,0,1,1,471.444,20.0,50.0,24.0,0
1,0,1,1,473.22,20.0,50.0,24.0,0
1,0,1,1,474.504,20.0,50.0,24.0,0
1,0,1,1,478.326,20.0,50.0,24.0,0
1,0,1,1,482.694,20.0,50.0,24.0,0
1,0,1,1,484.453,20.0,50.0,24.0,0
1,0,1,1,484.597,20.0,50.0,24.0,0
1,0,1,1,481.3,20.0,50.0,24.0,0
1,0,1,1,482.747,20.0,50.0,24.0,0
1,0,1,1,481.166,20.0,50.0,24.0,0
1,0,1,1,483.467,20.0,50.0,24.0,0
1,0,1,1,484.727,20.0,50.0,24.0,0
1,0,1,1,485.687,20.0,50.0,24.0,0
1,0,1,1,484.039,20.0,50.0,24.0,0
1,0,1,1,482.739,20.0,50.0,24.0,0
1,0,1,1,482.324,20.0,50.0,24.0,0
1,0,1,1,486.88,20.0,50.0,24.0,0
1,0,1,1,487.85,20.0,50.0,24.0,0
1,0,1,1,484.553,20.0,50.0,24.0,0
1,0,1,1,482.999,20.0,50.0,24.0,0
1,0,1,1,484.496,20.0,50.0,24.0,0
1,0,1,1,481.701,20.0,50.0,24.0,0
1,0,1,1,479.06,20.0,50.0,24.0,0
1,0,1,1,482.623,20.0,50.0,24.0,0
1,0,1,1,482.64,20.0,50.0,24.0,0
1,0,1,1,482.129,20.0,50.0,24.0,0
1,0,1,1,478.9,20.0,50.0,24.0,0
1,0,1,1,477.448,20.0,50.0,24.0,0
1,0,1,1,480.67,20.0,50.0,24.0,0
1,0,1,1,479.324,20.0,50.0,24.0,0
1,0,1,1,477.705,20.0,50.0,24.0,0
1,0,1,1,481.841,20.0,50.0,24.0,0
1,0,1,1,479.821,20.0,50.0,24.0,0
1,0,1,1,476.961,20.0,50.0,24.0,0
1,0,1,1,472.323,20.0,50.0,24.0,0
1,0,1,1,474.32,20.0,50.0,24.0,0
1,0,1,1,475.343,20.0,50.0,24.0,0
1,0,1,1,478.334,20.0,50.0,24.0,0
1,0,1,1,478.027,20.0,50.0,24.0,0
1,0,1,1,476.718,20.0,50.0,24.0,0
1,0,1,1,475.18,20.0,50.0,24.0,0
1,0,1,1,476.601,20.0,50.0,24.0,0
1,0,1,1,477.399,20.0,50.0,24.0,0
1,0,1,1,477.848,20.0,50.0,24.0,0
1,0,1,1,476.854,20.0,50.0,24.0,0
1,0,1,1,479.584,20.0,50.0,24.0,0
1,0,1,1,478.34,20.0,50.0,24.0,0
1,0,1,1,480.833,20.0,50.0,24.0,0
1,0,1,1,477.266,20.0,50.0,24.0,0
1,0,1,1,476.306,20.0,50.0,24.0,0
1,0,1,1,475.601,20.0,50.0,24.0,0
1,0,1,1,477.748,20.0,50.0,24.0,0
1,0,1,1,478.032,20.0,50.0,24.0,0
1,0,1,1,475.179,20.0,50.0,24.0,0
1,0,1,1,475.483,20.0,50.0,24.0,0
1,0,1,1,476.855,20.0,50.0,24.0,0
1,0,1,1,475.404,20.0,50.0,24.0,0
1,0,1,1,475.932,20.0,50.0,24.0,0
1,0,1,1,479.365,20.0,50.0,24.0,0
1,0,1,1,476.406,20.0,50.0,24.0,0
1,0,1,1,476.292,20.0,50.0,24.0,0
1,0,1,1,477.347,20.0,50.0,24.0,0
1,0,1,1,474.965,20.0,50.0,24.0,0
1,0,1,1,477.684,20.0,50.0,24.0,0
1,0,1,1,474.18,20.0,50.0,24.0,0
1,0,1,1,474.298,20.0,50.0,24.0,0
1,0,1,1,474.353,20.0,50.0,24.0,0
1,0,1,1,476.068,20.0,50.0,24.0,0
1,0,1,1,476.71,20.0,50.0,24.0,0
1,0,1,1,478.329,20.0,50.0,24.0,0
1,0,1,1,479.571,20.0,50.0,24.0,0
1,0,1,1,477.159,20.0,50.0,24.0,0
1,0,1,1,476.91,20.0,50.0,24.0,0
1,0,1,1,476.937,20.0,50.0,24.0,0
1,0,1,1,478.72,20.0,50.0,24.0,0
1,0,1,1,478.119,20.0,50.0,24.0,0
1,0,1,1,475.812,20.0,50.0,24.0,0
1,0,1,1,475.549,20.0,50.0,24.0,0
1,0,1,1,474.282,20.0,50.0,24.0,0
1,0,1,1,473.135,20.0,50.0,24.0,0
1,0,1,1,473.027,20.0,50.0,24.0,0
1,0,1,1,472.028,20.0,50.0,24.0,0
1,0,1,1,472.195,20.0,50.0,24.0,0
1,0,1,1,475.893,20.0,50.0,24.0,0
1,0,1,1,474.904,20.0,50.0,24.0,0
1,0,1,1,473.122,20.0,50.0,24.0,0
1,0,1,1,475.116,20.0,50.0,24.0,0
1,0,1,1,472.822,20.0,50.0,24.0,0
1,0,1,1,475.493,20.0,50.0,24.0,0
1,0,1,1,474.676,20.0,50.0,24.0,0
1,0,1,1,475.885,20.0,50.0,24.0,0
1,0,1,1,475.243,20.0,50.0,24.0,0
1,0,1,1,471.861,20.0,50.0,24.0,0
1,0,1,1,471.181,20.0,50.0,24.0,0
1,0,1,1,469.97,20.0,50.0,24.0,0
1,0,1,1,472.257,20.0,50.0,24.0,0
1,0,1,1,474.573,20.0,50.0,24.0,0
1,0,1,1,474.358,20.0,50.0,24.0,0
1,0,1,1,473.974,20.0,50.0,24.0,0
1,0,1,1,470.666,20.0,50.0,24.0,0
1,0,1,1,470.386,20.0,50.0,24.0,0
1,0,1,1,468.445,20.0,50.0,24.0,0
1,0,1,1,465.508,20.0,50.0,24.0,0
1,0,1,1,465.539,20.0,50.0,24.0,0
1,0,1,1,465.292,20.0,50.0,24.0,0
1,0,1,1,461.031,20.0,50.0,24.0,0
1,0,1,1,459.433,20.0,50.0,24.0,0
1,0,1,1,458.624,20.0,50.0,24.0,0
1,0,1,1,459.897,20.0,50.0,24.0,0
1,0,1,1,459.9,20.0,50.0,24.0,0
1,0,1,1,460.183,20.0,50.0,24.0,0
1,0,1,1,461.104,20.0,50.0,24.0,0
1,0,1,1,464.118,20.0,50.0,24.0,0
1,0,1,1,472.197,20.0,50.0,24.0,0
1,0,1,1,472.04,20.0,50.0,24.0,0
1,0,1,1,469.32,20.0,50.0,24.0,0
1,0,1,1,466.6,20.0,50.0,24.0,0
1,0,1,1,467.487,20.0,50.0,24.0,0
1,0,1,1,464.058,20.0,50.0,24.0,0
1,0,1,1,463.632,20.0,50.0,24.0,0
1,0,1,1,461.38,20.0,50.0,24.0,0
1,0,1,1,458.912,20.0,50.0,24.0,0
1,0,1,1,458.487,20.0,50.0,24.0,0
1,0,1,1,460.684,20.0,50.0,24.0,0
1,0,1,1,466.866,20.0,50.0,24.0,0
1,0,1,1,464.406,20.0,50.0,24.0,0
1,0,1,1,461.074,20.0,50.0,24.0,0
1,0,1,1,459.4,20.0,50.0,24.0,0
1,0,1,1,459.422,20.0,50.0,24.0,0
1,0,1,1,465.385,20.0,50.0,24.0,0
1,0,1,1,463.604,20.0,50.0,24.0,0
1,0,1,1,465.028,20.0,50.0,24.0,0
1,0,1,1,462.003,20.0,50.0,24.0,0
1,0,1,1,459.347,20.0,50.0,24.0,0
1,0,1,1,459.887,20.0,50.0,24.0,0
1,0,1,1,464.446,20.0,50.0,24.0,0
1,0,1,1,471.213,20.0,50.0,24.0,0
1,0,1,1,475.067,20.0,50.0,24.0,0
1,0,1,1,473.845,20.0,50.0,24.0,0
1,0,1,1,494.27,20.0,50.0,24.0,0
1,0,1,1,516.075,20.0,50.0,24.0,0
1,0,1,1,518.122,20.0,50.0,24.0,0
1,0,1,1,519.285,20.0,50.0,24.0,0
1,0,1,1,502.477,20.0,50.0,24.0,0
1,0,1,1,501.831,20.0,50.0,24.0,0
1,0,1,1,479.742,20.0,50.0,24.0,0
1,0,1,1,480.571,20.0,50.0,24.0,0
1,0,1,1,485.449,20.0,50.0,24.0,0
1,0,1,1,476.917,20.0,50.0,24.0,0
1,0,1,1,470.05,20.0,50.0,24.0,0
1,0,1,1,478.353,20.0,50.0,24.0,0
1,0,1,1,475.087,20.0,50.0,24.0,0
1,0,1,1,473.106,20.0,50.0,24.0,0
1,0,1,1,478.284,20.0,50.0,24.0,0
1,0,1,1,483.829,20.0,50.0,24.0,0
1,0,1,1,495.271,20.0,50.0,24.0,0
1,0,1,1,486.063,20.0,50.0,24.0,0
1,0,1,1,478.77,20.0,50.0,24.0,0
1,0,1,1,469.292,20.0,50.0,24.0,0
1,0,1,1,472.753,20.0,50.0,24.0,0
1,0,1,1,471.859,20.0,50.0,24.0,0
1,0,1,1,479.462,20.0,50.0,24.0,0
1,0,1,1,484.195,20.0,50.0,24.0,0
1,0,1,1,486.618,20.0,50.0,24.0,0
1,0,1,1,474.422,20.0,50.0,24.0,0
1,0,1,1,477.653,20.0,50.0,24.0,0
1,0,1,1,470.861,20.0,50.0,24.0,0
1,0,1,1,466.713,20.0,50.0,24.0,0
1,0,1,1,465.362,20.0,50.0,24.0,0
1,0,1,1,463.176,20.0,50.0,24.0,0
1,0,1,1,460.94,20.0,50.0,24.0,0
1,0,1,1,448.914,20.0,50.0,24.0,0
1,0,1,1,459.142,20.0,50.0,24.0,0
1,0,1,1,454.81,20.0,50.0,24.0,0
1,0,1,1,468.781,20.0,50.0,24.0,0
1,0,1,1,454.252,20.0,50.0,24.0,0
1,0,1,1,451.693,20.0,50.0,24.0,0
1,0,1,1,461.506,20.0,50.0,24.0,0
1,0,1,1,460.839,20.0,50.0,24.0,0
1,0,1,1,463.72,20.0,50.0,24.0,0
1,0,1,1,473.369,20.0,50.0,24.0,0
1,0,1,1,475.989,20.0,50.0,24.0,0
1,0,1,1,465.849,20.0,50.0,24.0,0
1,0,1,1,458.974,20.0,50.0,24.0,0
1,0,1,1,462.774,20.0,50.0,24.0,0
1,0,1,1,465.012,20.0,50.0,24.0,0
1,0,1,1,453.116,20.0,50.0,24.0,0
1,0,1,1,466.343,20.0,50.0,24.0,0
1,0,1,1,480.242,20.0,50.0,24.0,0
1,0,1,1,474.159,20.0,50.0,24.0,0
1,0,1,1,466.34,20.0,50.0,24.0,0
1,0,1,1,478.664,20.0,50.0,24.0,0
1,0,1,1,458.214,20.0,50.0,24.0,0
1,0,1,1,459.768,20.0,50.0,24.0,0
1,0,1,1,458.415,20.0,50.0,24.0,0
1,0,1,1,463.616,20.0,50.0,24.0,0
1,0,1,1,473.955,20.0,50.0,24.0,0
1,0,1,1,465.804,20.0,50.0,24.0,0
1,0,1,1,454.181,20.0,50.0,24.0,0
1,0,1,1,454.212,20.0,50.0,24.0,0
1,0,1,1,464.004,20.0,50.0,24.0,0
1,0,1,1,479.356,20.0,50.0,24.0,0
1,0,1,1,465.535,20.0,50.0,24.0,0
1,0,1,1,483.739,20.0,50.0,24.0,0
1,0,1,1,472.873,20.0,50.0,24.0,0
1,0,1,1,464.319,20.0,50.0,24.0,0
1,0,1,1,469.306,20.0,50.0,24.0,0
1,0,1,1,470.812,20.0,50.0,24.0,0
1,0,1,1,467.534,20.0,50.0,24.0,0
1,0,1,1,465.017,20.0,50.0,24.0,0
1,0,1,1,478.751,20.0,50.0,24.0,0
1,0,1,1,462.583,20.0,50.0,24.0,0
1,0,1,1,447.76,20.0,50.0,24.0,0
1,0,1,1,442.447,20.0,50.0,24.0,0
1,0,1,1,449.015,20.0,50.0,24.0,0
1,0,1,1,449.657,20.0,50.0,24.0,0
1,0,1,1,445.643,20.0,50.0,24.0,0
1,0,1,1,469.91,20.0,50.0,24.0,0
1,0,1,1,475.236,20.0,50.0,24.0,0
1,0,1,1,475.623,20.0,50.0,24.0,0
1,0,1,1,469.337,20.0,50.0,24.0,0
1,0,1,1,467.819,20.0,50.0,24.0,0
1,0,1,1,475.016,20.0,50.0,24.0,0
1,0,1,1,484.919,20.0,50.0,24.0,0
1,0,1,1,486.111,20.0,50.0,24.0,0
1,0,1,1,487.094,20.0,50.0,24.0,0
1,0,1,1,497.986,20.0,50.0,24.0,0
1,0,1,1,482.14,20.0,50.0,24.0,0
1,0,1,1,490.516,20.0,50.0,24.0,0
1,0,1,1,490.277,20.0,50.0,24.0,0
1,0,1,1,491.627,20.0,50.0,24.0,0
1,0,1,1,494.438,20.0,50.0,24.0,0
1,0,1,1,472.464,20.0,50.0,24.0,0
1,0,1,1,481.6,20.0,50.0,24.0,0
1,0,1,1,478.92,20.0,50.0,24.0,0
1,0,1,1,465.733,20.0,50.0,24.0,0
1,0,1,1,444.246,20.0,50.0,24.0,0
1,0,1,1,439.051,20.0,50.0,24.0,0
1,0,1,1,442.806,20.0,50.0,24.0,0
1,0,1,1,442.693,20.0,50.0,24.0,0
1,0,1,1,447.069,20.0,50.0,24.0,0
1,0,1,1,456.427,20.0,50.0,24.0,0
1,0,1,1,464.568,20.0,50.0,24.0,0
1,0,1,1,465.571,20.0,50.0,24.0,0
1,0,1,1,446.685,20.0,50.0,24.0,0
1,0,1,1,450.601,20.0,50.0,24.0,0
1,0,1,1,450.469,20.0,50.0,24.0,0
1,0,1,1,446.996,20.0,50.0,24.0,0
1,0,1,1,456.625,20.0,50.0,24.0,0
1,0,1,1,457.79,20.0,50.0,24.0,0
1,0,1,1,461.739,20.0,50.0,24.0,0
1,0,1,1,466.695,20.0,50.0,24.0,0
1,0,1,1,463.926,20.0,50.0,24.0,0
1,0,1,1,458.034,20.0,50.0,24.0,0
1,0,1,1,450.011,20.0,50.0,24.0,0
1,0,1,1,451.722,20.0,50.0,24.0,0
1,0,1,1,466.415,20.0,50.0,24.0,0
1,0,1,1,458.952,20.0,50.0,24.0,0
1,0,1,1,446.937,20.0,50.0,24.0,0
1,0,1,1,443.357,20.0,50.0,24.0,0
1,0,1,1,438.816,20.0,50.0,24.0,0
1,0,1,1,445.028,20.0,50.0,24.0,0
1,0,1,1,446.718,20.0,50.0,24.0,0
1,0,1,1,444.785,20.0,50.0,24.0,0
1,0,1,1,453.816,20.0,50.0,24.0,0
1,0,1,1,451.483,20.0,50.0,24.0,0
1,0,1,1,454.229,20.0,50.0,24.0,0
1,0,1,1,452.65,20.0,50.0,24.0,0
1,0,1,1,450.126,20.0,50.0,24.0,0
1,0,1,1,451.608,20.0,50.0,24.0,0
1,0,1,1,456.085,20.0,50.0,24.0,0
1,0,1,1,453.783,20.0,50.0,24.0,0
1,0,1,1,450.544,20.0,50.0,24.0,0
1,0,1,1,459.847,20.0,50.0,24.0,0
1,0,1,1,447.995,20.0,50.0,24.0,0
1,0,1,1,460.785,20.0,50.0,24.0,0
1,0,1,1,470.666,20.0,50.0,24.0,0
1,0,1,1,482.289,20.0,50.0,24.0,0
1,0,1,1,475.8,20.0,50.0,24.0,0
1,0,1,1,478.438,20.0,50.0,24.0,0
1,0,1,1,466.772,20.0,50.0,24.0,0
1,0,1,1,464.726,20.0,50.0,24.0,0
1,0,1,1,472.674,20.0,50.0,24.0,0
1,0,1,1,483.059,20.0,50.0,24.0,0
1,0,1,1,472.461,20.0,50.0,24.0,0
1,0,1,1,481.859,20.0,50.0,24.0,0
1,0,1,1,499.829,20.0,50.0,24.0,0
1,0,1,1,524.606,20.0,50.0,24.0,0
1,0,1,1,522.349,20.0,50.0,24.0,0
1,0,1,1,526.581,20.0,50.0,24.0,0
1,0,1,1,533.742,20.0,50.0,24.0,0
1,0,1,1,535.889,20.0,50.0,24.0,0
1,0,1,1,542.749,20.0,50.0,24.0,0
1,0,1,1,551.798,20.0,50.0,24.0,0
1,0,1,1,558.195,20.0,50.0,24.0,0
1,0,1,1,565.674,20.0,50.0,24.0,0
1,0,1,1,571.004,20.0,50.0,24.0,0
1,0,1,1,579.345,20.0,50.0,24.0,0
1,0,1,1,585.592,20.0,50.0,24.0,0
1,0,1,1,597.214,20.0,50.0,24.0,0
1,0,1,1,598.939,20.0,50.0,24.0,0
1,0,1,1,600.397,20.0,50.0,24.0,0
1,0,1,1,613.627,20.0,50.0,24.0,0
1,0,1,1,609.044,20.0,50.0,24.0,0
1,0,1,1,616.773,20.0,50.0,24.0,0
1,0,1,1,619.38,20.0,50.0,24.0,0
1,0,1,1,632.191,20.0,50.0,24.0,0
1,0,1,1,638.284,20.0,50.0,24.0,0
1,0,1,1,646.094,20.0,50.0,24.0,0
1,0,1,1,655.657,20.0,50.0,24.0,0
1,0,1,1,652.308,20.0,50.0,24.0,0
1,0,1,1,667.072,20.0,50.0,24.0,0
1,0,1,1,648.838,20.0,50.0,24.0,0
1,0,1,1,648.105,20.0,50.0,24.0,0
1,0,1,1,654.499,20.0,50.0,24.0,0
1,0,1,1,657.667,20.0,50.0,24.0,0
1,0,1,1,761.616,20.0,50.0,24.0,0
1,0,1,1,753.195,20.0,50.0,24.0,0
1,0,1,1,698.083,20.0,50.0,24.0,0
1,0,1,1,648.003,20.0,50.0,24.0,0
1,0,1,1,598.488,20.0,50.0,24.0,0
1,0,1,1,609.429,20.0,50.0,24.0,0
1,0,1,1,611.094,20.0,50.0,24.0,0
1,0,1,1,594.795,20.0,50.0,24.0,0
1,0,1,1,577.182,20.0,50.0,24.0,0
1,0,1,1,565.78,20.0,50.0,24.0,0
1,0,1,1,555.757,20.0,50.0,24.0,0
1,0,1,1,490.808,20.0,50.0,24.0,0
1,0,1,1,469.725,20.0,50.0,24.0,0
1,0,1,1,493.616,20.0,50.0,24.0,0
1,0,1,1,525.902,20.0,50.0,24.0,0
1,0,1,1,517.459,20.0,50.0,24.0,0
1,0,1,1,481.775,20.0,50.0,24.0,0
1,0,1,1,477.043,20.0,50.0,24.0,0
1,0,1,1,471.868,20.0,50.0,24.0,0
1,0,1,1,457.423,20.0,50.0,24.0,0
1,0,1,1,447.863,20.0,50.0,24.0,0
1,0,1,1,457.365,20.0,50.0,24.0,0
1,0,1,1,464.988,20.0,50.0,24.0,0
1,0,1,1,456.39,20.0,50.0,24.0,0
1,0,1,1,450.502,20.0,50.0,24.0,0
1,0,1,1,442.785,20.0,50.0,24.0,0
1,0,1,1,436.432,20.0,50.0,24.0,0
1,0,1,1,434.714,20.0,50.0,24.0,0
1,0,1,1,433.222,20.0,50.0,24.0,0
1,0,1,1,435.04,20.0,50.0,24.0,0
1,0,1,1,434.827,20.0,50.0,24.0,0
1,0,1,1,432.985,20.0,50.0,24.0,0
1,0,1,1,435.628,20.0,50.0,24.0,0
1,0,1,1,446.591,20.0,50.0,24.0,0
1,0,1,1,455.328,20.0,50.0,24.0,0
1,0,1,1,470.353,20.0,50.0,24.0,0
1,0,1,1,469.941,20.0,50.0,24.0,0
1,0,1,1,487.811,20.0,50.0,24.0,0
1,0,1,1,487.143,20.0,50.0,24.0,0
1,0,1,1,483.39,20.0,50.0,24.0,0
1,0,1,1,480.853,20.0,50.0,24.0,0
1,0,1,1,489.795,20.0,50.0,24.0,0
1,0,1,1,495.698,20.0,50.0,24.0,0
1,0,1,1,484.617,20.0,50.0,24.0,0
1,0,1,1,474.978,20.0,50.0,24.0,0
1,0,1,1,469.073,20.0,50.0,24.0,0
1,0,1,1,464.976,20.0,50.0,24.0,0
1,0,1,1,469.85,20.0,50.0,24.0,0
1,0,1,1,472.214,20.0,50.0,24.0,0
1,0,1,1,465.331,20.0,50.0,24.0,0
1,0,1,1,471.595,20.0,50.0,24.0,0
1,0,1,1,467.874,20.0,50.0,24.0,0
1,0,1,1,480.003,20.0,50.0,24.0,0
1,0,1,1,483.29,20.0,50.0,24.0,0
1,0,1,1,478.213,20.0,50.0,24.0,0
1,0,1,1,477.4,20.0,50.0,24.0,0
1,0,1,1,474.563,20.0,50.0,24.0,0
1,0,1,1,465.007,20.0,50.0,24.0,0
1,0,1,1,461.792,20.0,50.0,24.0,0
1,0,1,1,465.321,20.0,50.0,24.0,0
1,0,1,1,469.346,20.0,50.0,24.0,0
1,0,1,1,452.78,20.0,50.0,24.0,0
1,0,1,1,446.129,20.0,50.0,24.0,0
1,0,1,1,441.512,20.0,50.0,24.0,0
1,0,1,1,438.216,20.0,50.0,24.0,0
1,0,1,1,438.803,20.0,50.0,24.0,0
1,0,1,1,438.432,20.0,50.0,24.0,0
1,0,1,1,439.209,20.0,50.0,24.0,0
1,0,1,1,445.159,20.0,50.0,24.0,0
1,0,1,1,439.541,20.0,50.0,24.0,0
1,0,1,1,438.539,20.0,50.0,24.0,0
1,0,1,1,447.535,20.0,50.0,24.0,0
1,0,1,1,461.602,20.0,50.0,24.0,0
1,0,1,1,464.376,20.0,50.0,24.0,0
1,0,1,1,490.117,20.0,50.0,24.0,0
1,0,1,1,493.156,20.0,50.0,24.0,0
1,0,1,1,485.899,20.0,50.0,24.0,0
1,0,1,1,476.395,20.0,50.0,24.0,0
1,0,1,1,471.35,20.0,50.0,24.0,0
1,0,1,1,472.631,20.0,50.0,24.0,0
1,0,1,1,474.62,20.0,50.0,24.0,0
1,0,1,1,475.824,20.0,50.0,24.0,0
1,0,1,1,480.156,20.0,50.0,24.0,0
1,0,1,1,476.232,20.0,50.0,24.0,0
1,0,1,1,483.432,20.0,50.0,24.0,0
1,0,1,1,482.545,20.0,50.0,24.0,0
1,0,1,1,484.426,20.0,50.0,24.0,0
1,0,1,1,483.787,20.0,50.0,24.0,0
1,0,1,1,483.523,20.0,50.0,24.0,0
1,0,1,1,483.136,20.0,50.0,24.0,0
1,0,1,1,491.811,20.0,50.0,24.0,0
1,0,1,1,495.061,20.0,50.0,24.0,0
1,0,1,1,492.57,20.0,50.0,24.0,0
1,0,1,1,487.319,20.0,50.0,24.0,0
1,0,1,1,486.254,20.0,50.0,24.0,0
1,0,1,1,492.21,20.0,50.0,24.0,0
1,0,1,1,501.155,20.0,50.0,24.0,0
1,0,1,1,489.783,20.0,50.0,24.0,0
1,0,1,1,486.381,20.0,50.0,24.0,0
1,0,1,1,489.898,20.0,50.0,24.0,0
1,0,1,1,488.888,20.0,50.0,24.0,0
1,0,1,1,488.782,20.0,50.0,24.0,0
1,0,1,1,489.45,20.0,50.0,24.0,0
1,0,1,1,492.218,20.0,50.0,24.0,0
1,0,1,1,482.89,20.0,50.0,24.0,0
1,0,1,1,477.095,20.0,50.0,24.0,0
1,0,1,1,475.82,20.0,50.0,24.0,0
1,0,1,1,485.267,20.0,50.0,24.0,0
1,0,1,1,484.655,20.0,50.0,24.0,0
1,0,1,1,481.087,20.0,50.0,24.0,0
1,0,1,1,488.04,20.0,50.0,24.0,0
1,0,1,1,486.586,20.0,50.0,24.0,0
1,0,1,1,486.66,20.0,50.0,24.0,0
1,0,1,1,482.159,20.0,50.0,24.0,0
1,0,1,1,486.822,20.0,50.0,24.0,0
1,0,1,1,484.444,20.0,50.0,24.0,0
1,0,1,1,487.697,20.0,50.0,24.0,0
1,0,1,1,507.863,20.0,50.0,24.0,0
1,0,1,1,520.403,20.0,50.0,24.0,0
1,0,1,1,508.333,20.0,50.0,24.0,0
1,0,1,1,524.738,20.0,50.0,24.0,0
1,0,1,1,523.788,20.0,50.0,24.0,0
1,0,1,1,520.954,20.0,50.0,24.0,0
1,0,1,1,533.798,20.0,50.0,24.0,0
1,0,1,1,535.761,20.0,50.0,24.0,0
1,0,1,1,532.846,20.0,50.0,24.0,0
1,0,1,1,528.134,20.0,50.0,24.0,0
1,0,1,1,521.862,20.0,50.0,24.0,0
1,0,1,1,525.981,20.0,50.0,24.0,0
1,0,1,1,535.223,20.0,50.0,24.0,0
1,0,1,1,539.616,20.0,50.0,24.0,0
1,0,1,1,537.975,20.0,50.0,24.0,0
1,0,1,1,538.834,20.0,50.0,24.0,0
1,0,1,1,533.298,20.0,50.0,24.0,0
1,0,1,1,527.907,20.0,50.0,24.0,0
1,0,1,1,524.135,20.0,50.0,24.0,0
1,0,1,1,522.23,20.0,50.0,24.0,0
1,0,1,1,535.716,20.0,50.0,24.0,0
1,0,1,1,542.686,20.0,50.0,24.0,0
1,0,1,1,548.972,20.0,50.0,24.0,0
1,0,1,1,564.574,20.0,50.0,24.0,0
1,0,1,1,563.379,20.0,50.0,24.0,0
1,0,1,1,566.136,20.0,50.0,24.0,0
1,0,1,1,548.994,20.0,50.0,24.0,0
1,0,1,1,543.528,20.0,50.0,24.0,0
1,0,1,1,540.371,20.0,50.0,24.0,0
1,0,1,1,541.318,20.0,50.0,24.0,0
1,0,1,1,548.248,20.0,50.0,24.0,0
1,0,1,1,551.688,20.0,50.0,24.0,0
1,0,1,1,558.334,20.0,50.0,24.0,0
1,0,1,1,534.004,20.0,50.0,24.0,0
1,0,1,1,517.18,20.0,50.0,24.0,0
1,0,1,1,520.886,20.0,50.0,24.0,0
1,0,1,1,554.344,20.0,50.0,24.0,0
1,0,1,1,562.321,20.0,50.0,24.0,0
1,0,1,1,548.286,20.0,50.0,24.0,0
1,0,1,1,544.641,20.0,50.0,24.0,0
1,0,1,1,543.45,20.0,50.0,24.0,0
1,0,1,1,537.256,20.0,50.0,24.0,0
1,0,1,1,537.484,20.0,50.0,24.0,0
1,0,1,1,546.743,20.0,50.0,24.0,0
1,0,1,1,549.897,20.0,50.0,24.0,0
1,0,1,1,549.754,20.0,50.0,24.0,0
1,0,1,1,542.521,20.0,50.0,24.0,0
1,0,1,1,536.516,20.0,50.0,24.0,0
1,0,1,1,537.104,20.0,50.0,24.0,0
1,0,1,1,541.17,20.0,50.0,24.0,0
1,0,1,1,538.286,20.0,50.0,24.0,0
1,0,1,1,548.717,20.0,50.0,24.0,0
1,0,1,1,573.653,20.0,50.0,24.0,0
1,0,1,1,568.179,20.0,50.0,24.0,0
1,0,1,1,570.334,20.0,50.0,24.0,0
1,0,1,1,574.504,20.0,50.0,24.0,0
1,0,1,1,565.169,20.0,50.0,24.0,0
1,0,1,1,552.274,20.0,50.0,24.0,0
1,0,1,1,543.268,20.0,50.0,24.0,0
1,0,1,1,533.239,20.0,50.0,24.0,0
1,0,1,1,519.883,20.0,50.0,24.0,0
1,0,1,1,510.829,20.0,50.0,24.0,0
1,0,1,1,513.49,20.0,50.0,24.0,0
1,0,1,1,505.38,20.0,50.0,24.0,0
1,0,1,1,506.338,20.0,50.0,24.0,0
1,0,1,1,506.444,20.0,50.0,24.0,0
1,0,1,1,507.014,20.0,50.0,24.0,0
1,0,1,1,502.577,20.0,50.0,24.0,0
1,0,1,1,504.382,20.0,50.0,24.0,0
1,0,1,1,506.759,20.0,50.0,24.0,0
1,0,1,1,514.301,20.0,50.0,24.0,0
1,0,1,1,518.373,20.0,50.0,24.0,0
1,0,1,1,520.732,20.0,50.0,24.0,0
1,0,1,1,523.299,20.0,50.0,24.0,0
1,0,1,1,525.45,20.0,50.0,24.0,0
1,0,1,1,510.154,20.0,50.0,24.0,0
1,0,1,1,514.97,20.0,50.0,24.0,0
1,0,1,1,506.6,20.0,50.0,24.0,0
1,0,1,1,501.302,20.0,50.0,24.0,0
1,0,1,1,492.429,20.0,50.0,24.0,0
1,0,1,1,482.677,20.0,50.0,24.0,0
1,0,1,1,470.368,20.0,50.0,24.0,0
1,0,1,1,468.098,20.0,50.0,24.0,0
1,0,1,1,463.29,20.0,50.0,24.0,0
1,0,1,1,473.931,20.0,50.0,24.0,0
1,0,1,1,474.913,20.0,50.0,24.0,0
1,0,1,1,467.752,20.0,50.0,24.0,0
1,0,1,1,481.055,20.0,50.0,24.0,0
1,0,1,1,469.9,20.0,50.0,24.0,0
1,0,1,1,475.246,20.0,50.0,24.0,0
1,0,1,1,487.384,20.0,50.0,24.0,0
1,0,1,1,485.257,20.0,50.0,24.0,0
1,0,1,1,477.793,20.0,50.0,24.0,0
1,0,1,1,469.799,20.0,50.0,24.0,0
1,0,1,1,463.638,20.0,50.0,24.0,0
1,0,1,1,462.861,20.0,50.0,24.0,0
1,0,1,1,457.457,20.0,50.0,24.0,0
1,0,1,1,451.66,20.0,50.0,24.0,0
1,0,1,1,451.55,20.0,50.0,24.0,0
1,0,1,1,454.079,20.0,50.0,24.0,0
1,0,1,1,454.652,20.0,50.0,24.0,0
1,0,1,1,456.552,20.0,50.0,24.0,0
1,0,1,1,458.404,20.0,50.0,24.0,0
1,0,1,1,459.907,20.0,50.0,24.0,0
1,0,1,1,462.642,20.0,50.0,24.0,0
1,0,1,1,462.217,20.0,50.0,24.0,0
1,0,1,1,457.525,20.0,50.0,24.0,0
1,0,1,1,457.42,20.0,50.0,24.0,0
1,0,1,1,461.245,20.0,50.0,24.0,0
1,0,1,1,455.672,20.0,50.0,24.0,0
1,0,1,1,458.65,20.0,50.0,24.0,0
1,0,1,1,457.466,20.0,50.0,24.0,0
1,0,1,1,453.471,20.0,50.0,24.0,0
1,0,1,1,459.267,20.0,50.0,24.0,0
1,0,1,1,458.207,20.0,50.0,24.0,0
1,0,1,1,455.106,20.0,50.0,24.0,0
1,0,1,1,453.957,20.0,50.0,24.0,0
1,0,1,1,462.591,20.0,50.0,24.0,0
1,0,1,1,455.225,20.0,50.0,24.0,0
1,0,1,1,452.3,20.0,50.0,24.0,0
1,0,1,1,448.659,20.0,50.0,24.0,0
1,0,1,1,447.029,20.0,50.0,24.0,0
1,0,1,1,446.398,20.0,50.0,24.0,0
1,0,1,1,447.733,20.0,50.0,24.0,0
1,0,1,1,447.235,20.0,50.0,24.0,0
1,0,1,1,453.158,20.0,50.0,24.0,0
1,0,1,1,451.16,20.0,50.0,24.0,0
1,0,1,1,451.546,20.0,50.0,24.0,0
1,0,1,1,456.786,20.0,50.0,24.0,0
1,0,1,1,459.145,20.0,50.0,24.0,0
1,0,1,1,456.38,20.0,50.0,24.0,0
1,0,1,1,460.728,20.0,50.0,24.0,0
1,0,1,1,453.646,20.0,50.0,24.0,0
1,0,1,1,453.094,20.0,50.0,24.0,0
1,0,1,1,451.039,20.0,50.0,24.0,0
1,0,1,1,448.385,20.0,50.0,24.0,0
1,0,1,1,463.364,20.0,50.0,24.0,0
1,0,1,1,479.173,20.0,50.0,24.0,0
1,0,1,1,471.014,20.0,50.0,24.0,0
1,0,1,1,462.882,20.0,50.0,24.0,0
1,0,1,1,457.851,20.0,50.0,24.0,0
1,0,1,1,451.362,20.0,50.0,24.0,0
1,0,1,1,449.196,20.0,50.0,24.0,0
1,0,1,1,450.995,20.0,50.0,24.0,0
1,0,1,1,453.364,20.0,50.0,24.0,0
1,0,1,1,453.996,20.0,50.0,24.0,0
1,0,1,1,450.489,20.0,50.0,24.0,0
1,0,1,1,449.835,20.0,50.0,24.0,0
1,0,1,1,448.473,20.0,50.0,24.0,0
1,0,1,1,451.256,20.0,50.0,24.0,0
1,0,1,1,451.9,20.0,50.0,24.0,0
1,0,1,1,452.431,20.0,50.0,24.0,0
1,0,1,1,450.859,20.0,50.0,24.0,0
1,0,1,1,451.035,20.0,50.0,24.0,0
1,0,1,1,449.59,20.0,50.0,24.0,0
1,0,1,1,450.626,20.0,50.0,24.0,0
1,0,1,1,451.673,20.0,50.0,24.0,0
1,0,1,1,451.518,20.0,50.0,24.0,0
1,0,1,1,449.482,20.0,50.0,24.0,0
1,0,1,1,450.669,20.0,50.0,24.0,0
1,0,1,1,452.912,20.0,50.0,24.0,0
1,0,1,1,453.376,20.0,50.0,24.0,0
1,0,1,1,452.282,20.0,50.0,24.0,0
1,0,1,1,452.875,20.0,50.0,24.0,0
1,0,1,1,451.895,20.0,50.0,24.0,0
1,0,1,1,450.316,20.0,50.0,24.0,0
1,0,1,1,447.327,20.0,50.0,24.0,0
1,0,1,1,448.138,20.0,50.0,24.0,0
1,0,1,1,445.815,20.0,50.0,24.0,0
1,0,1,1,451.446,20.0,50.0,24.0,0
1,0,1,1,454.353,20.0,50.0,24.0,0
1,0,1,1,453.334,20.0,50.0,24.0,0
1,0,1,1,454.701,20.0,50.0,24.0,0
1,0,1,1,452.676,20.0,50.0,24.0,0
1,0,1,1,450.983,20.0,50.0,24.0,0
1,0,1,1,453.348,20.0,50.0,24.0,0
1,0,1,1,450.429,20.0,50.0,24.0,0
1,0,1,1,451.638,20.0,50.0,24.0,0
1,0,1,1,452.785,20.0,50.0,24.0,0
1,0,1,1,453.409,20.0,50.0,24.0,0
1,0,1,1,455.322,20.0,50.0,24.0,0
1,0,1,1,456.059,20.0,50.0,24.0,0
1,0,1,1,458.358,20.0,50.0,24.0,0
1,0,1,1,460.676,20.0,50.0,24.0,0
1,0,1,1,459.984,20.0,50.0,24.0,0
1,0,1,1,462.627,20.0,50.0,24.0,0
1,0,1,1,469.825,20.0,50.0,24.0,0
1,0,1,1,473.37,20.0,50.0,24.0,0
1,0,1,1,475.596,20.0,50.0,24.0,0
1,0,1,1,478.666,20.0,50.0,24.0,0
1,0,1,1,480.98,20.0,50.0,24.0,0
1,0,1,1,482.101,20.0,50.0,24.0,0
1,0,1,1,484.136,20.0,50.0,24.0,0
1,0,1,1,486.814,20.0,50.0,24.0,0
1,0,1,1,486.824,20.0,50.0,24.0,0
1,0,1,1,482.868,20.0,50.0,24.0,0
1,0,1,1,482.097,20.0,50.0,24.0,0
1,0,1,1,482.136,20.0,50.0,24.0,0
1,0,1,1,482.681,20.0,50.0,24.0,0
1,0,1,1,481.329,20.0,50.0,24.0,0
1,0,1,1,483.289,20.0,50.0,24.0,0
1,0,1,1,484.24,20.0,50.0,24.0,0
1,0,1,1,483.714,20.0,50.0,24.0,0
1,0,1,1,485.958,20.0,50.0,24.0,0
1,0,1,1,486.676,20.0,50.0,24.0,0
1,0,1,1,488.201,20.0,50.0,24.0,0
1,0,1,1,488.506,20.0,50.0,24.0,0
1,0,1,1,488.362,20.0,50.0,24.0,0
1,0,1,1,490.127,20.0,50.0,24.0,0
1,0,1,1,490.962,20.0,50.0,24.0,0
1,0,1,1,489.369,20.0,50.0,24.0,0
1,0,1,1,490.056,20.0,50.0,24.0,0
1,0,1,1,493.63,20.0,50.0,24.0,0
1,0,1,1,494.033,20.0,50.0,24.0,0
1,0,1,1,492.631,20.0,50.0,24.0,0
1,0,1,1,489.317,20.0,50.0,24.0,0
1,0,1,1,491.795,20.0,50.0,24.0,0
1,0,1,1,489.336,20.0,50.0,24.0,0
1,0,1,1,491.629,20.0,50.0,24.0,0
1,0,1,1,494.299,20.0,50.0,24.0,0
1,0,1,1,495.872,20.0,50.0,24.0,0
1,0,1,1,498.455,20.0,50.0,24.0,0
1,0,1,1,497.076,20.0,50.0,24.0,0
1,0,1,1,496.952,20.0,50.0,24.0,0
1,0,1,1,494.667,20.0,50.0,24.0,0
1,0,1,1,493.551,20.0,50.0,24.0,0
1,0,1,1,490.516,20.0,50.0,24.0,0
1,0,1,1,489.738,20.0,50.0,24.0,0
1,0,1,1,487.72,20.0,50.0,24.0,0
1,0,1,1,486.949,20.0,50.0,24.0,0
1,0,1,1,486.03,20.0,50.0,24.0,0
1,0,1,1,485.104,20.0,50.0,24.0,0
1,0,1,1,484.859,20.0,50.0,24.0,0
1,0,1,1,483.5,20.0,50.0,24.0,0
1,0,1,1,486.204,20.0,50.0,24.0,0
1,0,1,1,486.004,20.0,50.0,24.0,0
1,0,1,1,488.676,20.0,50.0,24.0,0
1,0,1,1,487.015,20.0,50.0,24.0,0
1,0,1,1,487.792,20.0,50.0,24.0,0
1,0,1,1,490.319,20.0,50.0,24.0,0
1,0,1,1,492.118,20.0,50.0,24.0,0
1,0,1,1,491.908,20.0,50.0,24.0,0
1,0,1,1,494.299,20.0,50.0,24.0,0
1,0,1,1,496.941,20.0,50.0,24.0,0
1,0,1,1,497.008,20.0,50.0,24.0,0
1,0,1,1,498.477,20.0,50.0,24.0,0
1,0,1,1,496.766,20.0,50.0,24.0,0
1,0,1,1,495.383,20.0,50.0,24.0,0
1,0,1,1,495.48,20.0,50.0,24.0,0
1,0,1,1,496.506,20.0,50.0,24.0,0
1,0,1,1,494.013,20.0,50.0,24.0,0
1,0,1,1,493.928,20.0,50.0,24.0,0
1,0,1,1,492.21,20.0,50.0,24.0,0
1,0,1,1,492.458,20.0,50.0,24.0,0
1,0,1,1,492.392,20.0,50.0,24.0,0
1,0,1,1,493.068,20.0,50.0,24.0,0
1,0,1,1,492.108,20.0,50.0,24.0,0
1,0,1,1,494.58,20.0,50.0,24.0,0
1,0,1,1,493.839,20.0,50.0,24.0,0
1,0,1,1,496.591,20.0,50.0,24.0,0
1,0,1,1,497.833,20.0,50.0,24.0,0
1,0,1,1,496.397,20.0,50.0,24.0,0
1,0,1,1,498.122,20.0,50.0,24.0,0
1,0,1,1,496.027,20.0,50.0,24.0,0
1,0,1,1,494.791,20.0,50.0,24.0,0
1,0,1,1,496.536,20.0,50.0,24.0,0
1,0,1,1,497.918,20.0,50.0,24.0,0
1,0,1,1,498.832,20.0,50.0,24.0,0
1,0,1,1,499.087,20.0,50.0,24.0,0
1,0,1,1,499.1,20.0,50.0,24.0,0
1,0,1,1,496.053,20.0,50.0,24.0,0
1,0,1,1,497.506,20.0,50.0,24.0,0
1,0,1,1,496.381,20.0,50.0,24.0,0
1,0,1,1,495.741,20.0,50.0,24.0,0
1,0,1,1,494.97,20.0,50.0,24.0,0
1,0,1,1,494.834,20.0,50.0,24.0,0
1,0,1,1,494.142,20.0,50.0,24.0,0
1,0,1,1,495.306,20.0,50.0,24.0,0
1,0,1,1,493.772,20.0,50.0,24.0,0
1,0,1,1,493.21,20.0,50.0,24.0,0
1,0,1,1,495.378,20.0,50.0,24.0,0
1,0,1,1,496.301,20.0,50.0,24.0,0
1,0,1,1,495.436,20.0,50.0,24.0,0
1,0,1,1,498.487,20.0,50.0,24.0,0
1,0,1,1,499.118,20.0,50.0,24.0,0
1,0,1,1,497.877,20.0,50.0,24.0,0
1,0,1,1,498.703,20.0,50.0,24.0,0
1,0,1,1,498.104,20.0,50.0,24.0,0
1,0,1,1,498.814,20.0,50.0,24.0,0
1,0,1,1,500.289,20.0,50.0,24.0,0
1,0,1,1,499.984,20.0,50.0,24.0,0
1,0,1,1,499.16,20.0,50.0,24.0,0
1,0,1,1,501.673,20.0,50.0,24.0,0
1,0,1,1,503.257,20.0,50.0,24.0,0
1,0,1,1,502.516,20.0,50.0,24.0,0
1,0,1,1,506.035,20.0,50.0,24.0,0
1,0,1,1,505.331,20.0,50.0,24.0,0
1,0,1,1,503.959,20.0,50.0,24.0,0
1,0,1,1,506.586,20.0,50.0,24.0,0
1,0,1,1,506.524,20.0,50.0,24.0,0
1,0,1,1,508.044,20.0,50.0,24.0,0
1,0,1,1,508.263,20.0,50.0,24.0,0
1,0,1,1,504.347,20.0,50.0,24.0,0
1,0,1,1,506.95,20.0,50.0,24.0,0
1,0,1,1,507.644,20.0,50.0,24.0,0
1,0,1,1,507.717,20.0,50.0,24.0,0
1,0,1,1,508.985,20.0,50.0,24.0,0
1,0,1,1,510.049,20.0,50.0,24.0,0
1,0,1,1,509.524,20.0,50.0,24.0,0
1,0,1,1,511.259,20.0,50.0,24.0,0
1,0,1,1,511.08,20.0,50.0,24.0,0
1,0,1,1,512.029,20.0,50.0,24.0,0
1,0,1,1,514.18,20.0,50.0,24.0,0
1,0,1,1,513.686,20.0,50.0,24.0,0
1,0,1,1,512.574,20.0,50.0,24.0,0
1,0,1,1,510.744,20.0,50.0,24.0,0
1,0,1,1,511.519,20.0,50.0,24.0,0
1,0,1,1,512.224,20.0,50.0,24.0,0
1,0,1,1,511.412,20.0,50.0,24.0,0
1,0,1,1,514.847,20.0,50.0,24.0,0
1,0,1,1,518.129,20.0,50.0,24.0,0
1,0,1,1,514.303,20.0,50.0,24.0,0
1,0,1,1,515.276,20.0,50.0,24.0,0
1,0,1,1,515.152,20.0,50.0,24.0,0
1,0,1,1,514.252,20.0,50.0,24.0,0
1,0,1,1,512.724,20.0,50.0,24.0,0
1,0,1,1,514.86,20.0,50.0,24.0,0
1,0,1,1,516.282,20.0,50.0,24.0,0
1,0,1,1,516.753,20.0,50.0,24.0,0
1,0,1,1,515.897,20.0,50.0,24.0,0
1,0,1,1,499.308,20.0,50.0,24.0,0
1,0,1,1,421.014,20.0,50.0,24.0,0
1,0,1,1,413.102,20.0,50.0,24.0,0
1,0,1,1,412.311,20.0,50.0,24.0,0
1,0,1,1,414.486,20.0,50.0,24.0,0
1,0,1,1,414.938,20.0,50.0,24.0,0
1,0,1,1,415.656,20.0,50.0,24.0,0
1,0,1,1,414.82,20.0,50.0,24.0,0
1,0,1,1,416.855,20.0,50.0,24.0,0
1,0,1,1,421.316,20.0,50.0,24.0,0
1,0,1,1,423.434,20.0,50.0,24.0,0
1,0,1,1,422.789,20.0,50.0,24.0,0
1,0,1,1,422.308,20.0,50.0,24.0,0
1,0,1,1,419.876,20.0,50.0,24.0,0
1,0,1,1,423.026,20.0,50.0,24.0,0
1,0,1,1,423.889,20.0,50.0,24.0,0
1,0,1,1,422.438,20.0,50.0,24.0,0
1,0,1,1,424.287,20.0,50.0,24.0,0
1,0,1,1,423.061,20.0,50.0,24.0,0
1,0,1,1,425.086,20.0,50.0,24.0,0
1,0,1,1,425.45,20.0,50.0,24.0,0
1,0,1,1,423.26,20.0,50.0,24.0,0
1,0,1,1,420.802,20.0,50.0,24.0,0
1,0,1,1,419.464,20.0,50.0,24.0,0
1,0,1,1,418.822,20.0,50.0,24.0,0
1,0,1,1,420.049,20.0,50.0,24.0,0
1,0,1,1,418.357,20.0,50.0,24.0,0
1,0,1,1,419.11,20.0,50.0,24.0,0
1,0,1,1,421.476,20.0,50.0,24.0,0
1,0,1,1,424.583,20.0,50.0,24.0,0
1,0,1,1,426.188,20.0,50.0,24.0,0
1,0,1,1,430.155,20.0,50.0,24.0,0
1,0,1,1,424.629,20.0,50.0,24.0,0
1,0,1,1,425.854,20.0,50.0,24.0,0
1,0,1,1,426.641,20.0,50.0,24.0,0
1,0,1,1,431.822,20.0,50.0,24.0,0
1,0,1,1,427.106,20.0,50.0,24.0,0
1,0,1,1,427.003,20.0,50.0,24.0,0
1,0,1,1,426.409,20.0,50.0,24.0,0
1,0,1,1,429.745,20.0,50.0,24.0,0
1,0,1,1,428.633,20.0,50.0,24.0,0
1,0,1,1,426.581,20.0,50.0,24.0,0
1,0,1,1,424.211,20.0,50.0,24.0,0
1,0,1,1,424.307,20.0,50.0,24.0,0
1,0,1,1,423.656,20.0,50.0,24.0,0
1,0,1,1,421.374,20.0,50.0,24.0,0
1,0,1,1,419.469,20.0,50.0,24.0,0
1,0,1,1,416.956,20.0,50.0,24.0,0
1,0,1,1,418.056,20.0,50.0,24.0,0
1,0,1,1,419.535,20.0,50.0,24.0,0
1,0,1,1,424.722,20.0,50.0,24.0,0
1,0,1,1,427.79,20.0,50.0,24.0,0
1,0,1,1,420.884,20.0,50.0,24.0,0
1,0,1,1,415.69,20.0,50.0,24.0,0
1,0,1,1,409.276,20.0,50.0,24.0,0
1,0,1,1,409.3,20.0,50.0,24.0,0
1,0,1,1,411.702,20.0,50.0,24.0,0
1,0,1,1,421.78,20.0,50.0,24.0,0
1,0,1,1,436.593,20.0,50.0,24.0,0
1,0,1,1,441.295,20.0,50.0,24.0,0
1,0,1,1,443.916,20.0,50.0,24.0,0
1,0,1,1,452.536,20.0,50.0,24.0,0
1,0,1,1,450.011,20.0,50.0,24.0,0
1,0,1,1,449.276,20.0,50.0,24.0,0
1,0,1,1,465.494,20.0,50.0,24.0,0
1,0,1,1,480.004,20.0,50.0,24.0,0
1,0,1,1,482.479,20.0,50.0,24.0,0
1,0,1,1,513.411,20.0,50.0,24.0,0
1,0,1,1,520.253,20.0,50.0,24.0,0
1,0,1,1,529.248,20.0,50.0,24.0,0
1,0,1,1,539.979,20.0,50.0,24.0,0
1,0,1,1,551.59,20.0,50.0,24.0,0
1,0,1,1,549.866,20.0,50.0,24.0,0
1,0,1,1,546.279,20.0,50.0,24.0,0
1,0,1,1,549.409,20.0,50.0,24.0,0
1,0,1,1,555.178,20.0,50.0,24.0,0
1,0,1,1,545.958,20.0,50.0,24.0,0
1,0,1,1,544.865,20.0,50.0,24.0,0
1,0,1,1,552.088,20.0,50.0,24.0,0
1,0,1,1,560.06,20.0,50.0,24.0,0
1,0,1,1,557.783,20.0,50.0,24.0,0
1,0,1,1,557.828,20.0,50.0,24.0,0
1,0,1,1,565.282,20.0,50.0,24.0,0
1,0,1,1,569.133,20.0,50.0,24.0,0
1,0,1,1,575.312,20.0,50.0,24.0,0
1,0,1,1,578.564,20.0,50.0,24.0,0
1,0,1,1,578.939,20.0,50.0,24.0,0
1,0,1,1,582.958,20.0,50.0,24.0,0
1,0,1,1,591.783,20.0,50.0,24.0,0
1,0,1,1,594.592,20.0,50.0,24.0,0
1,0,1,1,597.462,20.0,50.0,24.0,0
1,0,1,1,596.836,20.0,50.0,24.0,0
1,0,1,1,595.394,20.0,50.0,24.0,0
1,0,1,1,598.677,20.0,50.0,24.0,0
1,0,1,1,604.572,20.0,50.0,24.0,0
1,0,1,1,612.886,20.0,50.0,24.0,0
1,0,1,1,611.335,20.0,50.0,24.0,0
1,0,1,1,618.487,20.0,50.0,24.0,0
1,0,1,1,624.503,20.0,50.0,24.0,0
1,0,1,1,630.847,20.0,50.0,24.0,0
1,0,1,1,633.882,20.0,50.0,24.0,0
1,0,1,1,630.477,20.0,50.0,24.0,0
1,0,1,1,634.927,20.0,50.0,24.0,0
1,0,1,1,641.151,20.0,50.0,24.0,0
1,0,1,1,645.191,20.0,50.0,24.0,0
1,0,1,1,647.054,20.0,50.0,24.0,0
1,0,1,1,651.053,20.0,50.0,24.0,0
1,0,1,1,657.299,20.0,50.0,24.0,0
1,0,1,1,661.162,20.0,50.0,24.0,0
1,0,1,1,674.073,20.0,50.0,24.0,0
1,0,1,1,689.344,20.0,50.0,24.0,0
1,0,1,1,690.775,20.0,50.0,24.0,0
1,0,1,1,694.317,20.0,50.0,24.0,0
1,0,1,1,698.442,20.0,50.0,24.0,0
1,0,1,1,706.009,20.0,50.0,24.0,0
1,0,1,1,703.476,20.0,50.0,24.0,0
1,0,1,1,714.22,20.0,50.0,24.0,0
1,0,1,1,692.844,20.0,50.0,24.0,0
1,0,1,1,686.107,20.0,50.0,24.0,0
1,0,1,1,621.603,20.0,50.0,24.0,0
1,0,1,1,511.154,20.0,50.0,24.0,0
1,0,1,1,466.779,20.0,50.0,24.0,0
1,0,1,1,458.154,20.0,50.0,24.0,0
1,0,1,1,461.319,20.0,50.0,24.0,0
1,0,1,1,471.952,20.0,50.0,24.0,0
1,0,1,1,478.661,20.0,50.0,24.0,0
1,0,1,1,486.01,20.0,50.0,24.0,0
1,0,1,1,488.298,20.0,50.0,24.0,0
1,0,1,1,493.6,20.0,50.0,24.0,0
1,0,1,1,493.522,20.0,50.0,24.0,0
1,0,1,1,493.548,20.0,50.0,24.0,0
1,0,1,1,501.995,20.0,50.0,24.0,0
1,0,1,1,514.945,20.0,50.0,24.0,0
1,0,1,1,518.353,20.0,50.0,24.0,0
1,0,1,1,521.492,20.0,50.0,24.0,0
1,0,1,1,533.006,20.0,50.0,24.0,0
1,0,1,1,552.38,20.0,50.0,24.0,0
1,0,1,1,567.958,20.0,50.0,24.0,0
1,0,1,1,577.357,20.0,50.0,24.0,0
1,0,1,1,585.604,20.0,50.0,24.0,0
1,0,1,1,628.695,20.0,50.0,24.0,0
1,0,1,1,658.438,20.0,50.0,24.0,0
1,0,1,1,646.53,20.0,50.0,24.0,0
1,0,1,1,635.933,20.0,50.0,24.0,0
1,0,1,1,634.739,20.0,50.0,24.0,0
1,0,1,1,637.974,20.0,50.0,24.0,0
1,0,1,1,635.724,20.0,50.0,24.0,0
1,0,1,1,620.407,20.0,50.0,24.0,0
1,0,1,1,624.92,20.0,50.0,24.0,0
1,0,1,1,652.394,20.0,50.0,24.0,0
1,0,1,1,658.036,20.0,50.0,24.0,0
1,0,1,1,663.381,20.0,50.0,24.0,0
1,0,1,1,665.499,20.0,50.0,24.0,0
1,0,1,1,661.031,20.0,50.0,24.0,0
1,0,1,1,659.386,20.0,50.0,24.0,0
1,0,1,1,650.526,20.0,50.0,24.0,0
1,0,1,1,652.172,20.0,50.0,24.0,0
1,0,1,1,653.599,20.0,50.0,24.0,0
1,0,1,1,654.042,20.0,50.0,24.0,0
1,0,1,1,645.985,20.0,50.0,24.0,0
1,0,1,1,640.406,20.0,50.0,24.0,0
1,0,1,1,637.722,20.0,50.0,24.0,0
1,0,1,1,626.651,20.0,50.0,24.0,0
1,0,1,1,600.189,20.0,50.0,24.0,0
1,0,1,1,616.618,20.0,50.0,24.0,0
1,0,1,1,634.941,20.0,50.0,24.0,0
1,0,1,1,650.274,20.0,50.0,24.0,0
1,0,1,1,659.842,20.0,50.0,24.0,0
1,0,1,1,650.339,20.0,50.0,24.0,0
1,0,1,1,645.149,20.0,50.0,24.0,0
1,0,1,1,647.255,20.0,50.0,24.0,0
1,0,1,1,648.033,20.0,50.0,24.0,0
1,0,1,1,632.516,20.0,50.0,24.0,0
1,0,1,1,629.901,20.0,50.0,24.0,0
1,0,1,1,639.871,20.0,50.0,24.0,0
1,0,1,1,642.946,20.0,50.0,24.0,0
1,0,1,1,644.33,20.0,50.0,24.0,0
1,0,1,1,649.194,20.0,50.0,24.0,0
1,0,1,1,675.294,20.0,50.0,24.0,0
1,0,1,1,702.993,20.0,50.0,24.0,0
1,0,1,1,698.194,20.0,50.0,24.0,0
1,0,1,1,682.731,20.0,50.0,24.0,0
1,0,1,1,676.403,20.0,50.0,24.0,0
1,0,1,1,674.86,20.0,50.0,24.0,0
1,0,1,1,671.009,20.0,50.0,24.0,0
1,0,1,1,663.174,20.0,50.0,24.0,0
1,0,1,1,662.124,20.0,50.0,24.0,0
1,0,1,1,658.606,20.0,50.0,24.0,0
1,0,1,1,652.154,20.0,50.0,24.0,0
1,0,1,1,644.954,20.0,50.0,24.0,0
1,0,1,1,634.512,20.0,50.0,24.0,0
1,0,1,1,636.804,20.0,50.0,24.0,0
1,0,1,1,647.101,20.0,50.0,24.0,0
1,0,1,1,638.413,20.0,50.0,24.0,0
1,0,1,1,634.854,20.0,50.0,24.0,0
1,0,1,1,633.754,20.0,50.0,24.0,0
1,0,1,1,634.557,20.0,50.0,24.0,0
1,0,1,1,633.304,20.0,50.0,24.0,0
1,0,1,1,633.407,20.0,50.0,24.0,0
1,0,1,1,638.851,20.0,50.0,24.0,0
1,0,1,1,640.607,20.0,50.0,24.0,0
1,0,1,1,635.985,20.0,50.0,24.0,0
1,0,1,1,633.659,20.0,50.0,24.0,0
1,0,1,1,631.833,20.0,50.0,24.0,0
1,0,1,1,629.158,20.0,50.0,24.0,0
1,0,1,1,622.392,20.0,50.0,24.0,0
1,0,1,1,623.95,20.0,50.0,24.0,0
1,0,1,1,618.745,20.0,50.0,24.0,0
1,0,1,1,613.377,20.0,50.0,24.0,0
1,0,1,1,591.921,20.0,50.0,24.0,0
1,0,1,1,588.17,20.0,50.0,24.0,0
1,0,1,1,585.495,20.0,50.0,24.0,0
1,0,1,1,576.876,20.0,50.0,24.0,0
1,0,1,1,586.031,20.0,50.0,24.0,0
1,0,1,1,580.372,20.0,50.0,24.0,0
1,0,1,1,556.846,20.0,50.0,24.0,0
1,0,1,1,551.144,20.0,50.0,24.0,0
1,0,1,1,547.252,20.0,50.0,24.0,0
1,0,1,1,548.019,20.0,50.0,24.0,0
1,0,1,1,563.664,20.0,50.0,24.0,0
1,0,1,1,575.454,20.0,50.0,24.0,0
1,0,1,1,563.494,20.0,50.0,24.0,0
1,0,1,1,575.188,20.0,50.0,24.0,0
1,0,1,1,583.39,20.0,50.0,24.0,0
1,0,1,1,580.477,20.0,50.0,24.0,0
1,0,1,1,602.425,20.0,50.0,24.0,0
1,0,1,1,580.616,20.0,50.0,24.0,0
1,0,1,1,563.048,20.0,50.0,24.0,0
1,0,1,1,547.81,20.0,50.0,24.0,0
1,0,1,1,547.902,20.0,50.0,24.0,0
1,0,1,1,543.666,20.0,50.0,24.0,0
1,0,1,1,546.174,20.0,50.0,24.0,0
1,0,1,1,571.376,20.0,50.0,24.0,0
1,0,1,1,585.629,20.0,50.0,24.0,0
1,0,1,1,593.177,20.0,50.0,24.0,0
1,0,1,1,602.336,20.0,50.0,24.0,0
1,0,1,1,582.301,20.0,50.0,24.0,0
1,0,1,1,547.084,20.0,50.0,24.0,0
1,0,1,1,538.181,20.0,50.0,24.0,0
1,0,1,1,541.698,20.0,50.0,24.0,0
1,0,1,1,546.669,20.0,50.0,24.0,0
1,0,1,1,548.843,20.0,50.0,24.0,0
1,0,1,1,547.85,20.0,50.0,24.0,0
1,0,1,1,546.011,20.0,50.0,24.0,0
1,0,1,1,541.747,20.0,50.0,24.0,0
1,0,1,1,541.141,20.0,50.0,24.0,0
1,0,1,1,538.039,20.0,50.0,24.0,0
1,0,1,1,528.415,20.0,50.0,24.0,0
1,0,1,1,520.819,20.0,50.0,24.0,0
1,0,1,1,520.654,20.0,50.0,24.0,0
1,0,1,1,518.897,20.0,50.0,24.0,0
1,0,1,1,519.422,20.0,50.0,24.0,0
1,0,1,1,508.813,20.0,50.0,24.0,0
1,0,1,1,496.024,20.0,50.0,24.0,0
1,0,1,1,485.221,20.0,50.0,24.0,0
1,0,1,1,479.903,20.0,50.0,24.0,0
1,0,1,1,476.246,20.0,50.0,24.0,0
1,0,1,1,473.964,20.0,50.0,24.0,0
1,0,1,1,481.113,20.0,50.0,24.0,0
1,0,1,1,525.183,20.0,50.0,24.0,0
1,0,1,1,553.652,20.0,50.0,24.0,0
1,0,1,1,537.519,20.0,50.0,24.0,0
1,0,1,1,528.86,20.0,50.0,24.0,0
1,0,1,1,526.361,20.0,50.0,24.0,0
1,0,1,1,538.604,20.0,50.0,24.0,0
1,0,1,1,538.721,20.0,50.0,24.0,0
1,0,1,1,542.199,20.0,50.0,24.0,0
1,0,1,1,543.708,20.0,50.0,24.0,0
1,0,1,1,531.723,20.0,50.0,24.0,0
1,0,1,1,528.186,20.0,50.0,24.0,0
1,0,1,1,529.925,20.0,50.0,24.0,0
1,0,1,1,539.704,20.0,50.0,24.0,0
1,0,1,1,542.18,20.0,50.0,24.0,0
1,0,1,1,546.402,20.0,50.0,24.0,0
1,0,1,1,555.698,20.0,50.0,24.0,0
1,0,1,1,566.043,20.0,50.0,24.0,0
1,0,1,1,574.432,20.0,50.0,24.0,0
1,0,1,1,571.54,20.0,50.0,24.0,0
1,0,1,1,556.696,20.0,50.0,24.0,0
1,0,1,1,544.308,20.0,50.0,24.0,0
1,0,1,1,536.851,20.0,50.0,24.0,0
1,0,1,1,524.532,20.0,50.0,24.0,0
1,0,1,1,526.778,20.0,50.0,24.0,0
1,0,1,1,529.904,20.0,50.0,24.0,0
1,0,1,1,525.378,20.0,50.0,24.0,0
1,0,1,1,514.185,20.0,50.0,24.0,0
1,0,1,1,507.81,20.0,50.0,24.0,0
1,0,1,1,499.873,20.0,50.0,24.0,0
1,0,1,1,512.716,20.0,50.0,24.0,0
1,0,1,1,517.139,20.0,50.0,24.0,0
1,0,1,1,519.23,20.0,50.0,24.0,0
1,0,1,1,503.775,20.0,50.0,24.0,0
1,0,1,1,512.242,20.0,50.0,24.0,0
1,0,1,1,526.283,20.0,50.0,24.0,0
1,0,1,1,540.206,20.0,50.0,24.0,0
1,0,1,1,536.326,20.0,50.0,24.0,0
1,0,1,1,498.698,20.0,50.0,24.0,0
1,0,1,1,451.193,20.0,50.0,24.0,0
1,0,1,1,442.331,20.0,50.0,24.0,0
1,0,1,1,421.666,20.0,50.0,24.0,0
1,0,1,1,421.762,20.0,50.0,24.0,0
1,0,1,1,410.127,20.0,50.0,24.0,0
1,0,1,1,407.46,20.0,50.0,24.0,0
1,0,1,1,408.21,20.0,50.0,24.0,0
1,0,1,1,410.129,20.0,50.0,24.0,0
1,0,1,1,411.691,20.0,50.0,24.0,0
1,0,1,1,431.776,20.0,50.0,24.0,0
1,0,1,1,435.508,20.0,50.0,24.0,0
1,0,1,1,425.093,20.0,50.0,24.0,0
1,0,1,1,425.372,20.0,50.0,24.0,0
1,0,1,1,423.028,20.0,50.0,24.0,0
1,0,1,1,415.432,20.0,50.0,24.0,0
1,0,1,1,427.564,20.0,50.0,24.0,0
1,0,1,1,422.998,20.0,50.0,24.0,0
1,0,1,1,417.848,20.0,50.0,24.0,0
1,0,1,1,413.822,20.0,50.0,24.0,0
1,0,1,1,425.326,20.0,50.0,24.0,0
1,0,1,1,415.642,20.0,50.0,24.0,0
1,0,1,1,409.018,20.0,50.0,24.0,0
1,0,1,1,408.547,20.0,50.0,24.0,0
1,0,1,1,412.128,20.0,50.0,24.0,0
1,0,1,1,418.93,20.0,50.0,24.0,0
1,0,1,1,414.04,20.0,50.0,24.0,0
1,0,1,1,410.891,20.0,50.0,24.0,0
1,0,1,1,410.289,20.0,50.0,24.0,0
1,0,1,1,417.899,20.0,50.0,24.0,0
1,0,1,1,427.13,20.0,50.0,24.0,0
1,0,1,1,431.68,20.0,50.0,24.0,0
1,0,1,1,440.055,20.0,50.0,24.0,0
1,0,1,1,434.083,20.0,50.0,24.0,0
1,0,1,1,422.009,20.0,50.0,24.0,0
1,0,1,1,420.953,20.0,50.0,24.0,0
1,0,1,1,433.878,20.0,50.0,24.0,0
1,0,1,1,435.619,20.0,50.0,24.0,0
1,0,1,1,431.742,20.0,50.0,24.0,0
1,0,1,1,428.961,20.0,50.0,24.0,0
1,0,1,1,429.923,20.0,50.0,24.0,0
1,0,1,1,432.096,20.0,50.0,24.0,0
1,0,1,1,436.261,20.0,50.0,24.0,0
1,0,1,1,433.734,20.0,50.0,24.0,0
1,0,1,1,430.621,20.0,50.0,24.0,0
1,0,1,1,417.177,20.0,50.0,24.0,0
1,0,1,1,415.227,20.0,50.0,24.0,0
1,0,1,1,415.47,20.0,50.0,24.0,0
1,0,1,1,423.16,20.0,50.0,24.0,0
1,0,1,1,436.496,20.0,50.0,24.0,0
1,0,1,1,430.076,20.0,50.0,24.0,0
1,0,1,1,435.783,20.0,50.0,24.0,0
1,0,1,1,435.709,20.0,50.0,24.0,0
1,0,1,1,428.664,20.0,50.0,24.0,0
1,0,1,1,414.967,20.0,50.0,24.0,0
1,0,1,1,411.201,20.0,50.0,24.0,0
1,0,1,1,421.927,20.0,50.0,24.0,0
1,0,1,1,430.756,20.0,50.0,24.0,0
1,0,1,1,431.064,20.0,50.0,24.0,0
1,0,1,1,424.105,20.0,50.0,24.0,0
1,0,1,1,411.678,20.0,50.0,24.0,0
1,0,1,1,408.217,20.0,50.0,24.0,0
1,0,1,1,413.058,20.0,50.0,24.0,0
1,0,1,1,417.346,20.0,50.0,24.0,0
1,0,1,1,429.761,20.0,50.0,24.0,0
1,0,1,1,448.093,20.0,50.0,24.0,0
1,0,1,1,461.931,20.0,50.0,24.0,0
1,0,1,1,457.672,20.0,50.0,24.0,0
1,0,1,1,447.654,20.0,50.0,24.0,0
1,0,1,1,423.573,20.0,50.0,24.0,0
1,0,1,1,416.603,20.0,50.0,24.0,0
1,0,1,1,444.74,20.0,50.0,24.0,0
1,0,1,1,450.461,20.0,50.0,24.0,0
1,0,1,1,455.311,20.0,50.0,24.0,0
1,0,1,1,447.214,20.0,50.0,24.0,0
1,0,1,1,439.642,20.0,50.0,24.0,0
1,0,1,1,429.127,20.0,50.0,24.0,0
1,0,1,1,430.411,20.0,50.0,24.0,0
1,0,1,1,429.935,20.0,50.0,24.0,0
1,0,1,1,436.396,20.0,50.0,24.0,0
1,0,1,1,425.554,20.0,50.0,24.0,0
1,0,1,1,434.303,20.0,50.0,24.0,0
1,0,1,1,434.77,20.0,50.0,24.0,0
1,0,1,1,450.408,20.0,50.0,24.0,0
1,0,1,1,460.544,20.0,50.0,24.0,0
1,0,1,1,464.654,20.0,50.0,24.0,0
1,0,1,1,487.575,20.0,50.0,24.0,0
1,0,1,1,489.826,20.0,50.0,24.0,0
1,0,1,1,489.242,20.0,50.0,24.0,0
1,0,1,1,482.045,20.0,50.0,24.0,0
1,0,1,1,499.672,20.0,50.0,24.0,0
1,0,1,1,516.515,20.0,50.0,24.0,0
1,0,1,1,517.336,20.0,50.0,24.0,0
1,0,1,1,517.383,20.0,50.0,24.0,0
1,0,1,1,516.936,20.0,50.0,24.0,0
1,0,1,1,522.196,20.0,50.0,24.0,0
1,0,1,1,525.268,20.0,50.0,24.0,0
1,0,1,1,522.747,20.0,50.0,24.0,0
1,0,1,1,520.49,20.0,50.0,24.0,0
1,0,1,1,506.045,20.0,50.0,24.0,0
1,0,1,1,489.69,20.0,50.0,24.0,0
1,0,1,1,474.519,20.0,50.0,24.0,0
1,0,1,1,456.681,20.0,50.0,24.0,0
1,0,1,1,438.978,20.0,50.0,24.0,0
1,0,1,1,445.378,20.0,50.0,24.0,0
1,0,1,1,442.168,20.0,50.0,24.0,0
1,0,1,1,459.492,20.0,50.0,24.0,0
1,0,1,1,490.165,20.0,50.0,24.0,0
1,0,1,1,494.148,20.0,50.0,24.0,0
1,0,1,1,499.777,20.0,50.0,24.0,0
1,0,1,1,500.789,20.0,50.0,24.0,0
1,0,1,1,503.972,20.0,50.0,24.0,0
1,0,1,1,514.459,20.0,50.0,24.0,0
1,0,1,1,512.712,20.0,50.0,24.0,0
1,0,1,1,521.37,20.0,50.0,24.0,0
1,0,1,1,524.449,20.0,50.0,24.0,0
1,0,1,1,524.926,20.0,50.0,24.0,0
1,0,1,1,529.3,20.0,50.0,24.0,0
1,0,1,1,530.263,20.0,50.0,24.0,0
1,0,1,1,533.122,20.0,50.0,24.0,0
1,0,1,1,546.551,20.0,50.0,24.0,0
1,0,1,1,559.297,20.0,50.0,24.0,0
1,0,1,1,560.48,20.0,50.0,24.0,0
1,0,1,1,566.537,20.0,50.0,24.0,0
1,0,1,1,553.448,20.0,50.0,24.0,0
1,0,1,1,545.266,20.0,50.0,24.0,0
1,0,1,1,548.456,20.0,50.0,24.0,0
1,0,1,1,544.676,20.0,50.0,24.0,0
1,0,1,1,513.643,20.0,50.0,24.0,0
1,0,1,1,492.025,20.0,50.0,24.0,0
1,0,1,1,472.389,20.0,50.0,24.0,0
1,0,1,1,470.752,20.0,50.0,24.0,0
1,0,1,1,456.395,20.0,50.0,24.0,0
1,0,1,1,454.949,20.0,50.0,24.0,0
1,0,1,1,476.376,20.0,50.0,24.0,0
1,0,1,1,478.851,20.0,50.0,24.0,0
1,0,1,1,476.962,20.0,50.0,24.0,0
1,0,1,1,477.066,20.0,50.0,24.0,0
1,0,1,1,482.848,20.0,50.0,24.0,0
1,0,1,1,480.094,20.0,50.0,24.0,0
1,0,1,1,483.735,20.0,50.0,24.0,0
1,0,1,1,492.478,20.0,50.0,24.0,0
1,0,1,1,501.816,20.0,50.0,24.0,0
1,0,1,1,499.497,20.0,50.0,24.0,0
1,0,1,1,495.13,20.0,50.0,24.0,0
1,0,1,1,499.234,20.0,50.0,24.0,0
1,0,1,1,500.581,20.0,50.0,24.0,0
1,0,1,1,490.879,20.0,50.0,24.0,0
1,0,1,1,496.066,20.0,50.0,24.0,0
1,0,1,1,492.015,20.0,50.0,24.0,0
1,0,1,1,500.909,20.0,50.0,24.0,0
1,0,1,1,509.779,20.0,50.0,24.0,0
1,0,1,1,509.807,20.0,50.0,24.0,0
1,0,1,1,509.387,20.0,50.0,24.0,0
1,0,1,1,513.211,20.0,50.0,24.0,0
1,0,1,1,504.498,20.0,50.0,24.0,0
1,0,1,1,500.322,20.0,50.0,24.0,0
1,0,1,1,485.639,20.0,50.0,24.0,0
1,0,1,1,477.868,20.0,50.0,24.0,0
1,0,1,1,486.193,20.0,50.0,24.0,0
1,0,1,1,501.65,20.0,50.0,24.0,0
1,0,1,1,498.527,20.0,50.0,24.0,0
1,0,1,1,486.17,20.0,50.0,24.0,0
1,0,1,1,472.952,20.0,50.0,24.0,0
1,0,1,1,493.674,20.0,50.0,24.0,0
1,0,1,1,488.672,20.0,50.0,24.0,0
1,0,1,1,488.119,20.0,50.0,24.0,0
1,0,1,1,488.185,20.0,50.0,24.0,0
1,0,1,1,487.067,20.0,50.0,24.0,0
1,0,1,1,467.142,20.0,50.0,24.0,0
1,0,1,1,470.821,20.0,50.0,24.0,0
1,0,1,1,477.685,20.0,50.0,24.0,0
1,0,1,1,474.556,20.0,50.0,24.0,0
1,0,1,1,480.976,20.0,50.0,24.0,0
1,0,1,1,483.914,20.0,50.0,24.0,0
1,0,1,1,469.969,20.0,50.0,24.0,0
1,0,1,1,474.377,20.0,50.0,24.0,0
1,0,1,1,480.382,20.0,50.0,24.0,0
1,0,1,1,477.711,20.0,50.0,24.0,0
1,0,1,1,472.942,20.0,50.0,24.0,0
1,0,1,1,471.557,20.0,50.0,24.0,0
1,0,1,1,471.917,20.0,50.0,24.0,0
1,0,1,1,483.54,20.0,50.0,24.0,0
1,0,1,1,474.744,20.0,50.0,24.0,0
1,0,1,1,477.792,20.0,50.0,24.0,0
1,0,1,1,475.323,20.0,50.0,24.0,0
1,0,1,1,466.027,20.0,50.0,24.0,0
1,0,1,1,460.341,20.0,50.0,24.0,0
1,0,1,1,470.639,20.0,50.0,24.0,0
1,0,1,1,470.225,20.0,50.0,24.0,0
1,0,1,1,469.5,20.0,50.0,24.0,0
1,0,1,1,465.718,20.0,50.0,24.0,0
1,0,1,1,453.084,20.0,50.0,24.0,0
1,0,1,1,455.209,20.0,50.0,24.0,0
1,0,1,1,450.831,20.0,50.0,24.0,0
1,0,1,1,457.038,20.0,50.0,24.0,0
1,0,1,1,455.106,20.0,50.0,24.0,0
1,0,1,1,453.577,20.0,50.0,24.0,0
1,0,1,1,456.039,20.0,50.0,24.0,0
1,0,1,1,448.922,20.0,50.0,24.0,0
1,0,1,1,441.894,20.0,50.0,24.0,0
1,0,1,1,436.444,20.0,50.0,24.0,0
1,0,1,1,432.943,20.0,50.0,24.0,0
1,0,1,1,435.547,20.0,50.0,24.0,0
1,0,1,1,437.204,20.0,50.0,24.0,0
1,0,1,1,443.703,20.0,50.0,24.0,0
1,0,1,1,454.214,20.0,50.0,24.0,0
1,0,1,1,496.236,20.0,50.0,24.0,0
1,0,1,1,503.017,20.0,50.0,24.0,0
1,0,1,1,497.527,20.0,50.0,24.0,0
1,0,1,1,493.489,20.0,50.0,24.0,0
1,0,1,1,498.341,20.0,50.0,24.0,0
1,0,1,1,504.077,20.0,50.0,24.0,0
1,0,1,1,507.278,20.0,50.0,24.0,0
1,0,1,1,502.337,20.0,50.0,24.0,0
1,0,1,1,498.614,20.0,50.0,24.0,0
1,0,1,1,505.508,20.0,50.0,24.0,0
1,0,1,1,509.479,20.0,50.0,24.0,0
1,0,1,1,514.811,20.0,50.0,24.0,0
1,0,1,1,511.827,20.0,50.0,24.0,0
1,0,1,1,508.158,20.0,50.0,24.0,0
1,0,1,1,535.42,20.0,50.0,24.0,0
1,0,1,1,522.739,20.0,50.0,24.0,0
1,0,1,1,516.28,20.0,50.0,24.0,0
1,0,1,1,521.044,20.0,50.0,24.0,0
1,0,1,1,514.978,20.0,50.0,24.0,0
1,0,1,1,515.23,20.0,50.0,24.0,0
1,0,1,1,527.8,20.0,50.0,24.0,0
1,0,1,1,519.028,20.0,50.0,24.0,0
1,0,1,1,505.492,20.0,50.0,24.0,0
1,0,1,1,500.559,20.0,50.0,24.0,0
1,0,1,1,499.522,20.0,50.0,24.0,0
1,0,1,1,499.979,20.0,50.0,24.0,0
1,0,1,1,496.235,20.0,50.0,24.0,0
1,0,1,1,494.434,20.0,50.0,24.0,0
1,0,1,1,490.514,20.0,50.0,24.0,0
1,0,1,1,491.583,20.0,50.0,24.0,0
1,0,1,1,490.601,20.0,50.0,24.0,0
1,0,1,1,483.782,20.0,50.0,24.0,0
1,0,1,1,479.782,20.0,50.0,24.0,0
1,0,1,1,478.575,20.0,50.0,24.0,0
1,0,1,1,480.847,20.0,50.0,24.0,0
1,0,1,1,478.33,20.0,50.0,24.0,0
1,0,1,1,473.887,20.0,50.0,24.0,0
1,0,1,1,470.303,20.0,50.0,24.0,0
1,0,1,1,472.194,20.0,50.0,24.0,0
1,0,1,1,469.458,20.0,50.0,24.0,0
1,0,1,1,466.23,20.0,50.0,24.0,0
1,0,1,1,469.578,20.0,50.0,24.0,0
1,0,1,1,469.785,20.0,50.0,24.0,0
1,0,1,1,468.884,20.0,50.0,24.0,0
1,0,1,1,468.896,20.0,50.0,24.0,0
1,0,1,1,469.276,20.0,50.0,24.0,0
1,0,1,1,469.747,20.0,50.0,24.0,0
1,0,1,1,468.97,20.0,50.0,24.0,0
1,0,1,1,465.525,20.0,50.0,24.0,0
1,0,1,1,467.047,20.0,50.0,24.0,0
1,0,1,1,468.862,20.0,50.0,24.0,0
1,0,1,1,470.365,20.0,50.0,24.0,0
1,0,1,1,471.589,20.0,50.0,24.0,0
1,0,1,1,471.265,20.0,50.0,24.0,0
1,0,1,1,467.322,20.0,50.0,24.0,0
1,0,1,1,463.82,20.0,50.0,24.0,0
1,0,1,1,467.275,20.0,50.0,24.0,0
1,0,1,1,469.721,20.0,50.0,24.0,0
1,0,1,1,468.698,20.0,50.0,24.0,0
1,0,1,1,470.608,20.0,50.0,24.0,0
1,0,1,1,469.87,20.0,50.0,24.0,0
1,0,1,1,469.118,20.0,50.0,24.0,0
1,0,1,1,469.825,20.0,50.0,24.0,0
1,0,1,1,467.961,20.0,50.0,24.0,0
1,0,1,1,468.091,20.0,50.0,24.0,0
1,0,1,1,466.226,20.0,50.0,24.0,0
1,0,1,1,468.633,20.0,50.0,24.0,0
1,0,1,1,468.589,20.0,50.0,24.0,0
1,0,1,1,467.899,20.0,50.0,24.0,0
1,0,1,1,467.562,20.0,50.0,24.0,0
1,0,1,1,466.34,20.0,50.0,24.0,0
1,0,1,1,466.776,20.0,50.0,24.0,0
1,0,1,1,466.9,20.0,50.0,24.0,0
1,0,1,1,470.122,20.0,50.0,24.0,0
1,0,1,1,468.518,20.0,50.0,24.0,0
1,0,1,1,467.727,20.0,50.0,24.0,0
1,0,1,1,466.446,20.0,50.0,24.0,0
1,0,1,1,469.824,20.0,50.0,24.0,0
1,0,1,1,470.501,20.0,50.0,24.0,0
1,0,1,1,466.006,20.0,50.0,24.0,0
1,0,1,1,462.022,20.0,50.0,24.0,0
1,0,1,1,459.895,20.0,50.0,24.0,0
1,0,1,1,459.201,20.0,50.0,24.0,0
1,0,1,1,460.866,20.0,50.0,24.0,0
1,0,1,1,465.093,20.0,50.0,24.0,0
1,0,1,1,464.805,20.0,50.0,24.0,0
1,0,1,1,466.629,20.0,50.0,24.0,0
1,0,1,1,464.022,20.0,50.0,24.0,0
1,0,1,1,462.725,20.0,50.0,24.0,0
1,0,1,1,465.046,20.0,50.0,24.0,0
1,0,1,1,462.478,20.0,50.0,24.0,0
1,0,1,1,463.004,20.0,50.0,24.0,0
1,0,1,1,463.698,20.0,50.0,24.0,0
1,0,1,1,465.067,20.0,50.0,24.0,0
1,0,1,1,465.935,20.0,50.0,24.0,0
1,0,1,1,466.231,20.0,50.0,24.0,0
1,0,1,1,469.528,20.0,50.0,24.0,0
1,0,1,1,470.096,20.0,50.0,24.0,0
1,0,1,1,469.767,20.0,50.0,24.0,0
1,0,1,1,469.09,20.0,50.0,24.0,0
1,0,1,1,469.681,20.0,50.0,24.0,0
1,0,1,1,469.618,20.0,50.0,24.0,0
1,0,1,1,468.052,20.0,50.0,24.0,0
1,0,1,1,471.146,20.0,50.0,24.0,0
1,0,1,1,470.091,20.0,50.0,24.0,0
1,0,1,1,471.004,20.0,50.0,24.0,0
1,0,1,1,471.19,20.0,50.0,24.0,0
1,0,1,1,473.583,20.0,50.0,24.0,0
1,0,1,1,469.86,20.0,50.0,24.0,0
1,0,1,1,468.271,20.0,50.0,24.0,0
1,0,1,1,470.795,20.0,50.0,24.0,0
1,0,1,1,470.004,20.0,50.0,24.0,0
1,0,1,1,471.71,20.0,50.0,24.0,0
1,0,1,1,469.288,20.0,50.0,24.0,0
1,0,1,1,470.383,20.0,50.0,24.0,0
1,0,1,1,470.804,20.0,50.0,24.0,0
1,0,1,1,470.629,20.0,50.0,24.0,0
1,0,1,1,466.885,20.0,50.0,24.0,0
1,0,1,1,470.694,20.0,50.0,24.0,0
1,0,1,1,475.006,20.0,50.0,24.0,0
1,0,1,1,474.778,20.0,50.0,24.0,0
1,0,1,1,473.091,20.0,50.0,24.0,0
1,0,1,1,475.951,20.0,50.0,24.0,0
1,0,1,1,475.78,20.0,50.0,24.0,0
1,0,1,1,476.124,20.0,50.0,24.0,0
1,0,1,1,477.476,20.0,50.0,24.0,0
1,0,1,1,478.243,20.0,50.0,24.0,0
1,0,1,1,481.079,20.0,50.0,24.0,0
1,0,1,1,476.934,20.0,50.0,24.0,0
1,0,1,1,474.703,20.0,50.0,24.0,0
1,0,1,1,474.466,20.0,50.0,24.0,0
1,0,1,1,475.049,20.0,50.0,24.0,0
1,0,1,1,474.006,20.0,50.0,24.0,0
1,0,1,1,471.699,20.0,50.0,24.0,0
1,0,1,1,472.95,20.0,50.0,24.0,0
1,0,1,1,470.585,20.0,50.0,24.0,0
1,0,1,1,475.419,20.0,50.0,24.0,0
1,0,1,1,474.394,20.0,50.0,24.0,0
1,0,1,1,473.203,20.0,50.0,24.0,0
1,0,1,1,474.136,20.0,50.0,24.0,0
1,0,1,1,474.553,20.0,50.0,24.0,0
1,0,1,1,474.557,20.0,50.0,24.0,0
1,0,1,1,478.203,20.0,50.0,24.0,0
1,0,1,1,475.006,20.0,50.0,24.0,0
1,0,1,1,475.568,20.0,50.0,24.0,0
1,0,1,1,474.68,20.0,50.0,24.0,0
1,0,1,1,475.744,20.0,50.0,24.0,0
1,0,1,1,479.289,20.0,50.0,24.0,0
1,0,1,1,476.897,20.0,50.0,24.0,0
1,0,1,1,475.272,20.0,50.0,24.0,0
1,0,1,1,477.686,20.0,50.0,24.0,0
1,0,1,1,475.07,20.0,50.0,24.0,0
1,0,1,1,473.235,20.0,50.0,24.0,0
1,0,1,1,471.61,20.0,50.0,24.0,0
1,0,1,1,474.468,20.0,50.0,24.0,0
1,0,1,1,474.369,20.0,50.0,24.0,0
1,0,1,1,471.719,20.0,50.0,24.0,0
1,0,1,1,471.255,20.0,50.0,24.0,0
1,0,1,1,470.007,20.0,50.0,24.0,0
1,0,1,1,467.67,20.0,50.0,24.0,0
1,0,1,1,465.542,20.0,50.0,24.0,0
1,0,1,1,465.819,20.0,50.0,24.0,0
1,0,1,1,467.362,20.0,50.0,24.0,0
1,0,1,1,470.423,20.0,50.0,24.0,0
1,0,1,1,469.135,20.0,50.0,24.0,0
1,0,1,1,468.243,20.0,50.0,24.0,0
1,0,1,1,471.456,20.0,50.0,24.0,0
1,0,1,1,474.234,20.0,50.0,24.0,0
1,0,1,1,474.745,20.0,50.0,24.0,0
1,0,1,1,473.787,20.0,50.0,24.0,0
1,0,1,1,473.924,20.0,50.0,24.0,0
1,0,1,1,474.192,20.0,50.0,24.0,0
1,0,1,1,473.998,20.0,50.0,24.0,0
1,0,1,1,474.522,20.0,50.0,24.0,0
1,0,1,1,476.674,20.0,50.0,24.0,0
1,0,1,1,474.186,20.0,50.0,24.0,0
1,0,1,1,474.336,20.0,50.0,24.0,0
1,0,1,1,475.545,20.0,50.0,24.0,0
1,0,1,1,471.521,20.0,50.0,24.0,0
1,0,1,1,470.731,20.0,50.0,24.0,0
1,0,1,1,470.751,20.0,50.0,24.0,0
1,0,1,1,469.792,20.0,50.0,24.0,0
1,0,1,1,468.852,20.0,50.0,24.0,0
1,0,1,1,467.06,20.0,50.0,24.0,0
1,0,1,1,465.206,20.0,50.0,24.0,0
1,0,1,1,466.378,20.0,50.0,24.0,0
1,0,1,1,469.21,20.0,50.0,24.0,0
1,0,1,1,468.159,20.0,50.0,24.0,0
1,0,1,1,466.304,20.0,50.0,24.0,0
1,0,1,1,465.474,20.0,50.0,24.0,0
1,0,1,1,464.558,20.0,50.0,24.0,0
1,0,1,1,463.812,20.0,50.0,24.0,0
1,0,1,1,465.865,20.0,50.0,24.0,0
1,0,1,1,464.784,20.0,50.0,24.0,0
1,0,1,1,463.076,20.0,50.0,24.0,0
1,0,1,1,463.607,20.0,50.0,24.0,0
1,0,1,1,465.284,20.0,50.0,24.0,0
1,0,1,1,466.166,20.0,50.0,24.0,0
1,0,1,1,463.571,20.0,50.0,24.0,0
1,0,1,1,463.355,20.0,50.0,24.0,0
1,0,1,1,461.132,20.0,50.0,24.0,0
1,0,1,1,460.991,20.0,50.0,24.0,0
1,0,1,1,460.208,20.0,50.0,24.0,0
1,0,1,1,456.988,20.0,50.0,24.0,0
1,0,1,1,456.335,20.0,50.0,24.0,0
1,0,1,1,454.122,20.0,50.0,24.0,0
1,0,1,1,458.084,20.0,50.0,24.0,0
1,0,1,1,458.562,20.0,50.0,24.0,0
1,0,1,1,458.249,20.0,50.0,24.0,0
1,0,1,1,461.772,20.0,50.0,24.0,0
1,0,1,1,462.704,20.0,50.0,24.0,0
1,0,1,1,460.243,20.0,50.0,24.0,0
1,0,1,1,463.834,20.0,50.0,24.0,0
1,0,1,1,465.611,20.0,50.0,24.0,0
1,0,1,1,466.989,20.0,50.0,24.0,0
1,0,1,1,462.861,20.0,50.0,24.0,0
1,0,1,1,459.456,20.0,50.0,24.0,0
1,0,1,1,458.421,20.0,50.0,24.0,0
1,0,1,1,457.953,20.0,50.0,24.0,0
1,0,1,1,456.886,20.0,50.0,24.0,0
1,0,1,1,454.826,20.0,50.0,24.0,0
1,0,1,1,455.324,20.0,50.0,24.0,0
1,0,1,1,457.492,20.0,50.0,24.0,0
1,0,1,1,459.901,20.0,50.0,24.0,0
1,0,1,1,458.403,20.0,50.0,24.0,0
1,0,1,1,459.93,20.0,50.0,24.0,0
1,0,1,1,461.415,20.0,50.0,24.0,0
1,0,1,1,459.62,20.0,50.0,24.0,0
1,0,1,1,459.831,20.0,50.0,24.0,0
1,0,1,1,459.856,20.0,50.0,24.0,0
1,0,1,1,460.48,20.0,50.0,24.0,0
1,0,1,1,462.022,20.0,50.0,24.0,0
1,0,1,1,461.914,20.0,50.0,24.0,0
1,0,1,1,461.579,20.0,50.0,24.0,0
1,0,1,1,459.88,20.0,50.0,24.0,0
1,0,1,1,455.986,20.0,50.0,24.0,0
1,0,1,1,458.872,20.0,50.0,24.0,0
1,0,1,1,462.234,20.0,50.0,24.0,0
1,0,1,1,457.991,20.0,50.0,24.0,0
1,0,1,1,458.999,20.0,50.0,24.0,0
1,0,1,1,460.041,20.0,50.0,24.0,0
1,0,1,1,466.257,20.0,50.0,24.0,0
1,0,1,1,468.594,20.0,50.0,24.0,0
1,0,1,1,470.018,20.0,50.0,24.0,0
1,0,1,1,468.543,20.0,50.0,24.0,0
1,0,1,1,468.963,20.0,50.0,24.0,0
1,0,1,1,468.448,20.0,50.0,24.0,0
1,0,1,1,467.607,20.0,50.0,24.0,0
1,0,1,1,466.641,20.0,50.0,24.0,0
1,0,1,1,469.655,20.0,50.0,24.0,0
1,0,1,1,468.946,20.0,50.0,24.0,0
1,0,1,1,470.424,20.0,50.0,24.0,0
1,0,1,1,473.874,20.0,50.0,24.0,0
1,0,1,1,471.494,20.0,50.0,24.0,0
1,0,1,1,469.998,20.0,50.0,24.0,0
1,0,1,1,472.322,20.0,50.0,24.0,0
1,0,1,1,471.745,20.0,50.0,24.0,0
1,0,1,1,472.743,20.0,50.0,24.0,0
1,0,1,1,470.53,20.0,50.0,24.0,0
1,0,1,1,470.602,20.0,50.0,24.0,0
1,0,1,1,470.459,20.0,50.0,24.0,0
1,0,1,1,470.021,20.0,50.0,24.0,0
1,0,1,1,471.995,20.0,50.0,24.0,0
1,0,1,1,471.056,20.0,50.0,24.0,0
1,0,1,1,474.35,20.0,50.0,24.0,0
1,0,1,1,474.671,20.0,50.0,24.0,0
1,0,1,1,475.811,20.0,50.0,24.0,0
1,0,1,1,471.662,20.0,50.0,24.0,0
1,0,1,1,469.351,20.0,50.0,24.0,0
1,0,1,1,464.741,20.0,50.0,24.0,0
1,0,1,1,463.735,20.0,50.0,24.0,0
1,0,1,1,465.82,20.0,50.0,24.0,0
1,0,1,1,459.834,20.0,50.0,24.0,0
1,0,1,1,465.075,20.0,50.0,24.0,0
1,0,1,1,464.432,20.0,50.0,24.0,0
1,0,1,1,463.166,20.0,50.0,24.0,0
1,0,1,1,477.912,20.0,50.0,24.0,0
1,0,1,1,483.253,20.0,50.0,24.0,0
1,0,1,1,454.495,20.0,50.0,24.0,0
1,0,1,1,447.919,20.0,50.0,24.0,0
1,0,1,1,446.558,20.0,50.0,24.0,0
1,0,1,1,443.699,20.0,50.0,24.0,0
1,0,1,1,451.265,20.0,50.0,24.0,0
1,0,1,1,444.742,20.0,50.0,24.0,0
1,0,1,1,435.538,20.0,50.0,24.0,0
1,0,1,1,424.212,20.0,50.0,24.0,0
1,0,1,1,420.377,20.0,50.0,24.0,0
1,0,1,1,419.048,20.0,50.0,24.0,0
1,0,1,1,414.619,20.0,50.0,24.0,0
1,0,1,1,413.154,20.0,50.0,24.0,0
1,0,1,1,408.295,20.0,50.0,24.0,0
1,0,1,1,409.537,20.0,50.0,24.0,0
1,0,1,1,415.271,20.0,50.0,24.0,0
1,0,1,1,420.53,20.0,50.0,24.0,0
1,0,1,1,419.842,20.0,50.0,24.0,0
1,0,1,1,419.499,20.0,50.0,24.0,0
1,0,1,1,420.933,20.0,50.0,24.0,0
1,0,1,1,420.718,20.0,50.0,24.0,0
1,0,1,1,419.942,20.0,50.0,24.0,0
1,0,1,1,419.625,20.0,50.0,24.0,0
1,0,1,1,419.789,20.0,50.0,24.0,0
1,0,1,1,419.707,20.0,50.0,24.0,0
1,0,1,1,422.872,20.0,50.0,24.0,0
1,0,1,1,423.104,20.0,50.0,24.0,0
1,0,1,1,423.628,20.0,50.0,24.0,0
1,0,1,1,424.139,20.0,50.0,24.0,0
1,0,1,1,423.534,20.0,50.0,24.0,0
1,0,1,1,423.272,20.0,50.0,24.0,0
1,0,1,1,421.031,20.0,50.0,24.0,0
1,0,1,1,417.359,20.0,50.0,24.0,0
1,0,1,1,417.279,20.0,50.0,24.0,0
1,0,1,1,417.827,20.0,50.0,24.0,0
1,0,1,1,419.504,20.0,50.0,24.0,0
1,0,1,1,421.699,20.0,50.0,24.0,0
1,0,1,1,423.273,20.0,50.0,24.0,0
1,0,1,1,421.766,20.0,50.0,24.0,0
1,0,1,1,421.403,20.0,50.0,24.0,0
1,0,1,1,423.456,20.0,50.0,24.0,0
1,0,1,1,423.633,20.0,50.0,24.0,0
1,0,1,1,427.401,20.0,50.0,24.0,0
1,0,1,1,428.167,20.0,50.0,24.0,0
1,0,1,1,426.947,20.0,50.0,24.0,0
1,0,1,1,423.927,20.0,50.0,24.0,0
1,0,1,1,425.287,20.0,50.0,24.0,0
1,0,1,1,427.164,20.0,50.0,24.0,0
1,0,1,1,421.893,20.0,50.0,24.0,0
1,0,1,1,419.475,20.0,50.0,24.0,0
1,0,1,1,418.69,20.0,50.0,24.0,0
1,0,1,1,415.814,20.0,50.0,24.0,0
1,0,1,1,416.166,20.0,50.0,24.0,0
1,0,1,1,415.827,20.0,50.0,24.0,0
1,0,1,1,414.709,20.0,50.0,24.0,0
1,0,1,1,415.692,20.0,50.0,24.0,0
1,0,1,1,413.833,20.0,50.0,24.0,0
1,0,1,1,417.335,20.0,50.0,24.0,0
1,0,1,1,416.298,20.0,50.0,24.0,0
1,0,1,1,416.516,20.0,50.0,24.0,0
1,0,1,1,413.612,20.0,50.0,24.0,0
1,0,1,1,412.247,20.0,50.0,24.0,0
1,0,1,1,413.384,20.0,50.0,24.0,0
1,0,1,1,418.911,20.0,50.0,24.0,0
1,0,1,1,421.047,20.0,50.0,24.0,0
1,0,1,1,425.944,20.0,50.0,24.0,0
1,0,1,1,421.704,20.0,50.0,24.0,0
1,0,1,1,412.38,20.0,50.0,24.0,0
1,0,1,1,415.725,20.0,50.0,24.0,0
1,0,1,1,429.8,20.0,50.0,24.0,0
1,0,1,1,423.502,20.0,50.0,24.0,0
1,0,1,1,418.886,20.0,50.0,24.0,0
1,0,1,1,416.015,20.0,50.0,24.0,0
1,0,1,1,410.06,20.0,50.0,24.0,0
1,0,1,1,407.737,20.0,50.0,24.0,0
1,0,1,1,415.162,20.0,50.0,24.0,0
1,0,1,1,430.561,20.0,50.0,24.0,0
1,0,1,1,425.909,20.0,50.0,24.0,0
1,0,1,1,426.605,20.0,50.0,24.0,0
1,0,1,1,422.465,20.0,50.0,24.0,0
1,0,1,1,412.836,20.0,50.0,24.0,0
1,0,1,1,407.797,20.0,50.0,24.0,0
1,0,1,1,412.863,20.0,50.0,24.0,0
1,0,1,1,417.944,20.0,50.0,24.0,0
1,0,1,1,422.09,20.0,50.0,24.0,0
1,0,1,1,420.928,20.0,50.0,24.0,0
1,0,1,1,416.879,20.0,50.0,24.0,0
1,0,1,1,407.767,20.0,50.0,24.0,0
1,0,1,1,409.028,20.0,50.0,24.0,0
1,0,1,1,411.129,20.0,50.0,24.0,0
1,0,1,1,413.607,20.0,50.0,24.0,0
1,0,1,1,418.28,20.0,50.0,24.0,0
1,0,1,1,421.713,20.0,50.0,24.0,0
1,0,1,1,425.419,20.0,50.0,24.0,0
1,0,1,1,426.975,20.0,50.0,24.0,0
1,0,1,1,423.633,20.0,50.0,24.0,0
1,0,1,1,420.46,20.0,50.0,24.0,0
1,0,1,1,417.35,20.0,50.0,24.0,0
1,0,1,1,415.421,20.0,50.0,24.0,0
1,0,1,1,423.472,20.0,50.0,24.0,0
1,0,1,1,418.266,20.0,50.0,24.0,0
1,0,1,1,421.957,20.0,50.0,24.0,0
1,0,1,1,421.785,20.0,50.0,24.0,0
1,0,1,1,418.93,20.0,50.0,24.0,0
1,0,1,1,426.094,20.0,50.0,24.0,0
1,0,1,1,418.418,20.0,50.0,24.0,0
1,0,1,1,419.573,20.0,50.0,24.0,0
1,0,1,1,422.289,20.0,50.0,24.0,0
1,0,1,1,424.904,20.0,50.0,24.0,0
1,0,1,1,422.254,20.0,50.0,24.0,0
1,0,1,1,425.237,20.0,50.0,24.0,0
1,0,1,1,422.039,20.0,50.0,24.0,0
1,0,1,1,423.455,20.0,50.0,24.0,0
1,0,1,1,426.096,20.0,50.0,24.0,0
1,0,1,1,424.028,20.0,50.0,24.0,0
1,0,1,1,433.045,20.0,50.0,24.0,0
1,0,1,1,435.792,20.0,50.0,24.0,0
1,0,1,1,430.757,20.0,50.0,24.0,0
1,0,1,1,427.249,20.0,50.0,24.0,0
1,0,1,1,437.088,20.0,50.0,24.0,0
1,0,1,1,427.232,20.0,50.0,24.0,0
1,0,1,1,420.187,20.0,50.0,24.0,0
1,0,1,1,424.742,20.0,50.0,24.0,0
1,0,1,1,430.558,20.0,50.0,24.0,0
1,0,1,1,433.282,20.0,50.0,24.0,0
1,0,1,1,428.485,20.0,50.0,24.0,0
1,0,1,1,424.243,20.0,50.0,24.0,0
1,0,1,1,425.566,20.0,50.0,24.0,0
1,0,1,1,435.492,20.0,50.0,24.0,0
1,0,1,1,434.828,20.0,50.0,24.0,0
1,0,1,1,436.43,20.0,50.0,24.0,0
1,0,1,1,549.98,20.0,50.0,24.0,0
1,0,1,1,575.938,20.0,50.0,24.0,0
1,0,1,1,504.131,20.0,50.0,24.0,0
1,0,1,1,480.808,20.0,50.0,24.0,0
1,0,1,1,465.313,20.0,50.0,24.0,0
1,0,1,1,450.128,20.0,50.0,24.0,0
1,0,1,1,433.231,20.0,50.0,24.0,0
1,0,1,1,438.702,20.0,50.0,24.0,0
1,0,1,1,444.59,20.0,50.0,24.0,0
1,0,1,1,439.63,20.0,50.0,24.0,0
1,0,1,1,428.717,20.0,50.0,24.0,0
1,0,1,1,424.38,20.0,50.0,24.0,0
1,0,1,1,423.427,20.0,50.0,24.0,0
1,0,1,1,420.37,20.0,50.0,24.0,0
1,0,1,1,418.005,20.0,50.0,24.0,0
1,0,1,1,417.561,20.0,50.0,24.0,0
1,0,1,1,417.859,20.0,50.0,24.0,0
1,0,1,1,417.019,20.0,50.0,24.0,0
1,0,1,1,417.006,20.0,50.0,24.0,0
1,0,1,1,419.58,20.0,50.0,24.0,0
1,0,1,1,418.249,20.0,50.0,24.0,0
1,0,1,1,427.409,20.0,50.0,24.0,0
1,0,1,1,460.591,20.0,50.0,24.0,0
1,0,1,1,455.806,20.0,50.0,24.0,0
1,0,1,1,461.988,20.0,50.0,24.0,0
1,0,1,1,484.687,20.0,50.0,24.0,0
1,0,1,1,503.983,20.0,50.0,24.0,0
1,0,1,1,516.426,20.0,50.0,24.0,0
1,0,1,1,519.672,20.0,50.0,24.0,0
1,0,1,1,510.638,20.0,50.0,24.0,0
1,0,1,1,503.374,20.0,50.0,24.0,0
1,0,1,1,497.098,20.0,50.0,24.0,0
1,0,1,1,484.472,20.0,50.0,24.0,0
1,0,1,1,490.834,20.0,50.0,24.0,0
1,0,1,1,490.683,20.0,50.0,24.0,0
1,0,1,1,485.146,20.0,50.0,24.0,0
1,0,1,1,495.569,20.0,50.0,24.0,0
1,0,1,1,498.506,20.0,50.0,24.0,0
1,0,1,1,504.18,20.0,50.0,24.0,0
1,0,1,1,493.636,20.0,50.0,24.0,0
1,0,1,1,503.849,20.0,50.0,24.0,0
1,0,1,1,483.333,20.0,50.0,24.0,0
1,0,1,1,462.749,20.0,50.0,24.0,0
1,0,1,1,460.292,20.0,50.0,24.0,0
1,0,1,1,465.391,20.0,50.0,24.0,0
1,0,1,1,467.473,20.0,50.0,24.0,0
1,0,1,1,460.281,20.0,50.0,24.0,0
1,0,1,1,452.526,20.0,50.0,24.0,0
1,0,1,1,452.404,20.0,50.0,24.0,0
1,0,1,1,455.811,20.0,50.0,24.0,0
1,0,1,1,452.894,20.0,50.0,24.0,0
1,0,1,1,444.147,20.0,50.0,24.0,0
1,0,1,1,431.796,20.0,50.0,24.0,0
1,0,1,1,423.694,20.0,50.0,24.0,0
1,0,1,1,421.624,20.0,50.0,24.0,0
1,0,1,1,418.848,20.0,50.0,24.0,0
1,0,1,1,417.672,20.0,50.0,24.0,0
1,0,1,1,417.751,20.0,50.0,24.0,0
1,0,1,1,420.104,20.0,50.0,24.0,0
1,0,1,1,439.172,20.0,50.0,24.0,0
1,0,1,1,440.402,20.0,50.0,24.0,0
1,0,1,1,441.615,20.0,50.0,24.0,0
1,0,1,1,437.838,20.0,50.0,24.0,0
1,0,1,1,427.546,20.0,50.0,24.0,0
1,0,1,1,419.382,20.0,50.0,24.0,0
1,0,1,1,426.62,20.0,50.0,24.0,0
1,0,1,1,428.854,20.0,50.0,24.0,0
1,0,1,1,428.744,20.0,50.0,24.0,0
1,0,1,1,425.219,20.0,50.0,24.0,0
1,0,1,1,417.818,20.0,50.0,24.0,0
1,0,1,1,422.332,20.0,50.0,24.0,0
1,0,1,1,422.294,20.0,50.0,24.0,0
1,0,1,1,425.448,20.0,50.0,24.0,0
1,0,1,1,429.432,20.0,50.0,24.0,0
1,0,1,1,438.052,20.0,50.0,24.0,0
1,0,1,1,435.353,20.0,50.0,24.0,0
1,0,1,1,443.783,20.0,50.0,24.0,0
1,0,1,1,438.252,20.0,50.0,24.0,0
1,0,1,1,431.355,20.0,50.0,24.0,0
1,0,1,1,436.436,20.0,50.0,24.0,0
1,0,1,1,443.581,20.0,50.0,24.0,0
1,0,1,1,445.074,20.0,50.0,24.0,0
1,0,1,1,423.292,20.0,50.0,24.0,0
1,0,1,1,427.953,20.0,50.0,24.0,0
1,0,1,1,429.695,20.0,50.0,24.0,0
1,0,1,1,428.083,20.0,50.0,24.0,0
1,0,1,1,421.766,20.0,50.0,24.0,0
1,0,1,1,420.651,20.0,50.0,24.0,0
1,0,1,1,429.062,20.0,50.0,24.0,0
1,0,1,1,432.824,20.0,50.0,24.0,0
1,0,1,1,421.758,20.0,50.0,24.0,0
1,0,1,1,416.386,20.0,50.0,24.0,0
1,0,1,1,415.69,20.0,50.0,24.0,0
1,0,1,1,414.803,20.0,50.0,24.0,0
1,0,1,1,417.594,20.0,50.0,24.0,0
1,0,1,1,418.653,20.0,50.0,24.0,0
1,0,1,1,427.67,20.0,50.0,24.0,0
1,0,1,1,431.177,20.0,50.0,24.0,0
1,0,1,1,435.741,20.0,50.0,24.0,0
1,0,1,1,421.119,20.0,50.0,24.0,0
1,0,1,1,425.651,20.0,50.0,24.0,0
1,0,1,1,434.807,20.0,50.0,24.0,0
1,0,1,1,440.127,20.0,50.0,24.0,0
1,0,1,1,437.125,20.0,50.0,24.0,0
1,0,1,1,445.525,20.0,50.0,24.0,0
1,0,1,1,445.268,20.0,50.0,24.0,0
1,0,1,1,443.596,20.0,50.0,24.0,0
1,0,1,1,439.728,20.0,50.0,24.0,0
1,0,1,1,440.458,20.0,50.0,24.0,0
1,0,1,1,445.053,20.0,50.0,24.0,0
1,0,1,1,446.085,20.0,50.0,24.0,0
1,0,1,1,442.418,20.0,50.0,24.0,0
1,0,1,1,434.425,20.0,50.0,24.0,0
1,0,1,1,431.464,20.0,50.0,24.0,0
1,0,1,1,429.968,20.0,50.0,24.0,0
1,0,1,1,436.381,20.0,50.0,24.0,0
1,0,1,1,475.701,20.0,50.0,24.0,0
1,0,1,1,492.985,20.0,50.0,24.0,0
1,0,1,1,495.404,20.0,50.0,24.0,0
1,0,1,1,522.199,20.0,50.0,24.0,0
1,0,1,1,508.738,20.0,50.0,24.0,0
1,0,1,1,487.282,20.0,50.0,24.0,0
1,0,1,1,460.381,20.0,50.0,24.0,0
1,0,1,1,460.839,20.0,50.0,24.0,0
1,0,1,1,453.451,20.0,50.0,24.0,0
1,0,1,1,449.951,20.0,50.0,24.0,0
1,0,1,1,458.873,20.0,50.0,24.0,0
1,0,1,1,460.839,20.0,50.0,24.0,0
1,0,1,1,451.511,20.0,50.0,24.0,0
1,0,1,1,451.84,20.0,50.0,24.0,0
1,0,1,1,445.994,20.0,50.0,24.0,0
1,0,1,1,444.205,20.0,50.0,24.0,0
1,0,1,1,442.602,20.0,50.0,24.0,0
1,0,1,1,442.53,20.0,50.0,24.0,0
1,0,1,1,447.653,20.0,50.0,24.0,0
1,0,1,1,440.609,20.0,50.0,24.0,0
1,0,1,1,438.127,20.0,50.0,24.0,0
1,0,1,1,445.82,20.0,50.0,24.0,0
1,0,1,1,442.032,20.0,50.0,24.0,0
1,0,1,1,441.878,20.0,50.0,24.0,0
1,0,1,1,440.59,20.0,50.0,24.0,0
1,0,1,1,434.853,20.0,50.0,24.0,0
1,0,1,1,433.671,20.0,50.0,24.0,0
1,0,1,1,433.087,20.0,50.0,24.0,0
1,0,1,1,441.127,20.0,50.0,24.0,0
1,0,1,1,439.895,20.0,50.0,24.0,0
1,0,1,1,439.023,20.0,50.0,24.0,0
1,0,1,1,436.349,20.0,50.0,24.0,0
1,0,1,1,441.993,20.0,50.0,24.0,0
1,0,1,1,440.783,20.0,50.0,24.0,0
1,0,1,1,443.106,20.0,50.0,24.0,0
1,0,1,1,447.182,20.0,50.0,24.0,0
1,0,1,1,440.4,20.0,50.0,24.0,0
1,0,1,1,440.911,20.0,50.0,24.0,0
1,0,1,1,443.919,20.0,50.0,24.0,0
1,0,1,1,452.746,20.0,50.0,24.0,0
1,0,1,1,461.096,20.0,50.0,24.0,0
1,0,1,1,461.533,20.0,50.0,24.0,0
1,0,1,1,455.399,20.0,50.0,24.0,0
1,0,1,1,431.176,20.0,50.0,24.0,0
1,0,1,1,429.813,20.0,50.0,24.0,0
1,0,1,1,427.747,20.0,50.0,24.0,0
1,0,1,1,427.88,20.0,50.0,24.0,0
1,0,1,1,429.978,20.0,50.0,24.0,0
1,0,1,1,433.344,20.0,50.0,24.0,0
1,0,1,1,434.187,20.0,50.0,24.0,0
1,0,1,1,438.505,20.0,50.0,24.0,0
1,0,1,1,445.704,20.0,50.0,24.0,0
1,0,1,1,449.743,20.0,50.0,24.0,0
1,0,1,1,448.786,20.0,50.0,24.0,0
1,0,1,1,444.974,20.0,50.0,24.0,0
1,0,1,1,443.705,20.0,50.0,24.0,0
1,0,1,1,445.025,20.0,50.0,24.0,0
1,0,1,1,452.453,20.0,50.0,24.0,0
1,0,1,1,448.844,20.0,50.0,24.0,0
1,0,1,1,448.554,20.0,50.0,24.0,0
1,0,1,1,437.569,20.0,50.0,24.0,0
1,0,1,1,438.83,20.0,50.0,24.0,0
1,0,1,1,442.512,20.0,50.0,24.0,0
1,0,1,1,457.707,20.0,50.0,24.0,0
1,0,1,1,457.894,20.0,50.0,24.0,0
1,0,1,1,446.488,20.0,50.0,24.0,0
1,0,1,1,463.193,20.0,50.0,24.0,0
1,0,1,1,461.235,20.0,50.0,24.0,0
1,0,1,1,447.871,20.0,50.0,24.0,0
1,0,1,1,446.44,20.0,50.0,24.0,0
1,0,1,1,458.432,20.0,50.0,24.0,0
1,0,1,1,468.441,20.0,50.0,24.0,0
1,0,1,1,468.689,20.0,50.0,24.0,0
1,0,1,1,464.765,20.0,50.0,24.0,0
1,0,1,1,457.498,20.0,50.0,24.0,0
1,0,1,1,456.268,20.0,50.0,24.0,0
1,0,1,1,454.588,20.0,50.0,24.0,0
1,0,1,1,472.222,20.0,50.0,24.0,0
1,0,1,1,476.011,20.0,50.0,24.0,0
1,0,1,1,497.177,20.0,50.0,24.0,0
1,0,1,1,486.62,20.0,50.0,24.0,0
1,0,1,1,462.816,20.0,50.0,24.0,0
1,0,1,1,450.443,20.0,50.0,24.0,0
1,0,1,1,447.288,20.0,50.0,24.0,0
1,0,1,1,449.338,20.0,50.0,24.0,0
1,0,1,1,444.265,20.0,50.0,24.0,0
1,0,1,1,437.115,20.0,50.0,24.0,0
1,0,1,1,437.814,20.0,50.0,24.0,0
1,0,1,1,445.57,20.0,50.0,24.0,0
1,0,1,1,440.77,20.0,50.0,24.0,0
1,0,1,1,435.174,20.0,50.0,24.0,0
1,0,1,1,428.121,20.0,50.0,24.0,0
1,0,1,1,432.661,20.0,50.0,24.0,0
1,0,1,1,432.643,20.0,50.0,24.0,0
1,0,1,1,423.567,20.0,50.0,24.0,0
1,0,1,1,414.356,20.0,50.0,24.0,0
1,0,1,1,409.028,20.0,50.0,24.0,0
1,0,1,1,415.082,20.0,50.0,24.0,0
1,0,1,1,419.692,20.0,50.0,24.0,0
1,0,1,1,421.156,20.0,50.0,24.0,0
1,0,1,1,425.896,20.0,50.0,24.0,0
1,0,1,1,427.019,20.0,50.0,24.0,0
1,0,1,1,430.525,20.0,50.0,24.0,0
1,0,1,1,428.771,20.0,50.0,24.0,0
1,0,1,1,422.876,20.0,50.0,24.0,0
1,0,1,1,428.86,20.0,50.0,24.0,0
1,0,1,1,432.728,20.0,50.0,24.0,0
1,0,1,1,438.213,20.0,50.0,24.0,0
1,0,1,1,433.289,20.0,50.0,24.0,0
1,0,1,1,433.308,20.0,50.0,24.0,0
1,0,1,1,433.422,20.0,50.0,24.0,0
1,0,1,1,431.56,20.0,50.0,24.0,0
1,0,1,1,441.541,20.0,50.0,24.0,0
1,0,1,1,445.123,20.0,50.0,24.0,0
1,0,1,1,443.666,20.0,50.0,24.0,0
1,0,1,1,449.45,20.0,50.0,24.0,0
1,0,1,1,447.788,20.0,50.0,24.0,0
1,0,1,1,435.766,20.0,50.0,24.0,0
1,0,1,1,432.572,20.0,50.0,24.0,0
1,0,1,1,431.293,20.0,50.0,24.0,0
1,0,1,1,440.159,20.0,50.0,24.0,0
1,0,1,1,442.358,20.0,50.0,24.0,0
1,0,1,1,447.995,20.0,50.0,24.0,0
1,0,1,1,452.47,20.0,50.0,24.0,0
1,0,1,1,456.89,20.0,50.0,24.0,0
1,0,1,1,456.678,20.0,50.0,24.0,0
1,0,1,1,453.93,20.0,50.0,24.0,0
1,0,1,1,463.015,20.0,50.0,24.0,0
1,0,1,1,464.384,20.0,50.0,24.0,0
1,0,1,1,454.488,20.0,50.0,24.0,0
1,0,1,1,451.048,20.0,50.0,24.0,0
1,0,1,1,440.889,20.0,50.0,24.0,0
1,0,1,1,438.957,20.0,50.0,24.0,0
1,0,1,1,439.067,20.0,50.0,24.0,0
1,0,1,1,445.083,20.0,50.0,24.0,0
1,0,1,1,443.821,20.0,50.0,24.0,0
1,0,1,1,446.0,20.0,50.0,24.0,0
1,0,1,1,438.6,20.0,50.0,24.0,0
1,0,1,1,430.658,20.0,50.0,24.0,0
1,0,1,1,432.325,20.0,50.0,24.0,0
1,0,1,1,434.043,20.0,50.0,24.0,0
1,0,1,1,463.732,20.0,50.0,24.0,0
1,0,1,1,490.704,20.0,50.0,24.0,0
1,0,1,1,487.814,20.0,50.0,24.0,0
1,0,1,1,472.094,20.0,50.0,24.0,0
1,0,1,1,462.119,20.0,50.0,24.0,0
1,0,1,1,433.569,20.0,50.0,24.0,0
1,0,1,1,423.246,20.0,50.0,24.0,0
1,0,1,1,419.089,20.0,50.0,24.0,0
1,0,1,1,417.252,20.0,50.0,24.0,0
1,0,1,1,414.63,20.0,50.0,24.0,0
1,0,1,1,413.111,20.0,50.0,24.0,0
1,0,1,1,414.776,20.0,50.0,24.0,0
1,0,1,1,416.368,20.0,50.0,24.0,0
1,0,1,1,414.52,20.0,50.0,24.0,0
1,0,1,1,413.968,20.0,50.0,24.0,0
1,0,1,1,414.732,20.0,50.0,24.0,0
1,0,1,1,415.482,20.0,50.0,24.0,0
1,0,1,1,413.18,20.0,50.0,24.0,0
1,0,1,1,412.494,20.0,50.0,24.0,0
1,0,1,1,414.13,20.0,50.0,24.0,0
1,0,1,1,415.89,20.0,50.0,24.0,0
1,0,1,1,417.002,20.0,50.0,24.0,0
1,0,1,1,417.158,20.0,50.0,24.0,0
1,0,1,1,416.451,20.0,50.0,24.0,0
1,0,1,1,419.027,20.0,50.0,24.0,0
1,0,1,1,422.595,20.0,50.0,24.0,0
1,0,1,1,421.097,20.0,50.0,24.0,0
1,0,1,1,416.744,20.0,50.0,24.0,0
1,0,1,1,418.59,20.0,50.0,24.0,0
1,0,1,1,419.337,20.0,50.0,24.0,0
1,0,1,1,418.735,20.0,50.0,24.0,0
1,0,1,1,419.85,20.0,50.0,24.0,0
1,0,1,1,420.145,20.0,50.0,24.0,0
1,0,1,1,422.907,20.0,50.0,24.0,0
1,0,1,1,424.42,20.0,50.0,24.0,0
1,0,1,1,423.866,20.0,50.0,24.0,0
1,0,1,1,422.587,20.0,50.0,24.0,0
1,0,1,1,422.45,20.0,50.0,24.0,0
1,0,1,1,425.449,20.0,50.0,24.0,0
1,0,1,1,426.047,20.0,50.0,24.0,0
1,0,1,1,425.009,20.0,50.0,24.0,0
1,0,1,1,425.917,20.0,50.0,24.0,0
1,0,1,1,428.977,20.0,50.0,24.0,0
1,0,1,1,433.028,20.0,50.0,24.0,0
1,0,1,1,429.839,20.0,50.0,24.0,0
1,0,1,1,427.827,20.0,50.0,24.0,0
1,0,1,1,439.752,20.0,50.0,24.0,0
1,0,1,1,448.086,20.0,50.0,24.0,0
1,0,1,1,457.227,20.0,50.0,24.0,0
1,0,1,1,463.275,20.0,50.0,24.0,0
1,0,1,1,470.832,20.0,50.0,24.0,0
1,0,1,1,484.36,20.0,50.0,24.0,0
1,0,1,1,468.934,20.0,50.0,24.0,0
1,0,1,1,453.054,20.0,50.0,24.0,0
1,0,1,1,447.714,20.0,50.0,24.0,0
1,0,1,1,443.73,20.0,50.0,24.0,0
1,0,1,1,440.486,20.0,50.0,24.0,0
1,0,1,1,441.066,20.0,50.0,24.0,0
1,0,1,1,437.841,20.0,50.0,24.0,0
1,0,1,1,432.41,20.0,50.0,24.0,0
1,0,1,1,429.368,20.0,50.0,24.0,0
1,0,1,1,426.534,20.0,50.0,24.0,0
1,0,1,1,427.212,20.0,50.0,24.0,0
1,0,1,1,427.715,20.0,50.0,24.0,0
1,0,1,1,428.241,20.0,50.0,24.0,0
1,0,1,1,433.225,20.0,50.0,24.0,0
1,0,1,1,431.17,20.0,50.0,24.0,0
1,0,1,1,430.834,20.0,50.0,24.0,0
1,0,1,1,432.718,20.0,50.0,24.0,0
1,0,1,1,432.044,20.0,50.0,24.0,0
1,0,1,1,429.767,20.0,50.0,24.0,0
1,0,1,1,427.745,20.0,50.0,24.0,0
1,0,1,1,424.704,20.0,50.0,24.0,0
1,0,1,1,423.334,20.0,50.0,24.0,0
1,0,1,1,424.391,20.0,50.0,24.0,0
1,0,1,1,422.478,20.0,50.0,24.0,0
1,0,1,1,424.338,20.0,50.0,24.0,0
1,0,1,1,424.483,20.0,50.0,24.0,0
1,0,1,1,421.127,20.0,50.0,24.0,0
1,0,1,1,421.025,20.0,50.0,24.0,0
1,0,1,1,420.125,20.0,50.0,24.0,0
1,0,1,1,418.7,20.0,50.0,24.0,0
1,0,1,1,420.124,20.0,50.0,24.0,0
1,0,1,1,419.392,20.0,50.0,24.0,0
1,0,1,1,420.729,20.0,50.0,24.0,0
1,0,1,1,419.71,20.0,50.0,24.0,0
1,0,1,1,421.321,20.0,50.0,24.0,0
1,0,1,1,422.573,20.0,50.0,24.0,0
1,0,1,1,422.214,20.0,50.0,24.0,0
1,0,1,1,422.23,20.0,50.0,24.0,0
1,0,1,1,423.001,20.0,50.0,24.0,0
1,0,1,1,420.719,20.0,50.0,24.0,0
1,0,1,1,422.739,20.0,50.0,24.0,0
1,0,1,1,423.544,20.0,50.0,24.0,0
1,0,1,1,424.669,20.0,50.0,24.0,0
1,0,1,1,423.594,20.0,50.0,24.0,0
1,0,1,1,423.38,20.0,50.0,24.0,0
1,0,1,1,426.532,20.0,50.0,24.0,0
1,0,1,1,424.401,20.0,50.0,24.0,0
1,0,1,1,424.35,20.0,50.0,24.0,0
1,0,1,1,424.951,20.0,50.0,24.0,0
1,0,1,1,425.812,20.0,50.0,24.0,0
1,0,1,1,424.221,20.0,50.0,24.0,0
1,0,1,1,423.844,20.0,50.0,24.0,0
1,0,1,1,425.262,20.0,50.0,24.0,0
1,0,1,1,428.073,20.0,50.0,24.0,0
1,0,1,1,429.87,20.0,50.0,24.0,0
1,0,1,1,430.656,20.0,50.0,24.0,0
1,0,1,1,430.104,20.0,50.0,24.0,0
1,0,1,1,431.041,20.0,50.0,24.0,0
1,0,1,1,428.785,20.0,50.0,24.0,0
1,0,1,1,428.058,20.0,50.0,24.0,0
1,0,1,1,429.598,20.0,50.0,24.0,0
1,0,1,1,427.941,20.0,50.0,24.0,0
1,0,1,1,426.403,20.0,50.0,24.0,0
1,0,1,1,423.84,20.0,50.0,24.0,0
1,0,1,1,425.389,20.0,50.0,24.0,0
1,0,1,1,425.484,20.0,50.0,24.0,0
1,0,1,1,428.92,20.0,50.0,24.0,0
1,0,1,1,428.546,20.0,50.0,24.0,0
1,0,1,1,431.388,20.0,50.0,24.0,0
1,0,1,1,431.565,20.0,50.0,24.0,0
1,0,1,1,430.163,20.0,50.0,24.0,0
1,0,1,1,432.743,20.0,50.0,24.0,0
1,0,1,1,433.894,20.0,50.0,24.0,0
1,0,1,1,430.677,20.0,50.0,24.0,0
1,0,1,1,432.301,20.0,50.0,24.0,0
1,0,1,1,438.148,20.0,50.0,24.0,0
1,0,1,1,442.138,20.0,50.0,24.0,0
1,0,1,1,441.387,20.0,50.0,24.0,0
1,0,1,1,440.71,20.0,50.0,24.0,0
1,0,1,1,438.332,20.0,50.0,24.0,0
1,0,1,1,436.961,20.0,50.0,24.0,0
1,0,1,1,434.38,20.0,50.0,24.0,0
1,0,1,1,431.36,20.0,50.0,24.0,0
1,0,1,1,427.425,20.0,50.0,24.0,0
1,0,1,1,423.937,20.0,50.0,24.0,0
1,0,1,1,423.279,20.0,50.0,24.0,0
1,0,1,1,422.078,20.0,50.0,24.0,0
1,0,1,1,422.1,20.0,50.0,24.0,0
1,0,1,1,420.078,20.0,50.0,24.0,0
1,0,1,1,423.024,20.0,50.0,24.0,0
1,0,1,1,423.562,20.0,50.0,24.0,0
1,0,1,1,423.74,20.0,50.0,24.0,0
1,0,1,1,423.682,20.0,50.0,24.0,0
1,0,1,1,425.467,20.0,50.0,24.0,0
1,0,1,1,422.723,20.0,50.0,24.0,0
1,0,1,1,424.127,20.0,50.0,24.0,0
1,0,1,1,423.025,20.0,50.0,24.0,0
1,0,1,1,424.145,20.0,50.0,24.0,0
1,0,1,1,423.909,20.0,50.0,24.0,0
1,0,1,1,422.031,20.0,50.0,24.0,0
1,0,1,1,423.064,20.0,50.0,24.0,0
1,0,1,1,422.605,20.0,50.0,24.0,0
1,0,1,1,417.774,20.0,50.0,24.0,0
1,0,1,1,417.791,20.0,50.0,24.0,0
1,0,1,1,419.492,20.0,50.0,24.0,0
1,0,1,1,417.005,20.0,50.0,24.0,0
1,0,1,1,418.9,20.0,50.0,24.0,0
1,0,1,1,420.837,20.0,50.0,24.0,0
1,0,1,1,419.365,20.0,50.0,24.0,0
1,0,1,1,421.357,20.0,50.0,24.0,0
1,0,1,1,420.143,20.0,50.0,24.0,0
1,0,1,1,419.703,20.0,50.0,24.0,0
1,0,1,1,425.084,20.0,50.0,24.0,0
1,0,1,1,426.985,20.0,50.0,24.0,0
1,0,1,1,427.825,20.0,50.0,24.0,0
1,0,1,1,429.447,20.0,50.0,24.0,0
1,0,1,1,431.324,20.0,50.0,24.0,0
1,0,1,1,434.516,20.0,50.0,24.0,0
1,0,1,1,432.573,20.0,50.0,24.0,0
1,0,1,1,436.976,20.0,50.0,24.0,0
1,0,1,1,439.771,20.0,50.0,24.0,0
1,0,1,1,440.422,20.0,50.0,24.0,0
1,0,1,1,438.136,20.0,50.0,24.0,0
1,0,1,1,438.676,20.0,50.0,24.0,0
1,0,1,1,438.183,20.0,50.0,24.0,0
1,0,1,1,439.951,20.0,50.0,24.0,0
1,0,1,1,440.836,20.0,50.0,24.0,0
1,0,1,1,442.718,20.0,50.0,24.0,0
1,0,1,1,440.052,20.0,50.0,24.0,0
1,0,1,1,442.52,20.0,50.0,24.0,0
1,0,1,1,443.076,20.0,50.0,24.0,0
1,0,1,1,441.019,20.0,50.0,24.0,0
1,0,1,1,440.962,20.0,50.0,24.0,0
1,0,1,1,439.997,20.0,50.0,24.0,0
1,0,1,1,439.705,20.0,50.0,24.0,0
1,0,1,1,440.392,20.0,50.0,24.0,0
1,0,1,1,439.091,20.0,50.0,24.0,0
1,0,1,1,439.191,20.0,50.0,24.0,0
1,0,1,1,439.633,20.0,50.0,24.0,0
1,0,1,1,440.566,20.0,50.0,24.0,0
1,0,1,1,439.953,20.0,50.0,24.0,0
1,0,1,1,437.243,20.0,50.0,24.0,0
1,0,1,1,437.449,20.0,50.0,24.0,0
1,0,1,1,436.574,20.0,50.0,24.0,0
1,0,1,1,436.56,20.0,50.0,24.0,0
1,0,1,1,436.553,20.0,50.0,24.0,0
1,0,1,1,438.403,20.0,50.0,24.0,0
1,0,1,1,434.171,20.0,50.0,24.0,0
1,0,1,1,433.017,20.0,50.0,24.0,0
1,0,1,1,432.079,20.0,50.0,24.0,0
1,0,1,1,428.692,20.0,50.0,24.0,0
1,0,1,1,429.714,20.0,50.0,24.0,0
1,0,1,1,431.476,20.0,50.0,24.0,0
1,0,1,1,433.056,20.0,50.0,24.0,0
1,0,1,1,433.233,20.0,50.0,24.0,0
1,0,1,1,432.42,20.0,50.0,24.0,0
1,0,1,1,438.041,20.0,50.0,24.0,0
1,0,1,1,434.855,20.0,50.0,24.0,0
1,0,1,1,436.464,20.0,50.0,24.0,0
1,0,1,1,435.359,20.0,50.0,24.0,0
1,0,1,1,434.399,20.0,50.0,24.0,0
1,0,1,1,433.49,20.0,50.0,24.0,0
1,0,1,1,434.166,20.0,50.0,24.0,0
1,0,1,1,433.073,20.0,50.0,24.0,0
1,0,1,1,435.584,20.0,50.0,24.0,0
1,0,1,1,436.617,20.0,50.0,24.0,0
1,0,1,1,437.78,20.0,50.0,24.0,0
1,0,1,1,436.445,20.0,50.0,24.0,0
1,0,1,1,436.695,20.0,50.0,24.0,0
1,0,1,1,436.165,20.0,50.0,24.0,0
1,0,1,1,434.622,20.0,50.0,24.0,0
1,0,1,1,430.912,20.0,50.0,24.0,0
1,0,1,1,434.109,20.0,50.0,24.0,0
1,0,1,1,435.187,20.0,50.0,24.0,0
1,0,1,1,435.485,20.0,50.0,24.0,0
1,0,1,1,434.565,20.0,50.0,24.0,0
1,0,1,1,437.161,20.0,50.0,24.0,0
1,0,1,1,438.631,20.0,50.0,24.0,0
1,0,1,1,438.329,20.0,50.0,24.0,0
1,0,1,1,440.763,20.0,50.0,24.0,0
1,0,1,1,438.907,20.0,50.0,24.0,0
1,0,1,1,439.433,20.0,50.0,24.0,0
1,0,1,1,440.593,20.0,50.0,24.0,0
1,0,1,1,443.603,20.0,50.0,24.0,0
1,0,1,1,445.532,20.0,50.0,24.0,0
1,0,1,1,445.181,20.0,50.0,24.0,0
1,0,1,1,443.256,20.0,50.0,24.0,0
1,0,1,1,442.915,20.0,50.0,24.0,0
1,0,1,1,445.999,20.0,50.0,24.0,0
1,0,1,1,445.694,20.0,50.0,24.0,0
1,0,1,1,445.255,20.0,50.0,24.0,0
1,0,1,1,442.553,20.0,50.0,24.0,0
1,0,1,1,441.337,20.0,50.0,24.0,0
1,0,1,1,442.571,20.0,50.0,24.0,0
1,0,1,1,442.474,20.0,50.0,24.0,0
1,0,1,1,444.972,20.0,50.0,24.0,0
1,0,1,1,445.496,20.0,50.0,24.0,0
1,0,1,1,446.196,20.0,50.0,24.0,0
1,0,1,1,442.141,20.0,50.0,24.0,0
1,0,1,1,442.099,20.0,50.0,24.0,0
1,0,1,1,444.764,20.0,50.0,24.0,0
1,0,1,1,442.594,20.0,50.0,24.0,0
1,0,1,1,441.21,20.0,50.0,24.0,0
1,0,1,1,442.378,20.0,50.0,24.0,0
1,0,1,1,442.909,20.0,50.0,24.0,0
1,0,1,1,444.354,20.0,50.0,24.0,0
1,0,1,1,443.451,20.0,50.0,24.0,0
1,0,1,1,443.264,20.0,50.0,24.0,0
1,0,1,1,442.294,20.0,50.0,24.0,0
1,0,1,1,441.379,20.0,50.0,24.0,0
1,0,1,1,440.779,20.0,50.0,24.0,0
1,0,1,1,441.289,20.0,50.0,24.0,0
1,0,1,1,443.352,20.0,50.0,24.0,0
1,0,1,1,442.865,20.0,50.0,24.0,0
1,0,1,1,443.013,20.0,50.0,24.0,0
1,0,1,1,446.191,20.0,50.0,24.0,0
1,0,1,1,444.778,20.0,50.0,24.0,0
1,0,1,1,450.355,20.0,50.0,24.0,0
1,0,1,1,447.819,20.0,50.0,24.0,0
1,0,1,1,454.03,20.0,50.0,24.0,0
1,0,1,1,455.432,20.0,50.0,24.0,0
1,0,1,1,454.68,20.0,50.0,24.0,0
1,0,1,1,453.459,20.0,50.0,24.0,0
1,0,1,1,450.539,20.0,50.0,24.0,0
1,0,1,1,450.869,20.0,50.0,24.0,0
1,0,1,1,452.186,20.0,50.0,24.0,0
1,0,1,1,454.007,20.0,50.0,24.0,0
1,0,1,1,455.352,20.0,50.0,24.0,0
1,0,1,1,457.47,20.0,50.0,24.0,0
1,0,1,1,458.504,20.0,50.0,24.0,0
1,0,1,1,458.755,20.0,50.0,24.0,0
1,0,1,1,457.666,20.0,50.0,24.0,0
1,0,1,1,457.205,20.0,50.0,24.0,0
1,0,1,1,458.205,20.0,50.0,24.0,0
1,0,1,1,460.427,20.0,50.0,24.0,0
1,0,1,1,461.509,20.0,50.0,24.0,0
1,0,1,1,462.32,20.0,50.0,24.0,0
1,0,1,1,460.97,20.0,50.0,24.0,0
1,0,1,1,461.095,20.0,50.0,24.0,0
1,0,1,1,458.126,20.0,50.0,24.0,0
1,0,1,1,459.78,20.0,50.0,24.0,0
1,0,1,1,459.432,20.0,50.0,24.0,0
1,0,1,1,456.981,20.0,50.0,24.0,0
1,0,1,1,459.149,20.0,50.0,24.0,0
1,0,1,1,460.41,20.0,50.0,24.0,0
1,0,1,1,461.226,20.0,50.0,24.0,0
1,0,1,1,452.821,20.0,50.0,24.0,0
1,0,1,1,452.944,20.0,50.0,24.0,0
1,0,1,1,456.788,20.0,50.0,24.0,0
1,0,1,1,458.636,20.0,50.0,24.0,0
1,0,1,1,460.398,20.0,50.0,24.0,0
1,0,1,1,461.964,20.0,50.0,24.0,0
1,0,1,1,457.229,20.0,50.0,24.0,0
1,0,1,1,455.727,20.0,50.0,24.0,0
1,0,1,1,455.865,20.0,50.0,24.0,0
1,0,1,1,457.452,20.0,50.0,24.0,0
1,0,1,1,458.661,20.0,50.0,24.0,0
1,0,1,1,461.706,20.0,50.0,24.0,0
1,0,1,1,457.717,20.0,50.0,24.0,0
1,0,1,1,455.099,20.0,50.0,24.0,0
1,0,1,1,453.763,20.0,50.0,24.0,0
1,0,1,1,454.825,20.0,50.0,24.0,0
1,0,1,1,450.247,20.0,50.0,24.0,0
1,0,1,1,452.557,20.0,50.0,24.0,0
1,0,1,1,459.931,20.0,50.0,24.0,0
1,0,1,1,464.591,20.0,50.0,24.0,0
1,0,1,1,464.231,20.0,50.0,24.0,0
1,0,1,1,464.057,20.0,50.0,24.0,0
1,0,1,1,454.973,20.0,50.0,24.0,0
1,0,1,1,457.18,20.0,50.0,24.0,0
1,0,1,1,472.414,20.0,50.0,24.0,0
1,0,1,1,477.111,20.0,50.0,24.0,0
1,0,1,1,468.783,20.0,50.0,24.0,0
1,0,1,1,469.241,20.0,50.0,24.0,0
1,0,1,1,469.494,20.0,50.0,24.0,0
1,0,1,1,465.627,20.0,50.0,24.0,0
1,0,1,1,464.126,20.0,50.0,24.0,0
1,0,1,1,473.51,20.0,50.0,24.0,0
1,0,1,1,479.527,20.0,50.0,24.0,0
1,0,1,1,473.81,20.0,50.0,24.0,0
1,0,1,1,474.815,20.0,50.0,24.0,0
1,0,1,1,482.259,20.0,50.0,24.0,0
1,0,1,1,488.58,20.0,50.0,24.0,0
1,0,1,1,491.776,20.0,50.0,24.0,0
1,0,1,1,504.298,20.0,50.0,24.0,0
1,0,1,1,514.913,20.0,50.0,24.0,0
1,0,1,1,504.024,20.0,50.0,24.0,0
1,0,1,1,495.641,20.0,50.0,24.0,0
1,0,1,1,503.898,20.0,50.0,24.0,0
1,0,1,1,518.306,20.0,50.0,24.0,0
1,0,1,1,503.285,20.0,50.0,24.0,0
1,0,1,1,487.695,20.0,50.0,24.0,0
1,0,1,1,474.065,20.0,50.0,24.0,0
1,0,1,1,462.604,20.0,50.0,24.0,0
1,0,1,1,453.103,20.0,50.0,24.0,0
1,0,1,1,448.251,20.0,50.0,24.0,0
1,0,1,1,444.069,20.0,50.0,24.0,0
1,0,1,1,436.663,20.0,50.0,24.0,0
1,0,1,1,431.827,20.0,50.0,24.0,0
1,0,1,1,428.491,20.0,50.0,24.0,0
1,0,1,1,430.686,20.0,50.0,24.0,0
1,0,1,1,428.702,20.0,50.0,24.0,0
1,0,1,1,428.166,20.0,50.0,24.0,0
1,0,1,1,427.167,20.0,50.0,24.0,0
1,0,1,1,425.8,20.0,50.0,24.0,0
1,0,1,1,424.867,20.0,50.0,24.0,0
1,0,1,1,425.524,20.0,50.0,24.0,0
1,0,1,1,424.064,20.0,50.0,24.0,0
1,0,1,1,424.421,20.0,50.0,24.0,0
1,0,1,1,424.661,20.0,50.0,24.0,0
1,0,1,1,422.702,20.0,50.0,24.0,0
1,0,1,1,422.956,20.0,50.0,24.0,0
1,0,1,1,422.997,20.0,50.0,24.0,0
1,0,1,1,424.095,20.0,50.0,24.0,0
1,0,1,1,423.143,20.0,50.0,24.0,0
1,0,1,1,424.455,20.0,50.0,24.0,0
1,0,1,1,423.675,20.0,50.0,24.0,0
1,0,1,1,421.664,20.0,50.0,24.0,0
1,0,1,1,421.431,20.0,50.0,24.0,0
1,0,1,1,420.695,20.0,50.0,24.0,0
1,0,1,1,418.545,20.0,50.0,24.0,0
1,0,1,1,419.007,20.0,50.0,24.0,0
1,0,1,1,419.587,20.0,50.0,24.0,0
1,0,1,1,419.122,20.0,50.0,24.0,0
1,0,1,1,419.706,20.0,50.0,24.0,0
1,0,1,1,420.289,20.0,50.0,24.0,0
1,0,1,1,418.605,20.0,50.0,24.0,0
1,0,1,1,417.721,20.0,50.0,24.0,0
1,0,1,1,419.143,20.0,50.0,24.0,0
1,0,1,1,418.282,20.0,50.0,24.0,0
1,0,1,1,417.987,20.0,50.0,24.0,0
1,0,1,1,421.231,20.0,50.0,24.0,0
1,0,1,1,420.001,20.0,50.0,24.0,0
1,0,1,1,419.842,20.0,50.0,24.0,0
1,0,1,1,421.634,20.0,50.0,24.0,0
1,0,1,1,420.211,20.0,50.0,24.0,0
1,0,1,1,418.859,20.0,50.0,24.0,0
1,0,1,1,418.799,20.0,50.0,24.0,0
1,0,1,1,417.628,20.0,50.0,24.0,0
1,0,1,1,417.57,20.0,50.0,24.0,0
1,0,1,1,418.95,20.0,50.0,24.0,0
1,0,1,1,418.516,20.0,50.0,24.0,0
1,0,1,1,417.525,20.0,50.0,24.0,0
1,0,1,1,417.105,20.0,50.0,24.0,0
1,0,1,1,417.611,20.0,50.0,24.0,0
1,0,1,1,417.383,20.0,50.0,24.0,0
1,0,1,1,416.301,20.0,50.0,24.0,0
1,0,1,1,416.522,20.0,50.0,24.0,0
1,0,1,1,416.55,20.0,50.0,24.0,0
1,0,1,1,417.792,20.0,50.0,24.0,0
1,0,1,1,417.811,20.0,50.0,24.0,0
1,0,1,1,416.555,20.0,50.0,24.0,0
1,0,1,1,416.649,20.0,50.0,24.0,0
1,0,1,1,417.706,20.0,50.0,24.0,0
1,0,1,1,416.727,20.0,50.0,24.0,0
1,0,1,1,416.876,20.0,50.0,24.0,0
1,0,1,1,417.894,20.0,50.0,24.0,0
1,0,1,1,417.882,20.0,50.0,24.0,0
1,0,1,1,418.874,20.0,50.0,24.0,0
1,0,1,1,417.192,20.0,50.0,24.0,0
1,0,1,1,415.774,20.0,50.0,24.0,0
1,0,1,1,416.124,20.0,50.0,24.0,0
1,0,1,1,412.971,20.0,50.0,24.0,0
1,0,1,1,413.943,20.0,50.0,24.0,0
1,0,1,1,414.795,20.0,50.0,24.0,0
1,0,1,1,416.776,20.0,50.0,24.0,0
1,0,1,1,417.02,20.0,50.0,24.0,0
1,0,1,1,416.95,20.0,50.0,24.0,0
1,0,1,1,416.074,20.0,50.0,24.0,0
1,0,1,1,414.922,20.0,50.0,24.0,0
1,0,1,1,413.486,20.0,50.0,24.0,0
1,0,1,1,415.491,20.0,50.0,24.0,0
1,0,1,1,414.701,20.0,50.0,24.0,0
1,0,1,1,412.265,20.0,50.0,24.0,0
1,0,1,1,412.368,20.0,50.0,24.0,0
1,0,1,1,415.283,20.0,50.0,24.0,0
1,0,1,1,413.529,20.0,50.0,24.0,0
1,0,1,1,412.299,20.0,50.0,24.0,0
1,0,1,1,411.907,20.0,50.0,24.0,0
1,0,1,1,413.587,20.0,50.0,24.0,0
1,0,1,1,413.906,20.0,50.0,24.0,0
1,0,1,1,412.37,20.0,50.0,24.0,0
1,0,1,1,411.812,20.0,50.0,24.0,0
1,0,1,1,414.046,20.0,50.0,24.0,0
1,0,1,1,414.143,20.0,50.0,24.0,0
1,0,1,1,414.781,20.0,50.0,24.0,0
1,0,1,1,414.085,20.0,50.0,24.0,0
1,0,1,1,414.496,20.0,50.0,24.0,0
1,0,1,1,415.958,20.0,50.0,24.0,0
1,0,1,1,415.452,20.0,50.0,24.0,0
1,0,1,1,411.654,20.0,50.0,24.0,0
1,0,1,1,414.16,20.0,50.0,24.0,0
1,0,1,1,412.749,20.0,50.0,24.0,0
1,0,1,1,413.046,20.0,50.0,24.0,0
1,0,1,1,414.765,20.0,50.0,24.0,0
1,0,1,1,412.605,20.0,50.0,24.0,0
1,0,1,1,413.796,20.0,50.0,24.0,0
1,0,1,1,411.415,20.0,50.0,24.0,0
1,0,1,1,412.326,20.0,50.0,24.0,0
1,0,1,1,412.987,20.0,50.0,24.0,0
1,0,1,1,413.073,20.0,50.0,24.0,0
1,0,1,1,413.557,20.0,50.0,24.0,0
1,0,1,1,412.004,20.0,50.0,24.0,0
1,0,1,1,412.381,20.0,50.0,24.0,0
1,0,1,1,412.045,20.0,50.0,24.0,0
1,0,1,1,412.159,20.0,50.0,24.0,0
1,0,1,1,414.24,20.0,50.0,24.0,0
1,0,1,1,412.809,20.0,50.0,24.0,0
1,0,1,1,412.099,20.0,50.0,24.0,0
1,0,1,1,412.138,20.0,50.0,24.0,0
1,0,1,1,412.048,20.0,50.0,24.0,0
1,0,1,1,410.811,20.0,50.0,24.0,0
1,0,1,1,411.807,20.0,50.0,24.0,0
1,0,1,1,412.474,20.0,50.0,24.0,0
1,0,1,1,412.625,20.0,50.0,24.0,0
1,0,1,1,414.445,20.0,50.0,24.0,0
1,0,1,1,414.313,20.0,50.0,24.0,0
1,0,1,1,414.625,20.0,50.0,24.0,0
1,0,1,1,413.301,20.0,50.0,24.0,0
1,0,1,1,412.689,20.0,50.0,24.0,0
1,0,1,1,411.269,20.0,50.0,24.0,0
1,0,1,1,413.745,20.0,50.0,24.0,0
1,0,1,1,412.969,20.0,50.0,24.0,0
1,0,1,1,413.304,20.0,50.0,24.0,0
1,0,1,1,410.983,20.0,50.0,24.0,0
1,0,1,1,413.77,20.0,50.0,24.0,0
1,0,1,1,415.376,20.0,50.0,24.0,0
1,0,1,1,410.774,20.0,50.0,24.0,0
1,0,1,1,411.782,20.0,50.0,24.0,0
1,0,1,1,411.354,20.0,50.0,24.0,0
1,0,1,1,408.725,20.0,50.0,24.0,0
1,0,1,1,408.942,20.0,50.0,24.0,0
1,0,1,1,412.091,20.0,50.0,24.0,0
1,0,1,1,411.453,20.0,50.0,24.0,0
1,0,1,1,411.692,20.0,50.0,24.0,0
1,0,1,1,412.076,20.0,50.0,24.0,0
1,0,1,1,411.599,20.0,50.0,24.0,0
1,0,1,1,413.659,20.0,50.0,24.0,0
1,0,1,1,411.783,20.0,50.0,24.0,0
1,0,1,1,410.468,20.0,50.0,24.0,0
1,0,1,1,412.681,20.0,50.0,24.0,0
1,0,1,1,412.058,20.0,50.0,24.0,0
1,0,1,1,411.421,20.0,50.0,24.0,0
1,0,1,1,411.932,20.0,50.0,24.0,0
1,0,1,1,411.377,20.0,50.0,24.0,0
1,0,1,1,411.234,20.0,50.0,24.0,0
1,0,1,1,410.325,20.0,50.0,24.0,0
1,0,1,1,410.895,20.0,50.0,24.0,0
1,0,1,1,412.322,20.0,50.0,24.0,0
1,0,1,1,411.224,20.0,50.0,24.0,0
1,0,1,1,409.39,20.0,50.0,24.0,0
1,0,1,1,411.012,20.0,50.0,24.0,0
1,0,1,1,413.768,20.0,50.0,24.0,0
1,0,1,1,410.709,20.0,50.0,24.0,0
1,0,1,1,411.198,20.0,50.0,24.0,0
1,0,1,1,411.982,20.0,50.0,24.0,0
1,0,1,1,411.011,20.0,50.0,24.0,0
1,0,1,1,411.187,20.0,50.0,24.0,0
1,0,1,1,412.011,20.0,50.0,24.0,0
1,0,1,1,410.779,20.0,50.0,24.0,0
1,0,1,1,411.765,20.0,50.0,24.0,0
1,0,1,1,409.435,20.0,50.0,24.0,0
1,0,1,1,409.401,20.0,50.0,24.0,0
1,0,1,1,409.23,20.0,50.0,24.0,0
1,0,1,1,409.03,20.0,50.0,24.0,0
1,0,1,1,409.227,20.0,50.0,24.0,0
1,0,1,1,409.905,20.0,50.0,24.0,0
1,0,1,1,411.314,20.0,50.0,24.0,0
1,0,1,1,411.773,20.0,50.0,24.0,0
1,0,1,1,411.519,20.0,50.0,24.0,0
1,0,1,1,411.769,20.0,50.0,24.0,0
1,0,1,1,410.412,20.0,50.0,24.0,0
1,0,1,1,409.923,20.0,50.0,24.0,0
1,0,1,1,408.457,20.0,50.0,24.0,0
1,0,1,1,409.364,20.0,50.0,24.0,0
1,0,1,1,410.205,20.0,50.0,24.0,0
1,0,1,1,408.632,20.0,50.0,24.0,0
1,0,1,1,409.274,20.0,50.0,24.0,0
1,0,1,1,407.483,20.0,50.0,24.0,0
1,0,1,1,409.472,20.0,50.0,24.0,0
1,0,1,1,410.538,20.0,50.0,24.0,0
1,0,1,1,412.919,20.0,50.0,24.0,0
1,0,1,1,413.186,20.0,50.0,24.0,0
1,0,1,1,414.255,20.0,50.0,24.0,0
1,0,1,1,413.866,20.0,50.0,24.0,0
1,0,1,1,413.755,20.0,50.0,24.0,0
1,0,1,1,411.607,20.0,50.0,24.0,0
1,0,1,1,413.583,20.0,50.0,24.0,0
1,0,1,1,412.1,20.0,50.0,24.0,0
1,0,1,1,414.184,20.0,50.0,24.0,0
1,0,1,1,415.293,20.0,50.0,24.0,0
1,0,1,1,413.976,20.0,50.0,24.0,0
1,0,1,1,414.077,20.0,50.0,24.0,0
1,0,1,1,413.734,20.0,50.0,24.0,0
1,0,1,1,415.194,20.0,50.0,24.0,0
1,0,1,1,412.996,20.0,50.0,24.0,0
1,0,1,1,413.48,20.0,50.0,24.0,0
1,0,1,1,413.333,20.0,50.0,24.0,0
1,0,1,1,412.753,20.0,50.0,24.0,0
1,0,1,1,413.515,20.0,50.0,24.0,0
1,0,1,1,412.155,20.0,50.0,24.0,0
1,0,1,1,412.034,20.0,50.0,24.0,0
1,0,1,1,413.995,20.0,50.0,24.0,0
1,0,1,1,413.701,20.0,50.0,24.0,0
1,0,1,1,412.341,20.0,50.0,24.0,0
1,0,1,1,414.311,20.0,50.0,24.0,0
1,0,1,1,414.067,20.0,50.0,24.0,0
1,0,1,1,412.109,20.0,50.0,24.0,0
1,0,1,1,413.84,20.0,50.0,24.0,0
1,0,1,1,415.062,20.0,50.0,24.0,0
1,0,1,1,414.241,20.0,50.0,24.0,0
1,0,1,1,413.156,20.0,50.0,24.0,0
1,0,1,1,413.279,20.0,50.0,24.0,0
1,0,1,1,413.089,20.0,50.0,24.0,0
1,0,1,1,413.743,20.0,50.0,24.0,0
1,0,1,1,414.225,20.0,50.0,24.0,0
1,0,1,1,411.272,20.0,50.0,24.0,0
1,0,1,1,411.742,20.0,50.0,24.0,0
1,0,1,1,413.89,20.0,50.0,24.0,0
1,0,1,1,413.811,20.0,50.0,24.0,0
1,0,1,1,413.383,20.0,50.0,24.0,0
1,0,1,1,414.923,20.0,50.0,24.0,0
1,0,1,1,412.66,20.0,50.0,24.0,0
1,0,1,1,413.538,20.0,50.0,24.0,0
1,0,1,1,412.304,20.0,50.0,24.0,0
1,0,1,1,413.868,20.0,50.0,24.0,0
1,0,1,1,412.151,20.0,50.0,24.0,0
1,0,1,1,413.95,20.0,50.0,24.0,0
1,0,1,1,411.865,20.0,50.0,24.0,0
1,0,1,1,413.34,20.0,50.0,24.0,0
1,0,1,1,412.09,20.0,50.0,24.0,0
1,0,1,1,412.408,20.0,50.0,24.0,0
1,0,1,1,412.176,20.0,50.0,24.0,0
1,0,1,1,410.886,20.0,50.0,24.0,0
1,0,1,1,411.919,20.0,50.0,24.0,0
1,0,1,1,411.642,20.0,50.0,24.0,0
1,0,1,1,411.45,20.0,50.0,24.0,0
1,0,1,1,412.55,20.0,50.0,24.0,0
1,0,1,1,413.74,20.0,50.0,24.0,0
1,0,1,1,411.91,20.0,50.0,24.0,0
1,0,1,1,411.238,20.0,50.0,24.0,0
1,0,1,1,412.178,20.0,50.0,24.0,0
1,0,1,1,413.39,20.0,50.0,24.0,0
1,0,1,1,411.636,20.0,50.0,24.0,0
1,0,1,1,410.885,20.0,50.0,24.0,0
1,0,1,1,410.495,20.0,50.0,24.0,0
1,0,1,1,410.971,20.0,50.0,24.0,0
1,0,1,1,409.927,20.0,50.0,24.0,0
1,0,1,1,411.664,20.0,50.0,24.0,0
1,0,1,1,411.755,20.0,50.0,24.0,0
1,0,1,1,412.297,20.0,50.0,24.0,0
1,0,1,1,411.232,20.0,50.0,24.0,0
1,0,1,1,412.521,20.0,50.0,24.0,0
1,0,1,1,411.694,20.0,50.0,24.0,0
1,0,1,1,410.663,20.0,50.0,24.0,0
1,0,1,1,412.254,20.0,50.0,24.0,0
1,0,1,1,409.583,20.0,50.0,24.0,0
1,0,1,1,409.393,20.0,50.0,24.0,0
1,0,1,1,410.828,20.0,50.0,24.0,0
1,0,1,1,411.347,20.0,50.0,24.0,0
1,0,1,1,410.81,20.0,50.0,24.0,0
1,0,1,1,409.882,20.0,50.0,24.0,0
1,0,1,1,410.174,20.0,50.0,24.0,0
1,0,1,1,410.343,20.0,50.0,24.0,0
1,0,1,1,410.685,20.0,50.0,24.0,0
1,0,1,1,410.103,20.0,50.0,24.0,0
1,0,1,1,409.488,20.0,50.0,24.0,0
1,0,1,1,410.837,20.0,50.0,24.0,0
1,0,1,1,409.591,20.0,50.0,24.0,0
1,0,1,1,411.455,20.0,50.0,24.0,0
1,0,1,1,409.574,20.0,50.0,24.0,0
1,0,1,1,409.791,20.0,50.0,24.0,0
1,0,1,1,408.472,20.0,50.0,24.0,0
1,0,1,1,409.304,20.0,50.0,24.0,0
1,0,1,1,419.802,20.0,50.0,24.0,0
1,0,1,1,463.459,20.0,50.0,24.0,0
1,0,1,1,475.603,20.0,50.0,24.0,0
1,0,1,1,457.417,20.0,50.0,24.0,0
1,0,1,1,434.275,20.0,50.0,24.0,0
1,0,1,1,423.946,20.0,50.0,24.0,0
1,0,1,1,423.176,20.0,50.0,24.0,0
1,0,1,1,432.226,20.0,50.0,24.0,0
1,0,1,1,431.308,20.0,50.0,24.0,0
1,0,1,1,436.29,20.0,50.0,24.0,0
1,0,1,1,439.074,20.0,50.0,24.0,0
1,0,1,1,444.416,20.0,50.0,24.0,0
1,0,1,1,440.301,20.0,50.0,24.0,0
1,0,1,1,429.414,20.0,50.0,24.0,0
1,0,1,1,428.872,20.0,50.0,24.0,0
1,0,1,1,424.93,20.0,50.0,24.0,0
1,0,1,1,423.568,20.0,50.0,24.0,0
1,0,1,1,432.75,20.0,50.0,24.0,0
1,0,1,1,444.203,20.0,50.0,24.0,0
1,0,1,1,430.249,20.0,50.0,24.0,0
1,0,1,1,427.182,20.0,50.0,24.0,0
1,0,1,1,424.658,20.0,50.0,24.0,0
1,0,1,1,429.015,20.0,50.0,24.0,0
1,0,1,1,422.634,20.0,50.0,24.0,0
1,0,1,1,418.102,20.0,50.0,24.0,0
1,0,1,1,417.693,20.0,50.0,24.0,0
1,0,1,1,422.247,20.0,50.0,24.0,0
1,0,1,1,424.231,20.0,50.0,24.0,0
1,0,1,1,423.787,20.0,50.0,24.0,0
1,0,1,1,424.652,20.0,50.0,24.0,0
1,0,1,1,423.502,20.0,50.0,24.0,0
1,0,1,1,422.958,20.0,50.0,24.0,0
1,0,1,1,427.695,20.0,50.0,24.0,0
1,0,1,1,427.204,20.0,50.0,24.0,0
1,0,1,1,425.037,20.0,50.0,24.0,0
1,0,1,1,426.265,20.0,50.0,24.0,0
1,0,1,1,423.418,20.0,50.0,24.0,0
1,0,1,1,426.108,20.0,50.0,24.0,0
1,0,1,1,424.119,20.0,50.0,24.0,0
1,0,1,1,420.641,20.0,50.0,24.0,0
1,0,1,1,419.95,20.0,50.0,24.0,0
1,0,1,1,415.732,20.0,50.0,24.0,0
1,0,1,1,420.383,20.0,50.0,24.0,0
1,0,1,1,423.435,20.0,50.0,24.0,0
1,0,1,1,419.257,20.0,50.0,24.0,0
1,0,1,1,417.222,20.0,50.0,24.0,0
1,0,1,1,419.987,20.0,50.0,24.0,0
1,0,1,1,422.38,20.0,50.0,24.0,0
1,0,1,1,429.246,20.0,50.0,24.0,0
1,0,1,1,436.8,20.0,50.0,24.0,0
1,0,1,1,445.694,20.0,50.0,24.0,0
1,0,1,1,445.857,20.0,50.0,24.0,0
1,0,1,1,446.273,20.0,50.0,24.0,0
1,0,1,1,432.569,20.0,50.0,24.0,0
1,0,1,1,424.272,20.0,50.0,24.0,0
1,0,1,1,418.668,20.0,50.0,24.0,0
1,0,1,1,420.055,20.0,50.0,24.0,0
1,0,1,1,425.369,20.0,50.0,24.0,0
1,0,1,1,436.506,20.0,50.0,24.0,0
1,0,1,1,438.576,20.0,50.0,24.0,0
1,0,1,1,438.898,20.0,50.0,24.0,0
1,0,1,1,442.393,20.0,50.0,24.0,0
1,0,1,1,438.79,20.0,50.0,24.0,0
1,0,1,1,436.83,20.0,50.0,24.0,0
1,0,1,1,427.794,20.0,50.0,24.0,0
1,0,1,1,424.113,20.0,50.0,24.0,0
1,0,1,1,429.226,20.0,50.0,24.0,0
1,0,1,1,435.134,20.0,50.0,24.0,0
1,0,1,1,437.094,20.0,50.0,24.0,0
1,0,1,1,440.571,20.0,50.0,24.0,0
1,0,1,1,442.833,20.0,50.0,24.0,0
1,0,1,1,446.226,20.0,50.0,24.0,0
1,0,1,1,469.767,20.0,50.0,24.0,0
1,0,1,1,472.569,20.0,50.0,24.0,0
1,0,1,1,460.245,20.0,50.0,24.0,0
1,0,1,1,458.873,20.0,50.0,24.0,0
1,0,1,1,466.35,20.0,50.0,24.0,0
1,0,1,1,465.803,20.0,50.0,24.0,0
1,0,1,1,456.174,20.0,50.0,24.0,0
1,0,1,1,450.501,20.0,50.0,24.0,0
1,0,1,1,449.636,20.0,50.0,24.0,0
1,0,1,1,449.363,20.0,50.0,24.0,0
1,0,1,1,453.813,20.0,50.0,24.0,0
1,0,1,1,452.524,20.0,50.0,24.0,0
1,0,1,1,457.189,20.0,50.0,24.0,0
1,0,1,1,451.694,20.0,50.0,24.0,0
1,0,1,1,447.148,20.0,50.0,24.0,0
1,0,1,1,446.177,20.0,50.0,24.0,0
1,0,1,1,449.409,20.0,50.0,24.0,0
1,0,1,1,451.271,20.0,50.0,24.0,0
1,0,1,1,458.931,20.0,50.0,24.0,0
1,0,1,1,454.891,20.0,50.0,24.0,0
1,0,1,1,452.009,20.0,50.0,24.0,0
1,0,1,1,450.931,20.0,50.0,24.0,0
1,0,1,1,448.964,20.0,50.0,24.0,0
1,0,1,1,442.53,20.0,50.0,24.0,0
1,0,1,1,436.012,20.0,50.0,24.0,0
1,0,1,1,432.337,20.0,50.0,24.0,0
1,0,1,1,429.749,20.0,50.0,24.0,0
1,0,1,1,433.377,20.0,50.0,24.0,0
1,0,1,1,432.821,20.0,50.0,24.0,0
1,0,1,1,434.772,20.0,50.0,24.0,0
1,0,1,1,438.209,20.0,50.0,24.0,0
1,0,1,1,438.006,20.0,50.0,24.0,0
1,0,1,1,437.391,20.0,50.0,24.0,0
1,0,1,1,438.158,20.0,50.0,24.0,0
1,0,1,1,439.521,20.0,50.0,24.0,0
1,0,1,1,433.306,20.0,50.0,24.0,0
1,0,1,1,432.953,20.0,50.0,24.0,0
1,0,1,1,432.813,20.0,50.0,24.0,0
1,0,1,1,428.759,20.0,50.0,24.0,0
1,0,1,1,428.365,20.0,50.0,24.0,0
1,0,1,1,427.013,20.0,50.0,24.0,0
1,0,1,1,427.675,20.0,50.0,24.0,0
1,0,1,1,427.174,20.0,50.0,24.0,0
1,0,1,1,424.279,20.0,50.0,24.0,0
1,0,1,1,424.731,20.0,50.0,24.0,0
1,0,1,1,424.534,20.0,50.0,24.0,0
1,0,1,1,423.351,20.0,50.0,24.0,0
1,0,1,1,426.232,20.0,50.0,24.0,0
1,0,1,1,426.825,20.0,50.0,24.0,0
1,0,1,1,426.32,20.0,50.0,24.0,0
1,0,1,1,425.195,20.0,50.0,24.0,0
1,0,1,1,426.296,20.0,50.0,24.0,0
1,0,1,1,425.434,20.0,50.0,24.0,0
1,0,1,1,425.894,20.0,50.0,24.0,0
1,0,1,1,426.489,20.0,50.0,24.0,0
1,0,1,1,429.475,20.0,50.0,24.0,0
1,0,1,1,431.146,20.0,50.0,24.0,0
1,0,1,1,429.23,20.0,50.0,24.0,0
1,0,1,1,429.555,20.0,50.0,24.0,0
1,0,1,1,429.828,20.0,50.0,24.0,0
1,0,1,1,431.591,20.0,50.0,24.0,0
1,0,1,1,434.188,20.0,50.0,24.0,0
1,0,1,1,440.676,20.0,50.0,24.0,0
1,0,1,1,440.579,20.0,50.0,24.0,0
1,0,1,1,445.134,20.0,50.0,24.0,0
1,0,1,1,441.237,20.0,50.0,24.0,0
1,0,1,1,452.067,20.0,50.0,24.0,0
1,0,1,1,444.434,20.0,50.0,24.0,0
1,0,1,1,441.315,20.0,50.0,24.0,0
1,0,1,1,450.195,20.0,50.0,24.0,0
1,0,1,1,464.526,20.0,50.0,24.0,0
1,0,1,1,461.8,20.0,50.0,24.0,0
1,0,1,1,472.514,20.0,50.0,24.0,0
1,0,1,1,460.982,20.0,50.0,24.0,0
1,0,1,1,469.735,20.0,50.0,24.0,0
1,0,1,1,494.741,20.0,50.0,24.0,0
1,0,1,1,523.143,20.0,50.0,24.0,0
1,0,1,1,506.594,20.0,50.0,24.0,0
1,0,1,1,507.096,20.0,50.0,24.0,0
1,0,1,1,512.736,20.0,50.0,24.0,0
1,0,1,1,516.278,20.0,50.0,24.0,0
1,0,1,1,515.231,20.0,50.0,24.0,0
1,0,1,1,510.235,20.0,50.0,24.0,0
1,0,1,1,509.691,20.0,50.0,24.0,0
1,0,1,1,503.758,20.0,50.0,24.0,0
1,0,1,1,502.814,20.0,50.0,24.0,0
1,0,1,1,499.948,20.0,50.0,24.0,0
1,0,1,1,497.142,20.0,50.0,24.0,0
1,0,1,1,491.027,20.0,50.0,24.0,0
1,0,1,1,489.303,20.0,50.0,24.0,0
1,0,1,1,485.662,20.0,50.0,24.0,0
1,0,1,1,485.539,20.0,50.0,24.0,0
1,0,1,1,486.252,20.0,50.0,24.0,0
1,0,1,1,484.687,20.0,50.0,24.0,0
1,0,1,1,484.064,20.0,50.0,24.0,0
1,0,1,1,481.267,20.0,50.0,24.0,0
1,0,1,1,477.653,20.0,50.0,24.0,0
1,0,1,1,472.568,20.0,50.0,24.0,0
1,0,1,1,470.546,20.0,50.0,24.0,0
1,0,1,1,469.772,20.0,50.0,24.0,0
1,0,1,1,473.409,20.0,50.0,24.0,0
1,0,1,1,476.055,20.0,50.0,24.0,0
1,0,1,1,476.965,20.0,50.0,24.0,0
1,0,1,1,477.198,20.0,50.0,24.0,0
1,0,1,1,478.878,20.0,50.0,24.0,0
1,0,1,1,478.69,20.0,50.0,24.0,0
1,0,1,1,477.765,20.0,50.0,24.0,0
1,0,1,1,480.749,20.0,50.0,24.0,0
1,0,1,1,482.33,20.0,50.0,24.0,0
1,0,1,1,472.057,20.0,50.0,24.0,0
1,0,1,1,466.801,20.0,50.0,24.0,0
1,0,1,1,447.898,20.0,50.0,24.0,0
1,0,1,1,439.143,20.0,50.0,24.0,0
1,0,1,1,434.622,20.0,50.0,24.0,0
1,0,1,1,434.671,20.0,50.0,24.0,0
1,0,1,1,432.888,20.0,50.0,24.0,0
1,0,1,1,432.415,20.0,50.0,24.0,0
1,0,1,1,435.086,20.0,50.0,24.0,0
1,0,1,1,434.592,20.0,50.0,24.0,0
1,0,1,1,433.296,20.0,50.0,24.0,0
1,0,1,1,433.733,20.0,50.0,24.0,0
1,0,1,1,432.321,20.0,50.0,24.0,0
1,0,1,1,434.477,20.0,50.0,24.0,0
1,0,1,1,432.675,20.0,50.0,24.0,0
1,0,1,1,430.502,20.0,50.0,24.0,0
1,0,1,1,430.62,20.0,50.0,24.0,0
1,0,1,1,429.74,20.0,50.0,24.0,0
1,0,1,1,429.33,20.0,50.0,24.0,0
1,0,1,1,429.23,20.0,50.0,24.0,0
1,0,1,1,429.763,20.0,50.0,24.0,0
1,0,1,1,429.554,20.0,50.0,24.0,0
1,0,1,1,427.008,20.0,50.0,24.0,0
1,0,1,1,425.019,20.0,50.0,24.0,0
1,0,1,1,428.12,20.0,50.0,24.0,0
1,0,1,1,430.0,20.0,50.0,24.0,0
1,0,1,1,434.553,20.0,50.0,24.0,0
1,0,1,1,438.313,20.0,50.0,24.0,0
1,0,1,1,442.976,20.0,50.0,24.0,0
1,0,1,1,444.858,20.0,50.0,24.0,0
1,0,1,1,442.046,20.0,50.0,24.0,0
1,0,1,1,442.351,20.0,50.0,24.0,0
1,0,1,1,442.915,20.0,50.0,24.0,0
1,0,1,1,444.396,20.0,50.0,24.0,0
1,0,1,1,442.34,20.0,50.0,24.0,0
1,0,1,1,436.419,20.0,50.0,24.0,0
1,0,1,1,439.649,20.0,50.0,24.0,0
1,0,1,1,437.669,20.0,50.0,24.0,0
1,0,1,1,439.666,20.0,50.0,24.0,0
1,0,1,1,441.931,20.0,50.0,24.0,0
1,0,1,1,437.661,20.0,50.0,24.0,0
1,0,1,1,437.324,20.0,50.0,24.0,0
1,0,1,1,441.101,20.0,50.0,24.0,0
1,0,1,1,442.901,20.0,50.0,24.0,0
1,0,1,1,444.328,20.0,50.0,24.0,0
1,0,1,1,450.35,20.0,50.0,24.0,0
1,0,1,1,450.349,20.0,50.0,24.0,0
1,0,1,1,456.731,20.0,50.0,24.0,0
1,0,1,1,456.682,20.0,50.0,24.0,0
1,0,1,1,454.879,20.0,50.0,24.0,0
1,0,1,1,449.685,20.0,50.0,24.0,0
1,0,1,1,449.964,20.0,50.0,24.0,0
1,0,1,1,446.093,20.0,50.0,24.0,0
1,0,1,1,445.814,20.0,50.0,24.0,0
1,0,1,1,446.622,20.0,50.0,24.0,0
1,0,1,1,444.889,20.0,50.0,24.0,0
1,0,1,1,446.355,20.0,50.0,24.0,0
1,0,1,1,442.339,20.0,50.0,24.0,0
1,0,1,1,443.135,20.0,50.0,24.0,0
1,0,1,1,444.524,20.0,50.0,24.0,0
1,0,1,1,447.489,20.0,50.0,24.0,0
1,0,1,1,452.552,20.0,50.0,24.0,0
1,0,1,1,448.328,20.0,50.0,24.0,0
1,0,1,1,443.227,20.0,50.0,24.0,0
1,0,1,1,442.809,20.0,50.0,24.0,0
1,0,1,1,442.09,20.0,50.0,24.0,0
1,0,1,1,445.24,20.0,50.0,24.0,0
1,0,1,1,458.04,20.0,50.0,24.0,0
1,0,1,1,459.685,20.0,50.0,24.0,0
1,0,1,1,458.3,20.0,50.0,24.0,0
1,0,1,1,460.889,20.0,50.0,24.0,0
1,0,1,1,464.573,20.0,50.0,24.0,0
1,0,1,1,467.788,20.0,50.0,24.0,0
1,0,1,1,470.667,20.0,50.0,24.0,0
1,0,1,1,471.56,20.0,50.0,24.0,0
1,0,1,1,474.26,20.0,50.0,24.0,0
1,0,1,1,475.649,20.0,50.0,24.0,0
1,0,1,1,479.262,20.0,50.0,24.0,0
1,0,1,1,476.217,20.0,50.0,24.0,0
1,0,1,1,483.411,20.0,50.0,24.0,0
1,0,1,1,485.904,20.0,50.0,24.0,0
1,0,1,1,484.891,20.0,50.0,24.0,0
1,0,1,1,488.92,20.0,50.0,24.0,0
1,0,1,1,493.434,20.0,50.0,24.0,0
1,0,1,1,493.865,20.0,50.0,24.0,0
1,0,1,1,496.593,20.0,50.0,24.0,0
1,0,1,1,493.122,20.0,50.0,24.0,0
1,0,1,1,497.214,20.0,50.0,24.0,0
1,0,1,1,499.394,20.0,50.0,24.0,0
1,0,1,1,499.976,20.0,50.0,24.0,0
1,0,1,1,500.262,20.0,50.0,24.0,0
1,0,1,1,506.032,20.0,50.0,24.0,0
1,0,1,1,503.439,20.0,50.0,24.0,0
1,0,1,1,500.29,20.0,50.0,24.0,0
1,0,1,1,504.932,20.0,50.0,24.0,0
1,0,1,1,507.722,20.0,50.0,24.0,0
1,0,1,1,508.192,20.0,50.0,24.0,0
1,0,1,1,506.591,20.0,50.0,24.0,0
1,0,1,1,510.996,20.0,50.0,24.0,0
1,0,1,1,506.628,20.0,50.0,24.0,0
1,0,1,1,503.616,20.0,50.0,24.0,0
1,0,1,1,502.14,20.0,50.0,24.0,0
1,0,1,1,499.093,20.0,50.0,24.0,0
1,0,1,1,500.799,20.0,50.0,24.0,0
1,0,1,1,503.147,20.0,50.0,24.0,0
1,0,1,1,505.769,20.0,50.0,24.0,0
1,0,1,1,505.188,20.0,50.0,24.0,0
1,0,1,1,502.582,20.0,50.0,24.0,0
1,0,1,1,505.657,20.0,50.0,24.0,0
1,0,1,1,507.681,20.0,50.0,24.0,0
1,0,1,1,506.258,20.0,50.0,24.0,0
1,0,1,1,507.231,20.0,50.0,24.0,0
1,0,1,1,511.2,20.0,50.0,24.0,0
1,0,1,1,506.112,20.0,50.0,24.0,0
1,0,1,1,506.625,20.0,50.0,24.0,0
1,0,1,1,509.13,20.0,50.0,24.0,0
1,0,1,1,507.266,20.0,50.0,24.0,0
1,0,1,1,502.886,20.0,50.0,24.0,0
1,0,1,1,498.981,20.0,50.0,24.0,0
1,0,1,1,496.553,20.0,50.0,24.0,0
1,0,1,1,498.013,20.0,50.0,24.0,0
1,0,1,1,494.851,20.0,50.0,24.0,0
1,0,1,1,489.484,20.0,50.0,24.0,0
1,0,1,1,492.614,20.0,50.0,24.0,0
1,0,1,1,493.642,20.0,50.0,24.0,0
1,0,1,1,494.012,20.0,50.0,24.0,0
1,0,1,1,492.102,20.0,50.0,24.0,0
1,0,1,1,492.705,20.0,50.0,24.0,0
1,0,1,1,494.884,20.0,50.0,24.0,0
1,0,1,1,496.391,20.0,50.0,24.0,0
1,0,1,1,493.283,20.0,50.0,24.0,0
1,0,1,1,493.395,20.0,50.0,24.0,0
1,0,1,1,495.367,20.0,50.0,24.0,0
1,0,1,1,490.74,20.0,50.0,24.0,0
1,0,1,1,493.315,20.0,50.0,24.0,0
1,0,1,1,500.151,20.0,50.0,24.0,0
1,0,1,1,499.497,20.0,50.0,24.0,0
1,0,1,1,498.148,20.0,50.0,24.0,0
1,0,1,1,498.755,20.0,50.0,24.0,0
1,0,1,1,497.044,20.0,50.0,24.0,0
1,0,1,1,494.997,20.0,50.0,24.0,0
1,0,1,1,504.387,20.0,50.0,24.0,0
1,0,1,1,505.475,20.0,50.0,24.0,0
1,0,1,1,507.448,20.0,50.0,24.0,0
1,0,1,1,504.556,20.0,50.0,24.0,0
1,0,1,1,505.405,20.0,50.0,24.0,0
1,0,1,1,502.515,20.0,50.0,24.0,0
1,0,1,1,504.488,20.0,50.0,24.0,0
1,0,1,1,501.297,20.0,50.0,24.0,0
1,0,1,1,495.316,20.0,50.0,24.0,0
1,0,1,1,497.057,20.0,50.0,24.0,0
1,0,1,1,493.634,20.0,50.0,24.0,0
1,0,1,1,493.019,20.0,50.0,24.0,0
1,0,1,1,497.883,20.0,50.0,24.0,0
1,0,1,1,499.951,20.0,50.0,24.0,0
1,0,1,1,505.744,20.0,50.0,24.0,0
1,0,1,1,503.574,20.0,50.0,24.0,0
1,0,1,1,503.076,20.0,50.0,24.0,0
1,0,1,1,499.74,20.0,50.0,24.0,0
1,0,1,1,500.541,20.0,50.0,24.0,0
1,0,1,1,499.067,20.0,50.0,24.0,0
1,0,1,1,494.511,20.0,50.0,24.0,0
1,0,1,1,498.611,20.0,50.0,24.0,0
1,0,1,1,507.317,20.0,50.0,24.0,0
1,0,1,1,509.507,20.0,50.0,24.0,0
1,0,1,1,506.674,20.0,50.0,24.0,0
1,0,1,1,502.195,20.0,50.0,24.0,0
1,0,1,1,507.104,20.0,50.0,24.0,0
1,0,1,1,505.287,20.0,50.0,24.0,0
1,0,1,1,499.409,20.0,50.0,24.0,0
1,0,1,1,500.874,20.0,50.0,24.0,0
1,0,1,1,502.106,20.0,50.0,24.0,0
1,0,1,1,502.082,20.0,50.0,24.0,0
1,0,1,1,499.539,20.0,50.0,24.0,0
1,0,1,1,503.39,20.0,50.0,24.0,0
1,0,1,1,503.835,20.0,50.0,24.0,0
1,0,1,1,501.382,20.0,50.0,24.0,0
1,0,1,1,501.265,20.0,50.0,24.0,0
1,0,1,1,500.248,20.0,50.0,24.0,0
1,0,1,1,499.307,20.0,50.0,24.0,0
1,0,1,1,502.296,20.0,50.0,24.0,0
1,0,1,1,500.603,20.0,50.0,24.0,0
1,0,1,1,504.42,20.0,50.0,24.0,0
1,0,1,1,502.969,20.0,50.0,24.0,0
1,0,1,1,498.606,20.0,50.0,24.0,0
1,0,1,1,495.166,20.0,50.0,24.0,0
1,0,1,1,491.958,20.0,50.0,24.0,0
1,0,1,1,490.029,20.0,50.0,24.0,0
1,0,1,1,499.022,20.0,50.0,24.0,0
1,0,1,1,502.602,20.0,50.0,24.0,0
1,0,1,1,501.622,20.0,50.0,24.0,0
1,0,1,1,495.15,20.0,50.0,24.0,0
1,0,1,1,495.623,20.0,50.0,24.0,0
1,0,1,1,498.093,20.0,50.0,24.0,0
1,0,1,1,497.225,20.0,50.0,24.0,0
1,0,1,1,502.105,20.0,50.0,24.0,0
1,0,1,1,499.139,20.0,50.0,24.0,0
1,0,1,1,494.831,20.0,50.0,24.0,0
1,0,1,1,487.916,20.0,50.0,24.0,0
1,0,1,1,491.004,20.0,50.0,24.0,0
1,0,1,1,490.216,20.0,50.0,24.0,0
1,0,1,1,489.639,20.0,50.0,24.0,0
1,0,1,1,484.645,20.0,50.0,24.0,0
1,0,1,1,476.007,20.0,50.0,24.0,0
1,0,1,1,478.208,20.0,50.0,24.0,0
1,0,1,1,476.982,20.0,50.0,24.0,0
1,0,1,1,474.628,20.0,50.0,24.0,0
1,0,1,1,480.443,20.0,50.0,24.0,0
1,0,1,1,481.451,20.0,50.0,24.0,0
1,0,1,1,479.733,20.0,50.0,24.0,0
1,0,1,1,480.12,20.0,50.0,24.0,0
1,0,1,1,483.38,20.0,50.0,24.0,0
1,0,1,1,486.937,20.0,50.0,24.0,0
1,0,1,1,490.281,20.0,50.0,24.0,0
1,0,1,1,489.972,20.0,50.0,24.0,0
1,0,1,1,483.974,20.0,50.0,24.0,0
1,0,1,1,486.964,20.0,50.0,24.0,0
1,0,1,1,488.709,20.0,50.0,24.0,0
1,0,1,1,485.275,20.0,50.0,24.0,0
1,0,1,1,483.831,20.0,50.0,24.0,0
1,0,1,1,484.515,20.0,50.0,24.0,0
1,0,1,1,486.624,20.0,50.0,24.0,0
1,0,1,1,485.249,20.0,50.0,24.0,0
1,0,1,1,482.345,20.0,50.0,24.0,0
1,0,1,1,489.198,20.0,50.0,24.0,0
1,0,1,1,489.041,20.0,50.0,24.0,0
1,0,1,1,490.364,20.0,50.0,24.0,0
1,0,1,1,489.107,20.0,50.0,24.0,0
1,0,1,1,484.189,20.0,50.0,24.0,0
1,0,1,1,484.454,20.0,50.0,24.0,0
1,0,1,1,486.282,20.0,50.0,24.0,0
1,0,1,1,488.115,20.0,50.0,24.0,0
1,0,1,1,486.655,20.0,50.0,24.0,0
1,0,1,1,481.913,20.0,50.0,24.0,0
1,0,1,1,480.305,20.0,50.0,24.0,0
1,0,1,1,481.146,20.0,50.0,24.0,0
1,0,1,1,484.111,20.0,50.0,24.0,0
1,0,1,1,483.987,20.0,50.0,24.0,0
1,0,1,1,477.223,20.0,50.0,24.0,0
1,0,1,1,488.706,20.0,50.0,24.0,0
1,0,1,1,493.268,20.0,50.0,24.0,0
1,0,1,1,491.833,20.0,50.0,24.0,0
1,0,1,1,492.886,20.0,50.0,24.0,0
1,0,1,1,495.425,20.0,50.0,24.0,0
1,0,1,1,496.07,20.0,50.0,24.0,0
1,0,1,1,503.221,20.0,50.0,24.0,0
1,0,1,1,514.671,20.0,50.0,24.0,0
1,0,1,1,530.042,20.0,50.0,24.0,0
1,0,1,1,521.366,20.0,50.0,24.0,0
1,0,1,1,508.742,20.0,50.0,24.0,0
1,0,1,1,501.972,20.0,50.0,24.0,0
1,0,1,1,510.646,20.0,50.0,24.0,0
1,0,1,1,501.974,20.0,50.0,24.0,0
1,0,1,1,489.701,20.0,50.0,24.0,0
1,0,1,1,468.625,20.0,50.0,24.0,0
1,0,1,1,456.944,20.0,50.0,24.0,0
1,0,1,1,452.501,20.0,50.0,24.0,0
1,0,1,1,450.826,20.0,50.0,24.0,0
1,0,1,1,448.894,20.0,50.0,24.0,0
1,0,1,1,451.05,20.0,50.0,24.0,0
1,0,1,1,452.2,20.0,50.0,24.0,0
1,0,1,1,444.976,20.0,50.0,24.0,0
1,0,1,1,444.107,20.0,50.0,24.0,0
1,0,1,1,444.98,20.0,50.0,24.0,0
1,0,1,1,444.809,20.0,50.0,24.0,0
1,0,1,1,441.518,20.0,50.0,24.0,0
1,0,1,1,440.057,20.0,50.0,24.0,0
1,0,1,1,447.317,20.0,50.0,24.0,0
1,0,1,1,461.41,20.0,50.0,24.0,0
1,0,1,1,462.219,20.0,50.0,24.0,0
1,0,1,1,463.596,20.0,50.0,24.0,0
1,0,1,1,473.358,20.0,50.0,24.0,0
1,0,1,1,493.568,20.0,50.0,24.0,0
1,0,1,1,534.656,20.0,50.0,24.0,0
1,0,1,1,511.298,20.0,50.0,24.0,0
1,0,1,1,511.867,20.0,50.0,24.0,0
1,0,1,1,522.255,20.0,50.0,24.0,0
1,0,1,1,529.934,20.0,50.0,24.0,0
1,0,1,1,532.179,20.0,50.0,24.0,0
1,0,1,1,545.924,20.0,50.0,24.0,0
1,0,1,1,573.482,20.0,50.0,24.0,0
1,0,1,1,586.176,20.0,50.0,24.0,0
1,0,1,1,588.824,20.0,50.0,24.0,0
1,0,1,1,596.811,20.0,50.0,24.0,0
1,0,1,1,592.828,20.0,50.0,24.0,0
1,0,1,1,595.845,20.0,50.0,24.0,0
1,0,1,1,594.695,20.0,50.0,24.0,0
1,0,1,1,588.16,20.0,50.0,24.0,0
1,0,1,1,605.983,20.0,50.0,24.0,0
1,0,1,1,634.934,20.0,50.0,24.0,0
1,0,1,1,664.879,20.0,50.0,24.0,0
1,0,1,1,667.869,20.0,50.0,24.0,0
1,0,1,1,661.438,20.0,50.0,24.0,0
1,0,1,1,654.963,20.0,50.0,24.0,0
1,0,1,1,651.127,20.0,50.0,24.0,0
1,0,1,1,667.446,20.0,50.0,24.0,0
1,0,1,1,706.887,20.0,50.0,24.0,0
1,0,1,1,713.295,20.0,50.0,24.0,0
1,0,1,1,720.886,20.0,50.0,24.0,0
1,0,1,1,720.555,20.0,50.0,24.0,0
1,0,1,1,712.935,20.0,50.0,24.0,0
1,0,1,1,718.659,20.0,50.0,24.0,0
1,0,1,1,728.224,20.0,50.0,24.0,0
1,0,1,1,741.572,20.0,50.0,24.0,0
1,0,1,1,739.244,20.0,50.0,24.0,0
1,0,1,1,743.362,20.0,50.0,24.0,0
1,0,1,1,716.266,20.0,50.0,24.0,0
1,0,1,1,721.025,20.0,50.0,24.0,0
1,0,1,1,745.535,20.0,50.0,24.0,0
1,0,1,1,777.495,20.0,50.0,24.0,0
1,0,1,1,766.833,20.0,50.0,24.0,0
1,0,1,1,755.386,20.0,50.0,24.0,0
1,0,1,1,753.799,20.0,50.0,24.0,0
1,0,1,1,748.863,20.0,50.0,24.0,0
1,0,1,1,755.35,20.0,50.0,24.0,0
1,0,1,1,739.938,20.0,50.0,24.0,0
1,0,1,1,725.444,20.0,50.0,24.0,0
1,0,1,1,731.093,20.0,50.0,24.0,0
1,0,1,1,726.078,20.0,50.0,24.0,0
1,0,1,1,723.46,20.0,50.0,24.0,0
1,0,1,1,714.84,20.0,50.0,24.0,0
1,0,1,1,707.332,20.0,50.0,24.0,0
1,0,1,1,710.459,20.0,50.0,24.0,0
1,0,1,1,711.77,20.0,50.0,24.0,0
1,0,1,1,717.983,20.0,50.0,24.0,0
1,0,1,1,726.767,20.0,50.0,24.0,0
1,0,1,1,744.821,20.0,50.0,24.0,0
1,0,1,1,759.76,20.0,50.0,24.0,0
1,0,1,1,739.47,20.0,50.0,24.0,0
1,0,1,1,716.327,20.0,50.0,24.0,0
1,0,1,1,753.075,20.0,50.0,24.0,0
1,0,1,1,785.936,20.0,50.0,24.0,0
1,0,1,1,811.363,20.0,50.0,24.0,1
1,0,1,1,807.742,20.0,50.0,24.0,1
1,0,1,1,796.134,20.0,50.0,24.0,0
1,0,1,1,785.044,20.0,50.0,24.0,0
1,0,1,1,786.351,20.0,50.0,24.0,0
1,0,1,1,794.667,20.0,50.0,24.0,0
1,0,1,1,791.518,20.0,50.0,24.0,0
1,0,1,1,785.28,20.0,50.0,24.0,0
1,0,1,1,779.134,20.0,50.0,24.0,0
1,0,1,1,813.094,20.0,50.0,24.0,1
1,0,1,1,805.52,20.0,50.0,24.0,1
1,0,1,1,803.957,20.0,50.0,24.0,1
1,0,1,1,812.68,20.0,50.0,24.0,1
1,0,1,1,809.346,20.0,50.0,24.0,1
1,0,1,1,816.558,20.0,50.0,24.0,1
1,0,1,1,832.24,20.0,50.0,24.0,1
1,0,1,1,832.382,20.0,50.0,24.0,1
1,0,1,1,832.091,20.0,50.0,24.0,1
1,0,1,1,836.254,20.0,50.0,24.0,1
1,0,1,1,841.28,20.0,50.0,24.0,1
1,0,1,1,838.575,20.0,50.0,24.0,1
1,0,1,1,844.464,20.0,50.0,24.0,1
1,0,1,1,840.623,20.0,50.0,24.0,1
1,0,1,1,837.747,20.0,50.0,24.0,1
1,0,1,1,830.048,20.0,50.0,24.0,1
1,0,1,1,822.31,20.0,50.0,24.0,1
1,0,1,1,825.169,20.0,50.0,24.0,1
1,0,1,1,828.112,20.0,50.0,24.0,1
1,0,1,1,825.227,20.0,50.0,24.0,1
1,0,1,1,822.706,20.0,50.0,24.0,1
1,0,1,1,815.683,20.0,50.0,24.0,1
1,0,1,1,809.385,20.0,50.0,24.0,1
1,0,1,1,797.153,20.0,50.0,24.0,0
1,0,1,1,779.343,20.0,50.0,24.0,0
1,0,1,1,791.861,20.0,50.0,24.0,0
1,0,1,1,821.598,20.0,50.0,24.0,1
1,0,1,1,865.051,20.0,50.0,24.0,1
1,0,1,1,859.555,20.0,50.0,24.0,1
1,0,1,1,851.195,20.0,50.0,24.0,1
1,0,1,1,749.032,20.0,50.0,24.0,0
1,0,1,1,555.105,20.0,50.0,24.0,0
1,0,1,1,509.128,20.0,50.0,24.0,0
1,0,1,1,488.583,20.0,50.0,24.0,0
1,0,1,1,474.491,20.0,50.0,24.0,0
1,0,1,1,460.754,20.0,50.0,24.0,0
1,0,1,1,453.147,20.0,50.0,24.0,0
1,0,1,1,447.742,20.0,50.0,24.0,0
1,0,1,1,445.093,20.0,50.0,24.0,0
1,0,1,1,445.093,20.0,50.0,24.0,0
1,0,1,1,446.784,20.0,50.0,24.0,0
1,0,1,1,445.852,20.0,50.0,24.0,0
1,0,1,1,455.328,20.0,50.0,24.0,0
1,0,1,1,500.319,20.0,50.0,24.0,0
1,0,1,1,515.928,20.0,50.0,24.0,0
1,0,1,1,526.896,20.0,50.0,24.0,0
1,0,1,1,535.577,20.0,50.0,24.0,0
1,0,1,1,521.296,20.0,50.0,24.0,0
1,0,1,1,528.822,20.0,50.0,24.0,0
1,0,1,1,543.534,20.0,50.0,24.0,0
1,0,1,1,540.459,20.0,50.0,24.0,0
1,0,1,1,537.061,20.0,50.0,24.0,0
1,0,1,1,537.912,20.0,50.0,24.0,0
1,0,1,1,544.691,20.0,50.0,24.0,0
1,0,1,1,540.898,20.0,50.0,24.0,0
1,0,1,1,553.473,20.0,50.0,24.0,0
1,0,1,1,552.97,20.0,50.0,24.0,0
1,0,1,1,554.575,20.0,50.0,24.0,0
1,0,1,1,565.826,20.0,50.0,24.0,0
1,0,1,1,577.347,20.0,50.0,24.0,0
1,0,1,1,574.885,20.0,50.0,24.0,0
1,0,1,1,557.77,20.0,50.0,24.0,0
1,0,1,1,593.315,20.0,50.0,24.0,0
1,0,1,1,591.074,20.0,50.0,24.0,0
1,0,1,1,558.967,20.0,50.0,24.0,0
1,0,1,1,539.756,20.0,50.0,24.0,0
1,0,1,1,531.529,20.0,50.0,24.0,0
1,0,1,1,528.711,20.0,50.0,24.0,0
1,0,1,1,520.452,20.0,50.0,24.0,0
1,0,1,1,512.655,20.0,50.0,24.0,0
1,0,1,1,501.315,20.0,50.0,24.0,0
1,0,1,1,492.83,20.0,50.0,24.0,0
1,0,1,1,500.644,20.0,50.0,24.0,0
1,0,1,1,556.135,20.0,50.0,24.0,0
1,0,1,1,602.077,20.0,50.0,24.0,0
1,0,1,1,587.613,20.0,50.0,24.0,0
1,0,1,1,572.025,20.0,50.0,24.0,0
1,0,1,1,563.911,20.0,50.0,24.0,0
1,0,1,1,564.921,20.0,50.0,24.0,0
1,0,1,1,565.402,20.0,50.0,24.0,0
1,0,1,1,570.826,20.0,50.0,24.0,0
1,0,1,1,575.894,20.0,50.0,24.0,0
1,0,1,1,577.065,20.0,50.0,24.0,0
1,0,1,1,579.006,20.0,50.0,24.0,0
1,0,1,1,584.372,20.0,50.0,24.0,0
1,0,1,1,572.468,20.0,50.0,24.0,0
1,0,1,1,580.031,20.0,50.0,24.0,0
1,0,1,1,584.068,20.0,50.0,24.0,0
1,0,1,1,581.215,20.0,50.0,24.0,0
1,0,1,1,572.765,20.0,50.0,24.0,0
1,0,1,1,567.637,20.0,50.0,24.0,0
1,0,1,1,571.098,20.0,50.0,24.0,0
1,0,1,1,566.742,20.0,50.0,24.0,0
1,0,1,1,562.052,20.0,50.0,24.0,0
1,0,1,1,556.812,20.0,50.0,24.0,0
1,0,1,1,555.904,20.0,50.0,24.0,0
1,0,1,1,564.033,20.0,50.0,24.0,0
1,0,1,1,572.331,20.0,50.0,24.0,0
1,0,1,1,568.588,20.0,50.0,24.0,0
1,0,1,1,570.165,20.0,50.0,24.0,0
1,0,1,1,559.916,20.0,50.0,24.0,0
1,0,1,1,548.35,20.0,50.0,24.0,0
1,0,1,1,579.814,20.0,50.0,24.0,0
1,0,1,1,578.224,20.0,50.0,24.0,0
1,0,1,1,572.497,20.0,50.0,24.0,0
1,0,1,1,575.198,20.0,50.0,24.0,0
1,0,1,1,581.33,20.0,50.0,24.0,0
1,0,1,1,586.738,20.0,50.0,24.0,0
1,0,1,1,591.179,20.0,50.0,24.0,0
1,0,1,1,587.049,20.0,50.0,24.0,0
1,0,1,1,583.211,20.0,50.0,24.0,0
1,0,1,1,578.231,20.0,50.0,24.0,0
1,0,1,1,571.661,20.0,50.0,24.0,0
1,0,1,1,568.685,20.0,50.0,24.0,0
1,0,1,1,557.264,20.0,50.0,24.0,0
1,0,1,1,551.89,20.0,50.0,24.0,0
1,0,1,1,560.453,20.0,50.0,24.0,0
1,0,1,1,571.785,20.0,50.0,24.0,0
1,0,1,1,529.282,20.0,50.0,24.0,0
1,0,1,1,510.995,20.0,50.0,24.0,0
1,0,1,1,491.632,20.0,50.0,24.0,0
1,0,1,1,476.486,20.0,50.0,24.0,0
1,0,1,1,467.77,20.0,50.0,24.0,0
1,0,1,1,465.619,20.0,50.0,24.0,0
1,0,1,1,466.126,20.0,50.0,24.0,0
1,0,1,1,465.894,20.0,50.0,24.0,0
1,0,1,1,457.973,20.0,50.0,24.0,0
1,0,1,1,452.601,20.0,50.0,24.0,0
1,0,1,1,461.217,20.0,50.0,24.0,0
1,0,1,1,456.362,20.0,50.0,24.0,0
1,0,1,1,448.596,20.0,50.0,24.0,0
1,0,1,1,458.312,20.0,50.0,24.0,0
1,0,1,1,450.979,20.0,50.0,24.0,0
1,0,1,1,445.061,20.0,50.0,24.0,0
1,0,1,1,446.961,20.0,50.0,24.0,0
1,0,1,1,442.349,20.0,50.0,24.0,0
1,0,1,1,434.486,20.0,50.0,24.0,0
1,0,1,1,441.615,20.0,50.0,24.0,0
1,0,1,1,439.888,20.0,50.0,24.0,0
1,0,1,1,441.825,20.0,50.0,24.0,0
1,0,1,1,439.263,20.0,50.0,24.0,0
1,0,1,1,433.622,20.0,50.0,24.0,0
1,0,1,1,434.686,20.0,50.0,24.0,0
1,0,1,1,446.336,20.0,50.0,24.0,0
1,0,1,1,441.799,20.0,50.0,24.0,0
1,0,1,1,432.9,20.0,50.0,24.0,0
1,0,1,1,423.575,20.0,50.0,24.0,0
1,0,1,1,418.44,20.0,50.0,24.0,0
1,0,1,1,417.676,20.0,50.0,24.0,0
1,0,1,1,417.332,20.0,50.0,24.0,0
1,0,1,1,419.721,20.0,50.0,24.0,0
1,0,1,1,441.112,20.0,50.0,24.0,0
1,0,1,1,467.027,20.0,50.0,24.0,0
1,0,1,1,486.578,20.0,50.0,24.0,0
1,0,1,1,499.008,20.0,50.0,24.0,0
1,0,1,1,492.75,20.0,50.0,24.0,0
1,0,1,1,429.894,20.0,50.0,24.0,0
1,0,1,1,410.874,20.0,50.0,24.0,0
1,0,1,1,409.477,20.0,50.0,24.0,0
1,0,1,1,413.974,20.0,50.0,24.0,0
1,0,1,1,453.117,20.0,50.0,24.0,0
1,0,1,1,482.772,20.0,50.0,24.0,0
1,0,1,1,498.591,20.0,50.0,24.0,0
1,0,1,1,520.736,20.0,50.0,24.0,0
1,0,1,1,527.938,20.0,50.0,24.0,0
1,0,1,1,542.846,20.0,50.0,24.0,0
1,0,1,1,549.949,20.0,50.0,24.0,0
1,0,1,1,546.889,20.0,50.0,24.0,0
1,0,1,1,562.113,20.0,50.0,24.0,0
1,0,1,1,582.052,20.0,50.0,24.0,0
1,0,1,1,587.318,20.0,50.0,24.0,0
1,0,1,1,586.91,20.0,50.0,24.0,0
1,0,1,1,591.447,20.0,50.0,24.0,0
1,0,1,1,611.041,20.0,50.0,24.0,0
1,0,1,1,607.957,20.0,50.0,24.0,0
1,0,1,1,620.753,20.0,50.0,24.0,0
1,0,1,1,628.057,20.0,50.0,24.0,0
1,0,1,1,629.455,20.0,50.0,24.0,0
1,0,1,1,638.711,20.0,50.0,24.0,0
1,0,1,1,648.166,20.0,50.0,24.0,0
1,0,1,1,639.077,20.0,50.0,24.0,0
1,0,1,1,650.224,20.0,50.0,24.0,0
1,0,1,1,674.709,20.0,50.0,24.0,0
1,0,1,1,687.383,20.0,50.0,24.0,0
1,0,1,1,696.723,20.0,50.0,24.0,0
1,0,1,1,702.187,20.0,50.0,24.0,0
1,0,1,1,706.319,20.0,50.0,24.0,0
1,0,1,1,711.974,20.0,50.0,24.0,0
1,0,1,1,729.802,20.0,50.0,24.0,0
1,0,1,1,745.562,20.0,50.0,24.0,0
1,0,1,1,756.533,20.0,50.0,24.0,0
1,0,1,1,770.477,20.0,50.0,24.0,0
1,0,1,1,787.892,20.0,50.0,24.0,0
1,0,1,1,777.743,20.0,50.0,24.0,0
1,0,1,1,790.157,20.0,50.0,24.0,0
1,0,1,1,680.318,20.0,50.0,24.0,0
1,0,1,1,565.848,20.0,50.0,24.0,0
1,0,1,1,489.72,20.0,50.0,24.0,0
1,0,1,1,471.447,20.0,50.0,24.0,0
1,0,1,1,456.535,20.0,50.0,24.0,0
1,0,1,1,473.895,20.0,50.0,24.0,0
1,0,1,1,489.839,20.0,50.0,24.0,0
1,0,1,1,508.898,20.0,50.0,24.0,0
1,0,1,1,522.818,20.0,50.0,24.0,0
1,0,1,1,532.958,20.0,50.0,24.0,0
1,0,1,1,541.47,20.0,50.0,24.0,0
1,0,1,1,540.907,20.0,50.0,24.0,0
1,0,1,1,545.812,20.0,50.0,24.0,0
1,0,1,1,553.558,20.0,50.0,24.0,0
1,0,1,1,557.829,20.0,50.0,24.0,0
1,0,1,1,563.415,20.0,50.0,24.0,0
1,0,1,1,562.84,20.0,50.0,24.0,0
1,0,1,1,562.37,20.0,50.0,24.0,0
1,0,1,1,559.252,20.0,50.0,24.0,0
1,0,1,1,559.845,20.0,50.0,24.0,0
1,0,1,1,567.157,20.0,50.0,24.0,0
1,0,1,1,554.734,20.0,50.0,24.0,0
1,0,1,1,551.723,20.0,50.0,24.0,0
1,0,1,1,556.038,20.0,50.0,24.0,0
1,0,1,1,557.559,20.0,50.0,24.0,0
1,0,1,1,551.907,20.0,50.0,24.0,0
1,0,1,1,559.397,20.0,50.0,24.0,0
1,0,1,1,553.912,20.0,50.0,24.0,0
1,0,1,1,553.3,20.0,50.0,24.0,0
1,0,1,1,570.652,20.0,50.0,24.0,0
1,0,1,1,582.348,20.0,50.0,24.0,0
1,0,1,1,586.855,20.0,50.0,24.0,0
1,0,1,1,583.055,20.0,50.0,24.0,0
1,0,1,1,569.239,20.0,50.0,24.0,0
1,0,1,1,564.254,20.0,50.0,24.0,0
1,0,1,1,566.11,20.0,50.0,24.0,0
1,0,1,1,562.886,20.0,50.0,24.0,0
1,0,1,1,558.04,20.0,50.0,24.0,0
1,0,1,1,558.232,20.0,50.0,24.0,0
1,0,1,1,568.655,20.0,50.0,24.0,0
1,0,1,1,573.742,20.0,50.0,24.0,0
1,0,1,1,571.77,20.0,50.0,24.0,0
1,0,1,1,560.186,20.0,50.0,24.0,0
1,0,1,1,562.512,20.0,50.0,24.0,0
1,0,1,1,563.784,20.0,50.0,24.0,0
1,0,1,1,575.404,20.0,50.0,24.0,0
1,0,1,1,566.865,20.0,50.0,24.0,0
1,0,1,1,549.717,20.0,50.0,24.0,0
1,0,1,1,557.369,20.0,50.0,24.0,0
1,0,1,1,555.821,20.0,50.0,24.0,0
1,0,1,1,560.244,20.0,50.0,24.0,0
1,0,1,1,565.565,20.0,50.0,24.0,0
1,0,1,1,562.999,20.0,50.0,24.0,0
1,0,1,1,558.337,20.0,50.0,24.0,0
1,0,1,1,551.935,20.0,50.0,24.0,0
1,0,1,1,555.955,20.0,50.0,24.0,0
1,0,1,1,555.98,20.0,50.0,24.0,0
1,0,1,1,552.436,20.0,50.0,24.0,0
1,0,1,1,557.938,20.0,50.0,24.0,0
1,0,1,1,554.596,20.0,50.0,24.0,0
1,0,1,1,552.472,20.0,50.0,24.0,0
1,0,1,1,551.882,20.0,50.0,24.0,0
1,0,1,1,548.937,20.0,50.0,24.0,0
1,0,1,1,541.712,20.0,50.0,24.0,0
1,0,1,1,539.489,20.0,50.0,24.0,0
1,0,1,1,543.589,20.0,50.0,24.0,0
1,0,1,1,547.368,20.0,50.0,24.0,0
1,0,1,1,539.795,20.0,50.0,24.0,0
1,0,1,1,528.899,20.0,50.0,24.0,0
1,0,1,1,521.702,20.0,50.0,24.0,0
1,0,1,1,531.648,20.0,50.0,24.0,0
1,0,1,1,541.903,20.0,50.0,24.0,0
1,0,1,1,596.066,20.0,50.0,24.0,0
1,0,1,1,646.178,20.0,50.0,24.0,0
1,0,1,1,663.224,20.0,50.0,24.0,0
1,0,1,1,647.924,20.0,50.0,24.0,0
1,0,1,1,613.01,20.0,50.0,24.0,0
1,0,1,1,585.464,20.0,50.0,24.0,0
1,0,1,1,585.051,20.0,50.0,24.0,0
1,0,1,1,561.893,20.0,50.0,24.0,0
1,0,1,1,550.228,20.0,50.0,24.0,0
1,0,1,1,557.846,20.0,50.0,24.0,0
1,0,1,1,555.178,20.0,50.0,24.0,0
1,0,1,1,575.556,20.0,50.0,24.0,0
1,0,1,1,559.98,20.0,50.0,24.0,0
1,0,1,1,549.525,20.0,50.0,24.0,0
1,0,1,1,538.513,20.0,50.0,24.0,0
1,0,1,1,534.05,20.0,50.0,24.0,0
1,0,1,1,535.049,20.0,50.0,24.0,0
1,0,1,1,533.12,20.0,50.0,24.0,0
1,0,1,1,526.78,20.0,50.0,24.0,0
1,0,1,1,526.352,20.0,50.0,24.0,0
1,0,1,1,533.08,20.0,50.0,24.0,0
1,0,1,1,543.93,20.0,50.0,24.0,0
1,0,1,1,552.749,20.0,50.0,24.0,0
1,0,1,1,572.57,20.0,50.0,24.0,0
1,0,1,1,585.07,20.0,50.0,24.0,0
1,0,1,1,598.815,20.0,50.0,24.0,0
1,0,1,1,608.694,20.0,50.0,24.0,0
1,0,1,1,619.125,20.0,50.0,24.0,0
1,0,1,1,630.914,20.0,50.0,24.0,0
1,0,1,1,645.849,20.0,50.0,24.0,0
1,0,1,1,667.82,20.0,50.0,24.0,0
1,0,1,1,709.21,20.0,50.0,24.0,0
1,0,1,1,713.866,20.0,50.0,24.0,0
1,0,1,1,717.395,20.0,50.0,24.0,0
1,0,1,1,726.965,20.0,50.0,24.0,0
1,0,1,1,734.37,20.0,50.0,24.0,0
1,0,1,1,736.799,20.0,50.0,24.0,0
1,0,1,1,743.158,20.0,50.0,24.0,0
1,0,1,1,760.041,20.0,50.0,24.0,0
1,0,1,1,766.908,20.0,50.0,24.0,0
1,0,1,1,771.538,20.0,50.0,24.0,0
1,0,1,1,781.122,20.0,50.0,24.0,0
1,0,1,1,800.947,20.0,50.0,24.0,1
1,0,1,1,816.705,20.0,50.0,24.0,1
1,0,1,1,822.838,20.0,50.0,24.0,1
1,0,1,1,819.646,20.0,50.0,24.0,1
1,0,1,1,817.37,20.0,50.0,24.0,1
1,0,1,1,836.506,20.0,50.0,24.0,1
1,0,1,1,864.062,20.0,50.0,24.0,1
1,0,1,1,876.069,20.0,50.0,24.0,1
1,0,1,1,882.068,20.0,50.0,24.0,1
1,0,1,1,891.524,20.0,50.0,24.0,1
1,0,1,1,893.311,20.0,50.0,24.0,1
1,0,1,1,895.364,20.0,50.0,24.0,1
1,0,1,1,904.35,20.0,50.0,24.0,1
1,0,1,1,921.111,20.0,50.0,24.0,1
1,0,1,1,935.447,20.0,50.0,24.0,1
1,0,1,1,932.352,20.0,50.0,24.0,1
1,0,1,1,928.643,20.0,50.0,24.0,1
1,0,1,1,929.843,20.0,50.0,24.0,1
1,0,1,1,934.315,20.0,50.0,24.0,1
1,0,1,1,939.352,20.0,50.0,24.0,1
1,0,1,1,966.718,20.0,50.0,24.0,1
1,0,1,1,969.242,20.0,50.0,24.0,1
1,0,1,1,978.051,20.0,50.0,24.0,1
1,0,1,1,982.924,20.0,50.0,24.0,1
1,0,1,1,990.389,20.0,50.0,24.0,1
1,0,1,1,988.956,20.0,50.0,24.0,1
1,0,1,1,996.695,20.0,50.0,24.0,1
1,0,1,1,1017.79,20.0,50.0,24.0,1
1,0,1,1,1036.72,20.0,50.0,24.0,1
1,0,1,1,1064.21,20.0,50.0,24.0,1
1,0,1,1,1089.3,20.0,50.0,24.0,1
1,0,1,1,1077.83,20.0,50.0,24.0,1
1,0,1,1,985.162,20.0,50.0,24.0,1
1,0,1,1,873.405,20.0,50.0,24.0,1
1,0,1,1,836.545,20.0,50.0,24.0,1
1,0,1,1,780.004,20.0,50.0,24.0,0
1,0,1,1,752.935,20.0,50.0,24.0,0
1,0,1,1,743.751,20.0,50.0,24.0,0
1,0,1,1,697.302,20.0,50.0,24.0,0
1,0,1,1,665.595,20.0,50.0,24.0,0
1,0,1,1,647.449,20.0,50.0,24.0,0
1,0,1,1,626.689,20.0,50.0,24.0,0
1,0,1,1,622.333,20.0,50.0,24.0,0
1,0,1,1,583.872,20.0,50.0,24.0,0
1,0,1,1,558.121,20.0,50.0,24.0,0
1,0,1,1,549.536,20.0,50.0,24.0,0
1,0,1,1,540.982,20.0,50.0,24.0,0
1,0,1,1,526.73,20.0,50.0,24.0,0
1,0,1,1,517.74,20.0,50.0,24.0,0
1,0,1,1,510.857,20.0,50.0,24.0,0
1,0,1,1,497.176,20.0,50.0,24.0,0
1,0,1,1,489.998,20.0,50.0,24.0,0
1,0,1,1,481.989,20.0,50.0,24.0,0
1,0,1,1,474.527,20.0,50.0,24.0,0
1,0,1,1,475.649,20.0,50.0,24.0,0
1,0,1,1,470.848,20.0,50.0,24.0,0
1,0,1,1,466.392,20.0,50.0,24.0,0
1,0,1,1,467.314,20.0,50.0,24.0,0
1,0,1,1,464.42,20.0,50.0,24.0,0
1,0,1,1,463.385,20.0,50.0,24.0,0
1,0,1,1,464.948,20.0,50.0,24.0,0
1,0,1,1,467.509,20.0,50.0,24.0,0
1,0,1,1,467.447,20.0,50.0,24.0,0
1,0,1,1,465.453,20.0,50.0,24.0,0
1,0,1,1,461.781,20.0,50.0,24.0,0
1,0,1,1,461.578,20.0,50.0,24.0,0
1,0,1,1,462.416,20.0,50.0,24.0,0
1,0,1,1,459.932,20.0,50.0,24.0,0
1,0,1,1,462.238,20.0,50.0,24.0,0
1,0,1,1,461.357,20.0,50.0,24.0,0
1,0,1,1,458.891,20.0,50.0,24.0,0
1,0,1,1,459.98,20.0,50.0,24.0,0
1,0,1,1,457.993,20.0,50.0,24.0,0
1,0,1,1,454.367,20.0,50.0,24.0,0
1,0,1,1,453.581,20.0,50.0,24.0,0
1,0,1,1,453.105,20.0,50.0,24.0,0
1,0,1,1,453.494,20.0,50.0,24.0,0
1,0,1,1,454.056,20.0,50.0,24.0,0
1,0,1,1,453.459,20.0,50.0,24.0,0
1,0,1,1,452.793,20.0,50.0,24.0,0
1,0,1,1,452.123,20.0,50.0,24.0,0
1,0,1,1,453.147,20.0,50.0,24.0,0
1,0,1,1,453.372,20.0,50.0,24.0,0
1,0,1,1,452.336,20.0,50.0,24.0,0
1,0,1,1,454.464,20.0,50.0,24.0,0
1,0,1,1,455.743,20.0,50.0,24.0,0
1,0,1,1,455.827,20.0,50.0,24.0,0
1,0,1,1,454.424,20.0,50.0,24.0,0
1,0,1,1,451.28,20.0,50.0,24.0,0
1,0,1,1,450.671,20.0,50.0,24.0,0
1,0,1,1,454.457,20.0,50.0,24.0,0
1,0,1,1,455.795,20.0,50.0,24.0,0
1,0,1,1,454.458,20.0,50.0,24.0,0
1,0,1,1,455.313,20.0,50.0,24.0,0
1,0,1,1,456.809,20.0,50.0,24.0,0
1,0,1,1,457.473,20.0,50.0,24.0,0
1,0,1,1,458.677,20.0,50.0,24.0,0
1,0,1,1,457.956,20.0,50.0,24.0,0
1,0,1,1,458.855,20.0,50.0,24.0,0
1,0,1,1,458.835,20.0,50.0,24.0,0
1,0,1,1,458.326,20.0,50.0,24.0,0
1,0,1,1,455.806,20.0,50.0,24.0,0
1,0,1,1,456.273,20.0,50.0,24.0,0
1,0,1,1,455.483,20.0,50.0,24.0,0
1,0,1,1,454.769,20.0,50.0,24.0,0
1,0,1,1,457.045,20.0,50.0,24.0,0
1,0,1,1,457.275,20.0,50.0,24.0,0
1,0,1,1,459.862,20.0,50.0,24.0,0
1,0,1,1,458.414,20.0,50.0,24.0,0
1,0,1,1,456.511,20.0,50.0,24.0,0
1,0,1,1,455.445,20.0,50.0,24.0,0
1,0,1,1,453.502,20.0,50.0,24.0,0
1,0,1,1,451.708,20.0,50.0,24.0,0
1,0,1,1,452.008,20.0,50.0,24.0,0
1,0,1,1,454.476,20.0,50.0,24.0,0
1,0,1,1,453.781,20.0,50.0,24.0,0
1,0,1,1,451.56,20.0,50.0,24.0,0
1,0,1,1,450.483,20.0,50.0,24.0,0
1,0,1,1,451.446,20.0,50.0,24.0,0
1,0,1,1,452.03,20.0,50.0,24.0,0
1,0,1,1,455.383,20.0,50.0,24.0,0
1,0,1,1,455.466,20.0,50.0,24.0,0
1,0,1,1,452.727,20.0,50.0,24.0,0
1,0,1,1,453.819,20.0,50.0,24.0,0
1,0,1,1,453.096,20.0,50.0,24.0,0
1,0,1,1,451.214,20.0,50.0,24.0,0
1,0,1,1,453.604,20.0,50.0,24.0,0
1,0,1,1,457.892,20.0,50.0,24.0,0
1,0,1,1,458.046,20.0,50.0,24.0,0
1,0,1,1,458.681,20.0,50.0,24.0,0
1,0,1,1,457.27,20.0,50.0,24.0,0
1,0,1,1,454.169,20.0,50.0,24.0,0
1,0,1,1,457.375,20.0,50.0,24.0,0
1,0,1,1,456.465,20.0,50.0,24.0,0
1,0,1,1,456.126,20.0,50.0,24.0,0
1,0,1,1,455.076,20.0,50.0,24.0,0
1,0,1,1,457.614,20.0,50.0,24.0,0
1,0,1,1,454.825,20.0,50.0,24.0,0
1,0,1,1,454.411,20.0,50.0,24.0,0
1,0,1,1,455.624,20.0,50.0,24.0,0
1,0,1,1,452.797,20.0,50.0,24.0,0
1,0,1,1,454.754,20.0,50.0,24.0,0
1,0,1,1,454.086,20.0,50.0,24.0,0
1,0,1,1,456.754,20.0,50.0,24.0,0
1,0,1,1,455.803,20.0,50.0,24.0,0
1,0,1,1,454.06,20.0,50.0,24.0,0
1,0,1,1,453.56,20.0,50.0,24.0,0
1,0,1,1,452.095,20.0,50.0,24.0,0
1,0,1,1,455.124,20.0,50.0,24.0,0
1,0,1,1,453.415,20.0,50.0,24.0,0
1,0,1,1,453.952,20.0,50.0,24.0,0
1,0,1,1,452.704,20.0,50.0,24.0,0
1,0,1,1,453.634,20.0,50.0,24.0,0
1,0,1,1,448.693,20.0,50.0,24.0,0
1,0,1,1,448.563,20.0,50.0,24.0,0
1,0,1,1,450.196,20.0,50.0,24.0,0
1,0,1,1,451.518,20.0,50.0,24.0,0
1,0,1,1,450.789,20.0,50.0,24.0,0
1,0,1,1,451.19,20.0,50.0,24.0,0
1,0,1,1,452.66,20.0,50.0,24.0,0
1,0,1,1,453.671,20.0,50.0,24.0,0
1,0,1,1,454.789,20.0,50.0,24.0,0
1,0,1,1,454.308,20.0,50.0,24.0,0
1,0,1,1,455.22,20.0,50.0,24.0,0
1,0,1,1,453.684,20.0,50.0,24.0,0
1,0,1,1,454.199,20.0,50.0,24.0,0
1,0,1,1,454.503,20.0,50.0,24.0,0
1,0,1,1,453.263,20.0,50.0,24.0,0
1,0,1,1,453.82,20.0,50.0,24.0,0
1,0,1,1,456.478,20.0,50.0,24.0,0
1,0,1,1,455.301,20.0,50.0,24.0,0
1,0,1,1,457.301,20.0,50.0,24.0,0
1,0,1,1,458.772,20.0,50.0,24.0,0
1,0,1,1,459.491,20.0,50.0,24.0,0
1,0,1,1,462.54,20.0,50.0,24.0,0
1,0,1,1,461.407,20.0,50.0,24.0,0
1,0,1,1,457.411,20.0,50.0,24.0,0
1,0,1,1,455.475,20.0,50.0,24.0,0
1,0,1,1,454.782,20.0,50.0,24.0,0
1,0,1,1,455.097,20.0,50.0,24.0,0
1,0,1,1,456.434,20.0,50.0,24.0,0
1,0,1,1,456.35,20.0,50.0,24.0,0
1,0,1,1,459.068,20.0,50.0,24.0,0
1,0,1,1,459.178,20.0,50.0,24.0,0
1,0,1,1,459.853,20.0,50.0,24.0,0
1,0,1,1,459.25,20.0,50.0,24.0,0
1,0,1,1,459.361,20.0,50.0,24.0,0
1,0,1,1,462.949,20.0,50.0,24.0,0
1,0,1,1,461.663,20.0,50.0,24.0,0
1,0,1,1,462.975,20.0,50.0,24.0,0
1,0,1,1,460.76,20.0,50.0,24.0,0
1,0,1,1,456.459,20.0,50.0,24.0,0
1,0,1,1,458.863,20.0,50.0,24.0,0
1,0,1,1,460.78,20.0,50.0,24.0,0
1,0,1,1,458.291,20.0,50.0,24.0,0
1,0,1,1,455.802,20.0,50.0,24.0,0
1,0,1,1,454.374,20.0,50.0,24.0,0
1,0,1,1,455.495,20.0,50.0,24.0,0
1,0,1,1,457.895,20.0,50.0,24.0,0
1,0,1,1,458.908,20.0,50.0,24.0,0
1,0,1,1,456.331,20.0,50.0,24.0,0
1,0,1,1,457.731,20.0,50.0,24.0,0
1,0,1,1,458.918,20.0,50.0,24.0,0
1,0,1,1,456.755,20.0,50.0,24.0,0
1,0,1,1,456.225,20.0,50.0,24.0,0
1,0,1,1,456.496,20.0,50.0,24.0,0
1,0,1,1,456.599,20.0,50.0,24.0,0
1,0,1,1,455.254,20.0,50.0,24.0,0
1,0,1,1,454.642,20.0,50.0,24.0,0
1,0,1,1,453.984,20.0,50.0,24.0,0
1,0,1,1,456.871,20.0,50.0,24.0,0
1,0,1,1,458.719,20.0,50.0,24.0,0
1,0,1,1,457.969,20.0,50.0,24.0,0
1,0,1,1,457.053,20.0,50.0,24.0,0
1,0,1,1,456.511,20.0,50.0,24.0,0
1,0,1,1,456.113,20.0,50.0,24.0,0
1,0,1,1,455.923,20.0,50.0,24.0,0
1,0,1,1,454.162,20.0,50.0,24.0,0
1,0,1,1,456.026,20.0,50.0,24.0,0
1,0,1,1,456.415,20.0,50.0,24.0,0
1,0,1,1,455.69,20.0,50.0,24.0,0
1,0,1,1,456.026,20.0,50.0,24.0,0
1,0,1,1,455.456,20.0,50.0,24.0,0
1,0,1,1,454.454,20.0,50.0,24.0,0
1,0,1,1,453.597,20.0,50.0,24.0,0
1,0,1,1,456.823,20.0,50.0,24.0,0
1,0,1,1,455.448,20.0,50.0,24.0,0
1,0,1,1,459.096,20.0,50.0,24.0,0
1,0,1,1,461.88,20.0,50.0,24.0,0
1,0,1,1,459.69,20.0,50.0,24.0,0
1,0,1,1,460.426,20.0,50.0,24.0,0
1,0,1,1,460.698,20.0,50.0,24.0,0
1,0,1,1,459.573,20.0,50.0,24.0,0
1,0,1,1,462.133,20.0,50.0,24.0,0
1,0,1,1,464.741,20.0,50.0,24.0,0
1,0,1,1,466.052,20.0,50.0,24.0,0
1,0,1,1,464.573,20.0,50.0,24.0,0
1,0,1,1,462.904,20.0,50.0,24.0,0
1,0,1,1,458.405,20.0,50.0,24.0,0
1,0,1,1,459.35,20.0,50.0,24.0,0
1,0,1,1,459.782,20.0,50.0,24.0,0
1,0,1,1,457.685,20.0,50.0,24.0,0
1,0,1,1,458.266,20.0,50.0,24.0,0
1,0,1,1,457.047,20.0,50.0,24.0,0
1,0,1,1,455.514,20.0,50.0,24.0,0
1,0,1,1,457.889,20.0,50.0,24.0,0
1,0,1,1,456.416,20.0,50.0,24.0,0
1,0,1,1,455.459,20.0,50.0,24.0,0
1,0,1,1,456.254,20.0,50.0,24.0,0
1,0,1,1,454.552,20.0,50.0,24.0,0
1,0,1,1,453.029,20.0,50.0,24.0,0
1,0,1,1,453.277,20.0,50.0,24.0,0
1,0,1,1,453.799,20.0,50.0,24.0,0
1,0,1,1,452.508,20.0,50.0,24.0,0
1,0,1,1,453.332,20.0,50.0,24.0,0
1,0,1,1,451.95,20.0,50.0,24.0,0
1,0,1,1,454.253,20.0,50.0,24.0,0
1,0,1,1,453.076,20.0,50.0,24.0,0
1,0,1,1,453.035,20.0,50.0,24.0,0
1,0,1,1,453.235,20.0,50.0,24.0,0
1,0,1,1,452.202,20.0,50.0,24.0,0
1,0,1,1,454.168,20.0,50.0,24.0,0
1,0,1,1,453.122,20.0,50.0,24.0,0
1,0,1,1,456.89,20.0,50.0,24.0,0
1,0,1,1,456.833,20.0,50.0,24.0,0
1,0,1,1,456.924,20.0,50.0,24.0,0
1,0,1,1,458.156,20.0,50.0,24.0,0
1,0,1,1,458.662,20.0,50.0,24.0,0
1,0,1,1,462.194,20.0,50.0,24.0,0
1,0,1,1,464.414,20.0,50.0,24.0,0
1,0,1,1,466.483,20.0,50.0,24.0,0
1,0,1,1,467.761,20.0,50.0,24.0,0
1,0,1,1,468.774,20.0,50.0,24.0,0
1,0,1,1,465.933,20.0,50.0,24.0,0
1,0,1,1,466.88,20.0,50.0,24.0,0
1,0,1,1,472.341,20.0,50.0,24.0,0
1,0,1,1,472.874,20.0,50.0,24.0,0
1,0,1,1,472.847,20.0,50.0,24.0,0
1,0,1,1,468.796,20.0,50.0,24.0,0
1,0,1,1,471.779,20.0,50.0,24.0,0
1,0,1,1,470.887,20.0,50.0,24.0,0
1,0,1,1,468.868,20.0,50.0,24.0,0
1,0,1,1,468.324,20.0,50.0,24.0,0
1,0,1,1,465.126,20.0,50.0,24.0,0
1,0,1,1,465.122,20.0,50.0,24.0,0
1,0,1,1,462.411,20.0,50.0,24.0,0
1,0,1,1,458.575,20.0,50.0,24.0,0
1,0,1,1,455.186,20.0,50.0,24.0,0
1,0,1,1,456.049,20.0,50.0,24.0,0
1,0,1,1,460.013,20.0,50.0,24.0,0
1,0,1,1,461.637,20.0,50.0,24.0,0
1,0,1,1,459.831,20.0,50.0,24.0,0
1,0,1,1,456.917,20.0,50.0,24.0,0
1,0,1,1,456.697,20.0,50.0,24.0,0
1,0,1,1,459.457,20.0,50.0,24.0,0
1,0,1,1,460.533,20.0,50.0,24.0,0
1,0,1,1,454.333,20.0,50.0,24.0,0
1,0,1,1,456.444,20.0,50.0,24.0,0
1,0,1,1,457.435,20.0,50.0,24.0,0
1,0,1,1,458.95,20.0,50.0,24.0,0
1,0,1,1,452.187,20.0,50.0,24.0,0
1,0,1,1,451.517,20.0,50.0,24.0,0
1,0,1,1,456.088,20.0,50.0,24.0,0
1,0,1,1,456.483,20.0,50.0,24.0,0
1,0,1,1,458.449,20.0,50.0,24.0,0
1,0,1,1,461.397,20.0,50.0,24.0,0
1,0,1,1,460.5,20.0,50.0,24.0,0
1,0,1,1,459.322,20.0,50.0,24.0,0
1,0,1,1,455.362,20.0,50.0,24.0,0
1,0,1,1,454.744,20.0,50.0,24.0,0
1,0,1,1,453.3,20.0,50.0,24.0,0
1,0,1,1,452.739,20.0,50.0,24.0,0
1,0,1,1,452.21,20.0,50.0,24.0,0
1,0,1,1,454.225,20.0,50.0,24.0,0
1,0,1,1,455.032,20.0,50.0,24.0,0
1,0,1,1,456.053,20.0,50.0,24.0,0
1,0,1,1,455.377,20.0,50.0,24.0,0
1,0,1,1,453.202,20.0,50.0,24.0,0
1,0,1,1,453.969,20.0,50.0,24.0,0
1,0,1,1,455.582,20.0,50.0,24.0,0
1,0,1,1,457.528,20.0,50.0,24.0,0
1,0,1,1,459.372,20.0,50.0,24.0,0
1,0,1,1,456.282,20.0,50.0,24.0,0
1,0,1,1,454.845,20.0,50.0,24.0,0
1,0,1,1,453.115,20.0,50.0,24.0,0
1,0,1,1,454.471,20.0,50.0,24.0,0
1,0,1,1,452.766,20.0,50.0,24.0,0
1,0,1,1,449.949,20.0,50.0,24.0,0
1,0,1,1,450.735,20.0,50.0,24.0,0
1,0,1,1,456.911,20.0,50.0,24.0,0
1,0,1,1,456.595,20.0,50.0,24.0,0
1,0,1,1,460.67,20.0,50.0,24.0,0
1,0,1,1,458.212,20.0,50.0,24.0,0
1,0,1,1,453.267,20.0,50.0,24.0,0
1,0,1,1,454.948,20.0,50.0,24.0,0
1,0,1,1,457.576,20.0,50.0,24.0,0
1,0,1,1,454.331,20.0,50.0,24.0,0
1,0,1,1,450.109,20.0,50.0,24.0,0
1,0,1,1,450.19,20.0,50.0,24.0,0
1,0,1,1,450.601,20.0,50.0,24.0,0
1,0,1,1,446.776,20.0,50.0,24.0,0
1,0,1,1,444.42,20.0,50.0,24.0,0
1,0,1,1,443.924,20.0,50.0,24.0,0
1,0,1,1,440.544,20.0,50.0,24.0,0
1,0,1,1,440.819,20.0,50.0,24.0,0
1,0,1,1,440.195,20.0,50.0,24.0,0
1,0,1,1,440.261,20.0,50.0,24.0,0
1,0,1,1,441.245,20.0,50.0,24.0,0
1,0,1,1,447.089,20.0,50.0,24.0,0
1,0,1,1,448.504,20.0,50.0,24.0,0
1,0,1,1,445.409,20.0,50.0,24.0,0
1,0,1,1,438.921,20.0,50.0,24.0,0
1,0,1,1,450.389,20.0,50.0,24.0,0
1,0,1,1,459.155,20.0,50.0,24.0,0
1,0,1,1,465.166,20.0,50.0,24.0,0
1,0,1,1,461.488,20.0,50.0,24.0,0
1,0,1,1,452.45,20.0,50.0,24.0,0
1,0,1,1,449.3,20.0,50.0,24.0,0
1,0,1,1,450.206,20.0,50.0,24.0,0
1,0,1,1,450.507,20.0,50.0,24.0,0
1,0,1,1,451.839,20.0,50.0,24.0,0
1,0,1,1,457.017,20.0,50.0,24.0,0
1,0,1,1,460.495,20.0,50.0,24.0,0
1,0,1,1,463.459,20.0,50.0,24.0,0
1,0,1,1,459.292,20.0,50.0,24.0,0
1,0,1,1,456.797,20.0,50.0,24.0,0
1,0,1,1,453.558,20.0,50.0,24.0,0
1,0,1,1,450.012,20.0,50.0,24.0,0
1,0,1,1,447.618,20.0,50.0,24.0,0
1,0,1,1,443.571,20.0,50.0,24.0,0
1,0,1,1,442.457,20.0,50.0,24.0,0
1,0,1,1,441.633,20.0,50.0,24.0,0
1,0,1,1,438.924,20.0,50.0,24.0,0
1,0,1,1,437.773,20.0,50.0,24.0,0
1,0,1,1,438.942,20.0,50.0,24.0,0
1,0,1,1,438.133,20.0,50.0,24.0,0
1,0,1,1,436.378,20.0,50.0,24.0,0
1,0,1,1,435.223,20.0,50.0,24.0,0
1,0,1,1,432.812,20.0,50.0,24.0,0
1,0,1,1,447.393,20.0,50.0,24.0,0
1,0,1,1,461.028,20.0,50.0,24.0,0
1,0,1,1,473.181,20.0,50.0,24.0,0
1,0,1,1,474.518,20.0,50.0,24.0,0
1,0,1,1,467.869,20.0,50.0,24.0,0
1,0,1,1,464.353,20.0,50.0,24.0,0
1,0,1,1,470.822,20.0,50.0,24.0,0
1,0,1,1,473.696,20.0,50.0,24.0,0
1,0,1,1,478.212,20.0,50.0,24.0,0
1,0,1,1,482.776,20.0,50.0,24.0,0
1,0,1,1,488.602,20.0,50.0,24.0,0
1,0,1,1,492.95,20.0,50.0,24.0,0
1,0,1,1,492.46,20.0,50.0,24.0,0
1,0,1,1,494.399,20.0,50.0,24.0,0
1,0,1,1,492.916,20.0,50.0,24.0,0
1,0,1,1,496.972,20.0,50.0,24.0,0
1,0,1,1,496.458,20.0,50.0,24.0,0
1,0,1,1,494.574,20.0,50.0,24.0,0
1,0,1,1,498.526,20.0,50.0,24.0,0
1,0,1,1,499.943,20.0,50.0,24.0,0
1,0,1,1,510.584,20.0,50.0,24.0,0
1,0,1,1,507.82,20.0,50.0,24.0,0
1,0,1,1,500.746,20.0,50.0,24.0,0
1,0,1,1,497.676,20.0,50.0,24.0,0
1,0,1,1,497.19,20.0,50.0,24.0,0
1,0,1,1,498.247,20.0,50.0,24.0,0
1,0,1,1,500.112,20.0,50.0,24.0,0
1,0,1,1,509.385,20.0,50.0,24.0,0
1,0,1,1,522.638,20.0,50.0,24.0,0
1,0,1,1,548.106,20.0,50.0,24.0,0
1,0,1,1,598.463,20.0,50.0,24.0,0
1,0,1,1,604.032,20.0,50.0,24.0,0
1,0,1,1,591.694,20.0,50.0,24.0,0
1,0,1,1,589.939,20.0,50.0,24.0,0
1,0,1,1,602.095,20.0,50.0,24.0,0
1,0,1,1,594.707,20.0,50.0,24.0,0
1,0,1,1,592.541,20.0,50.0,24.0,0
1,0,1,1,608.022,20.0,50.0,24.0,0
1,0,1,1,598.787,20.0,50.0,24.0,0
1,0,1,1,623.166,20.0,50.0,24.0,0
1,0,1,1,648.08,20.0,50.0,24.0,0
1,0,1,1,664.213,20.0,50.0,24.0,0
1,0,1,1,667.42,20.0,50.0,24.0,0
1,0,1,1,683.785,20.0,50.0,24.0,0
1,0,1,1,694.707,20.0,50.0,24.0,0
1,0,1,1,695.85,20.0,50.0,24.0,0
1,0,1,1,704.616,20.0,50.0,24.0,0
1,0,1,1,718.694,20.0,50.0,24.0,0
1,0,1,1,746.182,20.0,50.0,24.0,0
1,0,1,1,753.609,20.0,50.0,24.0,0
1,0,1,1,746.344,20.0,50.0,24.0,0
1,0,1,1,758.709,20.0,50.0,24.0,0
1,0,1,1,763.185,20.0,50.0,24.0,0
1,0,1,1,761.576,20.0,50.0,24.0,0
1,0,1,1,764.456,20.0,50.0,24.0,0
1,0,1,1,772.385,20.0,50.0,24.0,0
1,0,1,1,782.222,20.0,50.0,24.0,0
1,0,1,1,803.436,20.0,50.0,24.0,1
1,0,1,1,815.694,20.0,50.0,24.0,1
1,0,1,1,819.559,20.0,50.0,24.0,1
1,0,1,1,827.417,20.0,50.0,24.0,1
1,0,1,1,848.34,20.0,50.0,24.0,1
1,0,1,1,859.714,20.0,50.0,24.0,1
1,0,1,1,872.282,20.0,50.0,24.0,1
1,0,1,1,875.104,20.0,50.0,24.0,1
1,0,1,1,889.122,20.0,50.0,24.0,1
1,0,1,1,897.756,20.0,50.0,24.0,1
1,0,1,1,901.121,20.0,50.0,24.0,1
1,0,1,1,915.839,20.0,50.0,24.0,1
1,0,1,1,924.041,20.0,50.0,24.0,1
1,0,1,1,932.12,20.0,50.0,24.0,1
1,0,1,1,953.284,20.0,50.0,24.0,1
1,0,1,1,952.87,20.0,50.0,24.0,1
1,0,1,1,967.928,20.0,50.0,24.0,1
1,0,1,1,984.71,20.0,50.0,24.0,1
1,0,1,1,979.838,20.0,50.0,24.0,1
1,0,1,1,994.264,20.0,50.0,24.0,1
1,0,1,1,996.828,20.0,50.0,24.0,1
1,0,1,1,991.709,20.0,50.0,24.0,1
1,0,1,1,1016.02,20.0,50.0,24.0,1
1,0,1,1,1027.81,20.0,50.0,24.0,1
1,0,1,1,1027.33,20.0,50.0,24.0,1
1,0,1,1,1028.61,20.0,50.0,24.0,1
1,0,1,1,1035.98,20.0,50.0,24.0,1
1,0,1,1,1054.47,20.0,50.0,24.0,1
1,0,1,1,1053.96,20.0,50.0,24.0,1
1,0,1,1,1061.41,20.0,50.0,24.0,1
1,0,1,1,1069.71,20.0,50.0,24.0,1
1,0,1,1,1071.99,20.0,50.0,24.0,1
1,0,1,1,1050.08,20.0,50.0,24.0,1
1,0,1,1,966.078,20.0,50.0,24.0,1
1,0,1,1,975.092,20.0,50.0,24.0,1
1,0,1,1,969.688,20.0,50.0,24.0,1
1,0,1,1,944.416,20.0,50.0,24.0,1
1,0,1,1,924.678,20.0,50.0,24.0,1
1,0,1,1,930.824,20.0,50.0,24.0,1
1,0,1,1,913.532,20.0,50.0,24.0,1
1,0,1,1,914.214,20.0,50.0,24.0,1
1,0,1,1,919.646,20.0,50.0,24.0,1
1,0,1,1,916.762,20.0,50.0,24.0,1
1,0,1,1,896.392,20.0,50.0,24.0,1
1,0,1,1,879.246,20.0,50.0,24.0,1
1,0,1,1,875.51,20.0,50.0,24.0,1
1,0,1,1,860.89,20.0,50.0,24.0,1
1,0,1,1,858.907,20.0,50.0,24.0,1
1,0,1,1,855.454,20.0,50.0,24.0,1
1,0,1,1,850.885,20.0,50.0,24.0,1
1,0,1,1,838.069,20.0,50.0,24.0,1
1,0,1,1,840.148,20.0,50.0,24.0,1
1,0,1,1,834.074,20.0,50.0,24.0,1
1,0,1,1,823.622,20.0,50.0,24.0,1
1,0,1,1,814.584,20.0,50.0,24.0,1
1,0,1,1,802.667,20.0,50.0,24.0,1
1,0,1,1,808.74,20.0,50.0,24.0,1
1,0,1,1,812.041,20.0,50.0,24.0,1
1,0,1,1,806.799,20.0,50.0,24.0,1
1,0,1,1,788.205,20.0,50.0,24.0,0
1,0,1,1,774.783,20.0,50.0,24.0,0
1,0,1,1,799.225,20.0,50.0,24.0,0
1,0,1,1,812.134,20.0,50.0,24.0,1
1,0,1,1,816.806,20.0,50.0,24.0,1
1,0,1,1,832.829,20.0,50.0,24.0,1
1,0,1,1,809.898,20.0,50.0,24.0,1
1,0,1,1,773.115,20.0,50.0,24.0,0
1,0,1,1,765.759,20.0,50.0,24.0,0
1,0,1,1,783.097,20.0,50.0,24.0,0
1,0,1,1,784.316,20.0,50.0,24.0,0
1,0,1,1,771.943,20.0,50.0,24.0,0
1,0,1,1,779.466,20.0,50.0,24.0,0
1,0,1,1,783.113,20.0,50.0,24.0,0
1,0,1,1,807.035,20.0,50.0,24.0,1
1,0,1,1,844.938,20.0,50.0,24.0,1
1,0,1,1,854.522,20.0,50.0,24.0,1
1,0,1,1,847.276,20.0,50.0,24.0,1
1,0,1,1,835.184,20.0,50.0,24.0,1
1,0,1,1,807.121,20.0,50.0,24.0,1
1,0,1,1,804.996,20.0,50.0,24.0,1
1,0,1,1,825.989,20.0,50.0,24.0,1
1,0,1,1,841.961,20.0,50.0,24.0,1
1,0,1,1,855.491,20.0,50.0,24.0,1
1,0,1,1,838.065,20.0,50.0,24.0,1
1,0,1,1,793.307,20.0,50.0,24.0,0
1,0,1,1,745.388,20.0,50.0,24.0,0
1,0,1,1,739.981,20.0,50.0,24.0,0
1,0,1,1,743.737,20.0,50.0,24.0,0
1,0,1,1,743.722,20.0,50.0,24.0,0
1,0,1,1,740.514,20.0,50.0,24.0,0
1,0,1,1,736.264,20.0,50.0,24.0,0
1,0,1,1,730.792,20.0,50.0,24.0,0
1,0,1,1,731.24,20.0,50.0,24.0,0
1,0,1,1,725.196,20.0,50.0,24.0,0
1,0,1,1,732.655,20.0,50.0,24.0,0
1,0,1,1,735.943,20.0,50.0,24.0,0
1,0,1,1,724.476,20.0,50.0,24.0,0
1,0,1,1,718.98,20.0,50.0,24.0,0
1,0,1,1,743.279,20.0,50.0,24.0,0
1,0,1,1,742.573,20.0,50.0,24.0,0
1,0,1,1,733.011,20.0,50.0,24.0,0
1,0,1,1,717.526,20.0,50.0,24.0,0
1,0,1,1,650.34,20.0,50.0,24.0,0
1,0,1,1,616.738,20.0,50.0,24.0,0
1,0,1,1,575.01,20.0,50.0,24.0,0
1,0,1,1,545.893,20.0,50.0,24.0,0
1,0,1,1,536.016,20.0,50.0,24.0,0
1,0,1,1,557.031,20.0,50.0,24.0,0
1,0,1,1,552.641,20.0,50.0,24.0,0
1,0,1,1,571.803,20.0,50.0,24.0,0
1,0,1,1,578.205,20.0,50.0,24.0,0
1,0,1,1,603.122,20.0,50.0,24.0,0
1,0,1,1,613.007,20.0,50.0,24.0,0
1,0,1,1,617.633,20.0,50.0,24.0,0
1,0,1,1,614.536,20.0,50.0,24.0,0
1,0,1,1,617.286,20.0,50.0,24.0,0
1,0,1,1,632.031,20.0,50.0,24.0,0
1,0,1,1,637.692,20.0,50.0,24.0,0
1,0,1,1,636.201,20.0,50.0,24.0,0
1,0,1,1,644.568,20.0,50.0,24.0,0
1,0,1,1,613.499,20.0,50.0,24.0,0
1,0,1,1,586.553,20.0,50.0,24.0,0
1,0,1,1,589.056,20.0,50.0,24.0,0
1,0,1,1,592.78,20.0,50.0,24.0,0
1,0,1,1,592.759,20.0,50.0,24.0,0
1,0,1,1,599.272,20.0,50.0,24.0,0
1,0,1,1,620.252,20.0,50.0,24.0,0
1,0,1,1,682.93,20.0,50.0,24.0,0
1,0,1,1,685.115,20.0,50.0,24.0,0
1,0,1,1,684.42,20.0,50.0,24.0,0
1,0,1,1,687.661,20.0,50.0,24.0,0
1,0,1,1,679.305,20.0,50.0,24.0,0
1,0,1,1,686.344,20.0,50.0,24.0,0
1,0,1,1,712.126,20.0,50.0,24.0,0
1,0,1,1,715.738,20.0,50.0,24.0,0
1,0,1,1,719.362,20.0,50.0,24.0,0
1,0,1,1,724.145,20.0,50.0,24.0,0
1,0,1,1,724.081,20.0,50.0,24.0,0
1,0,1,1,725.032,20.0,50.0,24.0,0
1,0,1,1,717.585,20.0,50.0,24.0,0
1,0,1,1,720.342,20.0,50.0,24.0,0
1,0,1,1,721.867,20.0,50.0,24.0,0
1,0,1,1,726.456,20.0,50.0,24.0,0
1,0,1,1,729.341,20.0,50.0,24.0,0
1,0,1,1,725.496,20.0,50.0,24.0,0
1,0,1,1,745.457,20.0,50.0,24.0,0
1,0,1,1,748.573,20.0,50.0,24.0,0
1,0,1,1,759.275,20.0,50.0,24.0,0
1,0,1,1,757.158,20.0,50.0,24.0,0
1,0,1,1,766.409,20.0,50.0,24.0,0
1,0,1,1,779.378,20.0,50.0,24.0,0
1,0,1,1,768.725,20.0,50.0,24.0,0
1,0,1,1,750.193,20.0,50.0,24.0,0
1,0,1,1,697.516,20.0,50.0,24.0,0
1,0,1,1,724.454,20.0,50.0,24.0,0
1,0,1,1,769.421,20.0,50.0,24.0,0
1,0,1,1,779.741,20.0,50.0,24.0,0
1,0,1,1,750.395,20.0,50.0,24.0,0
1,0,1,1,771.348,20.0,50.0,24.0,0
1,0,1,1,779.94,20.0,50.0,24.0,0
1,0,1,1,794.47,20.0,50.0,24.0,0
1,0,1,1,780.569,20.0,50.0,24.0,0
1,0,1,1,774.895,20.0,50.0,24.0,0
1,0,1,1,773.845,20.0,50.0,24.0,0
1,0,1,1,768.568,20.0,50.0,24.0,0
1,0,1,1,771.486,20.0,50.0,24.0,0
1,0,1,1,767.84,20.0,50.0,24.0,0
1,0,1,1,770.986,20.0,50.0,24.0,0
1,0,1,1,775.705,20.0,50.0,24.0,0
1,0,1,1,795.389,20.0,50.0,24.0,0
1,0,1,1,785.278,20.0,50.0,24.0,0
1,0,1,1,782.745,20.0,50.0,24.0,0
1,0,1,1,781.431,20.0,50.0,24.0,0
1,0,1,1,770.951,20.0,50.0,24.0,0
1,0,1,1,777.739,20.0,50.0,24.0,0
1,0,1,1,782.414,20.0,50.0,24.0,0
1,0,1,1,798.262,20.0,50.0,24.0,0
1,0,1,1,811.327,20.0,50.0,24.0,1
1,0,1,1,806.859,20.0,50.0,24.0,1
1,0,1,1,815.594,20.0,50.0,24.0,1
1,0,1,1,832.069,20.0,50.0,24.0,1
1,0,1,1,831.923,20.0,50.0,24.0,1
1,0,1,1,781.048,20.0,50.0,24.0,0
1,0,1,1,761.048,20.0,50.0,24.0,0
1,0,1,1,802.999,20.0,50.0,24.0,1
1,0,1,1,775.928,20.0,50.0,24.0,0
1,0,1,1,779.058,20.0,50.0,24.0,0
1,0,1,1,773.809,20.0,50.0,24.0,0
1,0,1,1,767.315,20.0,50.0,24.0,0
1,0,1,1,777.279,20.0,50.0,24.0,0
1,0,1,1,797.74,20.0,50.0,24.0,0
1,0,1,1,817.273,20.0,50.0,24.0,1
1,0,1,1,844.753,20.0,50.0,24.0,1
1,0,1,1,824.477,20.0,50.0,24.0,1
1,0,1,1,836.556,20.0,50.0,24.0,1
1,0,1,1,830.799,20.0,50.0,24.0,1
1,0,1,1,740.7,20.0,50.0,24.0,0
1,0,1,1,813.355,20.0,50.0,24.0,1
1,0,1,1,789.415,20.0,50.0,24.0,0
1,0,1,1,707.19,20.0,50.0,24.0,0
1,0,1,1,650.232,20.0,50.0,24.0,0
1,0,1,1,587.686,20.0,50.0,24.0,0
1,0,1,1,560.471,20.0,50.0,24.0,0
1,0,1,1,538.533,20.0,50.0,24.0,0
1,0,1,1,522.841,20.0,50.0,24.0,0
1,0,1,1,501.163,20.0,50.0,24.0,0
1,0,1,1,484.266,20.0,50.0,24.0,0
1,0,1,1,459.435,20.0,50.0,24.0,0
1,0,1,1,457.706,20.0,50.0,24.0,0
1,0,1,1,465.063,20.0,50.0,24.0,0
1,0,1,1,461.541,20.0,50.0,24.0,0
1,0,1,1,449.602,20.0,50.0,24.0,0
1,0,1,1,446.933,20.0,50.0,24.0,0
1,0,1,1,445.716,20.0,50.0,24.0,0
1,0,1,1,441.675,20.0,50.0,24.0,0
1,0,1,1,440.634,20.0,50.0,24.0,0
1,0,1,1,441.43,20.0,50.0,24.0,0
1,0,1,1,439.493,20.0,50.0,24.0,0
1,0,1,1,431.102,20.0,50.0,24.0,0
1,0,1,1,425.476,20.0,50.0,24.0,0
1,0,1,1,432.675,20.0,50.0,24.0,0
1,0,1,1,436.982,20.0,50.0,24.0,0
1,0,1,1,437.911,20.0,50.0,24.0,0
1,0,1,1,450.025,20.0,50.0,24.0,0
1,0,1,1,451.698,20.0,50.0,24.0,0
1,0,1,1,441.73,20.0,50.0,24.0,0
1,0,1,1,435.766,20.0,50.0,24.0,0
1,0,1,1,436.101,20.0,50.0,24.0,0
1,0,1,1,435.75,20.0,50.0,24.0,0
1,0,1,1,438.607,20.0,50.0,24.0,0
1,0,1,1,447.932,20.0,50.0,24.0,0
1,0,1,1,436.383,20.0,50.0,24.0,0
1,0,1,1,433.791,20.0,50.0,24.0,0
1,0,1,1,430.673,20.0,50.0,24.0,0
1,0,1,1,432.446,20.0,50.0,24.0,0
1,0,1,1,438.202,20.0,50.0,24.0,0
1,0,1,1,455.083,20.0,50.0,24.0,0
1,0,1,1,486.69,20.0,50.0,24.0,0
1,0,1,1,502.71,20.0,50.0,24.0,0
1,0,1,1,512.01,20.0,50.0,24.0,0
1,0,1,1,528.792,20.0,50.0,24.0,0
1,0,1,1,537.444,20.0,50.0,24.0,0
1,0,1,1,549.199,20.0,50.0,24.0,0
1,0,1,1,558.015,20.0,50.0,24.0,0
1,0,1,1,570.681,20.0,50.0,24.0,0
1,0,1,1,574.453,20.0,50.0,24.0,0
1,0,1,1,590.397,20.0,50.0,24.0,0
1,0,1,1,607.442,20.0,50.0,24.0,0
1,0,1,1,614.158,20.0,50.0,24.0,0
1,0,1,1,615.242,20.0,50.0,24.0,0
1,0,1,1,620.89,20.0,50.0,24.0,0
1,0,1,1,622.71,20.0,50.0,24.0,0
1,0,1,1,625.611,20.0,50.0,24.0,0
1,0,1,1,633.233,20.0,50.0,24.0,0
1,0,1,1,637.274,20.0,50.0,24.0,0
1,0,1,1,638.304,20.0,50.0,24.0,0
1,0,1,1,651.615,20.0,50.0,24.0,0
1,0,1,1,640.206,20.0,50.0,24.0,0
1,0,1,1,636.626,20.0,50.0,24.0,0
1,0,1,1,628.867,20.0,50.0,24.0,0
1,0,1,1,630.361,20.0,50.0,24.0,0
1,0,1,1,643.167,20.0,50.0,24.0,0
1,0,1,1,653.512,20.0,50.0,24.0,0
1,0,1,1,655.761,20.0,50.0,24.0,0
1,0,1,1,659.138,20.0,50.0,24.0,0
1,0,1,1,661.472,20.0,50.0,24.0,0
1,0,1,1,657.448,20.0,50.0,24.0,0
1,0,1,1,668.903,20.0,50.0,24.0,0
1,0,1,1,677.577,20.0,50.0,24.0,0
1,0,1,1,634.776,20.0,50.0,24.0,0
1,0,1,1,599.286,20.0,50.0,24.0,0
1,0,1,1,602.602,20.0,50.0,24.0,0
1,0,1,1,621.018,20.0,50.0,24.0,0
1,0,1,1,625.137,20.0,50.0,24.0,0
1,0,1,1,643.924,20.0,50.0,24.0,0
1,0,1,1,618.947,20.0,50.0,24.0,0
1,0,1,1,540.172,20.0,50.0,24.0,0
1,0,1,1,476.004,20.0,50.0,24.0,0
1,0,1,1,440.667,20.0,50.0,24.0,0
1,0,1,1,428.764,20.0,50.0,24.0,0
1,0,1,1,421.92,20.0,50.0,24.0,0
1,0,1,1,417.773,20.0,50.0,24.0,0
1,0,1,1,418.748,20.0,50.0,24.0,0
1,0,1,1,416.763,20.0,50.0,24.0,0
1,0,1,1,420.565,20.0,50.0,24.0,0
1,0,1,1,424.922,20.0,50.0,24.0,0
1,0,1,1,422.932,20.0,50.0,24.0,0
1,0,1,1,424.559,20.0,50.0,24.0,0
1,0,1,1,421.609,20.0,50.0,24.0,0
1,0,1,1,420.053,20.0,50.0,24.0,0
1,0,1,1,420.484,20.0,50.0,24.0,0
1,0,1,1,422.152,20.0,50.0,24.0,0
1,0,1,1,430.018,20.0,50.0,24.0,0
1,0,1,1,434.363,20.0,50.0,24.0,0
1,0,1,1,439.814,20.0,50.0,24.0,0
1,0,1,1,431.674,20.0,50.0,24.0,0
1,0,1,1,433.897,20.0,50.0,24.0,0
1,0,1,1,436.644,20.0,50.0,24.0,0
1,0,1,1,453.988,20.0,50.0,24.0,0
1,0,1,1,476.271,20.0,50.0,24.0,0
1,0,1,1,484.444,20.0,50.0,24.0,0
1,0,1,1,542.563,20.0,50.0,24.0,0
1,0,1,1,550.995,20.0,50.0,24.0,0
1,0,1,1,544.184,20.0,50.0,24.0,0
1,0,1,1,545.973,20.0,50.0,24.0,0
1,0,1,1,543.673,20.0,50.0,24.0,0
1,0,1,1,546.189,20.0,50.0,24.0,0
1,0,1,1,547.711,20.0,50.0,24.0,0
1,0,1,1,551.344,20.0,50.0,24.0,0
1,0,1,1,558.245,20.0,50.0,24.0,0
1,0,1,1,563.002,20.0,50.0,24.0,0
1,0,1,1,568.294,20.0,50.0,24.0,0
1,0,1,1,572.101,20.0,50.0,24.0,0
1,0,1,1,578.316,20.0,50.0,24.0,0
1,0,1,1,592.814,20.0,50.0,24.0,0
1,0,1,1,600.331,20.0,50.0,24.0,0
1,0,1,1,601.271,20.0,50.0,24.0,0
1,0,1,1,603.497,20.0,50.0,24.0,0
1,0,1,1,610.185,20.0,50.0,24.0,0
1,0,1,1,617.593,20.0,50.0,24.0,0
1,0,1,1,636.65,20.0,50.0,24.0,0
1,0,1,1,647.553,20.0,50.0,24.0,0
1,0,1,1,648.889,20.0,50.0,24.0,0
1,0,1,1,656.288,20.0,50.0,24.0,0
1,0,1,1,660.945,20.0,50.0,24.0,0
1,0,1,1,684.915,20.0,50.0,24.0,0
1,0,1,1,667.935,20.0,50.0,24.0,0
1,0,1,1,647.798,20.0,50.0,24.0,0
1,0,1,1,623.29,20.0,50.0,24.0,0
1,0,1,1,609.433,20.0,50.0,24.0,0
1,0,1,1,597.838,20.0,50.0,24.0,0
1,0,1,1,582.84,20.0,50.0,24.0,0
1,0,1,1,573.983,20.0,50.0,24.0,0
1,0,1,1,564.997,20.0,50.0,24.0,0
1,0,1,1,560.133,20.0,50.0,24.0,0
1,0,1,1,556.168,20.0,50.0,24.0,0
1,0,1,1,553.526,20.0,50.0,24.0,0
1,0,1,1,550.024,20.0,50.0,24.0,0
1,0,1,1,543.888,20.0,50.0,24.0,0
1,0,1,1,539.546,20.0,50.0,24.0,0
1,0,1,1,532.71,20.0,50.0,24.0,0
1,0,1,1,522.308,20.0,50.0,24.0,0
1,0,1,1,519.545,20.0,50.0,24.0,0
1,0,1,1,518.974,20.0,50.0,24.0,0
1,0,1,1,512.402,20.0,50.0,24.0,0
1,0,1,1,507.663,20.0,50.0,24.0,0
1,0,1,1,504.373,20.0,50.0,24.0,0
1,0,1,1,502.53,20.0,50.0,24.0,0
1,0,1,1,502.75,20.0,50.0,24.0,0
1,0,1,1,498.422,20.0,50.0,24.0,0
1,0,1,1,497.357,20.0,50.0,24.0,0
1,0,1,1,492.078,20.0,50.0,24.0,0
1,0,1,1,491.404,20.0,50.0,24.0,0
1,0,1,1,492.46,20.0,50.0,24.0,0
1,0,1,1,490.088,20.0,50.0,24.0,0
1,0,1,1,486.27,20.0,50.0,24.0,0
1,0,1,1,485.852,20.0,50.0,24.0,0
1,0,1,1,487.385,20.0,50.0,24.0,0
1,0,1,1,487.004,20.0,50.0,24.0,0
1,0,1,1,485.942,20.0,50.0,24.0,0
1,0,1,1,485.461,20.0,50.0,24.0,0
1,0,1,1,484.883,20.0,50.0,24.0,0
1,0,1,1,483.118,20.0,50.0,24.0,0
1,0,1,1,481.363,20.0,50.0,24.0,0
1,0,1,1,483.549,20.0,50.0,24.0,0
1,0,1,1,483.0,20.0,50.0,24.0,0
1,0,1,1,484.462,20.0,50.0,24.0,0
1,0,1,1,481.78,20.0,50.0,24.0,0
1,0,1,1,479.443,20.0,50.0,24.0,0
1,0,1,1,478.692,20.0,50.0,24.0,0
1,0,1,1,483.505,20.0,50.0,24.0,0
1,0,1,1,484.704,20.0,50.0,24.0,0
1,0,1,1,486.964,20.0,50.0,24.0,0
1,0,1,1,487.006,20.0,50.0,24.0,0
1,0,1,1,484.008,20.0,50.0,24.0,0
1,0,1,1,482.202,20.0,50.0,24.0,0
1,0,1,1,484.569,20.0,50.0,24.0,0
1,0,1,1,487.684,20.0,50.0,24.0,0
1,0,1,1,489.802,20.0,50.0,24.0,0
1,0,1,1,488.661,20.0,50.0,24.0,0
1,0,1,1,487.388,20.0,50.0,24.0,0
1,0,1,1,487.671,20.0,50.0,24.0,0
1,0,1,1,487.816,20.0,50.0,24.0,0
1,0,1,1,488.82,20.0,50.0,24.0,0
1,0,1,1,487.655,20.0,50.0,24.0,0
1,0,1,1,484.874,20.0,50.0,24.0,0
1,0,1,1,482.345,20.0,50.0,24.0,0
1,0,1,1,480.428,20.0,50.0,24.0,0
1,0,1,1,481.36,20.0,50.0,24.0,0
1,0,1,1,480.341,20.0,50.0,24.0,0
1,0,1,1,478.529,20.0,50.0,24.0,0
1,0,1,1,478.645,20.0,50.0,24.0,0
1,0,1,1,476.678,20.0,50.0,24.0,0
1,0,1,1,477.402,20.0,50.0,24.0,0
1,0,1,1,474.986,20.0,50.0,24.0,0
1,0,1,1,477.388,20.0,50.0,24.0,0
1,0,1,1,478.104,20.0,50.0,24.0,0
1,0,1,1,479.076,20.0,50.0,24.0,0
1,0,1,1,478.361,20.0,50.0,24.0,0
1,0,1,1,478.335,20.0,50.0,24.0,0
1,0,1,1,479.846,20.0,50.0,24.0,0
1,0,1,1,478.27,20.0,50.0,24.0,0
1,0,1,1,479.551,20.0,50.0,24.0,0
1,0,1,1,481.738,20.0,50.0,24.0,0
1,0,1,1,482.57,20.0,50.0,24.0,0
1,0,1,1,480.976,20.0,50.0,24.0,0
1,0,1,1,479.359,20.0,50.0,24.0,0
1,0,1,1,480.058,20.0,50.0,24.0,0
1,0,1,1,480.658,20.0,50.0,24.0,0
1,0,1,1,479.937,20.0,50.0,24.0,0
1,0,1,1,480.754,20.0,50.0,24.0,0
1,0,1,1,480.826,20.0,50.0,24.0,0
1,0,1,1,480.19,20.0,50.0,24.0,0
1,0,1,1,483.785,20.0,50.0,24.0,0
1,0,1,1,484.513,20.0,50.0,24.0,0
1,0,1,1,485.669,20.0,50.0,24.0,0
1,0,1,1,485.883,20.0,50.0,24.0,0
1,0,1,1,485.827,20.0,50.0,24.0,0
1,0,1,1,486.057,20.0,50.0,24.0,0
1,0,1,1,483.473,20.0,50.0,24.0,0
1,0,1,1,485.084,20.0,50.0,24.0,0
1,0,1,1,481.815,20.0,50.0,24.0,0
1,0,1,1,482.6,20.0,50.0,24.0,0
1,0,1,1,481.546,20.0,50.0,24.0,0
1,0,1,1,481.454,20.0,50.0,24.0,0
1,0,1,1,481.322,20.0,50.0,24.0,0
1,0,1,1,479.993,20.0,50.0,24.0,0
1,0,1,1,479.499,20.0,50.0,24.0,0
1,0,1,1,478.095,20.0,50.0,24.0,0
1,0,1,1,480.677,20.0,50.0,24.0,0
1,0,1,1,478.948,20.0,50.0,24.0,0
1,0,1,1,480.176,20.0,50.0,24.0,0
1,0,1,1,480.77,20.0,50.0,24.0,0
1,0,1,1,480.065,20.0,50.0,24.0,0
1,0,1,1,480.077,20.0,50.0,24.0,0
1,0,1,1,478.382,20.0,50.0,24.0,0
1,0,1,1,476.155,20.0,50.0,24.0,0
1,0,1,1,475.883,20.0,50.0,24.0,0
1,0,1,1,478.547,20.0,50.0,24.0,0
1,0,1,1,479.573,20.0,50.0,24.0,0
1,0,1,1,477.911,20.0,50.0,24.0,0
1,0,1,1,476.22,20.0,50.0,24.0,0
1,0,1,1,476.352,20.0,50.0,24.0,0
1,0,1,1,478.247,20.0,50.0,24.0,0
1,0,1,1,476.317,20.0,50.0,24.0,0
1,0,1,1,478.365,20.0,50.0,24.0,0
1,0,1,1,480.922,20.0,50.0,24.0,0
1,0,1,1,483.543,20.0,50.0,24.0,0
1,0,1,1,482.88,20.0,50.0,24.0,0
1,0,1,1,482.624,20.0,50.0,24.0,0
1,0,1,1,480.691,20.0,50.0,24.0,0
1,0,1,1,480.48,20.0,50.0,24.0,0
1,0,1,1,482.429,20.0,50.0,24.0,0
1,0,1,1,483.188,20.0,50.0,24.0,0
1,0,1,1,481.817,20.0,50.0,24.0,0
1,0,1,1,483.251,20.0,50.0,24.0,0
1,0,1,1,482.216,20.0,50.0,24.0,0
1,0,1,1,481.993,20.0,50.0,24.0,0
1,0,1,1,481.505,20.0,50.0,24.0,0
1,0,1,1,480.882,20.0,50.0,24.0,0
1,0,1,1,482.234,20.0,50.0,24.0,0
1,0,1,1,481.746,20.0,50.0,24.0,0
1,0,1,1,483.493,20.0,50.0,24.0,0
1,0,1,1,480.792,20.0,50.0,24.0,0
1,0,1,1,480.843,20.0,50.0,24.0,0
1,0,1,1,479.992,20.0,50.0,24.0,0
1,0,1,1,479.807,20.0,50.0,24.0,0
1,0,1,1,479.268,20.0,50.0,24.0,0
1,0,1,1,480.844,20.0,50.0,24.0,0
1,0,1,1,481.214,20.0,50.0,24.0,0
1,0,1,1,482.338,20.0,50.0,24.0,0
1,0,1,1,483.12,20.0,50.0,24.0,0
1,0,1,1,481.664,20.0,50.0,24.0,0
1,0,1,1,484.944,20.0,50.0,24.0,0
1,0,1,1,484.918,20.0,50.0,24.0,0
1,0,1,1,482.501,20.0,50.0,24.0,0
1,0,1,1,481.198,20.0,50.0,24.0,0
1,0,1,1,482.473,20.0,50.0,24.0,0
1,0,1,1,481.661,20.0,50.0,24.0,0
1,0,1,1,483.425,20.0,50.0,24.0,0
1,0,1,1,479.636,20.0,50.0,24.0,0
1,0,1,1,483.849,20.0,50.0,24.0,0
1,0,1,1,485.116,20.0,50.0,24.0,0
1,0,1,1,482.134,20.0,50.0,24.0,0
1,0,1,1,482.837,20.0,50.0,24.0,0
1,0,1,1,482.808,20.0,50.0,24.0,0
1,0,1,1,482.413,20.0,50.0,24.0,0
1,0,1,1,480.565,20.0,50.0,24.0,0
1,0,1,1,482.789,20.0,50.0,24.0,0
1,0,1,1,482.307,20.0,50.0,24.0,0
1,0,1,1,483.087,20.0,50.0,24.0,0
1,0,1,1,482.441,20.0,50.0,24.0,0
1,0,1,1,484.333,20.0,50.0,24.0,0
1,0,1,1,484.19,20.0,50.0,24.0,0
1,0,1,1,484.305,20.0,50.0,24.0,0
1,0,1,1,481.998,20.0,50.0,24.0,0
1,0,1,1,482.828,20.0,50.0,24.0,0
1,0,1,1,482.022,20.0,50.0,24.0,0
1,0,1,1,486.231,20.0,50.0,24.0,0
1,0,1,1,484.987,20.0,50.0,24.0,0
1,0,1,1,486.359,20.0,50.0,24.0,0
1,0,1,1,483.393,20.0,50.0,24.0,0
1,0,1,1,481.198,20.0,50.0,24.0,0
1,0,1,1,481.185,20.0,50.0,24.0,0
1,0,1,1,481.347,20.0,50.0,24.0,0
1,0,1,1,477.777,20.0,50.0,24.0,0
1,0,1,1,478.691,20.0,50.0,24.0,0
1,0,1,1,476.849,20.0,50.0,24.0,0
1,0,1,1,480.534,20.0,50.0,24.0,0
1,0,1,1,481.922,20.0,50.0,24.0,0
1,0,1,1,482.211,20.0,50.0,24.0,0
1,0,1,1,481.078,20.0,50.0,24.0,0
1,0,1,1,483.857,20.0,50.0,24.0,0
1,0,1,1,480.474,20.0,50.0,24.0,0
1,0,1,1,483.37,20.0,50.0,24.0,0
1,0,1,1,486.471,20.0,50.0,24.0,0
1,0,1,1,489.486,20.0,50.0,24.0,0
1,0,1,1,485.945,20.0,50.0,24.0,0
1,0,1,1,484.141,20.0,50.0,24.0,0
1,0,1,1,483.294,20.0,50.0,24.0,0
1,0,1,1,481.467,20.0,50.0,24.0,0
1,0,1,1,480.168,20.0,50.0,24.0,0
1,0,1,1,479.965,20.0,50.0,24.0,0
1,0,1,1,479.145,20.0,50.0,24.0,0
1,0,1,1,478.877,20.0,50.0,24.0,0
1,0,1,1,479.172,20.0,50.0,24.0,0
1,0,1,1,479.641,20.0,50.0,24.0,0
1,0,1,1,481.131,20.0,50.0,24.0,0
1,0,1,1,479.631,20.0,50.0,24.0,0
1,0,1,1,477.892,20.0,50.0,24.0,0
1,0,1,1,478.986,20.0,50.0,24.0,0
1,0,1,1,478.454,20.0,50.0,24.0,0
1,0,1,1,478.373,20.0,50.0,24.0,0
1,0,1,1,479.216,20.0,50.0,24.0,0
1,0,1,1,481.639,20.0,50.0,24.0,0
1,0,1,1,481.059,20.0,50.0,24.0,0
1,0,1,1,481.059,20.0,50.0,24.0,0
1,0,1,1,481.746,20.0,50.0,24.0,0
1,0,1,1,480.95,20.0,50.0,24.0,0
1,0,1,1,482.947,20.0,50.0,24.0,0
1,0,1,1,482.581,20.0,50.0,24.0,0
1,0,1,1,484.857,20.0,50.0,24.0,0
1,0,1,1,485.009,20.0,50.0,24.0,0
1,0,1,1,485.058,20.0,50.0,24.0,0
1,0,1,1,484.075,20.0,50.0,24.0,0
1,0,1,1,484.245,20.0,50.0,24.0,0
1,0,1,1,484.275,20.0,50.0,24.0,0
1,0,1,1,484.088,20.0,50.0,24.0,0
1,0,1,1,483.753,20.0,50.0,24.0,0
1,0,1,1,482.457,20.0,50.0,24.0,0
1,0,1,1,482.09,20.0,50.0,24.0,0
1,0,1,1,483.561,20.0,50.0,24.0,0
1,0,1,1,488.984,20.0,50.0,24.0,0
1,0,1,1,487.637,20.0,50.0,24.0,0
1,0,1,1,472.893,20.0,50.0,24.0,0
1,0,1,1,457.826,20.0,50.0,24.0,0
1,0,1,1,448.675,20.0,50.0,24.0,0
1,0,1,1,448.448,20.0,50.0,24.0,0
1,0,1,1,448.069,20.0,50.0,24.0,0
1,0,1,1,448.561,20.0,50.0,24.0,0
1,0,1,1,448.618,20.0,50.0,24.0,0
1,0,1,1,450.191,20.0,50.0,24.0,0
1,0,1,1,450.52,20.0,50.0,24.0,0
1,0,1,1,488.862,20.0,50.0,24.0,0
1,0,1,1,536.487,20.0,50.0,24.0,0
1,0,1,1,567.738,20.0,50.0,24.0,0
1,0,1,1,582.92,20.0,50.0,24.0,0
1,0,1,1,590.7,20.0,50.0,24.0,0
1,0,1,1,599.434,20.0,50.0,24.0,0
1,0,1,1,611.518,20.0,50.0,24.0,0
1,0,1,1,640.19,20.0,50.0,24.0,0
1,0,1,1,675.436,20.0,50.0,24.0,0
1,0,1,1,677.878,20.0,50.0,24.0,0
1,0,1,1,687.418,20.0,50.0,24.0,0
1,0,1,1,685.261,20.0,50.0,24.0,0
1,0,1,1,691.896,20.0,50.0,24.0,0
1,0,1,1,696.761,20.0,50.0,24.0,0
1,0,1,1,690.548,20.0,50.0,24.0,0
1,0,1,1,690.562,20.0,50.0,24.0,0
1,0,1,1,688.38,20.0,50.0,24.0,0
1,0,1,1,684.771,20.0,50.0,24.0,0
1,0,1,1,680.525,20.0,50.0,24.0,0
1,0,1,1,680.532,20.0,50.0,24.0,0
1,0,1,1,676.799,20.0,50.0,24.0,0
1,0,1,1,674.442,20.0,50.0,24.0,0
1,0,1,1,674.997,20.0,50.0,24.0,0
1,0,1,1,671.172,20.0,50.0,24.0,0
1,0,1,1,669.45,20.0,50.0,24.0,0
1,0,1,1,667.505,20.0,50.0,24.0,0
1,0,1,1,664.037,20.0,50.0,24.0,0
1,0,1,1,661.94,20.0,50.0,24.0,0
1,0,1,1,663.286,20.0,50.0,24.0,0
1,0,1,1,661.904,20.0,50.0,24.0,0
1,0,1,1,654.986,20.0,50.0,24.0,0
1,0,1,1,654.623,20.0,50.0,24.0,0
1,0,1,1,653.099,20.0,50.0,24.0,0
1,0,1,1,649.989,20.0,50.0,24.0,0
1,0,1,1,648.854,20.0,50.0,24.0,0
1,0,1,1,646.311,20.0,50.0,24.0,0
1,0,1,1,645.521,20.0,50.0,24.0,0
1,0,1,1,643.882,20.0,50.0,24.0,0
1,0,1,1,643.394,20.0,50.0,24.0,0
1,0,1,1,639.048,20.0,50.0,24.0,0
1,0,1,1,634.106,20.0,50.0,24.0,0
1,0,1,1,631.718,20.0,50.0,24.0,0
1,0,1,1,629.285,20.0,50.0,24.0,0
1,0,1,1,630.385,20.0,50.0,24.0,0
1,0,1,1,628.925,20.0,50.0,24.0,0
1,0,1,1,626.634,20.0,50.0,24.0,0
1,0,1,1,627.928,20.0,50.0,24.0,0
1,0,1,1,625.436,20.0,50.0,24.0,0
1,0,1,1,622.878,20.0,50.0,24.0,0
1,0,1,1,622.846,20.0,50.0,24.0,0
1,0,1,1,617.95,20.0,50.0,24.0,0
1,0,1,1,618.756,20.0,50.0,24.0,0
1,0,1,1,615.517,20.0,50.0,24.0,0
1,0,1,1,614.962,20.0,50.0,24.0,0
1,0,1,1,612.619,20.0,50.0,24.0,0
1,0,1,1,611.509,20.0,50.0,24.0,0
1,0,1,1,609.779,20.0,50.0,24.0,0
1,0,1,1,609.504,20.0,50.0,24.0,0
1,0,1,1,608.342,20.0,50.0,24.0,0
1,0,1,1,605.895,20.0,50.0,24.0,0
1,0,1,1,604.112,20.0,50.0,24.0,0
1,0,1,1,601.707,20.0,50.0,24.0,0
1,0,1,1,601.887,20.0,50.0,24.0,0
1,0,1,1,601.202,20.0,50.0,24.0,0
1,0,1,1,596.973,20.0,50.0,24.0,0
1,0,1,1,596.9,20.0,50.0,24.0,0
1,0,1,1,596.228,20.0,50.0,24.0,0
1,0,1,1,593.628,20.0,50.0,24.0,0
1,0,1,1,590.634,20.0,50.0,24.0,0
1,0,1,1,591.663,20.0,50.0,24.0,0
1,0,1,1,588.834,20.0,50.0,24.0,0
1,0,1,1,588.356,20.0,50.0,24.0,0
1,0,1,1,585.811,20.0,50.0,24.0,0
1,0,1,1,582.323,20.0,50.0,24.0,0
1,0,1,1,584.137,20.0,50.0,24.0,0
1,0,1,1,583.29,20.0,50.0,24.0,0
1,0,1,1,581.177,20.0,50.0,24.0,0
1,0,1,1,582.48,20.0,50.0,24.0,0
1,0,1,1,579.437,20.0,50.0,24.0,0
1,0,1,1,579.398,20.0,50.0,24.0,0
1,0,1,1,579.385,20.0,50.0,24.0,0
1,0,1,1,578.055,20.0,50.0,24.0,0
1,0,1,1,576.424,20.0,50.0,24.0,0
1,0,1,1,576.666,20.0,50.0,24.0,0
1,0,1,1,574.814,20.0,50.0,24.0,0
1,0,1,1,573.692,20.0,50.0,24.0,0
1,0,1,1,572.648,20.0,50.0,24.0,0
1,0,1,1,571.821,20.0,50.0,24.0,0
1,0,1,1,571.516,20.0,50.0,24.0,0
1,0,1,1,570.384,20.0,50.0,24.0,0
1,0,1,1,569.042,20.0,50.0,24.0,0
1,0,1,1,565.888,20.0,50.0,24.0,0
1,0,1,1,562.421,20.0,50.0,24.0,0
1,0,1,1,565.023,20.0,50.0,24.0,0
1,0,1,1,562.142,20.0,50.0,24.0,0
1,0,1,1,563.251,20.0,50.0,24.0,0
1,0,1,1,562.114,20.0,50.0,24.0,0
1,0,1,1,561.183,20.0,50.0,24.0,0
1,0,1,1,559.665,20.0,50.0,24.0,0
1,0,1,1,559.738,20.0,50.0,24.0,0
1,0,1,1,558.742,20.0,50.0,24.0,0
1,0,1,1,558.584,20.0,50.0,24.0,0
1,0,1,1,555.107,20.0,50.0,24.0,0
1,0,1,1,554.167,20.0,50.0,24.0,0
1,0,1,1,555.49,20.0,50.0,24.0,0
1,0,1,1,553.96,20.0,50.0,24.0,0
1,0,1,1,551.377,20.0,50.0,24.0,0
1,0,1,1,550.389,20.0,50.0,24.0,0
1,0,1,1,548.785,20.0,50.0,24.0,0
1,0,1,1,551.999,20.0,50.0,24.0,0
1,0,1,1,549.006,20.0,50.0,24.0,0
1,0,1,1,548.865,20.0,50.0,24.0,0
1,0,1,1,549.154,20.0,50.0,24.0,0
1,0,1,1,548.223,20.0,50.0,24.0,0
1,0,1,1,546.761,20.0,50.0,24.0,0
1,0,1,1,544.297,20.0,50.0,24.0,0
1,0,1,1,543.466,20.0,50.0,24.0,0
1,0,1,1,546.918,20.0,50.0,24.0,0
1,0,1,1,542.47,20.0,50.0,24.0,0
1,0,1,1,542.262,20.0,50.0,24.0,0
1,0,1,1,542.289,20.0,50.0,24.0,0
1,0,1,1,541.002,20.0,50.0,24.0,0
1,0,1,1,538.247,20.0,50.0,24.0,0
1,0,1,1,538.036,20.0,50.0,24.0,0
1,0,1,1,539.459,20.0,50.0,24.0,0
1,0,1,1,539.908,20.0,50.0,24.0,0
1,0,1,1,539.195,20.0,50.0,24.0,0
1,0,1,1,538.442,20.0,50.0,24.0,0
1,0,1,1,535.394,20.0,50.0,24.0,0
1,0,1,1,536.558,20.0,50.0,24.0,0
1,0,1,1,534.736,20.0,50.0,24.0,0
1,0,1,1,532.071,20.0,50.0,24.0,0
1,0,1,1,530.946,20.0,50.0,24.0,0
1,0,1,1,532.922,20.0,50.0,24.0,0
1,0,1,1,534.574,20.0,50.0,24.0,0
1,0,1,1,532.311,20.0,50.0,24.0,0
1,0,1,1,529.02,20.0,50.0,24.0,0
1,0,1,1,528.386,20.0,50.0,24.0,0
1,0,1,1,529.173,20.0,50.0,24.0,0
1,0,1,1,528.116,20.0,50.0,24.0,0
1,0,1,1,527.32,20.0,50.0,24.0,0
1,0,1,1,528.098,20.0,50.0,24.0,0
1,0,1,1,526.154,20.0,50.0,24.0,0
1,0,1,1,524.444,20.0,50.0,24.0,0
1,0,1,1,522.889,20.0,50.0,24.0,0
1,0,1,1,524.075,20.0,50.0,24.0,0
1,0,1,1,521.798,20.0,50.0,24.0,0
1,0,1,1,522.146,20.0,50.0,24.0,0
1,0,1,1,520.278,20.0,50.0,24.0,0
1,0,1,1,517.689,20.0,50.0,24.0,0
1,0,1,1,519.738,20.0,50.0,24.0,0
1,0,1,1,517.937,20.0,50.0,24.0,0
1,0,1,1,516.592,20.0,50.0,24.0,0
1,0,1,1,514.322,20.0,50.0,24.0,0
1,0,1,1,515.51,20.0,50.0,24.0,0
1,0,1,1,515.332,20.0,50.0,24.0,0
1,0,1,1,514.183,20.0,50.0,24.0,0
1,0,1,1,515.539,20.0,50.0,24.0,0
1,0,1,1,514.68,20.0,50.0,24.0,0
1,0,1,1,512.813,20.0,50.0,24.0,0
1,0,1,1,512.222,20.0,50.0,24.0,0
1,0,1,1,512.399,20.0,50.0,24.0,0
1,0,1,1,512.174,20.0,50.0,24.0,0
1,0,1,1,510.276,20.0,50.0,24.0,0
1,0,1,1,508.166,20.0,50.0,24.0,0
1,0,1,1,509.276,20.0,50.0,24.0,0
1,0,1,1,509.819,20.0,50.0,24.0,0
1,0,1,1,509.088,20.0,50.0,24.0,0
1,0,1,1,506.32,20.0,50.0,24.0,0
1,0,1,1,505.942,20.0,50.0,24.0,0
1,0,1,1,505.611,20.0,50.0,24.0,0
1,0,1,1,504.754,20.0,50.0,24.0,0
1,0,1,1,504.887,20.0,50.0,24.0,0
1,0,1,1,504.866,20.0,50.0,24.0,0
1,0,1,1,503.802,20.0,50.0,24.0,0
1,0,1,1,505.167,20.0,50.0,24.0,0
1,0,1,1,503.865,20.0,50.0,24.0,0
1,0,1,1,503.618,20.0,50.0,24.0,0
1,0,1,1,500.583,20.0,50.0,24.0,0
1,0,1,1,499.761,20.0,50.0,24.0,0
1,0,1,1,498.614,20.0,50.0,24.0,0
1,0,1,1,498.526,20.0,50.0,24.0,0
1,0,1,1,498.667,20.0,50.0,24.0,0
1,0,1,1,497.691,20.0,50.0,24.0,0
1,0,1,1,496.051,20.0,50.0,24.0,0
1,0,1,1,494.917,20.0,50.0,24.0,0
1,0,1,1,497.329,20.0,50.0,24.0,0
1,0,1,1,496.396,20.0,50.0,24.0,0
1,0,1,1,494.621,20.0,50.0,24.0,0
1,0,1,1,495.271,20.0,50.0,24.0,0
1,0,1,1,494.482,20.0,50.0,24.0,0
1,0,1,1,494.432,20.0,50.0,24.0,0
1,0,1,1,494.936,20.0,50.0,24.0,0
1,0,1,1,494.876,20.0,50.0,24.0,0
1,0,1,1,492.58,20.0,50.0,24.0,0
1,0,1,1,492.398,20.0,50.0,24.0,0
1,0,1,1,491.296,20.0,50.0,24.0,0
1,0,1,1,490.666,20.0,50.0,24.0,0
1,0,1,1,492.643,20.0,50.0,24.0,0
1,0,1,1,492.09,20.0,50.0,24.0,0
1,0,1,1,491.238,20.0,50.0,24.0,0
1,0,1,1,490.286,20.0,50.0,24.0,0
1,0,1,1,490.281,20.0,50.0,24.0,0
1,0,1,1,488.678,20.0,50.0,24.0,0
1,0,1,1,490.446,20.0,50.0,24.0,0
1,0,1,1,490.766,20.0,50.0,24.0,0
1,0,1,1,489.272,20.0,50.0,24.0,0
1,0,1,1,489.381,20.0,50.0,24.0,0
1,0,1,1,486.718,20.0,50.0,24.0,0
1,0,1,1,484.855,20.0,50.0,24.0,0
1,0,1,1,484.653,20.0,50.0,24.0,0
1,0,1,1,485.03,20.0,50.0,24.0,0
1,0,1,1,485.33,20.0,50.0,24.0,0
1,0,1,1,486.742,20.0,50.0,24.0,0
1,0,1,1,483.942,20.0,50.0,24.0,0
1,0,1,1,484.323,20.0,50.0,24.0,0
1,0,1,1,484.908,20.0,50.0,24.0,0
1,0,1,1,483.678,20.0,50.0,24.0,0
1,0,1,1,484.538,20.0,50.0,24.0,0
1,0,1,1,484.098,20.0,50.0,24.0,0
1,0,1,1,480.395,20.0,50.0,24.0,0
1,0,1,1,480.783,20.0,50.0,24.0,0
1,0,1,1,481.67,20.0,50.0,24.0,0
1,0,1,1,480.298,20.0,50.0,24.0,0
1,0,1,1,480.589,20.0,50.0,24.0,0
1,0,1,1,479.81,20.0,50.0,24.0,0
1,0,1,1,479.407,20.0,50.0,24.0,0
1,0,1,1,477.09,20.0,50.0,24.0,0
1,0,1,1,478.809,20.0,50.0,24.0,0
1,0,1,1,477.081,20.0,50.0,24.0,0
1,0,1,1,478.029,20.0,50.0,24.0,0
1,0,1,1,477.674,20.0,50.0,24.0,0
1,0,1,1,478.878,20.0,50.0,24.0,0
1,0,1,1,478.273,20.0,50.0,24.0,0
1,0,1,1,475.901,20.0,50.0,24.0,0
1,0,1,1,475.174,20.0,50.0,24.0,0
1,0,1,1,476.271,20.0,50.0,24.0,0
1,0,1,1,477.591,20.0,50.0,24.0,0
1,0,1,1,475.744,20.0,50.0,24.0,0
1,0,1,1,473.846,20.0,50.0,24.0,0
1,0,1,1,473.131,20.0,50.0,24.0,0
1,0,1,1,473.854,20.0,50.0,24.0,0
1,0,1,1,472.931,20.0,50.0,24.0,0
1,0,1,1,473.11,20.0,50.0,24.0,0
1,0,1,1,474.564,20.0,50.0,24.0,0
1,0,1,1,472.448,20.0,50.0,24.0,0
1,0,1,1,473.5,20.0,50.0,24.0,0
1,0,1,1,471.303,20.0,50.0,24.0,0
1,0,1,1,471.328,20.0,50.0,24.0,0
1,0,1,1,472.363,20.0,50.0,24.0,0
1,0,1,1,471.683,20.0,50.0,24.0,0
1,0,1,1,471.001,20.0,50.0,24.0,0
1,0,1,1,472.032,20.0,50.0,24.0,0
1,0,1,1,473.051,20.0,50.0,24.0,0
1,0,1,1,471.047,20.0,50.0,24.0,0
1,0,1,1,471.344,20.0,50.0,24.0,0
1,0,1,1,471.247,20.0,50.0,24.0,0
1,0,1,1,471.092,20.0,50.0,24.0,0
1,0,1,1,470.741,20.0,50.0,24.0,0
1,0,1,1,470.057,20.0,50.0,24.0,0
1,0,1,1,469.145,20.0,50.0,24.0,0
1,0,1,1,467.108,20.0,50.0,24.0,0
1,0,1,1,466.964,20.0,50.0,24.0,0
1,0,1,1,467.108,20.0,50.0,24.0,0
1,0,1,1,467.618,20.0,50.0,24.0,0
1,0,1,1,466.818,20.0,50.0,24.0,0
1,0,1,1,468.787,20.0,50.0,24.0,0
1,0,1,1,467.947,20.0,50.0,24.0,0
1,0,1,1,467.902,20.0,50.0,24.0,0
1,0,1,1,466.21,20.0,50.0,24.0,0
1,0,1,1,464.648,20.0,50.0,24.0,0
1,0,1,1,464.601,20.0,50.0,24.0,0
1,0,1,1,465.026,20.0,50.0,24.0,0
1,0,1,1,465.717,20.0,50.0,24.0,0
1,0,1,1,463.618,20.0,50.0,24.0,0
1,0,1,1,464.361,20.0,50.0,24.0,0
1,0,1,1,464.529,20.0,50.0,24.0,0
1,0,1,1,463.921,20.0,50.0,24.0,0
1,0,1,1,465.186,20.0,50.0,24.0,0
1,0,1,1,465.504,20.0,50.0,24.0,0
1,0,1,1,464.294,20.0,50.0,24.0,0
1,0,1,1,463.501,20.0,50.0,24.0,0
1,0,1,1,463.61,20.0,50.0,24.0,0
1,0,1,1,463.77,20.0,50.0,24.0,0
1,0,1,1,462.642,20.0,50.0,24.0,0
1,0,1,1,463.647,20.0,50.0,24.0,0
1,0,1,1,463.524,20.0,50.0,24.0,0
1,0,1,1,461.228,20.0,50.0,24.0,0
1,0,1,1,459.782,20.0,50.0,24.0,0
1,0,1,1,461.124,20.0,50.0,24.0,0
1,0,1,1,460.859,20.0,50.0,24.0,0
1,0,1,1,461.256,20.0,50.0,24.0,0
1,0,1,1,460.417,20.0,50.0,24.0,0
1,0,1,1,461.004,20.0,50.0,24.0,0
1,0,1,1,458.669,20.0,50.0,24.0,0
1,0,1,1,458.553,20.0,50.0,24.0,0
1,0,1,1,458.018,20.0,50.0,24.0,0
1,0,1,1,457.806,20.0,50.0,24.0,0
1,0,1,1,457.226,20.0,50.0,24.0,0
1,0,1,1,460.662,20.0,50.0,24.0,0
1,0,1,1,459.243,20.0,50.0,24.0,0
1,0,1,1,458.223,20.0,50.0,24.0,0
1,0,1,1,455.785,20.0,50.0,24.0,0
1,0,1,1,456.667,20.0,50.0,24.0,0
1,0,1,1,457.492,20.0,50.0,24.0,0
1,0,1,1,457.405,20.0,50.0,24.0,0
1,0,1,1,456.718,20.0,50.0,24.0,0
1,0,1,1,456.419,20.0,50.0,24.0,0
1,0,1,1,456.811,20.0,50.0,24.0,0
1,0,1,1,456.234,20.0,50.0,24.0,0
1,0,1,1,455.287,20.0,50.0,24.0,0
1,0,1,1,453.837,20.0,50.0,24.0,0
1,0,1,1,455.772,20.0,50.0,24.0,0
1,0,1,1,455.425,20.0,50.0,24.0,0
1,0,1,1,455.93,20.0,50.0,24.0,0
1,0,1,1,457.436,20.0,50.0,24.0,0
1,0,1,1,492.969,20.0,50.0,24.0,0
1,0,1,1,587.54,20.0,50.0,24.0,0
1,0,1,1,623.852,20.0,50.0,24.0,0
1,0,1,1,639.95,20.0,50.0,24.0,0
1,0,1,1,627.959,20.0,50.0,24.0,0
1,0,1,1,638.923,20.0,50.0,24.0,0
1,0,1,1,669.261,20.0,50.0,24.0,0
1,0,1,1,669.456,20.0,50.0,24.0,0
1,0,1,1,629.894,20.0,50.0,24.0,0
1,0,1,1,568.994,20.0,50.0,24.0,0
1,0,1,1,553.733,20.0,50.0,24.0,0
1,0,1,1,557.94,20.0,50.0,24.0,0
1,0,1,1,564.659,20.0,50.0,24.0,0
1,0,1,1,568.752,20.0,50.0,24.0,0
1,0,1,1,572.651,20.0,50.0,24.0,0
1,0,1,1,575.761,20.0,50.0,24.0,0
1,0,1,1,580.007,20.0,50.0,24.0,0
1,0,1,1,581.692,20.0,50.0,24.0,0
1,0,1,1,592.045,20.0,50.0,24.0,0
1,0,1,1,592.991,20.0,50.0,24.0,0
1,0,1,1,592.39,20.0,50.0,24.0,0
1,0,1,1,597.888,20.0,50.0,24.0,0
1,0,1,1,604.397,20.0,50.0,24.0,0
1,0,1,1,607.998,20.0,50.0,24.0,0
1,0,1,1,605.776,20.0,50.0,24.0,0
1,0,1,1,601.756,20.0,50.0,24.0,0
1,0,1,1,592.268,20.0,50.0,24.0,0
1,0,1,1,587.436,20.0,50.0,24.0,0
1,0,1,1,579.1,20.0,50.0,24.0,0
1,0,1,1,570.425,20.0,50.0,24.0,0
1,0,1,1,568.021,20.0,50.0,24.0,0
1,0,1,1,570.074,20.0,50.0,24.0,0
1,0,1,1,574.336,20.0,50.0,24.0,0
1,0,1,1,579.842,20.0,50.0,24.0,0
1,0,1,1,585.764,20.0,50.0,24.0,0
1,0,1,1,592.042,20.0,50.0,24.0,0
1,0,1,1,601.59,20.0,50.0,24.0,0
1,0,1,1,614.703,20.0,50.0,24.0,0
1,0,1,1,611.066,20.0,50.0,24.0,0
1,0,1,1,612.013,20.0,50.0,24.0,0
1,0,1,1,617.878,20.0,50.0,24.0,0
1,0,1,1,672.932,20.0,50.0,24.0,0
1,0,1,1,743.22,20.0,50.0,24.0,0
1,0,1,1,765.308,20.0,50.0,24.0,0
1,0,1,1,751.286,20.0,50.0,24.0,0
1,0,1,1,697.099,20.0,50.0,24.0,0
1,0,1,1,682.8,20.0,50.0,24.0,0
1,0,1,1,750.466,20.0,50.0,24.0,0
1,0,1,1,765.158,20.0,50.0,24.0,0
1,0,1,1,753.804,20.0,50.0,24.0,0
1,0,1,1,764.175,20.0,50.0,24.0,0
1,0,1,1,806.085,20.0,50.0,24.0,1
1,0,1,1,843.118,20.0,50.0,24.0,1
1,0,1,1,863.405,20.0,50.0,24.0,1
1,0,1,1,875.47,20.0,50.0,24.0,1
1,0,1,1,864.098,20.0,50.0,24.0,1
1,0,1,1,874.64,20.0,50.0,24.0,1
1,0,1,1,867.348,20.0,50.0,24.0,1
1,0,1,1,879.078,20.0,50.0,24.0,1
1,0,1,1,831.599,20.0,50.0,24.0,1
1,0,1,1,782.763,20.0,50.0,24.0,0
1,0,1,1,790.775,20.0,50.0,24.0,0
1,0,1,1,823.734,20.0,50.0,24.0,1
1,0,1,1,867.852,20.0,50.0,24.0,1
1,0,1,1,877.621,20.0,50.0,24.0,1
1,0,1,1,887.785,20.0,50.0,24.0,1
1,0,1,1,907.112,20.0,50.0,24.0,1
1,0,1,1,887.195,20.0,50.0,24.0,1
1,0,1,1,883.089,20.0,50.0,24.0,1
1,0,1,1,920.57,20.0,50.0,24.0,1
1,0,1,1,899.773,20.0,50.0,24.0,1
1,0,1,1,908.674,20.0,50.0,24.0,1
1,0,1,1,887.369,20.0,50.0,24.0,1
1,0,1,1,804.021,20.0,50.0,24.0,1
1,0,1,1,690.063,20.0,50.0,24.0,0
1,0,1,1,688.056,20.0,50.0,24.0,0
1,0,1,1,692.223,20.0,50.0,24.0,0
1,0,1,1,701.984,20.0,50.0,24.0,0
1,0,1,1,708.879,20.0,50.0,24.0,0
1,0,1,1,715.013,20.0,50.0,24.0,0
1,0,1,1,717.211,20.0,50.0,24.0,0
1,0,1,1,717.895,20.0,50.0,24.0,0
1,0,1,1,721.31,20.0,50.0,24.0,0
1,0,1,1,722.54,20.0,50.0,24.0,0
1,0,1,1,718.672,20.0,50.0,24.0,0
1,0,1,1,715.895,20.0,50.0,24.0,0
1,0,1,1,725.029,20.0,50.0,24.0,0
1,0,1,1,719.807,20.0,50.0,24.0,0
1,0,1,1,717.469,20.0,50.0,24.0,0
1,0,1,1,738.912,20.0,50.0,24.0,0
1,0,1,1,745.833,20.0,50.0,24.0,0
1,0,1,1,748.177,20.0,50.0,24.0,0
1,0,1,1,748.099,20.0,50.0,24.0,0
1,0,1,1,748.188,20.0,50.0,24.0,0
1,0,1,1,743.727,20.0,50.0,24.0,0
1,0,1,1,741.724,20.0,50.0,24.0,0
1,0,1,1,748.783,20.0,50.0,24.0,0
1,0,1,1,756.562,20.0,50.0,24.0,0
1,0,1,1,772.63,20.0,50.0,24.0,0
1,0,1,1,756.716,20.0,50.0,24.0,0
1,0,1,1,767.957,20.0,50.0,24.0,0
1,0,1,1,788.061,20.0,50.0,24.0,0
1,0,1,1,786.788,20.0,50.0,24.0,0
1,0,1,1,777.35,20.0,50.0,24.0,0
1,0,1,1,787.922,20.0,50.0,24.0,0
1,0,1,1,787.587,20.0,50.0,24.0,0
1,0,1,1,785.053,20.0,50.0,24.0,0
1,0,1,1,804.039,20.0,50.0,24.0,1
1,0,1,1,804.841,20.0,50.0,24.0,1
1,0,1,1,800.923,20.0,50.0,24.0,1
1,0,1,1,801.408,20.0,50.0,24.0,1
1,0,1,1,806.981,20.0,50.0,24.0,1
1,0,1,1,806.194,20.0,50.0,24.0,1
1,0,1,1,805.593,20.0,50.0,24.0,1
1,0,1,1,809.267,20.0,50.0,24.0,1
1,0,1,1,809.074,20.0,50.0,24.0,1
1,0,1,1,801.283,20.0,50.0,24.0,1
1,0,1,1,801.57,20.0,50.0,24.0,1
1,0,1,1,797.225,20.0,50.0,24.0,0
1,0,1,1,790.947,20.0,50.0,24.0,0
1,0,1,1,792.158,20.0,50.0,24.0,0
1,0,1,1,788.432,20.0,50.0,24.0,0
1,0,1,1,792.641,20.0,50.0,24.0,0
1,0,1,1,789.713,20.0,50.0,24.0,0
1,0,1,1,785.524,20.0,50.0,24.0,0
1,0,1,1,783.543,20.0,50.0,24.0,0
1,0,1,1,787.541,20.0,50.0,24.0,0
1,0,1,1,781.366,20.0,50.0,24.0,0
1,0,1,1,778.844,20.0,50.0,24.0,0
1,0,1,1,772.608,20.0,50.0,24.0,0
1,0,1,1,784.19,20.0,50.0,24.0,0
1,0,1,1,784.675,20.0,50.0,24.0,0
1,0,1,1,778.998,20.0,50.0,24.0,0
1,0,1,1,781.172,20.0,50.0,24.0,0
1,0,1,1,778.825,20.0,50.0,24.0,0
1,0,1,1,775.64,20.0,50.0,24.0,0
1,0,1,1,771.654,20.0,50.0,24.0,0
1,0,1,1,776.364,20.0,50.0,24.0,0
1,0,1,1,772.073,20.0,50.0,24.0,0
1,0,1,1,773.165,20.0,50.0,24.0,0
1,0,1,1,761.487,20.0,50.0,24.0,0
1,0,1,1,762.774,20.0,50.0,24.0,0
1,0,1,1,773.236,20.0,50.0,24.0,0
1,0,1,1,779.434,20.0,50.0,24.0,0
1,0,1,1,767.356,20.0,50.0,24.0,0
1,0,1,1,744.696,20.0,50.0,24.0,0
1,0,1,1,746.706,20.0,50.0,24.0,0
1,0,1,1,745.162,20.0,50.0,24.0,0
1,0,1,1,744.694,20.0,50.0,24.0,0
1,0,1,1,742.035,20.0,50.0,24.0,0
1,0,1,1,751.964,20.0,50.0,24.0,0
1,0,1,1,744.921,20.0,50.0,24.0,0
1,0,1,1,707.483,20.0,50.0,24.0,0
1,0,1,1,698.609,20.0,50.0,24.0,0
1,0,1,1,687.675,20.0,50.0,24.0,0
1,0,1,1,694.567,20.0,50.0,24.0,0
1,0,1,1,707.874,20.0,50.0,24.0,0
1,0,1,1,670.689,20.0,50.0,24.0,0
1,0,1,1,650.755,20.0,50.0,24.0,0
1,0,1,1,643.509,20.0,50.0,24.0,0
1,0,1,1,643.576,20.0,50.0,24.0,0
1,0,1,1,638.306,20.0,50.0,24.0,0
1,0,1,1,626.511,20.0,50.0,24.0,0
1,0,1,1,607.984,20.0,50.0,24.0,0
1,0,1,1,603.113,20.0,50.0,24.0,0
1,0,1,1,594.25,20.0,50.0,24.0,0
1,0,1,1,591.912,20.0,50.0,24.0,0
1,0,1,1,590.196,20.0,50.0,24.0,0
1,0,1,1,582.967,20.0,50.0,24.0,0
1,0,1,1,575.95,20.0,50.0,24.0,0
1,0,1,1,573.373,20.0,50.0,24.0,0
1,0,1,1,563.815,20.0,50.0,24.0,0
1,0,1,1,559.232,20.0,50.0,24.0,0
1,0,1,1,553.442,20.0,50.0,24.0,0
1,0,1,1,550.345,20.0,50.0,24.0,0
1,0,1,1,545.892,20.0,50.0,24.0,0
1,0,1,1,543.941,20.0,50.0,24.0,0
1,0,1,1,542.623,20.0,50.0,24.0,0
1,0,1,1,536.329,20.0,50.0,24.0,0
1,0,1,1,533.37,20.0,50.0,24.0,0
1,0,1,1,533.783,20.0,50.0,24.0,0
1,0,1,1,534.782,20.0,50.0,24.0,0
1,0,1,1,525.409,20.0,50.0,24.0,0
1,0,1,1,526.021,20.0,50.0,24.0,0
1,0,1,1,526.71,20.0,50.0,24.0,0
1,0,1,1,522.985,20.0,50.0,24.0,0
1,0,1,1,521.216,20.0,50.0,24.0,0
1,0,1,1,518.577,20.0,50.0,24.0,0
1,0,1,1,510.018,20.0,50.0,24.0,0
1,0,1,1,500.934,20.0,50.0,24.0,0
1,0,1,1,491.972,20.0,50.0,24.0,0
1,0,1,1,485.775,20.0,50.0,24.0,0
1,0,1,1,478.879,20.0,50.0,24.0,0
1,0,1,1,473.713,20.0,50.0,24.0,0
1,0,1,1,468.083,20.0,50.0,24.0,0
1,0,1,1,466.118,20.0,50.0,24.0,0
1,0,1,1,463.619,20.0,50.0,24.0,0
1,0,1,1,462.341,20.0,50.0,24.0,0
1,0,1,1,463.611,20.0,50.0,24.0,0
1,0,1,1,463.85,20.0,50.0,24.0,0
1,0,1,1,463.139,20.0,50.0,24.0,0
1,0,1,1,457.665,20.0,50.0,24.0,0
1,0,1,1,453.26,20.0,50.0,24.0,0
1,0,1,1,449.771,20.0,50.0,24.0,0
1,0,1,1,448.02,20.0,50.0,24.0,0
1,0,1,1,449.885,20.0,50.0,24.0,0
1,0,1,1,452.324,20.0,50.0,24.0,0
1,0,1,1,450.084,20.0,50.0,24.0,0
1,0,1,1,452.627,20.0,50.0,24.0,0
1,0,1,1,453.443,20.0,50.0,24.0,0
1,0,1,1,453.432,20.0,50.0,24.0,0
1,0,1,1,452.472,20.0,50.0,24.0,0
1,0,1,1,448.503,20.0,50.0,24.0,0
1,0,1,1,448.053,20.0,50.0,24.0,0
1,0,1,1,450.558,20.0,50.0,24.0,0
1,0,1,1,454.528,20.0,50.0,24.0,0
1,0,1,1,455.15,20.0,50.0,24.0,0
1,0,1,1,456.842,20.0,50.0,24.0,0
1,0,1,1,452.573,20.0,50.0,24.0,0
1,0,1,1,450.75,20.0,50.0,24.0,0
1,0,1,1,447.408,20.0,50.0,24.0,0
1,0,1,1,444.433,20.0,50.0,24.0,0
1,0,1,1,443.844,20.0,50.0,24.0,0
1,0,1,1,446.637,20.0,50.0,24.0,0
1,0,1,1,446.431,20.0,50.0,24.0,0
1,0,1,1,446.729,20.0,50.0,24.0,0
1,0,1,1,446.099,20.0,50.0,24.0,0
1,0,1,1,448.19,20.0,50.0,24.0,0
1,0,1,1,446.995,20.0,50.0,24.0,0
1,0,1,1,447.462,20.0,50.0,24.0,0
1,0,1,1,446.512,20.0,50.0,24.0,0
1,0,1,1,448.269,20.0,50.0,24.0,0
1,0,1,1,450.268,20.0,50.0,24.0,0
1,0,1,1,448.737,20.0,50.0,24.0,0
1,0,1,1,447.489,20.0,50.0,24.0,0
1,0,1,1,448.156,20.0,50.0,24.0,0
1,0,1,1,449.084,20.0,50.0,24.0,0
1,0,1,1,450.436,20.0,50.0,24.0,0
1,0,1,1,449.256,20.0,50.0,24.0,0
1,0,1,1,449.693,20.0,50.0,24.0,0
1,0,1,1,446.964,20.0,50.0,24.0,0
1,0,1,1,446.58,20.0,50.0,24.0,0
1,0,1,1,449.305,20.0,50.0,24.0,0
1,0,1,1,450.369,20.0,50.0,24.0,0
1,0,1,1,454.672,20.0,50.0,24.0,0
1,0,1,1,459.869,20.0,50.0,24.0,0
1,0,1,1,465.117,20.0,50.0,24.0,0
1,0,1,1,476.65,20.0,50.0,24.0,0
1,0,1,1,483.152,20.0,50.0,24.0,0
1,0,1,1,480.316,20.0,50.0,24.0,0
1,0,1,1,479.85,20.0,50.0,24.0,0
1,0,1,1,480.546,20.0,50.0,24.0,0
1,0,1,1,487.366,20.0,50.0,24.0,0
1,0,1,1,496.195,20.0,50.0,24.0,0
1,0,1,1,499.585,20.0,50.0,24.0,0
1,0,1,1,504.556,20.0,50.0,24.0,0
1,0,1,1,513.838,20.0,50.0,24.0,0
1,0,1,1,521.35,20.0,50.0,24.0,0
1,0,1,1,529.448,20.0,50.0,24.0,0
1,0,1,1,534.267,20.0,50.0,24.0,0
1,0,1,1,541.791,20.0,50.0,24.0,0
1,0,1,1,549.148,20.0,50.0,24.0,0
1,0,1,1,546.538,20.0,50.0,24.0,0
1,0,1,1,547.315,20.0,50.0,24.0,0
1,0,1,1,563.664,20.0,50.0,24.0,0
1,0,1,1,565.765,20.0,50.0,24.0,0
1,0,1,1,572.998,20.0,50.0,24.0,0
1,0,1,1,577.917,20.0,50.0,24.0,0
1,0,1,1,586.743,20.0,50.0,24.0,0
1,0,1,1,591.72,20.0,50.0,24.0,0
1,0,1,1,594.837,20.0,50.0,24.0,0
1,0,1,1,598.278,20.0,50.0,24.0,0
1,0,1,1,599.562,20.0,50.0,24.0,0
1,0,1,1,608.161,20.0,50.0,24.0,0
1,0,1,1,612.584,20.0,50.0,24.0,0
1,0,1,1,611.126,20.0,50.0,24.0,0
1,0,1,1,615.355,20.0,50.0,24.0,0
1,0,1,1,612.007,20.0,50.0,24.0,0
1,0,1,1,615.19,20.0,50.0,24.0,0
1,0,1,1,620.577,20.0,50.0,24.0,0
1,0,1,1,624.989,20.0,50.0,24.0,0
1,0,1,1,619.885,20.0,50.0,24.0,0
1,0,1,1,629.424,20.0,50.0,24.0,0
1,0,1,1,633.254,20.0,50.0,24.0,0
1,0,1,1,632.987,20.0,50.0,24.0,0
1,0,1,1,636.252,20.0,50.0,24.0,0
1,0,1,1,637.684,20.0,50.0,24.0,0
1,0,1,1,633.821,20.0,50.0,24.0,0
1,0,1,1,633.064,20.0,50.0,24.0,0
1,0,1,1,640.086,20.0,50.0,24.0,0
1,0,1,1,638.874,20.0,50.0,24.0,0
1,0,1,1,641.629,20.0,50.0,24.0,0
1,0,1,1,645.664,20.0,50.0,24.0,0
1,0,1,1,647.825,20.0,50.0,24.0,0
1,0,1,1,646.522,20.0,50.0,24.0,0
1,0,1,1,652.313,20.0,50.0,24.0,0
1,0,1,1,654.939,20.0,50.0,24.0,0
1,0,1,1,643.305,20.0,50.0,24.0,0
1,0,1,1,639.781,20.0,50.0,24.0,0
1,0,1,1,645.509,20.0,50.0,24.0,0
1,0,1,1,648.642,20.0,50.0,24.0,0
1,0,1,1,646.549,20.0,50.0,24.0,0
1,0,1,1,650.944,20.0,50.0,24.0,0
1,0,1,1,647.453,20.0,50.0,24.0,0
1,0,1,1,646.449,20.0,50.0,24.0,0
1,0,1,1,648.577,20.0,50.0,24.0,0
1,0,1,1,649.055,20.0,50.0,24.0,0
1,0,1,1,648.015,20.0,50.0,24.0,0
1,0,1,1,647.968,20.0,50.0,24.0,0
1,0,1,1,655.88,20.0,50.0,24.0,0
1,0,1,1,657.331,20.0,50.0,24.0,0
1,0,1,1,660.1,20.0,50.0,24.0,0
1,0,1,1,663.858,20.0,50.0,24.0,0
1,0,1,1,661.473,20.0,50.0,24.0,0
1,0,1,1,664.355,20.0,50.0,24.0,0
1,0,1,1,661.994,20.0,50.0,24.0,0
1,0,1,1,664.131,20.0,50.0,24.0,0
1,0,1,1,658.918,20.0,50.0,24.0,0
1,0,1,1,664.032,20.0,50.0,24.0,0
1,0,1,1,657.746,20.0,50.0,24.0,0
1,0,1,1,651.611,20.0,50.0,24.0,0
1,0,1,1,653.383,20.0,50.0,24.0,0
1,0,1,1,646.731,20.0,50.0,24.0,0
1,0,1,1,645.921,20.0,50.0,24.0,0
1,0,1,1,652.384,20.0,50.0,24.0,0
1,0,1,1,649.167,20.0,50.0,24.0,0
1,0,1,1,660.083,20.0,50.0,24.0,0
1,0,1,1,661.97,20.0,50.0,24.0,0
1,0,1,1,661.696,20.0,50.0,24.0,0
1,0,1,1,664.703,20.0,50.0,24.0,0
1,0,1,1,668.21,20.0,50.0,24.0,0
1,0,1,1,668.02,20.0,50.0,24.0,0
1,0,1,1,663.404,20.0,50.0,24.0,0
1,0,1,1,659.646,20.0,50.0,24.0,0
1,0,1,1,663.382,20.0,50.0,24.0,0
1,0,1,1,663.9,20.0,50.0,24.0,0
1,0,1,1,666.734,20.0,50.0,24.0,0
1,0,1,1,668.384,20.0,50.0,24.0,0
1,0,1,1,670.679,20.0,50.0,24.0,0
1,0,1,1,677.023,20.0,50.0,24.0,0
1,0,1,1,673.043,20.0,50.0,24.0,0
1,0,1,1,668.62,20.0,50.0,24.0,0
1,0,1,1,670.148,20.0,50.0,24.0,0
1,0,1,1,668.36,20.0,50.0,24.0,0
1,0,1,1,661.891,20.0,50.0,24.0,0
1,0,1,1,656.626,20.0,50.0,24.0,0
1,0,1,1,658.505,20.0,50.0,24.0,0
1,0,1,1,661.179,20.0,50.0,24.0,0
1,0,1,1,663.86,20.0,50.0,24.0,0
1,0,1,1,672.422,20.0,50.0,24.0,0
1,0,1,1,680.693,20.0,50.0,24.0,0
1,0,1,1,689.477,20.0,50.0,24.0,0
1,0,1,1,675.121,20.0,50.0,24.0,0
1,0,1,1,679.353,20.0,50.0,24.0,0
1,0,1,1,684.693,20.0,50.0,24.0,0
1,0,1,1,683.348,20.0,50.0,24.0,0
1,0,1,1,682.651,20.0,50.0,24.0,0
1,0,1,1,693.568,20.0,50.0,24.0,0
1,0,1,1,692.354,20.0,50.0,24.0,0
1,0,1,1,689.303,20.0,50.0,24.0,0
1,0,1,1,683.932,20.0,50.0,24.0,0
1,0,1,1,683.919,20.0,50.0,24.0,0
1,0,1,1,682.715,20.0,50.0,24.0,0
1,0,1,1,681.015,20.0,50.0,24.0,0
1,0,1,1,683.822,20.0,50.0,24.0,0
1,0,1,1,682.005,20.0,50.0,24.0,0
1,0,1,1,682.509,20.0,50.0,24.0,0
1,0,1,1,682.399,20.0,50.0,24.0,0
1,0,1,1,683.853,20.0,50.0,24.0,0
1,0,1,1,681.578,20.0,50.0,24.0,0
1,0,1,1,674.227,20.0,50.0,24.0,0
1,0,1,1,679.712,20.0,50.0,24.0,0
1,0,1,1,683.132,20.0,50.0,24.0,0
1,0,1,1,684.165,20.0,50.0,24.0,0
1,0,1,1,683.153,20.0,50.0,24.0,0
1,0,1,1,682.04,20.0,50.0,24.0,0
1,0,1,1,681.631,20.0,50.0,24.0,0
1,0,1,1,679.992,20.0,50.0,24.0,0
1,0,1,1,678.391,20.0,50.0,24.0,0
1,0,1,1,676.074,20.0,50.0,24.0,0
1,0,1,1,680.392,20.0,50.0,24.0,0
1,0,1,1,693.939,20.0,50.0,24.0,0
1,0,1,1,693.514,20.0,50.0,24.0,0
1,0,1,1,700.542,20.0,50.0,24.0,0
1,0,1,1,701.466,20.0,50.0,24.0,0
1,0,1,1,699.776,20.0,50.0,24.0,0
1,0,1,1,708.125,20.0,50.0,24.0,0
1,0,1,1,700.677,20.0,50.0,24.0,0
1,0,1,1,709.65,20.0,50.0,24.0,0
1,0,1,1,705.28,20.0,50.0,24.0,0
1,0,1,1,708.719,20.0,50.0,24.0,0
1,0,1,1,712.182,20.0,50.0,24.0,0
1,0,1,1,697.943,20.0,50.0,24.0,0
1,0,1,1,710.021,20.0,50.0,24.0,0
1,0,1,1,731.14,20.0,50.0,24.0,0
1,0,1,1,738.218,20.0,50.0,24.0,0
1,0,1,1,718.598,20.0,50.0,24.0,0
1,0,1,1,710.795,20.0,50.0,24.0,0
1,0,1,1,714.799,20.0,50.0,24.0,0
1,0,1,1,643.936,20.0,50.0,24.0,0
1,0,1,1,579.633,20.0,50.0,24.0,0
1,0,1,1,529.882,20.0,50.0,24.0,0
1,0,1,1,513.283,20.0,50.0,24.0,0
1,0,1,1,529.471,20.0,50.0,24.0,0
1,0,1,1,524.741,20.0,50.0,24.0,0
1,0,1,1,536.131,20.0,50.0,24.0,0
1,0,1,1,536.74,20.0,50.0,24.0,0
1,0,1,1,531.356,20.0,50.0,24.0,0
1,0,1,1,528.677,20.0,50.0,24.0,0
1,0,1,1,527.772,20.0,50.0,24.0,0
1,0,1,1,525.424,20.0,50.0,24.0,0
1,0,1,1,521.233,20.0,50.0,24.0,0
1,0,1,1,517.69,20.0,50.0,24.0,0
1,0,1,1,515.413,20.0,50.0,24.0,0
1,0,1,1,516.275,20.0,50.0,24.0,0
1,0,1,1,514.869,20.0,50.0,24.0,0
1,0,1,1,508.173,20.0,50.0,24.0,0
1,0,1,1,505.181,20.0,50.0,24.0,0
1,0,1,1,502.393,20.0,50.0,24.0,0
1,0,1,1,502.1,20.0,50.0,24.0,0
1,0,1,1,500.772,20.0,50.0,24.0,0
1,0,1,1,498.131,20.0,50.0,24.0,0
1,0,1,1,497.501,20.0,50.0,24.0,0
1,0,1,1,494.418,20.0,50.0,24.0,0
1,0,1,1,491.029,20.0,50.0,24.0,0
1,0,1,1,489.99,20.0,50.0,24.0,0
1,0,1,1,487.226,20.0,50.0,24.0,0
1,0,1,1,488.055,20.0,50.0,24.0,0
1,0,1,1,486.035,20.0,50.0,24.0,0
1,0,1,1,486.697,20.0,50.0,24.0,0
1,0,1,1,484.018,20.0,50.0,24.0,0
1,0,1,1,481.042,20.0,50.0,24.0,0
1,0,1,1,479.456,20.0,50.0,24.0,0
1,0,1,1,479.062,20.0,50.0,24.0,0
1,0,1,1,476.498,20.0,50.0,24.0,0
1,0,1,1,473.384,20.0,50.0,24.0,0
1,0,1,1,472.472,20.0,50.0,24.0,0
1,0,1,1,473.049,20.0,50.0,24.0,0
1,0,1,1,470.852,20.0,50.0,24.0,0
1,0,1,1,469.47,20.0,50.0,24.0,0
1,0,1,1,467.687,20.0,50.0,24.0,0
1,0,1,1,467.555,20.0,50.0,24.0,0
1,0,1,1,466.504,20.0,50.0,24.0,0
1,0,1,1,465.076,20.0,50.0,24.0,0
1,0,1,1,466.067,20.0,50.0,24.0,0
1,0,1,1,463.55,20.0,50.0,24.0,0
1,0,1,1,461.231,20.0,50.0,24.0,0
1,0,1,1,461.447,20.0,50.0,24.0,0
1,0,1,1,461.702,20.0,50.0,24.0,0
1,0,1,1,459.241,20.0,50.0,24.0,0
1,0,1,1,457.623,20.0,50.0,24.0,0
1,0,1,1,457.759,20.0,50.0,24.0,0
1,0,1,1,457.581,20.0,50.0,24.0,0
1,0,1,1,454.811,20.0,50.0,24.0,0
1,0,1,1,454.278,20.0,50.0,24.0,0
1,0,1,1,453.128,20.0,50.0,24.0,0
1,0,1,1,452.433,20.0,50.0,24.0,0
1,0,1,1,451.27,20.0,50.0,24.0,0
1,0,1,1,450.635,20.0,50.0,24.0,0
1,0,1,1,450.899,20.0,50.0,24.0,0
1,0,1,1,449.329,20.0,50.0,24.0,0
1,0,1,1,449.929,20.0,50.0,24.0,0
1,0,1,1,448.336,20.0,50.0,24.0,0
1,0,1,1,449.7,20.0,50.0,24.0,0
1,0,1,1,447.22,20.0,50.0,24.0,0
1,0,1,1,447.148,20.0,50.0,24.0,0
1,0,1,1,445.175,20.0,50.0,24.0,0
1,0,1,1,444.457,20.0,50.0,24.0,0
1,0,1,1,444.184,20.0,50.0,24.0,0
1,0,1,1,444.191,20.0,50.0,24.0,0
1,0,1,1,443.48,20.0,50.0,24.0,0
1,0,1,1,442.029,20.0,50.0,24.0,0
1,0,1,1,442.92,20.0,50.0,24.0,0
1,0,1,1,441.909,20.0,50.0,24.0,0
1,0,1,1,441.204,20.0,50.0,24.0,0
1,0,1,1,442.177,20.0,50.0,24.0,0
1,0,1,1,442.587,20.0,50.0,24.0,0
1,0,1,1,440.375,20.0,50.0,24.0,0
1,0,1,1,439.327,20.0,50.0,24.0,0
1,0,1,1,439.539,20.0,50.0,24.0,0
1,0,1,1,436.968,20.0,50.0,24.0,0
1,0,1,1,437.028,20.0,50.0,24.0,0
1,0,1,1,435.88,20.0,50.0,24.0,0
1,0,1,1,436.408,20.0,50.0,24.0,0
1,0,1,1,436.054,20.0,50.0,24.0,0
1,0,1,1,434.467,20.0,50.0,24.0,0
1,0,1,1,435.969,20.0,50.0,24.0,0
1,0,1,1,433.498,20.0,50.0,24.0,0
1,0,1,1,432.785,20.0,50.0,24.0,0
1,0,1,1,433.644,20.0,50.0,24.0,0
1,0,1,1,435.067,20.0,50.0,24.0,0
1,0,1,1,433.781,20.0,50.0,24.0,0
1,0,1,1,432.308,20.0,50.0,24.0,0
1,0,1,1,432.159,20.0,50.0,24.0,0
1,0,1,1,432.449,20.0,50.0,24.0,0
1,0,1,1,433.109,20.0,50.0,24.0,0
1,0,1,1,433.383,20.0,50.0,24.0,0
1,0,1,1,432.439,20.0,50.0,24.0,0
1,0,1,1,432.781,20.0,50.0,24.0,0
1,0,1,1,430.884,20.0,50.0,24.0,0
1,0,1,1,430.917,20.0,50.0,24.0,0
1,0,1,1,430.101,20.0,50.0,24.0,0
1,0,1,1,430.196,20.0,50.0,24.0,0
1,0,1,1,431.253,20.0,50.0,24.0,0
1,0,1,1,429.45,20.0,50.0,24.0,0
1,0,1,1,430.297,20.0,50.0,24.0,0
1,0,1,1,430.989,20.0,50.0,24.0,0
1,0,1,1,428.765,20.0,50.0,24.0,0
1,0,1,1,426.205,20.0,50.0,24.0,0
1,0,1,1,428.911,20.0,50.0,24.0,0
1,0,1,1,427.318,20.0,50.0,24.0,0
1,0,1,1,426.176,20.0,50.0,24.0,0
1,0,1,1,427.574,20.0,50.0,24.0,0
1,0,1,1,426.947,20.0,50.0,24.0,0
1,0,1,1,427.416,20.0,50.0,24.0,0
1,0,1,1,425.627,20.0,50.0,24.0,0
1,0,1,1,426.231,20.0,50.0,24.0,0
1,0,1,1,425.12,20.0,50.0,24.0,0
1,0,1,1,426.435,20.0,50.0,24.0,0
1,0,1,1,426.485,20.0,50.0,24.0,0
1,0,1,1,426.877,20.0,50.0,24.0,0
1,0,1,1,426.67,20.0,50.0,24.0,0
1,0,1,1,426.188,20.0,50.0,24.0,0
1,0,1,1,425.614,20.0,50.0,24.0,0
1,0,1,1,424.705,20.0,50.0,24.0,0
1,0,1,1,425.233,20.0,50.0,24.0,0
1,0,1,1,424.536,20.0,50.0,24.0,0
1,0,1,1,423.071,20.0,50.0,24.0,0
1,0,1,1,424.058,20.0,50.0,24.0,0
1,0,1,1,423.065,20.0,50.0,24.0,0
1,0,1,1,423.92,20.0,50.0,24.0,0
1,0,1,1,424.528,20.0,50.0,24.0,0
1,0,1,1,423.427,20.0,50.0,24.0,0
1,0,1,1,423.357,20.0,50.0,24.0,0
1,0,1,1,423.559,20.0,50.0,24.0,0
1,0,1,1,423.007,20.0,50.0,24.0,0
1,0,1,1,423.877,20.0,50.0,24.0,0
1,0,1,1,424.387,20.0,50.0,24.0,0
1,0,1,1,423.548,20.0,50.0,24.0,0
1,0,1,1,421.823,20.0,50.0,24.0,0
1,0,1,1,422.281,20.0,50.0,24.0,0
1,0,1,1,421.216,20.0,50.0,24.0,0
1,0,1,1,422.938,20.0,50.0,24.0,0
1,0,1,1,422.112,20.0,50.0,24.0,0
1,0,1,1,421.103,20.0,50.0,24.0,0
1,0,1,1,422.163,20.0,50.0,24.0,0
1,0,1,1,423.198,20.0,50.0,24.0,0
1,0,1,1,423.187,20.0,50.0,24.0,0
1,0,1,1,420.959,20.0,50.0,24.0,0
1,0,1,1,419.053,20.0,50.0,24.0,0
1,0,1,1,420.484,20.0,50.0,24.0,0
1,0,1,1,420.861,20.0,50.0,24.0,0
1,0,1,1,420.319,20.0,50.0,24.0,0
1,0,1,1,420.368,20.0,50.0,24.0,0
1,0,1,1,420.467,20.0,50.0,24.0,0
1,0,1,1,417.755,20.0,50.0,24.0,0
1,0,1,1,420.045,20.0,50.0,24.0,0
1,0,1,1,421.824,20.0,50.0,24.0,0
1,0,1,1,420.102,20.0,50.0,24.0,0
1,0,1,1,419.467,20.0,50.0,24.0,0
1,0,1,1,421.445,20.0,50.0,24.0,0
1,0,1,1,420.485,20.0,50.0,24.0,0
1,0,1,1,419.462,20.0,50.0,24.0,0
1,0,1,1,420.846,20.0,50.0,24.0,0
1,0,1,1,420.737,20.0,50.0,24.0,0
1,0,1,1,420.824,20.0,50.0,24.0,0
1,0,1,1,420.537,20.0,50.0,24.0,0
1,0,1,1,419.429,20.0,50.0,24.0,0
1,0,1,1,419.968,20.0,50.0,24.0,0
1,0,1,1,420.36,20.0,50.0,24.0,0
1,0,1,1,421.938,20.0,50.0,24.0,0
1,0,1,1,420.67,20.0,50.0,24.0,0
1,0,1,1,419.778,20.0,50.0,24.0,0
1,0,1,1,419.918,20.0,50.0,24.0,0
1,0,1,1,419.857,20.0,50.0,24.0,0
1,0,1,1,419.87,20.0,50.0,24.0,0
1,0,1,1,419.857,20.0,50.0,24.0,0
1,0,1,1,419.196,20.0,50.0,24.0,0
1,0,1,1,418.132,20.0,50.0,24.0,0
1,0,1,1,418.128,20.0,50.0,24.0,0
1,0,1,1,418.787,20.0,50.0,24.0,0
1,0,1,1,419.479,20.0,50.0,24.0,0
1,0,1,1,418.521,20.0,50.0,24.0,0
1,0,1,1,417.88,20.0,50.0,24.0,0
1,0,1,1,420.244,20.0,50.0,24.0,0
1,0,1,1,418.835,20.0,50.0,24.0,0
1,0,1,1,417.152,20.0,50.0,24.0,0
1,0,1,1,419.259,20.0,50.0,24.0,0
1,0,1,1,417.061,20.0,50.0,24.0,0
1,0,1,1,419.153,20.0,50.0,24.0,0
1,0,1,1,417.032,20.0,50.0,24.0,0
1,0,1,1,418.856,20.0,50.0,24.0,0
1,0,1,1,416.002,20.0,50.0,24.0,0
1,0,1,1,416.69,20.0,50.0,24.0,0
1,0,1,1,419.097,20.0,50.0,24.0,0
1,0,1,1,416.239,20.0,50.0,24.0,0
1,0,1,1,418.203,20.0,50.0,24.0,0
1,0,1,1,417.44,20.0,50.0,24.0,0
1,0,1,1,417.117,20.0,50.0,24.0,0
1,0,1,1,415.897,20.0,50.0,24.0,0
1,0,1,1,416.578,20.0,50.0,24.0,0
1,0,1,1,416.75,20.0,50.0,24.0,0
1,0,1,1,417.216,20.0,50.0,24.0,0
1,0,1,1,417.405,20.0,50.0,24.0,0
1,0,1,1,416.864,20.0,50.0,24.0,0
1,0,1,1,418.421,20.0,50.0,24.0,0
1,0,1,1,416.619,20.0,50.0,24.0,0
1,0,1,1,416.437,20.0,50.0,24.0,0
1,0,1,1,417.298,20.0,50.0,24.0,0
1,0,1,1,417.891,20.0,50.0,24.0,0
1,0,1,1,418.151,20.0,50.0,24.0,0
1,0,1,1,417.247,20.0,50.0,24.0,0
1,0,1,1,416.208,20.0,50.0,24.0,0
1,0,1,1,417.299,20.0,50.0,24.0,0
1,0,1,1,416.507,20.0,50.0,24.0,0
1,0,1,1,418.564,20.0,50.0,24.0,0
1,0,1,1,416.451,20.0,50.0,24.0,0
1,0,1,1,416.644,20.0,50.0,24.0,0
1,0,1,1,418.284,20.0,50.0,24.0,0
1,0,1,1,417.761,20.0,50.0,24.0,0
1,0,1,1,416.674,20.0,50.0,24.0,0
1,0,1,1,416.326,20.0,50.0,24.0,0
1,0,1,1,417.568,20.0,50.0,24.0,0
1,0,1,1,415.001,20.0,50.0,24.0,0
1,0,1,1,416.499,20.0,50.0,24.0,0
1,0,1,1,417.078,20.0,50.0,24.0,0
1,0,1,1,417.268,20.0,50.0,24.0,0
1,0,1,1,416.331,20.0,50.0,24.0,0
1,0,1,1,415.742,20.0,50.0,24.0,0
1,0,1,1,416.989,20.0,50.0,24.0,0
1,0,1,1,417.934,20.0,50.0,24.0,0
1,0,1,1,417.995,20.0,50.0,24.0,0
1,0,1,1,417.238,20.0,50.0,24.0,0
1,0,1,1,417.204,20.0,50.0,24.0,0
1,0,1,1,415.489,20.0,50.0,24.0,0
1,0,1,1,416.026,20.0,50.0,24.0,0
1,0,1,1,418.753,20.0,50.0,24.0,0
1,0,1,1,417.617,20.0,50.0,24.0,0
1,0,1,1,416.781,20.0,50.0,24.0,0
1,0,1,1,415.388,20.0,50.0,24.0,0
1,0,1,1,415.544,20.0,50.0,24.0,0
1,0,1,1,415.991,20.0,50.0,24.0,0
1,0,1,1,417.139,20.0,50.0,24.0,0
1,0,1,1,415.641,20.0,50.0,24.0,0
1,0,1,1,415.762,20.0,50.0,24.0,0
1,0,1,1,418.812,20.0,50.0,24.0,0
1,0,1,1,416.666,20.0,50.0,24.0,0
1,0,1,1,417.297,20.0,50.0,24.0,0
1,0,1,1,416.705,20.0,50.0,24.0,0
1,0,1,1,416.091,20.0,50.0,24.0,0
1,0,1,1,416.476,20.0,50.0,24.0,0
1,0,1,1,416.916,20.0,50.0,24.0,0
1,0,1,1,417.02,20.0,50.0,24.0,0
1,0,1,1,414.562,20.0,50.0,24.0,0
1,0,1,1,416.893,20.0,50.0,24.0,0
1,0,1,1,416.219,20.0,50.0,24.0,0
1,0,1,1,418.2,20.0,50.0,24.0,0
1,0,1,1,415.931,20.0,50.0,24.0,0
1,0,1,1,415.985,20.0,50.0,24.0,0
1,0,1,1,416.19,20.0,50.0,24.0,0
1,0,1,1,418.628,20.0,50.0,24.0,0
1,0,1,1,415.393,20.0,50.0,24.0,0
1,0,1,1,414.918,20.0,50.0,24.0,0
1,0,1,1,418.175,20.0,50.0,24.0,0
1,0,1,1,416.086,20.0,50.0,24.0,0
1,0,1,1,416.913,20.0,50.0,24.0,0
1,0,1,1,414.434,20.0,50.0,24.0,0
1,0,1,1,414.706,20.0,50.0,24.0,0
1,0,1,1,414.56,20.0,50.0,24.0,0
1,0,1,1,415.651,20.0,50.0,24.0,0
1,0,1,1,415.443,20.0,50.0,24.0,0
1,0,1,1,416.982,20.0,50.0,24.0,0
1,0,1,1,415.541,20.0,50.0,24.0,0
1,0,1,1,417.44,20.0,50.0,24.0,0
1,0,1,1,417.176,20.0,50.0,24.0,0
1,0,1,1,415.338,20.0,50.0,24.0,0
1,0,1,1,414.29,20.0,50.0,24.0,0
1,0,1,1,416.449,20.0,50.0,24.0,0
1,0,1,1,415.38,20.0,50.0,24.0,0
1,0,1,1,414.268,20.0,50.0,24.0,0
1,0,1,1,415.803,20.0,50.0,24.0,0
1,0,1,1,415.542,20.0,50.0,24.0,0
1,0,1,1,417.339,20.0,50.0,24.0,0
1,0,1,1,418.012,20.0,50.0,24.0,0
1,0,1,1,415.227,20.0,50.0,24.0,0
1,0,1,1,414.053,20.0,50.0,24.0,0
1,0,1,1,413.696,20.0,50.0,24.0,0
1,0,1,1,415.202,20.0,50.0,24.0,0
1,0,1,1,416.27,20.0,50.0,24.0,0
1,0,1,1,415.895,20.0,50.0,24.0,0
1,0,1,1,416.457,20.0,50.0,24.0,0
1,0,1,1,417.637,20.0,50.0,24.0,0
1,0,1,1,415.905,20.0,50.0,24.0,0
1,0,1,1,416.527,20.0,50.0,24.0,0
1,0,1,1,416.062,20.0,50.0,24.0,0
1,0,1,1,415.381,20.0,50.0,24.0,0
1,0,1,1,415.122,20.0,50.0,24.0,0
1,0,1,1,416.85,20.0,50.0,24.0,0
1,0,1,1,415.717,20.0,50.0,24.0,0
1,0,1,1,416.085,20.0,50.0,24.0,0
1,0,1,1,418.264,20.0,50.0,24.0,0
1,0,1,1,420.05,20.0,50.0,24.0,0
1,0,1,1,417.014,20.0,50.0,24.0,0
1,0,1,1,417.57,20.0,50.0,24.0,0
1,0,1,1,416.414,20.0,50.0,24.0,0
1,0,1,1,416.507,20.0,50.0,24.0,0
1,0,1,1,415.086,20.0,50.0,24.0,0
1,0,1,1,416.092,20.0,50.0,24.0,0
1,0,1,1,416.167,20.0,50.0,24.0,0
1,0,1,1,416.425,20.0,50.0,24.0,0
1,0,1,1,415.769,20.0,50.0,24.0,0
1,0,1,1,416.174,20.0,50.0,24.0,0
1,0,1,1,418.039,20.0,50.0,24.0,0
1,0,1,1,416.68,20.0,50.0,24.0,0
1,0,1,1,417.519,20.0,50.0,24.0,0
1,0,1,1,416.996,20.0,50.0,24.0,0
1,0,1,1,417.181,20.0,50.0,24.0,0
1,0,1,1,415.681,20.0,50.0,24.0,0
1,0,1,1,416.184,20.0,50.0,24.0,0
1,0,1,1,416.163,20.0,50.0,24.0,0
1,0,1,1,415.297,20.0,50.0,24.0,0
1,0,1,1,412.607,20.0,50.0,24.0,0
1,0,1,1,414.604,20.0,50.0,24.0,0
1,0,1,1,415.708,20.0,50.0,24.0,0
1,0,1,1,417.041,20.0,50.0,24.0,0
1,0,1,1,415.309,20.0,50.0,24.0,0
1,0,1,1,418.577,20.0,50.0,24.0,0
1,0,1,1,417.184,20.0,50.0,24.0,0
1,0,1,1,417.186,20.0,50.0,24.0,0
1,0,1,1,416.68,20.0,50.0,24.0,0
1,0,1,1,417.522,20.0,50.0,24.0,0
1,0,1,1,415.185,20.0,50.0,24.0,0
1,0,1,1,416.661,20.0,50.0,24.0,0
1,0,1,1,414.82,20.0,50.0,24.0,0
1,0,1,1,416.851,20.0,50.0,24.0,0
1,0,1,1,416.983,20.0,50.0,24.0,0
1,0,1,1,417.949,20.0,50.0,24.0,0
1,0,1,1,417.639,20.0,50.0,24.0,0
1,0,1,1,421.247,20.0,50.0,24.0,0
1,0,1,1,420.158,20.0,50.0,24.0,0
1,0,1,1,438.647,20.0,50.0,24.0,0
1,0,1,1,474.238,20.0,50.0,24.0,0
1,0,1,1,490.247,20.0,50.0,24.0,0
1,0,1,1,497.279,20.0,50.0,24.0,0
1,0,1,1,498.319,20.0,50.0,24.0,0
1,0,1,1,502.291,20.0,50.0,24.0,0
1,0,1,1,503.161,20.0,50.0,24.0,0
1,0,1,1,510.375,20.0,50.0,24.0,0
1,0,1,1,517.8,20.0,50.0,24.0,0
1,0,1,1,523.449,20.0,50.0,24.0,0
1,0,1,1,535.59,20.0,50.0,24.0,0
1,0,1,1,538.783,20.0,50.0,24.0,0
1,0,1,1,547.363,20.0,50.0,24.0,0
1,0,1,1,554.036,20.0,50.0,24.0,0
1,0,1,1,592.607,20.0,50.0,24.0,0
1,0,1,1,641.914,20.0,50.0,24.0,0
1,0,1,1,666.569,20.0,50.0,24.0,0
1,0,1,1,660.882,20.0,50.0,24.0,0
1,0,1,1,667.265,20.0,50.0,24.0,0
1,0,1,1,669.716,20.0,50.0,24.0,0
1,0,1,1,647.286,20.0,50.0,24.0,0
1,0,1,1,628.291,20.0,50.0,24.0,0
1,0,1,1,636.213,20.0,50.0,24.0,0
1,0,1,1,659.068,20.0,50.0,24.0,0
1,0,1,1,666.974,20.0,50.0,24.0,0
1,0,1,1,677.082,20.0,50.0,24.0,0
1,0,1,1,682.8,20.0,50.0,24.0,0
1,0,1,1,688.893,20.0,50.0,24.0,0
1,0,1,1,695.426,20.0,50.0,24.0,0
1,0,1,1,696.451,20.0,50.0,24.0,0
1,0,1,1,696.811,20.0,50.0,24.0,0
1,0,1,1,702.901,20.0,50.0,24.0,0
1,0,1,1,709.492,20.0,50.0,24.0,0
1,0,1,1,708.675,20.0,50.0,24.0,0
1,0,1,1,733.222,20.0,50.0,24.0,0
1,0,1,1,782.525,20.0,50.0,24.0,0
1,0,1,1,791.144,20.0,50.0,24.0,0
1,0,1,1,776.702,20.0,50.0,24.0,0
1,0,1,1,766.92,20.0,50.0,24.0,0
1,0,1,1,746.404,20.0,50.0,24.0,0
1,0,1,1,740.965,20.0,50.0,24.0,0
1,0,1,1,747.031,20.0,50.0,24.0,0
1,0,1,1,753.178,20.0,50.0,24.0,0
1,0,1,1,765.583,20.0,50.0,24.0,0
1,0,1,1,771.389,20.0,50.0,24.0,0
1,0,1,1,768.552,20.0,50.0,24.0,0
1,0,1,1,768.818,20.0,50.0,24.0,0
1,0,1,1,765.142,20.0,50.0,24.0,0
1,0,1,1,760.724,20.0,50.0,24.0,0
1,0,1,1,758.726,20.0,50.0,24.0,0
1,0,1,1,762.85,20.0,50.0,24.0,0
1,0,1,1,769.826,20.0,50.0,24.0,0
1,0,1,1,774.82,20.0,50.0,24.0,0
1,0,1,1,776.497,20.0,50.0,24.0,0
1,0,1,1,774.057,20.0,50.0,24.0,0
1,0,1,1,772.366,20.0,50.0,24.0,0
1,0,1,1,773.939,20.0,50.0,24.0,0
1,0,1,1,771.038,20.0,50.0,24.0,0
1,0,1,1,773.888,20.0,50.0,24.0,0
1,0,1,1,777.411,20.0,50.0,24.0,0
1,0,1,1,779.089,20.0,50.0,24.0,0
1,0,1,1,777.741,20.0,50.0,24.0,0
1,0,1,1,781.556,20.0,50.0,24.0,0
1,0,1,1,784.195,20.0,50.0,24.0,0
1,0,1,1,788.545,20.0,50.0,24.0,0
1,0,1,1,790.467,20.0,50.0,24.0,0
1,0,1,1,793.209,20.0,50.0,24.0,0
1,0,1,1,799.762,20.0,50.0,24.0,0
1,0,1,1,809.366,20.0,50.0,24.0,1
1,0,1,1,813.162,20.0,50.0,24.0,1
1,0,1,1,815.264,20.0,50.0,24.0,1
1,0,1,1,819.507,20.0,50.0,24.0,1
1,0,1,1,832.416,20.0,50.0,24.0,1
1,0,1,1,845.398,20.0,50.0,24.0,1
1,0,1,1,846.416,20.0,50.0,24.0,1
1,0,1,1,844.156,20.0,50.0,24.0,1
1,0,1,1,835.737,20.0,50.0,24.0,1
1,0,1,1,834.214,20.0,50.0,24.0,1
1,0,1,1,836.256,20.0,50.0,24.0,1
1,0,1,1,842.287,20.0,50.0,24.0,1
1,0,1,1,853.871,20.0,50.0,24.0,1
1,0,1,1,856.622,20.0,50.0,24.0,1
1,0,1,1,859.41,20.0,50.0,24.0,1
1,0,1,1,876.081,20.0,50.0,24.0,1
1,0,1,1,895.895,20.0,50.0,24.0,1
1,0,1,1,903.034,20.0,50.0,24.0,1
1,0,1,1,888.008,20.0,50.0,24.0,1
1,0,1,1,893.186,20.0,50.0,24.0,1
1,0,1,1,891.882,20.0,50.0,24.0,1
1,0,1,1,893.8,20.0,50.0,24.0,1
1,0,1,1,887.117,20.0,50.0,24.0,1
1,0,1,1,881.879,20.0,50.0,24.0,1
1,0,1,1,890.561,20.0,50.0,24.0,1
1,0,1,1,904.039,20.0,50.0,24.0,1
1,0,1,1,890.272,20.0,50.0,24.0,1
1,0,1,1,913.196,20.0,50.0,24.0,1
1,0,1,1,910.604,20.0,50.0,24.0,1
1,0,1,1,898.773,20.0,50.0,24.0,1
1,0,1,1,896.105,20.0,50.0,24.0,1
1,0,1,1,906.544,20.0,50.0,24.0,1
1,0,1,1,912.434,20.0,50.0,24.0,1
1,0,1,1,919.151,20.0,50.0,24.0,1
1,0,1,1,899.731,20.0,50.0,24.0,1
1,0,1,1,887.405,20.0,50.0,24.0,1
1,0,1,1,883.753,20.0,50.0,24.0,1
1,0,1,1,890.341,20.0,50.0,24.0,1
1,0,1,1,890.914,20.0,50.0,24.0,1
1,0,1,1,890.972,20.0,50.0,24.0,1
1,0,1,1,880.371,20.0,50.0,24.0,1
1,0,1,1,874.126,20.0,50.0,24.0,1
1,0,1,1,869.336,20.0,50.0,24.0,1
1,0,1,1,756.296,20.0,50.0,24.0,0
1,0,1,1,581.733,20.0,50.0,24.0,0
1,0,1,1,504.433,20.0,50.0,24.0,0
1,0,1,1,470.234,20.0,50.0,24.0,0
1,0,1,1,449.671,20.0,50.0,24.0,0
1,0,1,1,440.247,20.0,50.0,24.0,0
1,0,1,1,451.058,20.0,50.0,24.0,0
1,0,1,1,458.085,20.0,50.0,24.0,0
1,0,1,1,461.292,20.0,50.0,24.0,0
1,0,1,1,481.215,20.0,50.0,24.0,0
1,0,1,1,493.893,20.0,50.0,24.0,0
1,0,1,1,510.098,20.0,50.0,24.0,0
1,0,1,1,514.745,20.0,50.0,24.0,0
1,0,1,1,528.463,20.0,50.0,24.0,0
1,0,1,1,543.952,20.0,50.0,24.0,0
1,0,1,1,564.71,20.0,50.0,24.0,0
1,0,1,1,569.462,20.0,50.0,24.0,0
1,0,1,1,581.019,20.0,50.0,24.0,0
1,0,1,1,584.568,20.0,50.0,24.0,0
1,0,1,1,586.928,20.0,50.0,24.0,0
1,0,1,1,597.557,20.0,50.0,24.0,0
1,0,1,1,606.484,20.0,50.0,24.0,0
1,0,1,1,612.904,20.0,50.0,24.0,0
1,0,1,1,620.888,20.0,50.0,24.0,0
1,0,1,1,627.225,20.0,50.0,24.0,0
1,0,1,1,630.397,20.0,50.0,24.0,0
1,0,1,1,634.034,20.0,50.0,24.0,0
1,0,1,1,638.053,20.0,50.0,24.0,0
1,0,1,1,653.264,20.0,50.0,24.0,0
1,0,1,1,676.886,20.0,50.0,24.0,0
1,0,1,1,681.424,20.0,50.0,24.0,0
1,0,1,1,685.625,20.0,50.0,24.0,0
1,0,1,1,693.41,20.0,50.0,24.0,0
1,0,1,1,703.483,20.0,50.0,24.0,0
1,0,1,1,699.304,20.0,50.0,24.0,0
1,0,1,1,632.828,20.0,50.0,24.0,0
1,0,1,1,594.392,20.0,50.0,24.0,0
1,0,1,1,582.682,20.0,50.0,24.0,0
1,0,1,1,574.013,20.0,50.0,24.0,0
1,0,1,1,565.035,20.0,50.0,24.0,0
1,0,1,1,556.735,20.0,50.0,24.0,0
1,0,1,1,540.364,20.0,50.0,24.0,0
1,0,1,1,531.296,20.0,50.0,24.0,0
1,0,1,1,523.204,20.0,50.0,24.0,0
1,0,1,1,517.172,20.0,50.0,24.0,0
1,0,1,1,514.163,20.0,50.0,24.0,0
1,0,1,1,500.735,20.0,50.0,24.0,0
1,0,1,1,491.91,20.0,50.0,24.0,0
1,0,1,1,482.894,20.0,50.0,24.0,0
1,0,1,1,475.243,20.0,50.0,24.0,0
1,0,1,1,470.87,20.0,50.0,24.0,0
1,0,1,1,467.558,20.0,50.0,24.0,0
1,0,1,1,466.218,20.0,50.0,24.0,0
1,0,1,1,466.325,20.0,50.0,24.0,0
1,0,1,1,462.308,20.0,50.0,24.0,0
1,0,1,1,459.643,20.0,50.0,24.0,0
1,0,1,1,459.67,20.0,50.0,24.0,0
1,0,1,1,461.725,20.0,50.0,24.0,0
1,0,1,1,457.346,20.0,50.0,24.0,0
1,0,1,1,452.566,20.0,50.0,24.0,0
1,0,1,1,453.103,20.0,50.0,24.0,0
1,0,1,1,453.139,20.0,50.0,24.0,0
1,0,1,1,458.126,20.0,50.0,24.0,0
1,0,1,1,457.963,20.0,50.0,24.0,0
1,0,1,1,455.372,20.0,50.0,24.0,0
1,0,1,1,453.181,20.0,50.0,24.0,0
1,0,1,1,450.6,20.0,50.0,24.0,0
1,0,1,1,452.833,20.0,50.0,24.0,0
1,0,1,1,451.454,20.0,50.0,24.0,0
1,0,1,1,451.39,20.0,50.0,24.0,0
1,0,1,1,453.669,20.0,50.0,24.0,0
1,0,1,1,457.073,20.0,50.0,24.0,0
1,0,1,1,458.35,20.0,50.0,24.0,0
1,0,1,1,455.078,20.0,50.0,24.0,0
1,0,1,1,456.55,20.0,50.0,24.0,0
1,0,1,1,455.032,20.0,50.0,24.0,0
1,0,1,1,453.11,20.0,50.0,24.0,0
1,0,1,1,452.758,20.0,50.0,24.0,0
1,0,1,1,449.738,20.0,50.0,24.0,0
1,0,1,1,445.991,20.0,50.0,24.0,0
1,0,1,1,446.537,20.0,50.0,24.0,0
1,0,1,1,451.007,20.0,50.0,24.0,0
1,0,1,1,453.825,20.0,50.0,24.0,0
1,0,1,1,449.29,20.0,50.0,24.0,0
1,0,1,1,448.766,20.0,50.0,24.0,0
1,0,1,1,446.319,20.0,50.0,24.0,0
1,0,1,1,444.247,20.0,50.0,24.0,0
1,0,1,1,442.482,20.0,50.0,24.0,0
1,0,1,1,443.032,20.0,50.0,24.0,0
1,0,1,1,444.387,20.0,50.0,24.0,0
1,0,1,1,439.184,20.0,50.0,24.0,0
1,0,1,1,436.75,20.0,50.0,24.0,0
1,0,1,1,440.926,20.0,50.0,24.0,0
1,0,1,1,439.946,20.0,50.0,24.0,0
1,0,1,1,443.772,20.0,50.0,24.0,0
1,0,1,1,442.147,20.0,50.0,24.0,0
1,0,1,1,439.493,20.0,50.0,24.0,0
1,0,1,1,447.658,20.0,50.0,24.0,0
1,0,1,1,461.999,20.0,50.0,24.0,0
1,0,1,1,470.92,20.0,50.0,24.0,0
1,0,1,1,471.626,20.0,50.0,24.0,0
1,0,1,1,476.561,20.0,50.0,24.0,0
1,0,1,1,478.736,20.0,50.0,24.0,0
1,0,1,1,482.534,20.0,50.0,24.0,0
1,0,1,1,488.431,20.0,50.0,24.0,0
1,0,1,1,496.778,20.0,50.0,24.0,0
1,0,1,1,501.184,20.0,50.0,24.0,0
1,0,1,1,509.965,20.0,50.0,24.0,0
1,0,1,1,517.19,20.0,50.0,24.0,0
1,0,1,1,527.398,20.0,50.0,24.0,0
1,0,1,1,531.606,20.0,50.0,24.0,0
1,0,1,1,541.707,20.0,50.0,24.0,0
1,0,1,1,551.843,20.0,50.0,24.0,0
1,0,1,1,557.405,20.0,50.0,24.0,0
1,0,1,1,562.562,20.0,50.0,24.0,0
1,0,1,1,568.756,20.0,50.0,24.0,0
1,0,1,1,569.308,20.0,50.0,24.0,0
1,0,1,1,569.632,20.0,50.0,24.0,0
1,0,1,1,580.486,20.0,50.0,24.0,0
1,0,1,1,588.667,20.0,50.0,24.0,0
1,0,1,1,584.671,20.0,50.0,24.0,0
1,0,1,1,586.404,20.0,50.0,24.0,0
1,0,1,1,589.885,20.0,50.0,24.0,0
1,0,1,1,590.908,20.0,50.0,24.0,0
1,0,1,1,590.03,20.0,50.0,24.0,0
1,0,1,1,590.522,20.0,50.0,24.0,0
1,0,1,1,588.479,20.0,50.0,24.0,0
1,0,1,1,588.232,20.0,50.0,24.0,0
1,0,1,1,596.115,20.0,50.0,24.0,0
1,0,1,1,593.87,20.0,50.0,24.0,0
1,0,1,1,595.999,20.0,50.0,24.0,0
1,0,1,1,599.371,20.0,50.0,24.0,0
1,0,1,1,597.518,20.0,50.0,24.0,0
1,0,1,1,602.921,20.0,50.0,24.0,0
1,0,1,1,605.062,20.0,50.0,24.0,0
1,0,1,1,610.026,20.0,50.0,24.0,0
1,0,1,1,610.025,20.0,50.0,24.0,0
1,0,1,1,612.211,20.0,50.0,24.0,0
1,0,1,1,614.858,20.0,50.0,24.0,0
1,0,1,1,619.018,20.0,50.0,24.0,0
1,0,1,1,618.596,20.0,50.0,24.0,0
1,0,1,1,612.453,20.0,50.0,24.0,0
1,0,1,1,612.124,20.0,50.0,24.0,0
1,0,1,1,619.637,20.0,50.0,24.0,0
1,0,1,1,642.693,20.0,50.0,24.0,0
1,0,1,1,645.705,20.0,50.0,24.0,0
1,0,1,1,642.842,20.0,50.0,24.0,0
1,0,1,1,651.447,20.0,50.0,24.0,0
1,0,1,1,644.628,20.0,50.0,24.0,0
1,0,1,1,646.982,20.0,50.0,24.0,0
1,0,1,1,651.337,20.0,50.0,24.0,0
1,0,1,1,649.633,20.0,50.0,24.0,0
1,0,1,1,656.447,20.0,50.0,24.0,0
1,0,1,1,651.267,20.0,50.0,24.0,0
1,0,1,1,648.657,20.0,50.0,24.0,0
1,0,1,1,650.947,20.0,50.0,24.0,0
1,0,1,1,656.608,20.0,50.0,24.0,0
1,0,1,1,650.551,20.0,50.0,24.0,0
1,0,1,1,650.358,20.0,50.0,24.0,0
1,0,1,1,655.119,20.0,50.0,24.0,0
1,0,1,1,659.631,20.0,50.0,24.0,0
1,0,1,1,652.217,20.0,50.0,24.0,0
1,0,1,1,653.55,20.0,50.0,24.0,0
1,0,1,1,646.966,20.0,50.0,24.0,0
1,0,1,1,654.178,20.0,50.0,24.0,0
1,0,1,1,657.795,20.0,50.0,24.0,0
1,0,1,1,658.589,20.0,50.0,24.0,0
1,0,1,1,662.585,20.0,50.0,24.0,0
1,0,1,1,660.097,20.0,50.0,24.0,0
1,0,1,1,656.375,20.0,50.0,24.0,0
1,0,1,1,654.214,20.0,50.0,24.0,0
1,0,1,1,654.642,20.0,50.0,24.0,0
1,0,1,1,658.9,20.0,50.0,24.0,0
1,0,1,1,657.43,20.0,50.0,24.0,0
1,0,1,1,653.732,20.0,50.0,24.0,0
1,0,1,1,653.704,20.0,50.0,24.0,0
1,0,1,1,653.041,20.0,50.0,24.0,0
1,0,1,1,647.802,20.0,50.0,24.0,0
1,0,1,1,642.594,20.0,50.0,24.0,0
1,0,1,1,639.318,20.0,50.0,24.0,0
1,0,1,1,639.963,20.0,50.0,24.0,0
1,0,1,1,643.298,20.0,50.0,24.0,0
1,0,1,1,642.534,20.0,50.0,24.0,0
1,0,1,1,639.444,20.0,50.0,24.0,0
1,0,1,1,638.202,20.0,50.0,24.0,0
1,0,1,1,639.241,20.0,50.0,24.0,0
1,0,1,1,647.825,20.0,50.0,24.0,0
1,0,1,1,646.917,20.0,50.0,24.0,0
1,0,1,1,647.78,20.0,50.0,24.0,0
1,0,1,1,644.988,20.0,50.0,24.0,0
1,0,1,1,645.463,20.0,50.0,24.0,0
1,0,1,1,645.999,20.0,50.0,24.0,0
1,0,1,1,643.125,20.0,50.0,24.0,0
1,0,1,1,647.582,20.0,50.0,24.0,0
1,0,1,1,647.505,20.0,50.0,24.0,0
1,0,1,1,641.317,20.0,50.0,24.0,0
1,0,1,1,638.96,20.0,50.0,24.0,0
1,0,1,1,644.008,20.0,50.0,24.0,0
1,0,1,1,635.613,20.0,50.0,24.0,0
1,0,1,1,642.108,20.0,50.0,24.0,0
1,0,1,1,639.282,20.0,50.0,24.0,0
1,0,1,1,640.557,20.0,50.0,24.0,0
1,0,1,1,640.261,20.0,50.0,24.0,0
1,0,1,1,639.941,20.0,50.0,24.0,0
1,0,1,1,634.357,20.0,50.0,24.0,0
1,0,1,1,632.597,20.0,50.0,24.0,0
1,0,1,1,627.101,20.0,50.0,24.0,0
1,0,1,1,629.478,20.0,50.0,24.0,0
1,0,1,1,623.296,20.0,50.0,24.0,0
1,0,1,1,622.879,20.0,50.0,24.0,0
1,0,1,1,620.033,20.0,50.0,24.0,0
1,0,1,1,627.449,20.0,50.0,24.0,0
1,0,1,1,620.925,20.0,50.0,24.0,0
1,0,1,1,622.964,20.0,50.0,24.0,0
1,0,1,1,619.389,20.0,50.0,24.0,0
1,0,1,1,614.635,20.0,50.0,24.0,0
1,0,1,1,611.009,20.0,50.0,24.0,0
1,0,1,1,616.748,20.0,50.0,24.0,0
1,0,1,1,614.244,20.0,50.0,24.0,0
1,0,1,1,616.633,20.0,50.0,24.0,0
1,0,1,1,613.812,20.0,50.0,24.0,0
1,0,1,1,610.567,20.0,50.0,24.0,0
1,0,1,1,605.883,20.0,50.0,24.0,0
1,0,1,1,610.623,20.0,50.0,24.0,0
1,0,1,1,611.588,20.0,50.0,24.0,0
1,0,1,1,609.319,20.0,50.0,24.0,0
1,0,1,1,609.367,20.0,50.0,24.0,0
1,0,1,1,610.892,20.0,50.0,24.0,0
1,0,1,1,604.313,20.0,50.0,24.0,0
1,0,1,1,603.014,20.0,50.0,24.0,0
1,0,1,1,604.799,20.0,50.0,24.0,0
1,0,1,1,607.162,20.0,50.0,24.0,0
1,0,1,1,607.436,20.0,50.0,24.0,0
1,0,1,1,610.306,20.0,50.0,24.0,0
1,0,1,1,609.747,20.0,50.0,24.0,0
1,0,1,1,609.164,20.0,50.0,24.0,0
1,0,1,1,608.366,20.0,50.0,24.0,0
1,0,1,1,608.301,20.0,50.0,24.0,0
1,0,1,1,606.745,20.0,50.0,24.0,0
1,0,1,1,612.306,20.0,50.0,24.0,0
1,0,1,1,609.355,20.0,50.0,24.0,0
1,0,1,1,613.831,20.0,50.0,24.0,0
1,0,1,1,617.298,20.0,50.0,24.0,0
1,0,1,1,612.913,20.0,50.0,24.0,0
1,0,1,1,610.447,20.0,50.0,24.0,0
1,0,1,1,602.825,20.0,50.0,24.0,0
1,0,1,1,614.88,20.0,50.0,24.0,0
1,0,1,1,610.872,20.0,50.0,24.0,0
1,0,1,1,614.956,20.0,50.0,24.0,0
1,0,1,1,612.352,20.0,50.0,24.0,0
1,0,1,1,612.794,20.0,50.0,24.0,0
1,0,1,1,616.695,20.0,50.0,24.0,0
1,0,1,1,613.798,20.0,50.0,24.0,0
1,0,1,1,617.145,20.0,50.0,24.0,0
1,0,1,1,609.261,20.0,50.0,24.0,0
1,0,1,1,612.01,20.0,50.0,24.0,0
1,0,1,1,608.869,20.0,50.0,24.0,0
1,0,1,1,613.288,20.0,50.0,24.0,0
1,0,1,1,613.456,20.0,50.0,24.0,0
1,0,1,1,609.008,20.0,50.0,24.0,0
1,0,1,1,608.178,20.0,50.0,24.0,0
1,0,1,1,615.727,20.0,50.0,24.0,0
1,0,1,1,608.322,20.0,50.0,24.0,0
1,0,1,1,611.107,20.0,50.0,24.0,0
1,0,1,1,609.552,20.0,50.0,24.0,0
1,0,1,1,603.445,20.0,50.0,24.0,0
1,0,1,1,609.954,20.0,50.0,24.0,0
1,0,1,1,607.912,20.0,50.0,24.0,0
1,0,1,1,606.616,20.0,50.0,24.0,0
1,0,1,1,603.654,20.0,50.0,24.0,0
1,0,1,1,602.267,20.0,50.0,24.0,0
1,0,1,1,604.631,20.0,50.0,24.0,0
1,0,1,1,600.427,20.0,50.0,24.0,0
1,0,1,1,601.555,20.0,50.0,24.0,0
1,0,1,1,605.849,20.0,50.0,24.0,0
1,0,1,1,595.133,20.0,50.0,24.0,0
1,0,1,1,590.639,20.0,50.0,24.0,0
1,0,1,1,595.515,20.0,50.0,24.0,0
1,0,1,1,597.998,20.0,50.0,24.0,0
1,0,1,1,599.363,20.0,50.0,24.0,0
1,0,1,1,599.222,20.0,50.0,24.0,0
1,0,1,1,589.082,20.0,50.0,24.0,0
1,0,1,1,588.883,20.0,50.0,24.0,0
1,0,1,1,580.406,20.0,50.0,24.0,0
1,0,1,1,579.077,20.0,50.0,24.0,0
1,0,1,1,580.627,20.0,50.0,24.0,0
1,0,1,1,585.19,20.0,50.0,24.0,0
1,0,1,1,585.495,20.0,50.0,24.0,0
1,0,1,1,586.207,20.0,50.0,24.0,0
1,0,1,1,584.814,20.0,50.0,24.0,0
1,0,1,1,586.075,20.0,50.0,24.0,0
1,0,1,1,594.218,20.0,50.0,24.0,0
1,0,1,1,589.128,20.0,50.0,24.0,0
1,0,1,1,584.924,20.0,50.0,24.0,0
1,0,1,1,590.045,20.0,50.0,24.0,0
1,0,1,1,588.908,20.0,50.0,24.0,0
1,0,1,1,593.395,20.0,50.0,24.0,0
1,0,1,1,594.22,20.0,50.0,24.0,0
1,0,1,1,591.339,20.0,50.0,24.0,0
1,0,1,1,599.753,20.0,50.0,24.0,0
1,0,1,1,610.041,20.0,50.0,24.0,0
1,0,1,1,625.681,20.0,50.0,24.0,0
1,0,1,1,626.044,20.0,50.0,24.0,0
1,0,1,1,627.062,20.0,50.0,24.0,0
1,0,1,1,623.229,20.0,50.0,24.0,0
1,0,1,1,604.804,20.0,50.0,24.0,0
1,0,1,1,608.004,20.0,50.0,24.0,0
1,0,1,1,602.029,20.0,50.0,24.0,0
1,0,1,1,633.286,20.0,50.0,24.0,0
1,0,1,1,658.608,20.0,50.0,24.0,0
1,0,1,1,660.817,20.0,50.0,24.0,0
1,0,1,1,654.579,20.0,50.0,24.0,0
1,0,1,1,636.757,20.0,50.0,24.0,0
1,0,1,1,636.641,20.0,50.0,24.0,0
1,0,1,1,637.96,20.0,50.0,24.0,0
1,0,1,1,640.909,20.0,50.0,24.0,0
1,0,1,1,650.992,20.0,50.0,24.0,0
1,0,1,1,680.021,20.0,50.0,24.0,0
1,0,1,1,704.95,20.0,50.0,24.0,0
1,0,1,1,716.925,20.0,50.0,24.0,0
1,0,1,1,718.355,20.0,50.0,24.0,0
1,0,1,1,710.803,20.0,50.0,24.0,0
1,0,1,1,716.007,20.0,50.0,24.0,0
1,0,1,1,710.333,20.0,50.0,24.0,0
1,0,1,1,696.476,20.0,50.0,24.0,0
1,0,1,1,697.321,20.0,50.0,24.0,0
1,0,1,1,691.741,20.0,50.0,24.0,0
1,0,1,1,692.425,20.0,50.0,24.0,0
1,0,1,1,684.48,20.0,50.0,24.0,0
1,0,1,1,685.794,20.0,50.0,24.0,0
1,0,1,1,686.156,20.0,50.0,24.0,0
1,0,1,1,674.678,20.0,50.0,24.0,0
1,0,1,1,667.28,20.0,50.0,24.0,0
1,0,1,1,664.036,20.0,50.0,24.0,0
1,0,1,1,654.462,20.0,50.0,24.0,0
1,0,1,1,653.534,20.0,50.0,24.0,0
1,0,1,1,644.858,20.0,50.0,24.0,0
1,0,1,1,620.048,20.0,50.0,24.0,0
1,0,1,1,607.599,20.0,50.0,24.0,0
1,0,1,1,610.468,20.0,50.0,24.0,0
1,0,1,1,608.888,20.0,50.0,24.0,0
1,0,1,1,610.965,20.0,50.0,24.0,0
1,0,1,1,622.304,20.0,50.0,24.0,0
1,0,1,1,621.696,20.0,50.0,24.0,0
1,0,1,1,619.518,20.0,50.0,24.0,0
1,0,1,1,617.628,20.0,50.0,24.0,0
1,0,1,1,620.547,20.0,50.0,24.0,0
1,0,1,1,628.706,20.0,50.0,24.0,0
1,0,1,1,621.629,20.0,50.0,24.0,0
1,0,1,1,622.245,20.0,50.0,24.0,0
1,0,1,1,639.293,20.0,50.0,24.0,0
1,0,1,1,643.86,20.0,50.0,24.0,0
1,0,1,1,667.927,20.0,50.0,24.0,0
1,0,1,1,645.002,20.0,50.0,24.0,0
1,0,1,1,637.592,20.0,50.0,24.0,0
1,0,1,1,643.859,20.0,50.0,24.0,0
1,0,1,1,638.324,20.0,50.0,24.0,0
1,0,1,1,651.463,20.0,50.0,24.0,0
1,0,1,1,659.624,20.0,50.0,24.0,0
1,0,1,1,657.151,20.0,50.0,24.0,0
1,0,1,1,657.886,20.0,50.0,24.0,0
1,0,1,1,656.272,20.0,50.0,24.0,0
1,0,1,1,665.375,20.0,50.0,24.0,0
1,0,1,1,668.622,20.0,50.0,24.0,0
1,0,1,1,665.438,20.0,50.0,24.0,0
1,0,1,1,663.174,20.0,50.0,24.0,0
1,0,1,1,664.992,20.0,50.0,24.0,0
1,0,1,1,662.783,20.0,50.0,24.0,0
1,0,1,1,668.384,20.0,50.0,24.0,0
1,0,1,1,666.395,20.0,50.0,24.0,0
1,0,1,1,655.919,20.0,50.0,24.0,0
1,0,1,1,660.123,20.0,50.0,24.0,0
1,0,1,1,664.839,20.0,50.0,24.0,0
1,0,1,1,664.614,20.0,50.0,24.0,0
1,0,1,1,666.952,20.0,50.0,24.0,0
1,0,1,1,676.132,20.0,50.0,24.0,0
1,0,1,1,674.262,20.0,50.0,24.0,0
1,0,1,1,665.304,20.0,50.0,24.0,0
1,0,1,1,669.007,20.0,50.0,24.0,0
1,0,1,1,669.095,20.0,50.0,24.0,0
1,0,1,1,675.881,20.0,50.0,24.0,0
1,0,1,1,671.595,20.0,50.0,24.0,0
1,0,1,1,672.802,20.0,50.0,24.0,0
1,0,1,1,669.726,20.0,50.0,24.0,0
1,0,1,1,666.415,20.0,50.0,24.0,0
1,0,1,1,669.359,20.0,50.0,24.0,0
1,0,1,1,671.981,20.0,50.0,24.0,0
1,0,1,1,671.233,20.0,50.0,24.0,0
1,0,1,1,679.677,20.0,50.0,24.0,0
1,0,1,1,675.54,20.0,50.0,24.0,0
1,0,1,1,673.224,20.0,50.0,24.0,0
1,0,1,1,677.765,20.0,50.0,24.0,0
1,0,1,1,685.359,20.0,50.0,24.0,0
1,0,1,1,682.234,20.0,50.0,24.0,0
1,0,1,1,683.066,20.0,50.0,24.0,0
1,0,1,1,689.668,20.0,50.0,24.0,0
1,0,1,1,693.085,20.0,50.0,24.0,0
1,0,1,1,698.477,20.0,50.0,24.0,0
1,0,1,1,693.897,20.0,50.0,24.0,0
1,0,1,1,697.34,20.0,50.0,24.0,0
1,0,1,1,689.559,20.0,50.0,24.0,0
1,0,1,1,669.58,20.0,50.0,24.0,0
1,0,1,1,692.592,20.0,50.0,24.0,0
1,0,1,1,706.134,20.0,50.0,24.0,0
1,0,1,1,710.794,20.0,50.0,24.0,0
1,0,1,1,697.524,20.0,50.0,24.0,0
1,0,1,1,693.642,20.0,50.0,24.0,0
1,0,1,1,697.889,20.0,50.0,24.0,0
1,0,1,1,697.803,20.0,50.0,24.0,0
1,0,1,1,702.473,20.0,50.0,24.0,0
1,0,1,1,695.035,20.0,50.0,24.0,0
1,0,1,1,699.733,20.0,50.0,24.0,0
1,0,1,1,705.17,20.0,50.0,24.0,0
1,0,1,1,703.388,20.0,50.0,24.0,0
1,0,1,1,696.695,20.0,50.0,24.0,0
1,0,1,1,693.509,20.0,50.0,24.0,0
1,0,1,1,697.806,20.0,50.0,24.0,0
1,0,1,1,708.52,20.0,50.0,24.0,0
1,0,1,1,698.856,20.0,50.0,24.0,0
1,0,1,1,693.005,20.0,50.0,24.0,0
1,0,1,1,696.043,20.0,50.0,24.0,0
1,0,1,1,699.553,20.0,50.0,24.0,0
1,0,1,1,699.206,20.0,50.0,24.0,0
1,0,1,1,697.958,20.0,50.0,24.0,0
1,0,1,1,690.183,20.0,50.0,24.0,0
1,0,1,1,689.119,20.0,50.0,24.0,0
1,0,1,1,689.103,20.0,50.0,24.0,0
1,0,1,1,685.945,20.0,50.0,24.0,0
1,0,1,1,677.431,20.0,50.0,24.0,0
1,0,1,1,684.005,20.0,50.0,24.0,0
1,0,1,1,683.105,20.0,50.0,24.0,0
1,0,1,1,676.967,20.0,50.0,24.0,0
1,0,1,1,683.234,20.0,50.0,24.0,0
1,0,1,1,696.979,20.0,50.0,24.0,0
1,0,1,1,697.613,20.0,50.0,24.0,0
1,0,1,1,692.087,20.0,50.0,24.0,0
1,0,1,1,684.801,20.0,50.0,24.0,0
1,0,1,1,679.497,20.0,50.0,24.0,0
1,0,1,1,676.724,20.0,50.0,24.0,0
1,0,1,1,676.407,20.0,50.0,24.0,0
1,0,1,1,699.784,20.0,50.0,24.0,0
1,0,1,1,698.832,20.0,50.0,24.0,0
1,0,1,1,685.54,20.0,50.0,24.0,0
1,0,1,1,682.06,20.0,50.0,24.0,0
1,0,1,1,685.171,20.0,50.0,24.0,0
1,0,1,1,694.661,20.0,50.0,24.0,0
1,0,1,1,703.203,20.0,50.0,24.0,0
1,0,1,1,705.79,20.0,50.0,24.0,0
1,0,1,1,702.518,20.0,50.0,24.0,0
1,0,1,1,695.141,20.0,50.0,24.0,0
1,0,1,1,694.639,20.0,50.0,24.0,0
1,0,1,1,704.003,20.0,50.0,24.0,0
1,0,1,1,697.923,20.0,50.0,24.0,0
1,0,1,1,701.787,20.0,50.0,24.0,0
1,0,1,1,706.885,20.0,50.0,24.0,0
1,0,1,1,706.323,20.0,50.0,24.0,0
1,0,1,1,712.841,20.0,50.0,24.0,0
1,0,1,1,712.365,20.0,50.0,24.0,0
1,0,1,1,711.579,20.0,50.0,24.0,0
1,0,1,1,705.475,20.0,50.0,24.0,0
1,0,1,1,708.194,20.0,50.0,24.0,0
1,0,1,1,706.739,20.0,50.0,24.0,0
1,0,1,1,707.533,20.0,50.0,24.0,0
1,0,1,1,705.144,20.0,50.0,24.0,0
1,0,1,1,707.75,20.0,50.0,24.0,0
1,0,1,1,706.73,20.0,50.0,24.0,0
1,0,1,1,724.234,20.0,50.0,24.0,0
1,0,1,1,726.027,20.0,50.0,24.0,0
1,0,1,1,727.084,20.0,50.0,24.0,0
1,0,1,1,711.911,20.0,50.0,24.0,0
1,0,1,1,681.238,20.0,50.0,24.0,0
1,0,1,1,718.632,20.0,50.0,24.0,0
1,0,1,1,746.212,20.0,50.0,24.0,0
1,0,1,1,736.537,20.0,50.0,24.0,0
1,0,1,1,732.971,20.0,50.0,24.0,0
1,0,1,1,735.842,20.0,50.0,24.0,0
1,0,1,1,733.527,20.0,50.0,24.0,0
1,0,1,1,751.329,20.0,50.0,24.0,0
1,0,1,1,750.712,20.0,50.0,24.0,0
1,0,1,1,744.428,20.0,50.0,24.0,0
1,0,1,1,738.559,20.0,50.0,24.0,0
1,0,1,1,735.452,20.0,50.0,24.0,0
1,0,1,1,731.994,20.0,50.0,24.0,0
1,0,1,1,704.613,20.0,50.0,24.0,0
1,0,1,1,697.581,20.0,50.0,24.0,0
1,0,1,1,698.195,20.0,50.0,24.0,0
1,0,1,1,698.554,20.0,50.0,24.0,0
1,0,1,1,699.023,20.0,50.0,24.0,0
1,0,1,1,706.705,20.0,50.0,24.0,0
1,0,1,1,713.226,20.0,50.0,24.0,0
1,0,1,1,727.209,20.0,50.0,24.0,0
1,0,1,1,742.624,20.0,50.0,24.0,0
1,0,1,1,739.689,20.0,50.0,24.0,0
1,0,1,1,756.091,20.0,50.0,24.0,0
1,0,1,1,754.646,20.0,50.0,24.0,0
1,0,1,1,734.064,20.0,50.0,24.0,0
1,0,1,1,722.916,20.0,50.0,24.0,0
1,0,1,1,745.449,20.0,50.0,24.0,0
1,0,1,1,766.872,20.0,50.0,24.0,0
1,0,1,1,773.244,20.0,50.0,24.0,0
1,0,1,1,771.834,20.0,50.0,24.0,0
1,0,1,1,764.118,20.0,50.0,24.0,0
1,0,1,1,773.634,20.0,50.0,24.0,0
1,0,1,1,770.306,20.0,50.0,24.0,0
1,0,1,1,762.404,20.0,50.0,24.0,0
1,0,1,1,760.905,20.0,50.0,24.0,0
1,0,1,1,760.171,20.0,50.0,24.0,0
1,0,1,1,753.53,20.0,50.0,24.0,0
1,0,1,1,750.307,20.0,50.0,24.0,0
1,0,1,1,754.319,20.0,50.0,24.0,0
1,0,1,1,748.029,20.0,50.0,24.0,0
1,0,1,1,749.123,20.0,50.0,24.0,0
1,0,1,1,750.405,20.0,50.0,24.0,0
1,0,1,1,750.534,20.0,50.0,24.0,0
1,0,1,1,742.571,20.0,50.0,24.0,0
1,0,1,1,742.624,20.0,50.0,24.0,0
1,0,1,1,745.164,20.0,50.0,24.0,0
1,0,1,1,741.191,20.0,50.0,24.0,0
1,0,1,1,745.458,20.0,50.0,24.0,0
1,0,1,1,747.565,20.0,50.0,24.0,0
1,0,1,1,740.855,20.0,50.0,24.0,0
1,0,1,1,736.653,20.0,50.0,24.0,0
1,0,1,1,739.2,20.0,50.0,24.0,0
1,0,1,1,739.546,20.0,50.0,24.0,0
1,0,1,1,743.069,20.0,50.0,24.0,0
1,0,1,1,734.751,20.0,50.0,24.0,0
1,0,1,1,724.31,20.0,50.0,24.0,0
1,0,1,1,736.416,20.0,50.0,24.0,0
1,0,1,1,737.233,20.0,50.0,24.0,0
1,0,1,1,725.21,20.0,50.0,24.0,0
1,0,1,1,727.068,20.0,50.0,24.0,0
1,0,1,1,731.63,20.0,50.0,24.0,0
1,0,1,1,730.689,20.0,50.0,24.0,0
1,0,1,1,726.515,20.0,50.0,24.0,0
1,0,1,1,726.003,20.0,50.0,24.0,0
1,0,1,1,721.97,20.0,50.0,24.0,0
1,0,1,1,724.879,20.0,50.0,24.0,0
1,0,1,1,726.308,20.0,50.0,24.0,0
1,0,1,1,712.818,20.0,50.0,24.0,0
1,0,1,1,681.163,20.0,50.0,24.0,0
1,0,1,1,670.775,20.0,50.0,24.0,0
1,0,1,1,698.378,20.0,50.0,24.0,0
1,0,1,1,701.975,20.0,50.0,24.0,0
1,0,1,1,559.44,20.0,50.0,24.0,0
1,0,1,1,519.491,20.0,50.0,24.0,0
1,0,1,1,497.041,20.0,50.0,24.0,0
1,0,1,1,493.217,20.0,50.0,24.0,0
1,0,1,1,478.641,20.0,50.0,24.0,0
1,0,1,1,456.138,20.0,50.0,24.0,0
1,0,1,1,439.069,20.0,50.0,24.0,0
1,0,1,1,429.237,20.0,50.0,24.0,0
1,0,1,1,423.947,20.0,50.0,24.0,0
1,0,1,1,420.529,20.0,50.0,24.0,0
1,0,1,1,420.07,20.0,50.0,24.0,0
1,0,1,1,418.005,20.0,50.0,24.0,0
1,0,1,1,416.473,20.0,50.0,24.0,0
1,0,1,1,415.162,20.0,50.0,24.0,0
1,0,1,1,424.18,20.0,50.0,24.0,0
1,0,1,1,457.45,20.0,50.0,24.0,0
1,0,1,1,473.927,20.0,50.0,24.0,0
1,0,1,1,485.868,20.0,50.0,24.0,0
1,0,1,1,486.698,20.0,50.0,24.0,0
1,0,1,1,466.203,20.0,50.0,24.0,0
1,0,1,1,467.109,20.0,50.0,24.0,0
1,0,1,1,464.135,20.0,50.0,24.0,0
1,0,1,1,454.417,20.0,50.0,24.0,0
1,0,1,1,453.9,20.0,50.0,24.0,0
1,0,1,1,451.992,20.0,50.0,24.0,0
1,0,1,1,452.506,20.0,50.0,24.0,0
1,0,1,1,456.535,20.0,50.0,24.0,0
1,0,1,1,459.756,20.0,50.0,24.0,0
1,0,1,1,462.688,20.0,50.0,24.0,0
1,0,1,1,464.235,20.0,50.0,24.0,0
1,0,1,1,466.997,20.0,50.0,24.0,0
1,0,1,1,463.996,20.0,50.0,24.0,0
1,0,1,1,462.889,20.0,50.0,24.0,0
1,0,1,1,466.936,20.0,50.0,24.0,0
1,0,1,1,463.045,20.0,50.0,24.0,0
1,0,1,1,461.48,20.0,50.0,24.0,0
1,0,1,1,462.394,20.0,50.0,24.0,0
1,0,1,1,455.096,20.0,50.0,24.0,0
1,0,1,1,456.118,20.0,50.0,24.0,0
1,0,1,1,455.664,20.0,50.0,24.0,0
1,0,1,1,453.006,20.0,50.0,24.0,0
1,0,1,1,455.76,20.0,50.0,24.0,0
1,0,1,1,462.451,20.0,50.0,24.0,0
1,0,1,1,468.696,20.0,50.0,24.0,0
1,0,1,1,462.295,20.0,50.0,24.0,0
1,0,1,1,463.336,20.0,50.0,24.0,0
1,0,1,1,460.191,20.0,50.0,24.0,0
1,0,1,1,456.03,20.0,50.0,24.0,0
1,0,1,1,447.868,20.0,50.0,24.0,0
1,0,1,1,456.186,20.0,50.0,24.0,0
1,0,1,1,460.168,20.0,50.0,24.0,0
1,0,1,1,475.118,20.0,50.0,24.0,0
1,0,1,1,473.704,20.0,50.0,24.0,0
1,0,1,1,463.138,20.0,50.0,24.0,0
1,0,1,1,473.521,20.0,50.0,24.0,0
1,0,1,1,479.696,20.0,50.0,24.0,0
1,0,1,1,482.129,20.0,50.0,24.0,0
1,0,1,1,490.263,20.0,50.0,24.0,0
1,0,1,1,481.334,20.0,50.0,24.0,0
1,0,1,1,495.61,20.0,50.0,24.0,0
1,0,1,1,498.63,20.0,50.0,24.0,0
1,0,1,1,499.487,20.0,50.0,24.0,0
1,0,1,1,493.391,20.0,50.0,24.0,0
1,0,1,1,504.803,20.0,50.0,24.0,0
1,0,1,1,526.925,20.0,50.0,24.0,0
1,0,1,1,520.995,20.0,50.0,24.0,0
1,0,1,1,517.401,20.0,50.0,24.0,0
1,0,1,1,509.525,20.0,50.0,24.0,0
1,0,1,1,508.359,20.0,50.0,24.0,0
1,0,1,1,512.375,20.0,50.0,24.0,0
1,0,1,1,511.204,20.0,50.0,24.0,0
1,0,1,1,515.321,20.0,50.0,24.0,0
1,0,1,1,515.84,20.0,50.0,24.0,0
1,0,1,1,509.372,20.0,50.0,24.0,0
1,0,1,1,506.903,20.0,50.0,24.0,0
1,0,1,1,507.84,20.0,50.0,24.0,0
1,0,1,1,512.02,20.0,50.0,24.0,0
1,0,1,1,515.104,20.0,50.0,24.0,0
1,0,1,1,516.132,20.0,50.0,24.0,0
1,0,1,1,535.956,20.0,50.0,24.0,0
1,0,1,1,556.185,20.0,50.0,24.0,0
1,0,1,1,572.339,20.0,50.0,24.0,0
1,0,1,1,575.766,20.0,50.0,24.0,0
1,0,1,1,596.182,20.0,50.0,24.0,0
1,0,1,1,598.874,20.0,50.0,24.0,0
1,0,1,1,596.737,20.0,50.0,24.0,0
1,0,1,1,593.533,20.0,50.0,24.0,0
1,0,1,1,593.363,20.0,50.0,24.0,0
1,0,1,1,591.428,20.0,50.0,24.0,0
1,0,1,1,610.326,20.0,50.0,24.0,0
1,0,1,1,609.769,20.0,50.0,24.0,0
1,0,1,1,603.1,20.0,50.0,24.0,0
1,0,1,1,588.441,20.0,50.0,24.0,0
1,0,1,1,577.982,20.0,50.0,24.0,0
1,0,1,1,581.024,20.0,50.0,24.0,0
1,0,1,1,583.221,20.0,50.0,24.0,0
1,0,1,1,587.776,20.0,50.0,24.0,0
1,0,1,1,586.527,20.0,50.0,24.0,0
1,0,1,1,574.346,20.0,50.0,24.0,0
1,0,1,1,581.586,20.0,50.0,24.0,0
1,0,1,1,595.063,20.0,50.0,24.0,0
1,0,1,1,600.932,20.0,50.0,24.0,0
1,0,1,1,609.474,20.0,50.0,24.0,0
1,0,1,1,618.584,20.0,50.0,24.0,0
1,0,1,1,621.902,20.0,50.0,24.0,0
1,0,1,1,622.486,20.0,50.0,24.0,0
1,0,1,1,639.2,20.0,50.0,24.0,0
1,0,1,1,636.915,20.0,50.0,24.0,0
1,0,1,1,624.645,20.0,50.0,24.0,0
1,0,1,1,652.254,20.0,50.0,24.0,0
1,0,1,1,653.843,20.0,50.0,24.0,0
1,0,1,1,655.61,20.0,50.0,24.0,0
1,0,1,1,651.552,20.0,50.0,24.0,0
1,0,1,1,653.076,20.0,50.0,24.0,0
1,0,1,1,660.746,20.0,50.0,24.0,0
1,0,1,1,660.452,20.0,50.0,24.0,0
1,0,1,1,662.109,20.0,50.0,24.0,0
1,0,1,1,666.598,20.0,50.0,24.0,0
1,0,1,1,662.435,20.0,50.0,24.0,0
1,0,1,1,659.411,20.0,50.0,24.0,0
1,0,1,1,640.568,20.0,50.0,24.0,0
1,0,1,1,656.73,20.0,50.0,24.0,0
1,0,1,1,655.976,20.0,50.0,24.0,0
1,0,1,1,649.885,20.0,50.0,24.0,0
1,0,1,1,649.999,20.0,50.0,24.0,0
1,0,1,1,666.568,20.0,50.0,24.0,0
1,0,1,1,658.323,20.0,50.0,24.0,0
1,0,1,1,664.561,20.0,50.0,24.0,0
1,0,1,1,699.513,20.0,50.0,24.0,0
1,0,1,1,694.982,20.0,50.0,24.0,0
1,0,1,1,682.676,20.0,50.0,24.0,0
1,0,1,1,675.129,20.0,50.0,24.0,0
1,0,1,1,668.265,20.0,50.0,24.0,0
1,0,1,1,665.362,20.0,50.0,24.0,0
1,0,1,1,665.695,20.0,50.0,24.0,0
1,0,1,1,671.497,20.0,50.0,24.0,0
1,0,1,1,672.703,20.0,50.0,24.0,0
1,0,1,1,670.343,20.0,50.0,24.0,0
1,0,1,1,666.555,20.0,50.0,24.0,0
1,0,1,1,664.199,20.0,50.0,24.0,0
1,0,1,1,665.487,20.0,50.0,24.0,0
1,0,1,1,665.996,20.0,50.0,24.0,0
1,0,1,1,667.21,20.0,50.0,24.0,0
1,0,1,1,661.907,20.0,50.0,24.0,0
1,0,1,1,658.896,20.0,50.0,24.0,0
1,0,1,1,655.7,20.0,50.0,24.0,0
1,0,1,1,647.541,20.0,50.0,24.0,0
1,0,1,1,640.001,20.0,50.0,24.0,0
1,0,1,1,641.272,20.0,50.0,24.0,0
1,0,1,1,641.758,20.0,50.0,24.0,0
1,0,1,1,637.743,20.0,50.0,24.0,0
1,0,1,1,637.217,20.0,50.0,24.0,0
1,0,1,1,635.4,20.0,50.0,24.0,0
1,0,1,1,626.668,20.0,50.0,24.0,0
1,0,1,1,623.587,20.0,50.0,24.0,0
1,0,1,1,610.427,20.0,50.0,24.0,0
1,0,1,1,614.633,20.0,50.0,24.0,0
1,0,1,1,630.965,20.0,50.0,24.0,0
1,0,1,1,633.219,20.0,50.0,24.0,0
1,0,1,1,625.247,20.0,50.0,24.0,0
1,0,1,1,621.575,20.0,50.0,24.0,0
1,0,1,1,607.074,20.0,50.0,24.0,0
1,0,1,1,605.328,20.0,50.0,24.0,0
1,0,1,1,631.036,20.0,50.0,24.0,0
1,0,1,1,625.577,20.0,50.0,24.0,0
1,0,1,1,614.441,20.0,50.0,24.0,0
1,0,1,1,615.864,20.0,50.0,24.0,0
1,0,1,1,620.64,20.0,50.0,24.0,0
1,0,1,1,627.646,20.0,50.0,24.0,0
1,0,1,1,631.005,20.0,50.0,24.0,0
1,0,1,1,636.062,20.0,50.0,24.0,0
1,0,1,1,630.203,20.0,50.0,24.0,0
1,0,1,1,625.17,20.0,50.0,24.0,0
1,0,1,1,632.432,20.0,50.0,24.0,0
1,0,1,1,633.394,20.0,50.0,24.0,0
1,0,1,1,637.352,20.0,50.0,24.0,0
1,0,1,1,638.786,20.0,50.0,24.0,0
1,0,1,1,636.199,20.0,50.0,24.0,0
1,0,1,1,632.945,20.0,50.0,24.0,0
1,0,1,1,642.073,20.0,50.0,24.0,0
1,0,1,1,650.611,20.0,50.0,24.0,0
1,0,1,1,647.812,20.0,50.0,24.0,0
1,0,1,1,645.349,20.0,50.0,24.0,0
1,0,1,1,642.538,20.0,50.0,24.0,0
1,0,1,1,642.361,20.0,50.0,24.0,0
1,0,1,1,643.153,20.0,50.0,24.0,0
1,0,1,1,638.77,20.0,50.0,24.0,0
1,0,1,1,642.458,20.0,50.0,24.0,0
1,0,1,1,645.27,20.0,50.0,24.0,0
1,0,1,1,642.579,20.0,50.0,24.0,0
1,0,1,1,636.72,20.0,50.0,24.0,0
1,0,1,1,633.351,20.0,50.0,24.0,0
1,0,1,1,629.393,20.0,50.0,24.0,0
1,0,1,1,631.251,20.0,50.0,24.0,0
1,0,1,1,634.992,20.0,50.0,24.0,0
1,0,1,1,638.511,20.0,50.0,24.0,0
1,0,1,1,642.429,20.0,50.0,24.0,0
1,0,1,1,647.059,20.0,50.0,24.0,0
1,0,1,1,656.39,20.0,50.0,24.0,0
1,0,1,1,653.731,20.0,50.0,24.0,0
1,0,1,1,637.98,20.0,50.0,24.0,0
1,0,1,1,620.307,20.0,50.0,24.0,0
1,0,1,1,613.767,20.0,50.0,24.0,0
1,0,1,1,639.784,20.0,50.0,24.0,0
1,0,1,1,663.24,20.0,50.0,24.0,0
1,0,1,1,665.601,20.0,50.0,24.0,0
1,0,1,1,663.309,20.0,50.0,24.0,0
1,0,1,1,665.321,20.0,50.0,24.0,0
1,0,1,1,662.518,20.0,50.0,24.0,0
1,0,1,1,664.592,20.0,50.0,24.0,0
1,0,1,1,664.169,20.0,50.0,24.0,0
1,0,1,1,666.772,20.0,50.0,24.0,0
1,0,1,1,665.706,20.0,50.0,24.0,0
1,0,1,1,666.012,20.0,50.0,24.0,0
1,0,1,1,664.525,20.0,50.0,24.0,0
1,0,1,1,663.464,20.0,50.0,24.0,0
1,0,1,1,657.508,20.0,50.0,24.0,0
1,0,1,1,661.325,20.0,50.0,24.0,0
1,0,1,1,659.686,20.0,50.0,24.0,0
1,0,1,1,660.283,20.0,50.0,24.0,0
1,0,1,1,658.553,20.0,50.0,24.0,0
1,0,1,1,660.133,20.0,50.0,24.0,0
1,0,1,1,662.286,20.0,50.0,24.0,0
1,0,1,1,662.723,20.0,50.0,24.0,0
1,0,1,1,658.804,20.0,50.0,24.0,0
1,0,1,1,661.024,20.0,50.0,24.0,0
1,0,1,1,661.971,20.0,50.0,24.0,0
1,0,1,1,651.154,20.0,50.0,24.0,0
1,0,1,1,653.599,20.0,50.0,24.0,0
1,0,1,1,665.014,20.0,50.0,24.0,0
1,0,1,1,668.629,20.0,50.0,24.0,0
1,0,1,1,670.917,20.0,50.0,24.0,0
1,0,1,1,673.092,20.0,50.0,24.0,0
1,0,1,1,669.117,20.0,50.0,24.0,0
1,0,1,1,663.068,20.0,50.0,24.0,0
1,0,1,1,661.744,20.0,50.0,24.0,0
1,0,1,1,663.92,20.0,50.0,24.0,0
1,0,1,1,662.561,20.0,50.0,24.0,0
1,0,1,1,653.723,20.0,50.0,24.0,0
1,0,1,1,643.395,20.0,50.0,24.0,0
1,0,1,1,645.159,20.0,50.0,24.0,0
1,0,1,1,647.674,20.0,50.0,24.0,0
1,0,1,1,658.677,20.0,50.0,24.0,0
1,0,1,1,646.19,20.0,50.0,24.0,0
1,0,1,1,633.949,20.0,50.0,24.0,0
1,0,1,1,631.24,20.0,50.0,24.0,0
1,0,1,1,629.12,20.0,50.0,24.0,0
1,0,1,1,632.168,20.0,50.0,24.0,0
1,0,1,1,641.374,20.0,50.0,24.0,0
1,0,1,1,648.736,20.0,50.0,24.0,0
1,0,1,1,653.925,20.0,50.0,24.0,0
1,0,1,1,652.346,20.0,50.0,24.0,0
1,0,1,1,654.22,20.0,50.0,24.0,0
1,0,1,1,630.865,20.0,50.0,24.0,0
1,0,1,1,611.86,20.0,50.0,24.0,0
1,0,1,1,616.362,20.0,50.0,24.0,0
1,0,1,1,625.434,20.0,50.0,24.0,0
1,0,1,1,613.275,20.0,50.0,24.0,0
1,0,1,1,610.48,20.0,50.0,24.0,0
1,0,1,1,611.861,20.0,50.0,24.0,0
1,0,1,1,622.887,20.0,50.0,24.0,0
1,0,1,1,633.872,20.0,50.0,24.0,0
1,0,1,1,638.051,20.0,50.0,24.0,0
1,0,1,1,636.101,20.0,50.0,24.0,0
1,0,1,1,633.923,20.0,50.0,24.0,0
1,0,1,1,636.947,20.0,50.0,24.0,0
1,0,1,1,639.024,20.0,50.0,24.0,0
1,0,1,1,640.472,20.0,50.0,24.0,0
1,0,1,1,640.947,20.0,50.0,24.0,0
1,0,1,1,638.472,20.0,50.0,24.0,0
1,0,1,1,638.47,20.0,50.0,24.0,0
1,0,1,1,638.758,20.0,50.0,24.0,0
1,0,1,1,635.61,20.0,50.0,24.0,0
1,0,1,1,630.975,20.0,50.0,24.0,0
1,0,1,1,633.392,20.0,50.0,24.0,0
1,0,1,1,634.533,20.0,50.0,24.0,0
1,0,1,1,635.186,20.0,50.0,24.0,0
1,0,1,1,634.227,20.0,50.0,24.0,0
1,0,1,1,632.555,20.0,50.0,24.0,0
1,0,1,1,632.339,20.0,50.0,24.0,0
1,0,1,1,636.655,20.0,50.0,24.0,0
1,0,1,1,637.142,20.0,50.0,24.0,0
1,0,1,1,635.303,20.0,50.0,24.0,0
1,0,1,1,636.133,20.0,50.0,24.0,0
1,0,1,1,632.301,20.0,50.0,24.0,0
1,0,1,1,633.516,20.0,50.0,24.0,0
1,0,1,1,637.836,20.0,50.0,24.0,0
1,0,1,1,604.324,20.0,50.0,24.0,0
1,0,1,1,583.686,20.0,50.0,24.0,0
1,0,1,1,565.638,20.0,50.0,24.0,0
1,0,1,1,542.395,20.0,50.0,24.0,0
1,0,1,1,528.44,20.0,50.0,24.0,0
1,0,1,1,515.307,20.0,50.0,24.0,0
1,0,1,1,506.971,20.0,50.0,24.0,0
1,0,1,1,503.207,20.0,50.0,24.0,0
1,0,1,1,493.079,20.0,50.0,24.0,0
1,0,1,1,490.672,20.0,50.0,24.0,0
1,0,1,1,482.335,20.0,50.0,24.0,0
1,0,1,1,480.004,20.0,50.0,24.0,0
1,0,1,1,477.807,20.0,50.0,24.0,0
1,0,1,1,475.963,20.0,50.0,24.0,0
1,0,1,1,475.12,20.0,50.0,24.0,0
1,0,1,1,472.447,20.0,50.0,24.0,0
1,0,1,1,476.13,20.0,50.0,24.0,0
1,0,1,1,476.241,20.0,50.0,24.0,0
1,0,1,1,475.682,20.0,50.0,24.0,0
1,0,1,1,475.451,20.0,50.0,24.0,0
1,0,1,1,468.342,20.0,50.0,24.0,0
1,0,1,1,464.642,20.0,50.0,24.0,0
1,0,1,1,467.42,20.0,50.0,24.0,0
1,0,1,1,465.934,20.0,50.0,24.0,0
1,0,1,1,465.209,20.0,50.0,24.0,0
1,0,1,1,468.755,20.0,50.0,24.0,0
1,0,1,1,470.916,20.0,50.0,24.0,0
1,0,1,1,467.248,20.0,50.0,24.0,0
1,0,1,1,465.024,20.0,50.0,24.0,0
1,0,1,1,461.007,20.0,50.0,24.0,0
1,0,1,1,459.316,20.0,50.0,24.0,0
1,0,1,1,460.391,20.0,50.0,24.0,0
1,0,1,1,461.729,20.0,50.0,24.0,0
1,0,1,1,458.637,20.0,50.0,24.0,0
1,0,1,1,457.518,20.0,50.0,24.0,0
1,0,1,1,455.598,20.0,50.0,24.0,0
1,0,1,1,455.197,20.0,50.0,24.0,0
1,0,1,1,456.534,20.0,50.0,24.0,0
1,0,1,1,458.654,20.0,50.0,24.0,0
1,0,1,1,460.5,20.0,50.0,24.0,0
1,0,1,1,460.221,20.0,50.0,24.0,0
1,0,1,1,461.686,20.0,50.0,24.0,0
1,0,1,1,462.04,20.0,50.0,24.0,0
1,0,1,1,459.1,20.0,50.0,24.0,0
1,0,1,1,455.986,20.0,50.0,24.0,0
1,0,1,1,457.562,20.0,50.0,24.0,0
1,0,1,1,455.323,20.0,50.0,24.0,0
1,0,1,1,455.406,20.0,50.0,24.0,0
1,0,1,1,455.798,20.0,50.0,24.0,0
1,0,1,1,455.966,20.0,50.0,24.0,0
1,0,1,1,457.885,20.0,50.0,24.0,0
1,0,1,1,458.438,20.0,50.0,24.0,0
1,0,1,1,458.078,20.0,50.0,24.0,0
1,0,1,1,460.346,20.0,50.0,24.0,0
1,0,1,1,457.956,20.0,50.0,24.0,0
1,0,1,1,459.468,20.0,50.0,24.0,0
1,0,1,1,459.135,20.0,50.0,24.0,0
1,0,1,1,459.645,20.0,50.0,24.0,0
1,0,1,1,466.605,20.0,50.0,24.0,0
1,0,1,1,474.249,20.0,50.0,24.0,0
1,0,1,1,487.27,20.0,50.0,24.0,0
1,0,1,1,513.445,20.0,50.0,24.0,0
1,0,1,1,521.953,20.0,50.0,24.0,0
1,0,1,1,525.291,20.0,50.0,24.0,0
1,0,1,1,529.976,20.0,50.0,24.0,0
1,0,1,1,533.401,20.0,50.0,24.0,0
1,0,1,1,537.698,20.0,50.0,24.0,0
1,0,1,1,541.819,20.0,50.0,24.0,0
1,0,1,1,539.926,20.0,50.0,24.0,0
1,0,1,1,547.09,20.0,50.0,24.0,0
1,0,1,1,552.211,20.0,50.0,24.0,0
1,0,1,1,552.766,20.0,50.0,24.0,0
1,0,1,1,556.636,20.0,50.0,24.0,0
1,0,1,1,560.44,20.0,50.0,24.0,0
1,0,1,1,569.98,20.0,50.0,24.0,0
1,0,1,1,570.562,20.0,50.0,24.0,0
1,0,1,1,573.628,20.0,50.0,24.0,0
1,0,1,1,572.906,20.0,50.0,24.0,0
1,0,1,1,570.277,20.0,50.0,24.0,0
1,0,1,1,575.139,20.0,50.0,24.0,0
1,0,1,1,580.748,20.0,50.0,24.0,0
1,0,1,1,584.873,20.0,50.0,24.0,0
1,0,1,1,585.811,20.0,50.0,24.0,0
1,0,1,1,591.322,20.0,50.0,24.0,0
1,0,1,1,590.56,20.0,50.0,24.0,0
1,0,1,1,593.775,20.0,50.0,24.0,0
1,0,1,1,603.985,20.0,50.0,24.0,0
1,0,1,1,603.485,20.0,50.0,24.0,0
1,0,1,1,608.684,20.0,50.0,24.0,0
1,0,1,1,607.348,20.0,50.0,24.0,0
1,0,1,1,613.238,20.0,50.0,24.0,0
1,0,1,1,614.241,20.0,50.0,24.0,0
1,0,1,1,620.503,20.0,50.0,24.0,0
1,0,1,1,622.695,20.0,50.0,24.0,0
1,0,1,1,623.799,20.0,50.0,24.0,0
1,0,1,1,623.481,20.0,50.0,24.0,0
1,0,1,1,624.217,20.0,50.0,24.0,0
1,0,1,1,626.958,20.0,50.0,24.0,0
1,0,1,1,636.496,20.0,50.0,24.0,0
1,0,1,1,634.363,20.0,50.0,24.0,0
1,0,1,1,632.682,20.0,50.0,24.0,0
1,0,1,1,633.378,20.0,50.0,24.0,0
1,0,1,1,635.924,20.0,50.0,24.0,0
1,0,1,1,639.858,20.0,50.0,24.0,0
1,0,1,1,640.525,20.0,50.0,24.0,0
1,0,1,1,639.497,20.0,50.0,24.0,0
1,0,1,1,637.144,20.0,50.0,24.0,0
1,0,1,1,633.332,20.0,50.0,24.0,0
1,0,1,1,635.772,20.0,50.0,24.0,0
1,0,1,1,636.853,20.0,50.0,24.0,0
1,0,1,1,629.323,20.0,50.0,24.0,0
1,0,1,1,629.25,20.0,50.0,24.0,0
1,0,1,1,627.446,20.0,50.0,24.0,0
1,0,1,1,629.774,20.0,50.0,24.0,0
1,0,1,1,627.603,20.0,50.0,24.0,0
1,0,1,1,628.488,20.0,50.0,24.0,0
1,0,1,1,629.675,20.0,50.0,24.0,0
1,0,1,1,634.379,20.0,50.0,24.0,0
1,0,1,1,631.248,20.0,50.0,24.0,0
1,0,1,1,632.128,20.0,50.0,24.0,0
1,0,1,1,636.157,20.0,50.0,24.0,0
1,0,1,1,637.315,20.0,50.0,24.0,0
1,0,1,1,634.238,20.0,50.0,24.0,0
1,0,1,1,639.949,20.0,50.0,24.0,0
1,0,1,1,642.891,20.0,50.0,24.0,0
1,0,1,1,643.166,20.0,50.0,24.0,0
1,0,1,1,646.844,20.0,50.0,24.0,0
1,0,1,1,653.072,20.0,50.0,24.0,0
1,0,1,1,647.99,20.0,50.0,24.0,0
1,0,1,1,651.367,20.0,50.0,24.0,0
1,0,1,1,647.012,20.0,50.0,24.0,0
1,0,1,1,654.913,20.0,50.0,24.0,0
1,0,1,1,659.71,20.0,50.0,24.0,0
1,0,1,1,661.326,20.0,50.0,24.0,0
1,0,1,1,667.467,20.0,50.0,24.0,0
1,0,1,1,667.673,20.0,50.0,24.0,0
1,0,1,1,675.282,20.0,50.0,24.0,0
1,0,1,1,666.356,20.0,50.0,24.0,0
1,0,1,1,663.15,20.0,50.0,24.0,0
1,0,1,1,668.087,20.0,50.0,24.0,0
1,0,1,1,679.288,20.0,50.0,24.0,0
1,0,1,1,693.694,20.0,50.0,24.0,0
1,0,1,1,690.752,20.0,50.0,24.0,0
1,0,1,1,684.518,20.0,50.0,24.0,0
1,0,1,1,691.846,20.0,50.0,24.0,0
1,0,1,1,700.154,20.0,50.0,24.0,0
1,0,1,1,692.599,20.0,50.0,24.0,0
1,0,1,1,691.267,20.0,50.0,24.0,0
1,0,1,1,697.608,20.0,50.0,24.0,0
1,0,1,1,700.601,20.0,50.0,24.0,0
1,0,1,1,702.515,20.0,50.0,24.0,0
1,0,1,1,682.614,20.0,50.0,24.0,0
1,0,1,1,682.567,20.0,50.0,24.0,0
1,0,1,1,684.217,20.0,50.0,24.0,0
1,0,1,1,684.906,20.0,50.0,24.0,0
1,0,1,1,683.799,20.0,50.0,24.0,0
1,0,1,1,681.881,20.0,50.0,24.0,0
1,0,1,1,677.462,20.0,50.0,24.0,0
1,0,1,1,669.748,20.0,50.0,24.0,0
1,0,1,1,681.811,20.0,50.0,24.0,0
1,0,1,1,703.436,20.0,50.0,24.0,0
1,0,1,1,704.03,20.0,50.0,24.0,0
1,0,1,1,697.127,20.0,50.0,24.0,0
1,0,1,1,690.693,20.0,50.0,24.0,0
1,0,1,1,705.258,20.0,50.0,24.0,0
1,0,1,1,708.869,20.0,50.0,24.0,0
1,0,1,1,714.163,20.0,50.0,24.0,0
1,0,1,1,719.5,20.0,50.0,24.0,0
1,0,1,1,720.434,20.0,50.0,24.0,0
1,0,1,1,720.081,20.0,50.0,24.0,0
1,0,1,1,719.996,20.0,50.0,24.0,0
1,0,1,1,714.576,20.0,50.0,24.0,0
1,0,1,1,711.195,20.0,50.0,24.0,0
1,0,1,1,711.33,20.0,50.0,24.0,0
1,0,1,1,710.155,20.0,50.0,24.0,0
1,0,1,1,706.842,20.0,50.0,24.0,0
1,0,1,1,703.035,20.0,50.0,24.0,0
1,0,1,1,705.767,20.0,50.0,24.0,0
1,0,1,1,704.305,20.0,50.0,24.0,0
1,0,1,1,703.975,20.0,50.0,24.0,0
1,0,1,1,700.676,20.0,50.0,24.0,0
1,0,1,1,697.943,20.0,50.0,24.0,0
1,0,1,1,698.397,20.0,50.0,24.0,0
1,0,1,1,698.423,20.0,50.0,24.0,0
1,0,1,1,700.511,20.0,50.0,24.0,0
1,0,1,1,698.258,20.0,50.0,24.0,0
1,0,1,1,698.94,20.0,50.0,24.0,0
1,0,1,1,699.254,20.0,50.0,24.0,0
1,0,1,1,699.397,20.0,50.0,24.0,0
1,0,1,1,700.599,20.0,50.0,24.0,0
1,0,1,1,701.756,20.0,50.0,24.0,0
1,0,1,1,706.186,20.0,50.0,24.0,0
1,0,1,1,709.229,20.0,50.0,24.0,0
1,0,1,1,731.217,20.0,50.0,24.0,0
1,0,1,1,724.514,20.0,50.0,24.0,0
1,0,1,1,713.534,20.0,50.0,24.0,0
1,0,1,1,710.095,20.0,50.0,24.0,0
1,0,1,1,708.723,20.0,50.0,24.0,0
1,0,1,1,702.244,20.0,50.0,24.0,0
1,0,1,1,694.625,20.0,50.0,24.0,0
1,0,1,1,692.913,20.0,50.0,24.0,0
1,0,1,1,694.731,20.0,50.0,24.0,0
1,0,1,1,692.0,20.0,50.0,24.0,0
1,0,1,1,686.34,20.0,50.0,24.0,0
1,0,1,1,683.72,20.0,50.0,24.0,0
1,0,1,1,679.712,20.0,50.0,24.0,0
1,0,1,1,678.561,20.0,50.0,24.0,0
1,0,1,1,680.445,20.0,50.0,24.0,0
1,0,1,1,679.863,20.0,50.0,24.0,0
1,0,1,1,676.238,20.0,50.0,24.0,0
1,0,1,1,675.167,20.0,50.0,24.0,0
1,0,1,1,698.653,20.0,50.0,24.0,0
1,0,1,1,736.738,20.0,50.0,24.0,0
1,0,1,1,746.598,20.0,50.0,24.0,0
1,0,1,1,758.217,20.0,50.0,24.0,0
1,0,1,1,776.428,20.0,50.0,24.0,0
1,0,1,1,795.943,20.0,50.0,24.0,0
1,0,1,1,811.585,20.0,50.0,24.0,1
1,0,1,1,823.48,20.0,50.0,24.0,1
1,0,1,1,826.109,20.0,50.0,24.0,1
1,0,1,1,837.591,20.0,50.0,24.0,1
1,0,1,1,846.39,20.0,50.0,24.0,1
1,0,1,1,860.542,20.0,50.0,24.0,1
1,0,1,1,884.866,20.0,50.0,24.0,1
1,0,1,1,885.039,20.0,50.0,24.0,1
1,0,1,1,882.87,20.0,50.0,24.0,1
1,0,1,1,881.302,20.0,50.0,24.0,1
1,0,1,1,883.244,20.0,50.0,24.0,1
1,0,1,1,879.281,20.0,50.0,24.0,1
1,0,1,1,884.421,20.0,50.0,24.0,1
1,0,1,1,890.657,20.0,50.0,24.0,1
1,0,1,1,892.517,20.0,50.0,24.0,1
1,0,1,1,903.784,20.0,50.0,24.0,1
1,0,1,1,920.589,20.0,50.0,24.0,1
1,0,1,1,914.436,20.0,50.0,24.0,1
1,0,1,1,920.505,20.0,50.0,24.0,1
1,0,1,1,937.341,20.0,50.0,24.0,1
1,0,1,1,944.168,20.0,50.0,24.0,1
1,0,1,1,948.39,20.0,50.0,24.0,1
1,0,1,1,957.271,20.0,50.0,24.0,1
1,0,1,1,966.628,20.0,50.0,24.0,1
1,0,1,1,967.599,20.0,50.0,24.0,1
1,0,1,1,966.272,20.0,50.0,24.0,1
1,0,1,1,981.713,20.0,50.0,24.0,1
1,0,1,1,996.774,20.0,50.0,24.0,1
1,0,1,1,988.734,20.0,50.0,24.0,1
1,0,1,1,1002.96,20.0,50.0,24.0,1
1,0,1,1,1016.42,20.0,50.0,24.0,1
1,0,1,1,1010.2,20.0,50.0,24.0,1
1,0,1,1,1016.04,20.0,50.0,24.0,1
1,0,1,1,1027.91,20.0,50.0,24.0,1
1,0,1,1,975.31,20.0,50.0,24.0,1
1,0,1,1,957.647,20.0,50.0,24.0,1
1,0,1,1,950.004,20.0,50.0,24.0,1
1,0,1,1,938.429,20.0,50.0,24.0,1
1,0,1,1,949.903,20.0,50.0,24.0,1
1,0,1,1,987.613,20.0,50.0,24.0,1
1,0,1,1,999.133,20.0,50.0,24.0,1
1,0,1,1,1020.05,20.0,50.0,24.0,1
1,0,1,1,1027.18,20.0,50.0,24.0,1
1,0,1,1,1011.02,20.0,50.0,24.0,1
1,0,1,1,989.908,20.0,50.0,24.0,1
1,0,1,1,987.305,20.0,50.0,24.0,1
1,0,1,1,982.392,20.0,50.0,24.0,1
1,0,1,1,971.74,20.0,50.0,24.0,1
1,0,1,1,967.14,20.0,50.0,24.0,1
1,0,1,1,964.432,20.0,50.0,24.0,1
1,0,1,1,960.995,20.0,50.0,24.0,1
1,0,1,1,956.861,20.0,50.0,24.0,1
1,0,1,1,954.166,20.0,50.0,24.0,1
1,0,1,1,949.917,20.0,50.0,24.0,1
1,0,1,1,945.526,20.0,50.0,24.0,1
1,0,1,1,941.26,20.0,50.0,24.0,1
1,0,1,1,939.442,20.0,50.0,24.0,1
1,0,1,1,934.92,20.0,50.0,24.0,1
1,0,1,1,932.98,20.0,50.0,24.0,1
1,0,1,1,930.472,20.0,50.0,24.0,1
1,0,1,1,929.33,20.0,50.0,24.0,1
1,0,1,1,923.373,20.0,50.0,24.0,1
1,0,1,1,917.889,20.0,50.0,24.0,1
1,0,1,1,914.379,20.0,50.0,24.0,1
1,0,1,1,908.108,20.0,50.0,24.0,1
1,0,1,1,905.513,20.0,50.0,24.0,1
1,0,1,1,903.026,20.0,50.0,24.0,1
1,0,1,1,900.452,20.0,50.0,24.0,1
1,0,1,1,898.069,20.0,50.0,24.0,1
1,0,1,1,898.11,20.0,50.0,24.0,1
1,0,1,1,894.987,20.0,50.0,24.0,1
1,0,1,1,889.617,20.0,50.0,24.0,1
1,0,1,1,884.96,20.0,50.0,24.0,1
1,0,1,1,882.172,20.0,50.0,24.0,1
1,0,1,1,880.711,20.0,50.0,24.0,1
1,0,1,1,877.883,20.0,50.0,24.0,1
1,0,1,1,876.954,20.0,50.0,24.0,1
1,0,1,1,873.037,20.0,50.0,24.0,1
1,0,1,1,867.886,20.0,50.0,24.0,1
1,0,1,1,864.929,20.0,50.0,24.0,1
1,0,1,1,862.192,20.0,50.0,24.0,1
1,0,1,1,857.553,20.0,50.0,24.0,1
1,0,1,1,856.542,20.0,50.0,24.0,1
1,0,1,1,855.032,20.0,50.0,24.0,1
1,0,1,1,852.599,20.0,50.0,24.0,1
1,0,1,1,846.373,20.0,50.0,24.0,1
1,0,1,1,843.793,20.0,50.0,24.0,1
1,0,1,1,843.646,20.0,50.0,24.0,1
1,0,1,1,840.439,20.0,50.0,24.0,1
1,0,1,1,837.519,20.0,50.0,24.0,1
1,0,1,1,836.684,20.0,50.0,24.0,1
1,0,1,1,832.747,20.0,50.0,24.0,1
1,0,1,1,830.981,20.0,50.0,24.0,1
1,0,1,1,829.678,20.0,50.0,24.0,1
1,0,1,1,831.115,20.0,50.0,24.0,1
1,0,1,1,826.002,20.0,50.0,24.0,1
1,0,1,1,823.974,20.0,50.0,24.0,1
1,0,1,1,822.721,20.0,50.0,24.0,1
1,0,1,1,820.419,20.0,50.0,24.0,1
1,0,1,1,818.714,20.0,50.0,24.0,1
1,0,1,1,816.758,20.0,50.0,24.0,1
1,0,1,1,813.996,20.0,50.0,24.0,1
1,0,1,1,808.855,20.0,50.0,24.0,1
1,0,1,1,807.915,20.0,50.0,24.0,1
1,0,1,1,806.532,20.0,50.0,24.0,1
1,0,1,1,803.561,20.0,50.0,24.0,1
1,0,1,1,801.367,20.0,50.0,24.0,1
1,0,1,1,804.165,20.0,50.0,24.0,1
1,0,1,1,801.094,20.0,50.0,24.0,1
1,0,1,1,794.65,20.0,50.0,24.0,0
1,0,1,1,793.677,20.0,50.0,24.0,0
1,0,1,1,791.118,20.0,50.0,24.0,0
1,0,1,1,791.664,20.0,50.0,24.0,0
1,0,1,1,786.628,20.0,50.0,24.0,0
1,0,1,1,784.375,20.0,50.0,24.0,0
1,0,1,1,781.496,20.0,50.0,24.0,0
1,0,1,1,781.283,20.0,50.0,24.0,0
1,0,1,1,778.26,20.0,50.0,24.0,0
1,0,1,1,773.156,20.0,50.0,24.0,0
1,0,1,1,772.716,20.0,50.0,24.0,0
1,0,1,1,773.545,20.0,50.0,24.0,0
1,0,1,1,769.08,20.0,50.0,24.0,0
1,0,1,1,767.492,20.0,50.0,24.0,0
1,0,1,1,763.903,20.0,50.0,24.0,0
1,0,1,1,760.999,20.0,50.0,24.0,0
1,0,1,1,761.714,20.0,50.0,24.0,0
1,0,1,1,758.971,20.0,50.0,24.0,0
1,0,1,1,753.466,20.0,50.0,24.0,0
1,0,1,1,752.482,20.0,50.0,24.0,0
1,0,1,1,753.411,20.0,50.0,24.0,0
1,0,1,1,749.742,20.0,50.0,24.0,0
1,0,1,1,748.649,20.0,50.0,24.0,0
1,0,1,1,745.981,20.0,50.0,24.0,0
1,0,1,1,745.593,20.0,50.0,24.0,0
1,0,1,1,745.199,20.0,50.0,24.0,0
1,0,1,1,742.107,20.0,50.0,24.0,0
1,0,1,1,741.699,20.0,50.0,24.0,0
1,0,1,1,740.216,20.0,50.0,24.0,0
1,0,1,1,736.263,20.0,50.0,24.0,0
1,0,1,1,732.94,20.0,50.0,24.0,0
1,0,1,1,729.331,20.0,50.0,24.0,0
1,0,1,1,725.145,20.0,50.0,24.0,0
1,0,1,1,724.796,20.0,50.0,24.0,0
1,0,1,1,722.237,20.0,50.0,24.0,0
1,0,1,1,724.085,20.0,50.0,24.0,0
1,0,1,1,721.974,20.0,50.0,24.0,0
1,0,1,1,722.785,20.0,50.0,24.0,0
1,0,1,1,719.066,20.0,50.0,24.0,0
1,0,1,1,715.327,20.0,50.0,24.0,0
1,0,1,1,714.594,20.0,50.0,24.0,0
1,0,1,1,713.781,20.0,50.0,24.0,0
1,0,1,1,713.873,20.0,50.0,24.0,0
1,0,1,1,712.125,20.0,50.0,24.0,0
1,0,1,1,707.767,20.0,50.0,24.0,0
1,0,1,1,705.709,20.0,50.0,24.0,0
1,0,1,1,704.557,20.0,50.0,24.0,0
1,0,1,1,705.874,20.0,50.0,24.0,0
1,0,1,1,703.792,20.0,50.0,24.0,0
1,0,1,1,697.834,20.0,50.0,24.0,0
1,0,1,1,696.757,20.0,50.0,24.0,0
1,0,1,1,696.542,20.0,50.0,24.0,0
1,0,1,1,695.654,20.0,50.0,24.0,0
1,0,1,1,693.316,20.0,50.0,24.0,0
1,0,1,1,694.637,20.0,50.0,24.0,0
1,0,1,1,693.676,20.0,50.0,24.0,0
1,0,1,1,692.573,20.0,50.0,24.0,0
1,0,1,1,690.244,20.0,50.0,24.0,0
1,0,1,1,686.603,20.0,50.0,24.0,0
1,0,1,1,684.059,20.0,50.0,24.0,0
1,0,1,1,683.111,20.0,50.0,24.0,0
1,0,1,1,682.776,20.0,50.0,24.0,0
1,0,1,1,681.154,20.0,50.0,24.0,0
1,0,1,1,680.623,20.0,50.0,24.0,0
1,0,1,1,679.267,20.0,50.0,24.0,0
1,0,1,1,679.396,20.0,50.0,24.0,0
1,0,1,1,678.08,20.0,50.0,24.0,0
1,0,1,1,675.515,20.0,50.0,24.0,0
1,0,1,1,675.188,20.0,50.0,24.0,0
1,0,1,1,675.762,20.0,50.0,24.0,0
1,0,1,1,673.221,20.0,50.0,24.0,0
1,0,1,1,672.207,20.0,50.0,24.0,0
1,0,1,1,670.783,20.0,50.0,24.0,0
1,0,1,1,670.106,20.0,50.0,24.0,0
1,0,1,1,670.733,20.0,50.0,24.0,0
1,0,1,1,668.804,20.0,50.0,24.0,0
1,0,1,1,666.147,20.0,50.0,24.0,0
1,0,1,1,665.369,20.0,50.0,24.0,0
1,0,1,1,663.888,20.0,50.0,24.0,0
1,0,1,1,661.88,20.0,50.0,24.0,0
1,0,1,1,662.378,20.0,50.0,24.0,0
1,0,1,1,659.631,20.0,50.0,24.0,0
1,0,1,1,656.451,20.0,50.0,24.0,0
1,0,1,1,653.802,20.0,50.0,24.0,0
1,0,1,1,652.819,20.0,50.0,24.0,0
1,0,1,1,651.825,20.0,50.0,24.0,0
1,0,1,1,653.509,20.0,50.0,24.0,0
1,0,1,1,650.84,20.0,50.0,24.0,0
1,0,1,1,649.955,20.0,50.0,24.0,0
1,0,1,1,649.738,20.0,50.0,24.0,0
1,0,1,1,651.334,20.0,50.0,24.0,0
1,0,1,1,647.377,20.0,50.0,24.0,0
1,0,1,1,645.155,20.0,50.0,24.0,0
1,0,1,1,646.074,20.0,50.0,24.0,0
1,0,1,1,643.872,20.0,50.0,24.0,0
1,0,1,1,641.705,20.0,50.0,24.0,0
1,0,1,1,643.717,20.0,50.0,24.0,0
1,0,1,1,643.132,20.0,50.0,24.0,0
1,0,1,1,638.864,20.0,50.0,24.0,0
1,0,1,1,637.986,20.0,50.0,24.0,0
1,0,1,1,641.165,20.0,50.0,24.0,0
1,0,1,1,637.361,20.0,50.0,24.0,0
1,0,1,1,637.149,20.0,50.0,24.0,0
1,0,1,1,634.351,20.0,50.0,24.0,0
1,0,1,1,636.833,20.0,50.0,24.0,0
1,0,1,1,636.447,20.0,50.0,24.0,0
1,0,1,1,635.61,20.0,50.0,24.0,0
1,0,1,1,634.941,20.0,50.0,24.0,0
1,0,1,1,635.085,20.0,50.0,24.0,0
1,0,1,1,633.001,20.0,50.0,24.0,0
1,0,1,1,631.862,20.0,50.0,24.0,0
1,0,1,1,629.934,20.0,50.0,24.0,0
1,0,1,1,627.83,20.0,50.0,24.0,0
1,0,1,1,623.405,20.0,50.0,24.0,0
1,0,1,1,622.732,20.0,50.0,24.0,0
1,0,1,1,622.64,20.0,50.0,24.0,0
1,0,1,1,622.053,20.0,50.0,24.0,0
1,0,1,1,623.725,20.0,50.0,24.0,0
1,0,1,1,621.971,20.0,50.0,24.0,0
1,0,1,1,622.461,20.0,50.0,24.0,0
1,0,1,1,620.201,20.0,50.0,24.0,0
1,0,1,1,618.365,20.0,50.0,24.0,0
1,0,1,1,616.26,20.0,50.0,24.0,0
1,0,1,1,621.926,20.0,50.0,24.0,0
1,0,1,1,555.757,20.0,50.0,24.0,0
1,0,1,1,456.499,20.0,50.0,24.0,0
1,0,1,1,432.575,20.0,50.0,24.0,0
1,0,1,1,431.406,20.0,50.0,24.0,0
1,0,1,1,429.657,20.0,50.0,24.0,0
1,0,1,1,429.757,20.0,50.0,24.0,0
1,0,1,1,430.193,20.0,50.0,24.0,0
1,0,1,1,429.279,20.0,50.0,24.0,0
1,0,1,1,428.018,20.0,50.0,24.0,0
1,0,1,1,426.673,20.0,50.0,24.0,0
1,0,1,1,425.797,20.0,50.0,24.0,0
1,0,1,1,424.555,20.0,50.0,24.0,0
1,0,1,1,428.017,20.0,50.0,24.0,0
1,0,1,1,444.003,20.0,50.0,24.0,0
1,0,1,1,445.041,20.0,50.0,24.0,0
1,0,1,1,461.867,20.0,50.0,24.0,0
1,0,1,1,484.902,20.0,50.0,24.0,0
1,0,1,1,487.426,20.0,50.0,24.0,0
1,0,1,1,460.216,20.0,50.0,24.0,0
1,0,1,1,475.198,20.0,50.0,24.0,0
1,0,1,1,483.867,20.0,50.0,24.0,0
1,0,1,1,465.927,20.0,50.0,24.0,0
1,0,1,1,469.701,20.0,50.0,24.0,0
1,0,1,1,474.366,20.0,50.0,24.0,0
1,0,1,1,462.916,20.0,50.0,24.0,0
1,0,1,1,465.526,20.0,50.0,24.0,0
1,0,1,1,481.264,20.0,50.0,24.0,0
1,0,1,1,478.355,20.0,50.0,24.0,0
1,0,1,1,455.338,20.0,50.0,24.0,0
1,0,1,1,454.882,20.0,50.0,24.0,0
1,0,1,1,452.039,20.0,50.0,24.0,0
1,0,1,1,455.069,20.0,50.0,24.0,0
1,0,1,1,483.932,20.0,50.0,24.0,0
1,0,1,1,449.372,20.0,50.0,24.0,0
1,0,1,1,432.679,20.0,50.0,24.0,0
1,0,1,1,424.133,20.0,50.0,24.0,0
1,0,1,1,420.929,20.0,50.0,24.0,0
1,0,1,1,418.778,20.0,50.0,24.0,0
1,0,1,1,415.403,20.0,50.0,24.0,0
1,0,1,1,416.87,20.0,50.0,24.0,0
1,0,1,1,418.679,20.0,50.0,24.0,0
1,0,1,1,454.902,20.0,50.0,24.0,0
1,0,1,1,506.455,20.0,50.0,24.0,0
1,0,1,1,501.126,20.0,50.0,24.0,0
1,0,1,1,457.919,20.0,50.0,24.0,0
1,0,1,1,462.471,20.0,50.0,24.0,0
1,0,1,1,461.4,20.0,50.0,24.0,0
1,0,1,1,432.669,20.0,50.0,24.0,0
1,0,1,1,444.076,20.0,50.0,24.0,0
1,0,1,1,442.549,20.0,50.0,24.0,0
1,0,1,1,444.374,20.0,50.0,24.0,0
1,0,1,1,452.768,20.0,50.0,24.0,0
1,0,1,1,446.15,20.0,50.0,24.0,0
1,0,1,1,438.947,20.0,50.0,24.0,0
1,0,1,1,438.067,20.0,50.0,24.0,0
1,0,1,1,437.609,20.0,50.0,24.0,0
1,0,1,1,444.437,20.0,50.0,24.0,0
1,0,1,1,452.424,20.0,50.0,24.0,0
1,0,1,1,453.766,20.0,50.0,24.0,0
1,0,1,1,460.441,20.0,50.0,24.0,0
1,0,1,1,446.492,20.0,50.0,24.0,0
1,0,1,1,437.54,20.0,50.0,24.0,0
1,0,1,1,431.484,20.0,50.0,24.0,0
1,0,1,1,429.741,20.0,50.0,24.0,0
1,0,1,1,427.932,20.0,50.0,24.0,0
1,0,1,1,434.662,20.0,50.0,24.0,0
1,0,1,1,431.866,20.0,50.0,24.0,0
1,0,1,1,432.912,20.0,50.0,24.0,0
1,0,1,1,427.756,20.0,50.0,24.0,0
1,0,1,1,436.079,20.0,50.0,24.0,0
1,0,1,1,437.154,20.0,50.0,24.0,0
1,0,1,1,431.99,20.0,50.0,24.0,0
1,0,1,1,430.339,20.0,50.0,24.0,0
1,0,1,1,431.177,20.0,50.0,24.0,0
1,0,1,1,430.331,20.0,50.0,24.0,0
1,0,1,1,435.369,20.0,50.0,24.0,0
1,0,1,1,435.38,20.0,50.0,24.0,0
1,0,1,1,432.274,20.0,50.0,24.0,0
1,0,1,1,430.005,20.0,50.0,24.0,0
1,0,1,1,427.424,20.0,50.0,24.0,0
1,0,1,1,426.155,20.0,50.0,24.0,0
1,0,1,1,424.798,20.0,50.0,24.0,0
1,0,1,1,425.857,20.0,50.0,24.0,0
1,0,1,1,426.238,20.0,50.0,24.0,0
1,0,1,1,423.497,20.0,50.0,24.0,0
1,0,1,1,424.628,20.0,50.0,24.0,0
1,0,1,1,426.536,20.0,50.0,24.0,0
1,0,1,1,433.998,20.0,50.0,24.0,0
1,0,1,1,436.929,20.0,50.0,24.0,0
1,0,1,1,431.706,20.0,50.0,24.0,0
1,0,1,1,427.659,20.0,50.0,24.0,0
1,0,1,1,423.364,20.0,50.0,24.0,0
1,0,1,1,423.721,20.0,50.0,24.0,0
1,0,1,1,427.534,20.0,50.0,24.0,0
1,0,1,1,447.799,20.0,50.0,24.0,0
1,0,1,1,480.867,20.0,50.0,24.0,0
1,0,1,1,513.114,20.0,50.0,24.0,0
1,0,1,1,521.798,20.0,50.0,24.0,0
1,0,1,1,535.86,20.0,50.0,24.0,0
1,0,1,1,552.093,20.0,50.0,24.0,0
1,0,1,1,560.335,20.0,50.0,24.0,0
1,0,1,1,585.236,20.0,50.0,24.0,0
1,0,1,1,561.43,20.0,50.0,24.0,0
1,0,1,1,531.98,20.0,50.0,24.0,0
1,0,1,1,531.653,20.0,50.0,24.0,0
1,0,1,1,530.782,20.0,50.0,24.0,0
1,0,1,1,538.639,20.0,50.0,24.0,0
1,0,1,1,520.804,20.0,50.0,24.0,0
1,0,1,1,484.41,20.0,50.0,24.0,0
1,0,1,1,472.167,20.0,50.0,24.0,0
1,0,1,1,450.768,20.0,50.0,24.0,0
1,0,1,1,440.872,20.0,50.0,24.0,0
1,0,1,1,437.625,20.0,50.0,24.0,0
1,0,1,1,434.354,20.0,50.0,24.0,0
1,0,1,1,432.262,20.0,50.0,24.0,0
1,0,1,1,427.251,20.0,50.0,24.0,0
1,0,1,1,428.66,20.0,50.0,24.0,0
1,0,1,1,430.555,20.0,50.0,24.0,0
1,0,1,1,429.494,20.0,50.0,24.0,0
1,0,1,1,427.248,20.0,50.0,24.0,0
1,0,1,1,438.132,20.0,50.0,24.0,0
1,0,1,1,460.357,20.0,50.0,24.0,0
1,0,1,1,482.213,20.0,50.0,24.0,0
1,0,1,1,495.881,20.0,50.0,24.0,0
1,0,1,1,488.709,20.0,50.0,24.0,0
1,0,1,1,521.675,20.0,50.0,24.0,0
1,0,1,1,539.277,20.0,50.0,24.0,0
1,0,1,1,535.557,20.0,50.0,24.0,0
1,0,1,1,546.088,20.0,50.0,24.0,0
1,0,1,1,555.598,20.0,50.0,24.0,0
1,0,1,1,548.383,20.0,50.0,24.0,0
1,0,1,1,549.511,20.0,50.0,24.0,0
1,0,1,1,559.742,20.0,50.0,24.0,0
1,0,1,1,585.018,20.0,50.0,24.0,0
1,0,1,1,600.804,20.0,50.0,24.0,0
1,0,1,1,586.674,20.0,50.0,24.0,0
1,0,1,1,578.629,20.0,50.0,24.0,0
1,0,1,1,592.237,20.0,50.0,24.0,0
1,0,1,1,591.693,20.0,50.0,24.0,0
1,0,1,1,580.048,20.0,50.0,24.0,0
1,0,1,1,588.388,20.0,50.0,24.0,0
1,0,1,1,586.935,20.0,50.0,24.0,0
1,0,1,1,582.536,20.0,50.0,24.0,0
1,0,1,1,563.889,20.0,50.0,24.0,0
1,0,1,1,552.936,20.0,50.0,24.0,0
1,0,1,1,565.57,20.0,50.0,24.0,0
1,0,1,1,577.228,20.0,50.0,24.0,0
1,0,1,1,576.964,20.0,50.0,24.0,0
1,0,1,1,575.981,20.0,50.0,24.0,0
1,0,1,1,571.274,20.0,50.0,24.0,0
1,0,1,1,565.431,20.0,50.0,24.0,0
1,0,1,1,550.566,20.0,50.0,24.0,0
1,0,1,1,548.768,20.0,50.0,24.0,0
1,0,1,1,551.354,20.0,50.0,24.0,0
1,0,1,1,556.842,20.0,50.0,24.0,0
1,0,1,1,553.554,20.0,50.0,24.0,0
1,0,1,1,535.58,20.0,50.0,24.0,0
1,0,1,1,515.986,20.0,50.0,24.0,0
1,0,1,1,497.148,20.0,50.0,24.0,0
1,0,1,1,479.637,20.0,50.0,24.0,0
1,0,1,1,471.884,20.0,50.0,24.0,0
1,0,1,1,466.964,20.0,50.0,24.0,0
1,0,1,1,460.621,20.0,50.0,24.0,0
1,0,1,1,458.567,20.0,50.0,24.0,0
1,0,1,1,456.533,20.0,50.0,24.0,0
1,0,1,1,455.596,20.0,50.0,24.0,0
1,0,1,1,453.491,20.0,50.0,24.0,0
1,0,1,1,458.703,20.0,50.0,24.0,0
1,0,1,1,454.79,20.0,50.0,24.0,0
1,0,1,1,461.486,20.0,50.0,24.0,0
1,0,1,1,467.176,20.0,50.0,24.0,0
1,0,1,1,474.558,20.0,50.0,24.0,0
1,0,1,1,481.132,20.0,50.0,24.0,0
1,0,1,1,488.003,20.0,50.0,24.0,0
1,0,1,1,499.507,20.0,50.0,24.0,0
1,0,1,1,513.708,20.0,50.0,24.0,0
1,0,1,1,521.19,20.0,50.0,24.0,0
1,0,1,1,526.058,20.0,50.0,24.0,0
1,0,1,1,533.442,20.0,50.0,24.0,0
1,0,1,1,540.849,20.0,50.0,24.0,0
1,0,1,1,549.554,20.0,50.0,24.0,0
1,0,1,1,551.736,20.0,50.0,24.0,0
1,0,1,1,555.634,20.0,50.0,24.0,0
1,0,1,1,558.864,20.0,50.0,24.0,0
1,0,1,1,560.501,20.0,50.0,24.0,0
1,0,1,1,564.666,20.0,50.0,24.0,0
1,0,1,1,568.299,20.0,50.0,24.0,0
1,0,1,1,572.068,20.0,50.0,24.0,0
1,0,1,1,572.296,20.0,50.0,24.0,0
1,0,1,1,573.122,20.0,50.0,24.0,0
1,0,1,1,574.071,20.0,50.0,24.0,0
1,0,1,1,575.508,20.0,50.0,24.0,0
1,0,1,1,575.048,20.0,50.0,24.0,0
1,0,1,1,576.531,20.0,50.0,24.0,0
1,0,1,1,578.243,20.0,50.0,24.0,0
1,0,1,1,582.543,20.0,50.0,24.0,0
1,0,1,1,584.84,20.0,50.0,24.0,0
1,0,1,1,584.055,20.0,50.0,24.0,0
1,0,1,1,582.934,20.0,50.0,24.0,0
1,0,1,1,584.18,20.0,50.0,24.0,0
1,0,1,1,584.981,20.0,50.0,24.0,0
1,0,1,1,585.817,20.0,50.0,24.0,0
1,0,1,1,588.098,20.0,50.0,24.0,0
1,0,1,1,588.093,20.0,50.0,24.0,0
1,0,1,1,588.463,20.0,50.0,24.0,0
1,0,1,1,588.458,20.0,50.0,24.0,0
1,0,1,1,588.883,20.0,50.0,24.0,0
1,0,1,1,591.085,20.0,50.0,24.0,0
1,0,1,1,592.192,20.0,50.0,24.0,0
1,0,1,1,593.267,20.0,50.0,24.0,0
1,0,1,1,594.104,20.0,50.0,24.0,0
1,0,1,1,597.777,20.0,50.0,24.0,0
1,0,1,1,600.595,20.0,50.0,24.0,0
1,0,1,1,600.742,20.0,50.0,24.0,0
1,0,1,1,601.864,20.0,50.0,24.0,0
1,0,1,1,605.644,20.0,50.0,24.0,0
1,0,1,1,606.502,20.0,50.0,24.0,0
1,0,1,1,608.104,20.0,50.0,24.0,0
1,0,1,1,604.879,20.0,50.0,24.0,0
1,0,1,1,607.796,20.0,50.0,24.0,0
1,0,1,1,612.137,20.0,50.0,24.0,0
1,0,1,1,612.349,20.0,50.0,24.0,0
1,0,1,1,615.071,20.0,50.0,24.0,0
1,0,1,1,617.677,20.0,50.0,24.0,0
1,0,1,1,621.816,20.0,50.0,24.0,0
1,0,1,1,626.033,20.0,50.0,24.0,0
1,0,1,1,626.008,20.0,50.0,24.0,0
1,0,1,1,629.442,20.0,50.0,24.0,0
1,0,1,1,637.855,20.0,50.0,24.0,0
1,0,1,1,635.196,20.0,50.0,24.0,0
1,0,1,1,636.762,20.0,50.0,24.0,0
1,0,1,1,637.574,20.0,50.0,24.0,0
1,0,1,1,639.859,20.0,50.0,24.0,0
1,0,1,1,640.207,20.0,50.0,24.0,0
1,0,1,1,643.925,20.0,50.0,24.0,0
1,0,1,1,645.446,20.0,50.0,24.0,0
1,0,1,1,645.287,20.0,50.0,24.0,0
1,0,1,1,645.988,20.0,50.0,24.0,0
1,0,1,1,649.753,20.0,50.0,24.0,0
1,0,1,1,657.84,20.0,50.0,24.0,0
1,0,1,1,662.821,20.0,50.0,24.0,0
1,0,1,1,672.151,20.0,50.0,24.0,0
1,0,1,1,677.427,20.0,50.0,24.0,0
1,0,1,1,675.586,20.0,50.0,24.0,0
1,0,1,1,664.77,20.0,50.0,24.0,0
1,0,1,1,665.504,20.0,50.0,24.0,0
1,0,1,1,664.916,20.0,50.0,24.0,0
1,0,1,1,659.196,20.0,50.0,24.0,0
1,0,1,1,661.813,20.0,50.0,24.0,0
1,0,1,1,653.186,20.0,50.0,24.0,0
1,0,1,1,653.163,20.0,50.0,24.0,0
1,0,1,1,651.472,20.0,50.0,24.0,0
1,0,1,1,637.01,20.0,50.0,24.0,0
1,0,1,1,626.009,20.0,50.0,24.0,0
1,0,1,1,625.274,20.0,50.0,24.0,0
1,0,1,1,626.283,20.0,50.0,24.0,0
1,0,1,1,634.251,20.0,50.0,24.0,0
1,0,1,1,636.648,20.0,50.0,24.0,0
1,0,1,1,638.783,20.0,50.0,24.0,0
1,0,1,1,636.554,20.0,50.0,24.0,0
1,0,1,1,632.293,20.0,50.0,24.0,0
1,0,1,1,625.839,20.0,50.0,24.0,0
1,0,1,1,626.132,20.0,50.0,24.0,0
1,0,1,1,627.919,20.0,50.0,24.0,0
1,0,1,1,633.026,20.0,50.0,24.0,0
1,0,1,1,638.942,20.0,50.0,24.0,0
1,0,1,1,645.601,20.0,50.0,24.0,0
1,0,1,1,647.645,20.0,50.0,24.0,0
1,0,1,1,644.871,20.0,50.0,24.0,0
1,0,1,1,636.777,20.0,50.0,24.0,0
1,0,1,1,634.302,20.0,50.0,24.0,0
1,0,1,1,639.383,20.0,50.0,24.0,0
1,0,1,1,642.334,20.0,50.0,24.0,0
1,0,1,1,643.147,20.0,50.0,24.0,0
1,0,1,1,650.048,20.0,50.0,24.0,0
1,0,1,1,644.674,20.0,50.0,24.0,0
1,0,1,1,648.345,20.0,50.0,24.0,0
1,0,1,1,649.153,20.0,50.0,24.0,0
1,0,1,1,650.3,20.0,50.0,24.0,0
1,0,1,1,658.698,20.0,50.0,24.0,0
1,0,1,1,657.546,20.0,50.0,24.0,0
1,0,1,1,654.929,20.0,50.0,24.0,0
1,0,1,1,662.288,20.0,50.0,24.0,0
1,0,1,1,660.642,20.0,50.0,24.0,0
1,0,1,1,662.917,20.0,50.0,24.0,0
1,0,1,1,659.8,20.0,50.0,24.0,0
1,0,1,1,648.269,20.0,50.0,24.0,0
1,0,1,1,641.968,20.0,50.0,24.0,0
1,0,1,1,638.88,20.0,50.0,24.0,0
1,0,1,1,640.151,20.0,50.0,24.0,0
1,0,1,1,638.101,20.0,50.0,24.0,0
1,0,1,1,638.749,20.0,50.0,24.0,0
1,0,1,1,636.066,20.0,50.0,24.0,0
1,0,1,1,622.815,20.0,50.0,24.0,0
1,0,1,1,618.291,20.0,50.0,24.0,0
1,0,1,1,614.489,20.0,50.0,24.0,0
1,0,1,1,613.387,20.0,50.0,24.0,0
1,0,1,1,617.713,20.0,50.0,24.0,0
1,0,1,1,615.859,20.0,50.0,24.0,0
1,0,1,1,608.686,20.0,50.0,24.0,0
1,0,1,1,618.874,20.0,50.0,24.0,0
1,0,1,1,628.323,20.0,50.0,24.0,0
1,0,1,1,635.042,20.0,50.0,24.0,0
1,0,1,1,634.752,20.0,50.0,24.0,0
1,0,1,1,635.766,20.0,50.0,24.0,0
1,0,1,1,631.004,20.0,50.0,24.0,0
1,0,1,1,632.545,20.0,50.0,24.0,0
1,0,1,1,629.548,20.0,50.0,24.0,0
1,0,1,1,641.92,20.0,50.0,24.0,0
1,0,1,1,639.8,20.0,50.0,24.0,0
1,0,1,1,642.096,20.0,50.0,24.0,0
1,0,1,1,629.361,20.0,50.0,24.0,0
1,0,1,1,617.078,20.0,50.0,24.0,0
1,0,1,1,606.248,20.0,50.0,24.0,0
1,0,1,1,598.074,20.0,50.0,24.0,0
1,0,1,1,599.038,20.0,50.0,24.0,0
1,0,1,1,607.228,20.0,50.0,24.0,0
1,0,1,1,611.313,20.0,50.0,24.0,0
1,0,1,1,608.534,20.0,50.0,24.0,0
1,0,1,1,600.478,20.0,50.0,24.0,0
1,0,1,1,597.718,20.0,50.0,24.0,0
1,0,1,1,597.222,20.0,50.0,24.0,0
1,0,1,1,588.019,20.0,50.0,24.0,0
1,0,1,1,587.465,20.0,50.0,24.0,0
1,0,1,1,593.172,20.0,50.0,24.0,0
1,0,1,1,594.816,20.0,50.0,24.0,0
1,0,1,1,595.45,20.0,50.0,24.0,0
1,0,1,1,597.291,20.0,50.0,24.0,0
1,0,1,1,599.97,20.0,50.0,24.0,0
1,0,1,1,594.457,20.0,50.0,24.0,0
1,0,1,1,588.047,20.0,50.0,24.0,0
1,0,1,1,588.219,20.0,50.0,24.0,0
1,0,1,1,585.711,20.0,50.0,24.0,0
1,0,1,1,584.897,20.0,50.0,24.0,0
1,0,1,1,582.759,20.0,50.0,24.0,0
1,0,1,1,581.192,20.0,50.0,24.0,0
1,0,1,1,575.941,20.0,50.0,24.0,0
1,0,1,1,573.712,20.0,50.0,24.0,0
1,0,1,1,572.162,20.0,50.0,24.0,0
1,0,1,1,573.178,20.0,50.0,24.0,0
1,0,1,1,574.559,20.0,50.0,24.0,0
1,0,1,1,575.709,20.0,50.0,24.0,0
1,0,1,1,575.063,20.0,50.0,24.0,0
1,0,1,1,573.435,20.0,50.0,24.0,0
1,0,1,1,571.887,20.0,50.0,24.0,0
1,0,1,1,572.782,20.0,50.0,24.0,0
1,0,1,1,573.438,20.0,50.0,24.0,0
1,0,1,1,572.699,20.0,50.0,24.0,0
1,0,1,1,573.095,20.0,50.0,24.0,0
1,0,1,1,573.842,20.0,50.0,24.0,0
1,0,1,1,579.212,20.0,50.0,24.0,0
1,0,1,1,581.868,20.0,50.0,24.0,0
1,0,1,1,585.023,20.0,50.0,24.0,0
1,0,1,1,587.634,20.0,50.0,24.0,0
1,0,1,1,586.992,20.0,50.0,24.0,0
1,0,1,1,589.625,20.0,50.0,24.0,0
1,0,1,1,592.144,20.0,50.0,24.0,0
1,0,1,1,591.898,20.0,50.0,24.0,0
1,0,1,1,596.508,20.0,50.0,24.0,0
1,0,1,1,598.116,20.0,50.0,24.0,0
1,0,1,1,595.162,20.0,50.0,24.0,0
1,0,1,1,591.187,20.0,50.0,24.0,0
1,0,1,1,592.505,20.0,50.0,24.0,0
1,0,1,1,586.417,20.0,50.0,24.0,0
1,0,1,1,582.642,20.0,50.0,24.0,0
1,0,1,1,581.833,20.0,50.0,24.0,0
1,0,1,1,581.266,20.0,50.0,24.0,0
1,0,1,1,580.567,20.0,50.0,24.0,0
1,0,1,1,583.897,20.0,50.0,24.0,0
1,0,1,1,585.377,20.0,50.0,24.0,0
1,0,1,1,586.053,20.0,50.0,24.0,0
1,0,1,1,583.989,20.0,50.0,24.0,0
1,0,1,1,583.584,20.0,50.0,24.0,0
1,0,1,1,585.265,20.0,50.0,24.0,0
1,0,1,1,583.949,20.0,50.0,24.0,0
1,0,1,1,588.137,20.0,50.0,24.0,0
1,0,1,1,586.425,20.0,50.0,24.0,0
1,0,1,1,589.376,20.0,50.0,24.0,0
1,0,1,1,592.811,20.0,50.0,24.0,0
1,0,1,1,592.764,20.0,50.0,24.0,0
1,0,1,1,589.366,20.0,50.0,24.0,0
1,0,1,1,588.728,20.0,50.0,24.0,0
1,0,1,1,588.736,20.0,50.0,24.0,0
1,0,1,1,592.527,20.0,50.0,24.0,0
1,0,1,1,590.979,20.0,50.0,24.0,0
1,0,1,1,591.456,20.0,50.0,24.0,0
1,0,1,1,594.934,20.0,50.0,24.0,0
1,0,1,1,598.289,20.0,50.0,24.0,0
1,0,1,1,599.121,20.0,50.0,24.0,0
1,0,1,1,594.958,20.0,50.0,24.0,0
1,0,1,1,594.598,20.0,50.0,24.0,0
1,0,1,1,596.962,20.0,50.0,24.0,0
1,0,1,1,605.603,20.0,50.0,24.0,0
1,0,1,1,613.261,20.0,50.0,24.0,0
1,0,1,1,622.543,20.0,50.0,24.0,0
1,0,1,1,627.462,20.0,50.0,24.0,0
1,0,1,1,621.325,20.0,50.0,24.0,0
1,0,1,1,609.972,20.0,50.0,24.0,0
1,0,1,1,604.881,20.0,50.0,24.0,0
1,0,1,1,599.806,20.0,50.0,24.0,0
1,0,1,1,594.093,20.0,50.0,24.0,0
1,0,1,1,580.475,20.0,50.0,24.0,0
1,0,1,1,572.478,20.0,50.0,24.0,0
1,0,1,1,568.915,20.0,50.0,24.0,0
1,0,1,1,567.161,20.0,50.0,24.0,0
1,0,1,1,566.854,20.0,50.0,24.0,0
1,0,1,1,562.824,20.0,50.0,24.0,0
1,0,1,1,558.717,20.0,50.0,24.0,0
1,0,1,1,557.705,20.0,50.0,24.0,0
1,0,1,1,557.526,20.0,50.0,24.0,0
1,0,1,1,557.129,20.0,50.0,24.0,0
1,0,1,1,558.286,20.0,50.0,24.0,0
1,0,1,1,557.486,20.0,50.0,24.0,0
1,0,1,1,567.53,20.0,50.0,24.0,0
1,0,1,1,584.319,20.0,50.0,24.0,0
1,0,1,1,572.626,20.0,50.0,24.0,0
1,0,1,1,568.583,20.0,50.0,24.0,0
1,0,1,1,560.875,20.0,50.0,24.0,0
1,0,1,1,553.149,20.0,50.0,24.0,0
1,0,1,1,543.461,20.0,50.0,24.0,0
1,0,1,1,539.038,20.0,50.0,24.0,0
1,0,1,1,546.831,20.0,50.0,24.0,0
1,0,1,1,552.587,20.0,50.0,24.0,0
1,0,1,1,554.145,20.0,50.0,24.0,0
1,0,1,1,542.932,20.0,50.0,24.0,0
1,0,1,1,536.176,20.0,50.0,24.0,0
1,0,1,1,519.99,20.0,50.0,24.0,0
1,0,1,1,507.906,20.0,50.0,24.0,0
1,0,1,1,505.008,20.0,50.0,24.0,0
1,0,1,1,508.096,20.0,50.0,24.0,0
1,0,1,1,501.831,20.0,50.0,24.0,0
1,0,1,1,494.618,20.0,50.0,24.0,0
1,0,1,1,487.12,20.0,50.0,24.0,0
1,0,1,1,481.566,20.0,50.0,24.0,0
1,0,1,1,477.788,20.0,50.0,24.0,0
1,0,1,1,473.689,20.0,50.0,24.0,0
1,0,1,1,474.759,20.0,50.0,24.0,0
1,0,1,1,467.59,20.0,50.0,24.0,0
1,0,1,1,465.723,20.0,50.0,24.0,0
1,0,1,1,463.76,20.0,50.0,24.0,0
1,0,1,1,461.529,20.0,50.0,24.0,0
1,0,1,1,460.01,20.0,50.0,24.0,0
1,0,1,1,459.925,20.0,50.0,24.0,0
1,0,1,1,458.247,20.0,50.0,24.0,0
1,0,1,1,457.927,20.0,50.0,24.0,0
1,0,1,1,456.58,20.0,50.0,24.0,0
1,0,1,1,455.817,20.0,50.0,24.0,0
1,0,1,1,455.612,20.0,50.0,24.0,0
1,0,1,1,455.211,20.0,50.0,24.0,0
1,0,1,1,451.716,20.0,50.0,24.0,0
1,0,1,1,450.846,20.0,50.0,24.0,0
1,0,1,1,449.884,20.0,50.0,24.0,0
1,0,1,1,446.799,20.0,50.0,24.0,0
1,0,1,1,444.651,20.0,50.0,24.0,0
1,0,1,1,444.458,20.0,50.0,24.0,0
1,0,1,1,445.569,20.0,50.0,24.0,0
1,0,1,1,442.797,20.0,50.0,24.0,0
1,0,1,1,444.141,20.0,50.0,24.0,0
1,0,1,1,440.646,20.0,50.0,24.0,0
1,0,1,1,444.55,20.0,50.0,24.0,0
1,0,1,1,443.085,20.0,50.0,24.0,0
1,0,1,1,443.557,20.0,50.0,24.0,0
1,0,1,1,442.813,20.0,50.0,24.0,0
1,0,1,1,441.298,20.0,50.0,24.0,0
1,0,1,1,442.955,20.0,50.0,24.0,0
1,0,1,1,440.489,20.0,50.0,24.0,0
1,0,1,1,440.491,20.0,50.0,24.0,0
1,0,1,1,443.764,20.0,50.0,24.0,0
1,0,1,1,440.256,20.0,50.0,24.0,0
1,0,1,1,439.388,20.0,50.0,24.0,0
1,0,1,1,440.364,20.0,50.0,24.0,0
1,0,1,1,439.789,20.0,50.0,24.0,0
1,0,1,1,439.983,20.0,50.0,24.0,0
1,0,1,1,437.12,20.0,50.0,24.0,0
1,0,1,1,436.778,20.0,50.0,24.0,0
1,0,1,1,439.096,20.0,50.0,24.0,0
1,0,1,1,439.658,20.0,50.0,24.0,0
1,0,1,1,437.979,20.0,50.0,24.0,0
1,0,1,1,434.355,20.0,50.0,24.0,0
1,0,1,1,436.328,20.0,50.0,24.0,0
1,0,1,1,435.17,20.0,50.0,24.0,0
1,0,1,1,432.652,20.0,50.0,24.0,0
1,0,1,1,431.282,20.0,50.0,24.0,0
1,0,1,1,432.96,20.0,50.0,24.0,0
1,0,1,1,432.53,20.0,50.0,24.0,0
1,0,1,1,432.078,20.0,50.0,24.0,0
1,0,1,1,430.013,20.0,50.0,24.0,0
1,0,1,1,428.279,20.0,50.0,24.0,0
1,0,1,1,426.967,20.0,50.0,24.0,0
1,0,1,1,425.086,20.0,50.0,24.0,0
1,0,1,1,424.551,20.0,50.0,24.0,0
1,0,1,1,422.529,20.0,50.0,24.0,0
1,0,1,1,422.332,20.0,50.0,24.0,0
1,0,1,1,423.328,20.0,50.0,24.0,0
1,0,1,1,421.708,20.0,50.0,24.0,0
1,0,1,1,421.698,20.0,50.0,24.0,0
1,0,1,1,423.861,20.0,50.0,24.0,0
1,0,1,1,420.256,20.0,50.0,24.0,0
1,0,1,1,420.216,20.0,50.0,24.0,0
1,0,1,1,420.72,20.0,50.0,24.0,0
1,0,1,1,421.212,20.0,50.0,24.0,0
1,0,1,1,421.787,20.0,50.0,24.0,0
1,0,1,1,420.953,20.0,50.0,24.0,0
1,0,1,1,419.403,20.0,50.0,24.0,0
1,0,1,1,419.63,20.0,50.0,24.0,0
1,0,1,1,419.146,20.0,50.0,24.0,0
1,0,1,1,419.481,20.0,50.0,24.0,0
1,0,1,1,420.381,20.0,50.0,24.0,0
1,0,1,1,421.388,20.0,50.0,24.0,0
1,0,1,1,420.136,20.0,50.0,24.0,0
1,0,1,1,420.753,20.0,50.0,24.0,0
1,0,1,1,419.912,20.0,50.0,24.0,0
1,0,1,1,419.9,20.0,50.0,24.0,0
1,0,1,1,420.867,20.0,50.0,24.0,0
1,0,1,1,420.722,20.0,50.0,24.0,0
1,0,1,1,420.167,20.0,50.0,24.0,0
1,0,1,1,422.021,20.0,50.0,24.0,0
1,0,1,1,422.443,20.0,50.0,24.0,0
1,0,1,1,422.855,20.0,50.0,24.0,0
1,0,1,1,421.884,20.0,50.0,24.0,0
1,0,1,1,420.767,20.0,50.0,24.0,0
1,0,1,1,422.743,20.0,50.0,24.0,0
1,0,1,1,420.372,20.0,50.0,24.0,0
1,0,1,1,420.577,20.0,50.0,24.0,0
1,0,1,1,421.269,20.0,50.0,24.0,0
1,0,1,1,420.611,20.0,50.0,24.0,0
1,0,1,1,421.454,20.0,50.0,24.0,0
1,0,1,1,421.388,20.0,50.0,24.0,0
1,0,1,1,419.054,20.0,50.0,24.0,0
1,0,1,1,419.207,20.0,50.0,24.0,0
1,0,1,1,422.394,20.0,50.0,24.0,0
1,0,1,1,421.445,20.0,50.0,24.0,0
1,0,1,1,421.012,20.0,50.0,24.0,0
1,0,1,1,422.61,20.0,50.0,24.0,0
1,0,1,1,422.562,20.0,50.0,24.0,0
1,0,1,1,421.19,20.0,50.0,24.0,0
1,0,1,1,421.029,20.0,50.0,24.0,0
1,0,1,1,422.086,20.0,50.0,24.0,0
1,0,1,1,422.928,20.0,50.0,24.0,0
1,0,1,1,421.969,20.0,50.0,24.0,0
1,0,1,1,420.749,20.0,50.0,24.0,0
1,0,1,1,421.08,20.0,50.0,24.0,0
1,0,1,1,420.082,20.0,50.0,24.0,0
1,0,1,1,419.77,20.0,50.0,24.0,0
1,0,1,1,418.932,20.0,50.0,24.0,0
1,0,1,1,422.152,20.0,50.0,24.0,0
1,0,1,1,421.159,20.0,50.0,24.0,0
1,0,1,1,419.832,20.0,50.0,24.0,0
1,0,1,1,419.678,20.0,50.0,24.0,0
1,0,1,1,419.568,20.0,50.0,24.0,0
1,0,1,1,419.877,20.0,50.0,24.0,0
1,0,1,1,418.704,20.0,50.0,24.0,0
1,0,1,1,419.718,20.0,50.0,24.0,0
1,0,1,1,418.636,20.0,50.0,24.0,0
1,0,1,1,420.012,20.0,50.0,24.0,0
1,0,1,1,420.165,20.0,50.0,24.0,0
1,0,1,1,421.965,20.0,50.0,24.0,0
1,0,1,1,420.491,20.0,50.0,24.0,0
1,0,1,1,420.359,20.0,50.0,24.0,0
1,0,1,1,417.766,20.0,50.0,24.0,0
1,0,1,1,419.515,20.0,50.0,24.0,0
1,0,1,1,418.302,20.0,50.0,24.0,0
1,0,1,1,420.168,20.0,50.0,24.0,0
1,0,1,1,419.005,20.0,50.0,24.0,0
1,0,1,1,419.001,20.0,50.0,24.0,0
1,0,1,1,419.214,20.0,50.0,24.0,0
1,0,1,1,420.191,20.0,50.0,24.0,0
1,0,1,1,418.659,20.0,50.0,24.0,0
1,0,1,1,419.061,20.0,50.0,24.0,0
1,0,1,1,420.788,20.0,50.0,24.0,0
1,0,1,1,420.25,20.0,50.0,24.0,0
1,0,1,1,417.514,20.0,50.0,24.0,0
1,0,1,1,418.834,20.0,50.0,24.0,0
1,0,1,1,418.285,20.0,50.0,24.0,0
1,0,1,1,422.668,20.0,50.0,24.0,0
1,0,1,1,420.842,20.0,50.0,24.0,0
1,0,1,1,418.658,20.0,50.0,24.0,0
1,0,1,1,418.056,20.0,50.0,24.0,0
1,0,1,1,420.034,20.0,50.0,24.0,0
1,0,1,1,419.151,20.0,50.0,24.0,0
1,0,1,1,418.901,20.0,50.0,24.0,0
1,0,1,1,418.882,20.0,50.0,24.0,0
1,0,1,1,417.594,20.0,50.0,24.0,0
1,0,1,1,418.425,20.0,50.0,24.0,0
1,0,1,1,418.719,20.0,50.0,24.0,0
1,0,1,1,417.432,20.0,50.0,24.0,0
1,0,1,1,419.07,20.0,50.0,24.0,0
1,0,1,1,420.342,20.0,50.0,24.0,0
1,0,1,1,420.755,20.0,50.0,24.0,0
1,0,1,1,419.518,20.0,50.0,24.0,0
1,0,1,1,419.459,20.0,50.0,24.0,0
1,0,1,1,419.12,20.0,50.0,24.0,0
1,0,1,1,420.866,20.0,50.0,24.0,0
1,0,1,1,419.436,20.0,50.0,24.0,0
1,0,1,1,418.939,20.0,50.0,24.0,0
1,0,1,1,421.181,20.0,50.0,24.0,0
1,0,1,1,420.272,20.0,50.0,24.0,0
1,0,1,1,418.876,20.0,50.0,24.0,0
1,0,1,1,419.018,20.0,50.0,24.0,0
1,0,1,1,419.713,20.0,50.0,24.0,0
1,0,1,1,417.495,20.0,50.0,24.0,0
1,0,1,1,418.192,20.0,50.0,24.0,0
1,0,1,1,420.168,20.0,50.0,24.0,0
1,0,1,1,418.227,20.0,50.0,24.0,0
1,0,1,1,419.728,20.0,50.0,24.0,0
1,0,1,1,417.997,20.0,50.0,24.0,0
1,0,1,1,418.457,20.0,50.0,24.0,0
1,0,1,1,418.627,20.0,50.0,24.0,0
1,0,1,1,421.155,20.0,50.0,24.0,0
1,0,1,1,421.673,20.0,50.0,24.0,0
1,0,1,1,418.655,20.0,50.0,24.0,0
1,0,1,1,420.067,20.0,50.0,24.0,0
1,0,1,1,419.62,20.0,50.0,24.0,0
1,0,1,1,420.642,20.0,50.0,24.0,0
1,0,1,1,421.583,20.0,50.0,24.0,0
1,0,1,1,419.702,20.0,50.0,24.0,0
1,0,1,1,418.772,20.0,50.0,24.0,0
1,0,1,1,416.437,20.0,50.0,24.0,0
1,0,1,1,417.589,20.0,50.0,24.0,0
1,0,1,1,418.357,20.0,50.0,24.0,0
1,0,1,1,419.841,20.0,50.0,24.0,0
1,0,1,1,419.388,20.0,50.0,24.0,0
1,0,1,1,419.551,20.0,50.0,24.0,0
1,0,1,1,420.741,20.0,50.0,24.0,0
1,0,1,1,419.671,20.0,50.0,24.0,0
1,0,1,1,418.664,20.0,50.0,24.0,0
1,0,1,1,417.592,20.0,50.0,24.0,0
1,0,1,1,416.504,20.0,50.0,24.0,0
1,0,1,1,417.651,20.0,50.0,24.0,0
1,0,1,1,418.957,20.0,50.0,24.0,0
1,0,1,1,420.407,20.0,50.0,24.0,0
1,0,1,1,419.512,20.0,50.0,24.0,0
1,0,1,1,417.315,20.0,50.0,24.0,0
1,0,1,1,416.706,20.0,50.0,24.0,0
1,0,1,1,417.602,20.0,50.0,24.0,0
1,0,1,1,418.245,20.0,50.0,24.0,0
1,0,1,1,417.585,20.0,50.0,24.0,0
1,0,1,1,418.254,20.0,50.0,24.0,0
1,0,1,1,416.398,20.0,50.0,24.0,0
1,0,1,1,418.43,20.0,50.0,24.0,0
1,0,1,1,417.926,20.0,50.0,24.0,0
1,0,1,1,416.676,20.0,50.0,24.0,0
1,0,1,1,417.888,20.0,50.0,24.0,0
1,0,1,1,415.527,20.0,50.0,24.0,0
1,0,1,1,417.232,20.0,50.0,24.0,0
1,0,1,1,419.22,20.0,50.0,24.0,0
1,0,1,1,419.773,20.0,50.0,24.0,0
1,0,1,1,418.893,20.0,50.0,24.0,0
1,0,1,1,418.552,20.0,50.0,24.0,0
1,0,1,1,417.817,20.0,50.0,24.0,0
1,0,1,1,420.42,20.0,50.0,24.0,0
1,0,1,1,419.736,20.0,50.0,24.0,0
1,0,1,1,419.934,20.0,50.0,24.0,0
1,0,1,1,420.086,20.0,50.0,24.0,0
1,0,1,1,419.709,20.0,50.0,24.0,0
1,0,1,1,419.245,20.0,50.0,24.0,0
1,0,1,1,421.054,20.0,50.0,24.0,0
1,0,1,1,419.072,20.0,50.0,24.0,0
1,0,1,1,419.4,20.0,50.0,24.0,0
1,0,1,1,418.142,20.0,50.0,24.0,0
1,0,1,1,420.598,20.0,50.0,24.0,0
1,0,1,1,421.022,20.0,50.0,24.0,0
1,0,1,1,419.918,20.0,50.0,24.0,0
1,0,1,1,419.785,20.0,50.0,24.0,0
1,0,1,1,418.98,20.0,50.0,24.0,0
1,0,1,1,419.358,20.0,50.0,24.0,0
1,0,1,1,418.921,20.0,50.0,24.0,0
1,0,1,1,416.56,20.0,50.0,24.0,0
1,0,1,1,419.59,20.0,50.0,24.0,0
1,0,1,1,420.073,20.0,50.0,24.0,0
1,0,1,1,419.508,20.0,50.0,24.0,0
1,0,1,1,420.284,20.0,50.0,24.0,0
1,0,1,1,420.713,20.0,50.0,24.0,0
1,0,1,1,418.82,20.0,50.0,24.0,0
1,0,1,1,417.184,20.0,50.0,24.0,0
1,0,1,1,418.7,20.0,50.0,24.0,0
1,0,1,1,419.447,20.0,50.0,24.0,0
1,0,1,1,420.392,20.0,50.0,24.0,0
1,0,1,1,419.557,20.0,50.0,24.0,0
1,0,1,1,420.267,20.0,50.0,24.0,0
1,0,1,1,419.268,20.0,50.0,24.0,0
1,0,1,1,419.535,20.0,50.0,24.0,0
1,0,1,1,421.5,20.0,50.0,24.0,0
1,0,1,1,421.71,20.0,50.0,24.0,0
1,0,1,1,419.602,20.0,50.0,24.0,0
1,0,1,1,418.932,20.0,50.0,24.0,0
1,0,1,1,418.946,20.0,50.0,24.0,0
1,0,1,1,419.474,20.0,50.0,24.0,0
1,0,1,1,418.233,20.0,50.0,24.0,0
1,0,1,1,418.86,20.0,50.0,24.0,0
1,0,1,1,418.291,20.0,50.0,24.0,0
1,0,1,1,417.914,20.0,50.0,24.0,0
1,0,1,1,419.33,20.0,50.0,24.0,0
1,0,1,1,420.103,20.0,50.0,24.0,0
1,0,1,1,420.153,20.0,50.0,24.0,0
1,0,1,1,419.932,20.0,50.0,24.0,0
1,0,1,1,419.993,20.0,50.0,24.0,0
1,0,1,1,420.784,20.0,50.0,24.0,0
1,0,1,1,419.396,20.0,50.0,24.0,0
1,0,1,1,418.373,20.0,50.0,24.0,0
1,0,1,1,418.372,20.0,50.0,24.0,0
1,0,1,1,419.947,20.0,50.0,24.0,0
1,0,1,1,419.239,20.0,50.0,24.0,0
1,0,1,1,420.521,20.0,50.0,24.0,0
1,0,1,1,420.099,20.0,50.0,24.0,0
1,0,1,1,419.098,20.0,50.0,24.0,0
1,0,1,1,419.737,20.0,50.0,24.0,0
1,0,1,1,419.74,20.0,50.0,24.0,0
1,0,1,1,432.236,20.0,50.0,24.0,0
1,0,1,1,441.352,20.0,50.0,24.0,0
1,0,1,1,441.271,20.0,50.0,24.0,0
1,0,1,1,442.324,20.0,50.0,24.0,0
1,0,1,1,456.66,20.0,50.0,24.0,0
1,0,1,1,454.462,20.0,50.0,24.0,0
1,0,1,1,461.263,20.0,50.0,24.0,0
1,0,1,1,452.809,20.0,50.0,24.0,0
1,0,1,1,441.187,20.0,50.0,24.0,0
1,0,1,1,451.595,20.0,50.0,24.0,0
1,0,1,1,458.056,20.0,50.0,24.0,0
1,0,1,1,480.102,20.0,50.0,24.0,0
1,0,1,1,476.426,20.0,50.0,24.0,0
1,0,1,1,456.23,20.0,50.0,24.0,0
1,0,1,1,446.966,20.0,50.0,24.0,0
1,0,1,1,450.063,20.0,50.0,24.0,0
1,0,1,1,450.155,20.0,50.0,24.0,0
1,0,1,1,447.416,20.0,50.0,24.0,0
1,0,1,1,449.311,20.0,50.0,24.0,0
1,0,1,1,454.124,20.0,50.0,24.0,0
1,0,1,1,451.444,20.0,50.0,24.0,0
1,0,1,1,445.874,20.0,50.0,24.0,0
1,0,1,1,442.365,20.0,50.0,24.0,0
1,0,1,1,448.889,20.0,50.0,24.0,0
1,0,1,1,455.099,20.0,50.0,24.0,0
1,0,1,1,471.356,20.0,50.0,24.0,0
1,0,1,1,461.356,20.0,50.0,24.0,0
1,0,1,1,459.288,20.0,50.0,24.0,0
1,0,1,1,460.895,20.0,50.0,24.0,0
1,0,1,1,456.172,20.0,50.0,24.0,0
1,0,1,1,444.305,20.0,50.0,24.0,0
1,0,1,1,442.159,20.0,50.0,24.0,0
1,0,1,1,440.256,20.0,50.0,24.0,0
1,0,1,1,437.645,20.0,50.0,24.0,0
1,0,1,1,437.771,20.0,50.0,24.0,0
1,0,1,1,437.666,20.0,50.0,24.0,0
1,0,1,1,439.437,20.0,50.0,24.0,0
1,0,1,1,439.43,20.0,50.0,24.0,0
1,0,1,1,445.253,20.0,50.0,24.0,0
1,0,1,1,440.507,20.0,50.0,24.0,0
1,0,1,1,446.982,20.0,50.0,24.0,0
1,0,1,1,439.241,20.0,50.0,24.0,0
1,0,1,1,443.352,20.0,50.0,24.0,0
1,0,1,1,439.793,20.0,50.0,24.0,0
1,0,1,1,436.274,20.0,50.0,24.0,0
1,0,1,1,440.368,20.0,50.0,24.0,0
1,0,1,1,443.118,20.0,50.0,24.0,0
1,0,1,1,448.497,20.0,50.0,24.0,0
1,0,1,1,442.403,20.0,50.0,24.0,0
1,0,1,1,432.883,20.0,50.0,24.0,0
1,0,1,1,438.183,20.0,50.0,24.0,0
1,0,1,1,439.346,20.0,50.0,24.0,0
1,0,1,1,435.343,20.0,50.0,24.0,0
1,0,1,1,433.376,20.0,50.0,24.0,0
1,0,1,1,444.274,20.0,50.0,24.0,0
1,0,1,1,449.222,20.0,50.0,24.0,0
1,0,1,1,444.573,20.0,50.0,24.0,0
1,0,1,1,445.496,20.0,50.0,24.0,0
1,0,1,1,445.65,20.0,50.0,24.0,0
1,0,1,1,451.652,20.0,50.0,24.0,0
1,0,1,1,456.536,20.0,50.0,24.0,0
1,0,1,1,449.734,20.0,50.0,24.0,0
1,0,1,1,443.246,20.0,50.0,24.0,0
1,0,1,1,437.459,20.0,50.0,24.0,0
1,0,1,1,446.694,20.0,50.0,24.0,0
1,0,1,1,445.147,20.0,50.0,24.0,0
1,0,1,1,444.024,20.0,50.0,24.0,0
1,0,1,1,448.46,20.0,50.0,24.0,0
1,0,1,1,453.067,20.0,50.0,24.0,0
1,0,1,1,446.548,20.0,50.0,24.0,0
1,0,1,1,435.433,20.0,50.0,24.0,0
1,0,1,1,436.002,20.0,50.0,24.0,0
1,0,1,1,438.447,20.0,50.0,24.0,0
1,0,1,1,434.165,20.0,50.0,24.0,0
1,0,1,1,434.01,20.0,50.0,24.0,0
1,0,1,1,433.294,20.0,50.0,24.0,0
1,0,1,1,434.819,20.0,50.0,24.0,0
1,0,1,1,435.404,20.0,50.0,24.0,0
1,0,1,1,434.823,20.0,50.0,24.0,0
1,0,1,1,436.631,20.0,50.0,24.0,0
1,0,1,1,440.887,20.0,50.0,24.0,0
1,0,1,1,439.622,20.0,50.0,24.0,0
1,0,1,1,441.195,20.0,50.0,24.0,0
1,0,1,1,442.738,20.0,50.0,24.0,0
1,0,1,1,441.945,20.0,50.0,24.0,0
1,0,1,1,441.618,20.0,50.0,24.0,0
1,0,1,1,466.352,20.0,50.0,24.0,0
1,0,1,1,471.647,20.0,50.0,24.0,0
1,0,1,1,477.832,20.0,50.0,24.0,0
1,0,1,1,451.313,20.0,50.0,24.0,0
1,0,1,1,457.481,20.0,50.0,24.0,0
1,0,1,1,464.505,20.0,50.0,24.0,0
1,0,1,1,482.405,20.0,50.0,24.0,0
1,0,1,1,476.321,20.0,50.0,24.0,0
1,0,1,1,466.831,20.0,50.0,24.0,0
1,0,1,1,474.531,20.0,50.0,24.0,0
1,0,1,1,485.018,20.0,50.0,24.0,0
1,0,1,1,487.895,20.0,50.0,24.0,0
1,0,1,1,494.289,20.0,50.0,24.0,0
1,0,1,1,499.813,20.0,50.0,24.0,0
1,0,1,1,494.272,20.0,50.0,24.0,0
1,0,1,1,518.59,20.0,50.0,24.0,0
1,0,1,1,509.806,20.0,50.0,24.0,0
1,0,1,1,468.406,20.0,50.0,24.0,0
1,0,1,1,448.642,20.0,50.0,24.0,0
1,0,1,1,447.985,20.0,50.0,24.0,0
1,0,1,1,464.393,20.0,50.0,24.0,0
1,0,1,1,495.894,20.0,50.0,24.0,0
1,0,1,1,515.193,20.0,50.0,24.0,0
1,0,1,1,481.338,20.0,50.0,24.0,0
1,0,1,1,467.413,20.0,50.0,24.0,0
1,0,1,1,473.536,20.0,50.0,24.0,0
1,0,1,1,474.788,20.0,50.0,24.0,0
1,0,1,1,481.22,20.0,50.0,24.0,0
1,0,1,1,476.712,20.0,50.0,24.0,0
1,0,1,1,484.515,20.0,50.0,24.0,0
1,0,1,1,488.792,20.0,50.0,24.0,0
1,0,1,1,485.877,20.0,50.0,24.0,0
1,0,1,1,483.99,20.0,50.0,24.0,0
1,0,1,1,464.836,20.0,50.0,24.0,0
1,0,1,1,459.72,20.0,50.0,24.0,0
1,0,1,1,480.798,20.0,50.0,24.0,0
1,0,1,1,505.57,20.0,50.0,24.0,0
1,0,1,1,517.169,20.0,50.0,24.0,0
1,0,1,1,509.752,20.0,50.0,24.0,0
1,0,1,1,527.033,20.0,50.0,24.0,0
1,0,1,1,576.541,20.0,50.0,24.0,0
1,0,1,1,610.188,20.0,50.0,24.0,0
1,0,1,1,591.982,20.0,50.0,24.0,0
1,0,1,1,580.077,20.0,50.0,24.0,0
1,0,1,1,560.768,20.0,50.0,24.0,0
1,0,1,1,554.916,20.0,50.0,24.0,0
1,0,1,1,540.685,20.0,50.0,24.0,0
1,0,1,1,545.077,20.0,50.0,24.0,0
1,0,1,1,543.441,20.0,50.0,24.0,0
1,0,1,1,542.043,20.0,50.0,24.0,0
1,0,1,1,537.379,20.0,50.0,24.0,0
1,0,1,1,526.257,20.0,50.0,24.0,0
1,0,1,1,521.272,20.0,50.0,24.0,0
1,0,1,1,519.285,20.0,50.0,24.0,0
1,0,1,1,512.216,20.0,50.0,24.0,0
1,0,1,1,492.083,20.0,50.0,24.0,0
1,0,1,1,483.403,20.0,50.0,24.0,0
1,0,1,1,488.375,20.0,50.0,24.0,0
1,0,1,1,496.046,20.0,50.0,24.0,0
1,0,1,1,505.71,20.0,50.0,24.0,0
1,0,1,1,509.625,20.0,50.0,24.0,0
1,0,1,1,504.255,20.0,50.0,24.0,0
1,0,1,1,496.589,20.0,50.0,24.0,0
1,0,1,1,491.214,20.0,50.0,24.0,0
1,0,1,1,500.386,20.0,50.0,24.0,0
1,0,1,1,513.825,20.0,50.0,24.0,0
1,0,1,1,518.942,20.0,50.0,24.0,0
1,0,1,1,520.704,20.0,50.0,24.0,0
1,0,1,1,519.282,20.0,50.0,24.0,0
1,0,1,1,516.607,20.0,50.0,24.0,0
1,0,1,1,512.168,20.0,50.0,24.0,0
1,0,1,1,509.05,20.0,50.0,24.0,0
1,0,1,1,499.642,20.0,50.0,24.0,0
1,0,1,1,493.108,20.0,50.0,24.0,0
1,0,1,1,491.084,20.0,50.0,24.0,0
1,0,1,1,496.046,20.0,50.0,24.0,0
1,0,1,1,506.314,20.0,50.0,24.0,0
1,0,1,1,509.97,20.0,50.0,24.0,0
1,0,1,1,506.816,20.0,50.0,24.0,0
1,0,1,1,499.606,20.0,50.0,24.0,0
1,0,1,1,498.026,20.0,50.0,24.0,0
1,0,1,1,503.553,20.0,50.0,24.0,0
1,0,1,1,499.89,20.0,50.0,24.0,0
1,0,1,1,502.377,20.0,50.0,24.0,0
1,0,1,1,495.54,20.0,50.0,24.0,0
1,0,1,1,490.279,20.0,50.0,24.0,0
1,0,1,1,487.584,20.0,50.0,24.0,0
1,0,1,1,487.311,20.0,50.0,24.0,0
1,0,1,1,500.59,20.0,50.0,24.0,0
1,0,1,1,485.866,20.0,50.0,24.0,0
1,0,1,1,479.035,20.0,50.0,24.0,0
1,0,1,1,483.313,20.0,50.0,24.0,0
1,0,1,1,490.177,20.0,50.0,24.0,0
1,0,1,1,496.873,20.0,50.0,24.0,0
1,0,1,1,499.647,20.0,50.0,24.0,0
1,0,1,1,500.271,20.0,50.0,24.0,0
1,0,1,1,497.711,20.0,50.0,24.0,0
1,0,1,1,494.463,20.0,50.0,24.0,0
1,0,1,1,490.184,20.0,50.0,24.0,0
1,0,1,1,492.318,20.0,50.0,24.0,0
1,0,1,1,494.451,20.0,50.0,24.0,0
1,0,1,1,500.635,20.0,50.0,24.0,0
1,0,1,1,497.676,20.0,50.0,24.0,0
1,0,1,1,500.272,20.0,50.0,24.0,0
1,0,1,1,490.393,20.0,50.0,24.0,0
1,0,1,1,491.02,20.0,50.0,24.0,0
1,0,1,1,490.277,20.0,50.0,24.0,0
1,0,1,1,494.578,20.0,50.0,24.0,0
1,0,1,1,499.483,20.0,50.0,24.0,0
1,0,1,1,505.931,20.0,50.0,24.0,0
1,0,1,1,510.467,20.0,50.0,24.0,0
1,0,1,1,496.068,20.0,50.0,24.0,0
1,0,1,1,497.805,20.0,50.0,24.0,0
1,0,1,1,504.076,20.0,50.0,24.0,0
1,0,1,1,493.587,20.0,50.0,24.0,0
1,0,1,1,494.465,20.0,50.0,24.0,0
1,0,1,1,492.097,20.0,50.0,24.0,0
1,0,1,1,493.671,20.0,50.0,24.0,0
1,0,1,1,494.524,20.0,50.0,24.0,0
1,0,1,1,494.058,20.0,50.0,24.0,0
1,0,1,1,490.986,20.0,50.0,24.0,0
1,0,1,1,490.69,20.0,50.0,24.0,0
1,0,1,1,493.399,20.0,50.0,24.0,0
1,0,1,1,494.658,20.0,50.0,24.0,0
1,0,1,1,489.723,20.0,50.0,24.0,0
1,0,1,1,491.306,20.0,50.0,24.0,0
1,0,1,1,490.346,20.0,50.0,24.0,0
1,0,1,1,491.661,20.0,50.0,24.0,0
1,0,1,1,487.475,20.0,50.0,24.0,0
1,0,1,1,485.097,20.0,50.0,24.0,0
1,0,1,1,484.313,20.0,50.0,24.0,0
1,0,1,1,481.097,20.0,50.0,24.0,0
1,0,1,1,475.881,20.0,50.0,24.0,0
1,0,1,1,476.937,20.0,50.0,24.0,0
1,0,1,1,476.74,20.0,50.0,24.0,0
1,0,1,1,475.739,20.0,50.0,24.0,0
1,0,1,1,476.374,20.0,50.0,24.0,0
1,0,1,1,477.119,20.0,50.0,24.0,0
1,0,1,1,476.139,20.0,50.0,24.0,0
1,0,1,1,479.232,20.0,50.0,24.0,0
1,0,1,1,483.154,20.0,50.0,24.0,0
1,0,1,1,482.542,20.0,50.0,24.0,0
1,0,1,1,481.743,20.0,50.0,24.0,0
1,0,1,1,490.397,20.0,50.0,24.0,0
1,0,1,1,490.496,20.0,50.0,24.0,0
1,0,1,1,487.112,20.0,50.0,24.0,0
1,0,1,1,484.548,20.0,50.0,24.0,0
1,0,1,1,483.597,20.0,50.0,24.0,0
1,0,1,1,484.053,20.0,50.0,24.0,0
1,0,1,1,483.218,20.0,50.0,24.0,0
1,0,1,1,486.183,20.0,50.0,24.0,0
1,0,1,1,481.893,20.0,50.0,24.0,0
1,0,1,1,478.919,20.0,50.0,24.0,0
1,0,1,1,484.408,20.0,50.0,24.0,0
1,0,1,1,490.042,20.0,50.0,24.0,0
1,0,1,1,486.907,20.0,50.0,24.0,0
1,0,1,1,488.272,20.0,50.0,24.0,0
1,0,1,1,492.62,20.0,50.0,24.0,0
1,0,1,1,479.474,20.0,50.0,24.0,0
1,0,1,1,480.636,20.0,50.0,24.0,0
1,0,1,1,485.778,20.0,50.0,24.0,0
1,0,1,1,488.84,20.0,50.0,24.0,0
1,0,1,1,490.613,20.0,50.0,24.0,0
1,0,1,1,488.828,20.0,50.0,24.0,0
1,0,1,1,489.579,20.0,50.0,24.0,0
1,0,1,1,488.956,20.0,50.0,24.0,0
1,0,1,1,487.157,20.0,50.0,24.0,0
1,0,1,1,488.774,20.0,50.0,24.0,0
1,0,1,1,488.828,20.0,50.0,24.0,0
1,0,1,1,492.213,20.0,50.0,24.0,0
1,0,1,1,492.503,20.0,50.0,24.0,0
1,0,1,1,491.573,20.0,50.0,24.0,0
1,0,1,1,491.642,20.0,50.0,24.0,0
1,0,1,1,491.985,20.0,50.0,24.0,0
1,0,1,1,491.037,20.0,50.0,24.0,0
1,0,1,1,488.159,20.0,50.0,24.0,0
1,0,1,1,484.909,20.0,50.0,24.0,0
1,0,1,1,482.731,20.0,50.0,24.0,0
1,0,1,1,484.921,20.0,50.0,24.0,0
1,0,1,1,486.238,20.0,50.0,24.0,0
1,0,1,1,488.366,20.0,50.0,24.0,0
1,0,1,1,490.99,20.0,50.0,24.0,0
1,0,1,1,489.901,20.0,50.0,24.0,0
1,0,1,1,490.153,20.0,50.0,24.0,0
1,0,1,1,491.291,20.0,50.0,24.0,0
1,0,1,1,491.75,20.0,50.0,24.0,0
1,0,1,1,494.514,20.0,50.0,24.0,0
1,0,1,1,493.972,20.0,50.0,24.0,0
1,0,1,1,491.862,20.0,50.0,24.0,0
1,0,1,1,488.904,20.0,50.0,24.0,0
1,0,1,1,492.42,20.0,50.0,24.0,0
1,0,1,1,498.4,20.0,50.0,24.0,0
1,0,1,1,496.065,20.0,50.0,24.0,0
1,0,1,1,494.581,20.0,50.0,24.0,0
1,0,1,1,491.997,20.0,50.0,24.0,0
1,0,1,1,495.621,20.0,50.0,24.0,0
1,0,1,1,497.736,20.0,50.0,24.0,0
1,0,1,1,499.865,20.0,50.0,24.0,0
1,0,1,1,498.211,20.0,50.0,24.0,0
1,0,1,1,495.527,20.0,50.0,24.0,0
1,0,1,1,497.746,20.0,50.0,24.0,0
1,0,1,1,499.092,20.0,50.0,24.0,0
1,0,1,1,498.98,20.0,50.0,24.0,0
1,0,1,1,501.593,20.0,50.0,24.0,0
1,0,1,1,502.416,20.0,50.0,24.0,0
1,0,1,1,502.869,20.0,50.0,24.0,0
1,0,1,1,504.947,20.0,50.0,24.0,0
1,0,1,1,502.272,20.0,50.0,24.0,0
1,0,1,1,503.487,20.0,50.0,24.0,0
1,0,1,1,506.841,20.0,50.0,24.0,0
1,0,1,1,507.841,20.0,50.0,24.0,0
1,0,1,1,508.487,20.0,50.0,24.0,0
1,0,1,1,510.905,20.0,50.0,24.0,0
1,0,1,1,509.43,20.0,50.0,24.0,0
1,0,1,1,509.409,20.0,50.0,24.0,0
1,0,1,1,508.502,20.0,50.0,24.0,0
1,0,1,1,504.156,20.0,50.0,24.0,0
1,0,1,1,498.455,20.0,50.0,24.0,0
1,0,1,1,498.911,20.0,50.0,24.0,0
1,0,1,1,500.602,20.0,50.0,24.0,0
1,0,1,1,500.812,20.0,50.0,24.0,0
1,0,1,1,505.995,20.0,50.0,24.0,0
1,0,1,1,509.318,20.0,50.0,24.0,0
1,0,1,1,512.508,20.0,50.0,24.0,0
1,0,1,1,512.176,20.0,50.0,24.0,0
1,0,1,1,509.697,20.0,50.0,24.0,0
1,0,1,1,514.29,20.0,50.0,24.0,0
1,0,1,1,517.546,20.0,50.0,24.0,0
1,0,1,1,514.488,20.0,50.0,24.0,0
1,0,1,1,511.096,20.0,50.0,24.0,0
1,0,1,1,514.116,20.0,50.0,24.0,0
1,0,1,1,514.34,20.0,50.0,24.0,0
1,0,1,1,514.639,20.0,50.0,24.0,0
1,0,1,1,513.801,20.0,50.0,24.0,0
1,0,1,1,512.912,20.0,50.0,24.0,0
1,0,1,1,509.895,20.0,50.0,24.0,0
1,0,1,1,504.464,20.0,50.0,24.0,0
1,0,1,1,504.928,20.0,50.0,24.0,0
1,0,1,1,507.836,20.0,50.0,24.0,0
1,0,1,1,510.525,20.0,50.0,24.0,0
1,0,1,1,514.5,20.0,50.0,24.0,0
1,0,1,1,517.423,20.0,50.0,24.0,0
1,0,1,1,518.911,20.0,50.0,24.0,0
1,0,1,1,518.193,20.0,50.0,24.0,0
1,0,1,1,518.197,20.0,50.0,24.0,0
1,0,1,1,519.135,20.0,50.0,24.0,0
1,0,1,1,518.136,20.0,50.0,24.0,0
1,0,1,1,522.012,20.0,50.0,24.0,0
1,0,1,1,520.625,20.0,50.0,24.0,0
1,0,1,1,521.096,20.0,50.0,24.0,0
1,0,1,1,522.155,20.0,50.0,24.0,0
1,0,1,1,517.729,20.0,50.0,24.0,0
1,0,1,1,517.543,20.0,50.0,24.0,0
1,0,1,1,513.476,20.0,50.0,24.0,0
1,0,1,1,517.965,20.0,50.0,24.0,0
1,0,1,1,519.99,20.0,50.0,24.0,0
1,0,1,1,520.692,20.0,50.0,24.0,0
1,0,1,1,520.548,20.0,50.0,24.0,0
1,0,1,1,517.673,20.0,50.0,24.0,0
1,0,1,1,512.919,20.0,50.0,24.0,0
1,0,1,1,509.895,20.0,50.0,24.0,0
1,0,1,1,509.046,20.0,50.0,24.0,0
1,0,1,1,509.766,20.0,50.0,24.0,0
1,0,1,1,511.012,20.0,50.0,24.0,0
1,0,1,1,512.832,20.0,50.0,24.0,0
1,0,1,1,513.821,20.0,50.0,24.0,0
1,0,1,1,517.438,20.0,50.0,24.0,0
1,0,1,1,520.04,20.0,50.0,24.0,0
1,0,1,1,521.135,20.0,50.0,24.0,0
1,0,1,1,521.531,20.0,50.0,24.0,0
1,0,1,1,520.446,20.0,50.0,24.0,0
1,0,1,1,519.297,20.0,50.0,24.0,0
1,0,1,1,523.008,20.0,50.0,24.0,0
1,0,1,1,523.598,20.0,50.0,24.0,0
1,0,1,1,525.486,20.0,50.0,24.0,0
1,0,1,1,524.474,20.0,50.0,24.0,0
1,0,1,1,524.961,20.0,50.0,24.0,0
1,0,1,1,522.261,20.0,50.0,24.0,0
1,0,1,1,520.418,20.0,50.0,24.0,0
1,0,1,1,519.485,20.0,50.0,24.0,0
1,0,1,1,516.464,20.0,50.0,24.0,0
1,0,1,1,513.758,20.0,50.0,24.0,0
1,0,1,1,516.401,20.0,50.0,24.0,0
1,0,1,1,517.418,20.0,50.0,24.0,0
1,0,1,1,514.886,20.0,50.0,24.0,0
1,0,1,1,517.223,20.0,50.0,24.0,0
1,0,1,1,519.085,20.0,50.0,24.0,0
1,0,1,1,523.649,20.0,50.0,24.0,0
1,0,1,1,523.257,20.0,50.0,24.0,0
1,0,1,1,524.155,20.0,50.0,24.0,0
1,0,1,1,524.082,20.0,50.0,24.0,0
1,0,1,1,529.119,20.0,50.0,24.0,0
1,0,1,1,527.275,20.0,50.0,24.0,0
1,0,1,1,529.75,20.0,50.0,24.0,0
1,0,1,1,527.05,20.0,50.0,24.0,0
1,0,1,1,525.855,20.0,50.0,24.0,0
1,0,1,1,526.864,20.0,50.0,24.0,0
1,0,1,1,528.747,20.0,50.0,24.0,0
1,0,1,1,528.674,20.0,50.0,24.0,0
1,0,1,1,529.929,20.0,50.0,24.0,0
1,0,1,1,532.203,20.0,50.0,24.0,0
1,0,1,1,531.707,20.0,50.0,24.0,0
1,0,1,1,530.455,20.0,50.0,24.0,0
1,0,1,1,529.418,20.0,50.0,24.0,0
1,0,1,1,531.068,20.0,50.0,24.0,0
1,0,1,1,530.209,20.0,50.0,24.0,0
1,0,1,1,526.815,20.0,50.0,24.0,0
1,0,1,1,528.513,20.0,50.0,24.0,0
1,0,1,1,528.773,20.0,50.0,24.0,0
1,0,1,1,530.341,20.0,50.0,24.0,0
1,0,1,1,534.932,20.0,50.0,24.0,0
1,0,1,1,535.751,20.0,50.0,24.0,0
1,0,1,1,531.296,20.0,50.0,24.0,0
1,0,1,1,531.361,20.0,50.0,24.0,0
1,0,1,1,528.933,20.0,50.0,24.0,0
1,0,1,1,528.408,20.0,50.0,24.0,0
1,0,1,1,529.796,20.0,50.0,24.0,0
1,0,1,1,524.98,20.0,50.0,24.0,0
1,0,1,1,530.449,20.0,50.0,24.0,0
1,0,1,1,530.33,20.0,50.0,24.0,0
1,0,1,1,525.117,20.0,50.0,24.0,0
1,0,1,1,523.645,20.0,50.0,24.0,0
1,0,1,1,524.624,20.0,50.0,24.0,0
1,0,1,1,526.77,20.0,50.0,24.0,0
1,0,1,1,527.493,20.0,50.0,24.0,0
1,0,1,1,528.993,20.0,50.0,24.0,0
1,0,1,1,527.395,20.0,50.0,24.0,0
1,0,1,1,523.83,20.0,50.0,24.0,0
1,0,1,1,519.483,20.0,50.0,24.0,0
1,0,1,1,518.369,20.0,50.0,24.0,0
1,0,1,1,521.898,20.0,50.0,24.0,0
1,0,1,1,523.969,20.0,50.0,24.0,0
1,0,1,1,517.711,20.0,50.0,24.0,0
1,0,1,1,520.596,20.0,50.0,24.0,0
1,0,1,1,525.679,20.0,50.0,24.0,0
1,0,1,1,522.025,20.0,50.0,24.0,0
1,0,1,1,517.559,20.0,50.0,24.0,0
1,0,1,1,518.852,20.0,50.0,24.0,0
1,0,1,1,523.371,20.0,50.0,24.0,0
1,0,1,1,522.238,20.0,50.0,24.0,0
1,0,1,1,518.027,20.0,50.0,24.0,0
1,0,1,1,519.039,20.0,50.0,24.0,0
1,0,1,1,520.226,20.0,50.0,24.0,0
1,0,1,1,519.924,20.0,50.0,24.0,0
1,0,1,1,521.782,20.0,50.0,24.0,0
1,0,1,1,521.773,20.0,50.0,24.0,0
1,0,1,1,521.655,20.0,50.0,24.0,0
1,0,1,1,524.6,20.0,50.0,24.0,0
1,0,1,1,526.848,20.0,50.0,24.0,0
1,0,1,1,524.608,20.0,50.0,24.0,0
1,0,1,1,519.451,20.0,50.0,24.0,0
1,0,1,1,516.344,20.0,50.0,24.0,0
1,0,1,1,515.699,20.0,50.0,24.0,0
1,0,1,1,518.023,20.0,50.0,24.0,0
1,0,1,1,517.484,20.0,50.0,24.0,0
1,0,1,1,521.249,20.0,50.0,24.0,0
1,0,1,1,529.717,20.0,50.0,24.0,0
1,0,1,1,526.85,20.0,50.0,24.0,0
1,0,1,1,528.336,20.0,50.0,24.0,0
1,0,1,1,532.803,20.0,50.0,24.0,0
1,0,1,1,537.791,20.0,50.0,24.0,0
1,0,1,1,525.914,20.0,50.0,24.0,0
1,0,1,1,515.973,20.0,50.0,24.0,0
1,0,1,1,516.822,20.0,50.0,24.0,0
1,0,1,1,508.564,20.0,50.0,24.0,0
1,0,1,1,520.276,20.0,50.0,24.0,0
1,0,1,1,528.51,20.0,50.0,24.0,0
1,0,1,1,537.22,20.0,50.0,24.0,0
1,0,1,1,535.272,20.0,50.0,24.0,0
1,0,1,1,526.136,20.0,50.0,24.0,0
1,0,1,1,529.69,20.0,50.0,24.0,0
1,0,1,1,515.297,20.0,50.0,24.0,0
1,0,1,1,515.39,20.0,50.0,24.0,0
1,0,1,1,505.629,20.0,50.0,24.0,0
1,0,1,1,502.565,20.0,50.0,24.0,0
1,0,1,1,497.159,20.0,50.0,24.0,0
1,0,1,1,498.596,20.0,50.0,24.0,0
1,0,1,1,495.848,20.0,50.0,24.0,0
1,0,1,1,489.058,20.0,50.0,24.0,0
1,0,1,1,488.898,20.0,50.0,24.0,0
1,0,1,1,489.159,20.0,50.0,24.0,0
1,0,1,1,487.238,20.0,50.0,24.0,0
1,0,1,1,483.4,20.0,50.0,24.0,0
1,0,1,1,476.578,20.0,50.0,24.0,0
1,0,1,1,477.685,20.0,50.0,24.0,0
1,0,1,1,483.764,20.0,50.0,24.0,0
1,0,1,1,492.348,20.0,50.0,24.0,0
1,0,1,1,524.53,20.0,50.0,24.0,0
1,0,1,1,533.172,20.0,50.0,24.0,0
1,0,1,1,540.992,20.0,50.0,24.0,0
1,0,1,1,562.106,20.0,50.0,24.0,0
1,0,1,1,619.858,20.0,50.0,24.0,0
1,0,1,1,616.6,20.0,50.0,24.0,0
1,0,1,1,617.789,20.0,50.0,24.0,0
1,0,1,1,621.322,20.0,50.0,24.0,0
1,0,1,1,630.582,20.0,50.0,24.0,0
1,0,1,1,636.391,20.0,50.0,24.0,0
1,0,1,1,644.405,20.0,50.0,24.0,0
1,0,1,1,645.112,20.0,50.0,24.0,0
1,0,1,1,662.835,20.0,50.0,24.0,0
1,0,1,1,659.375,20.0,50.0,24.0,0
1,0,1,1,655.761,20.0,50.0,24.0,0
1,0,1,1,652.326,20.0,50.0,24.0,0
1,0,1,1,675.024,20.0,50.0,24.0,0
1,0,1,1,661.659,20.0,50.0,24.0,0
1,0,1,1,677.288,20.0,50.0,24.0,0
1,0,1,1,671.499,20.0,50.0,24.0,0
1,0,1,1,683.026,20.0,50.0,24.0,0
1,0,1,1,693.842,20.0,50.0,24.0,0
1,0,1,1,693.746,20.0,50.0,24.0,0
1,0,1,1,705.194,20.0,50.0,24.0,0
1,0,1,1,716.926,20.0,50.0,24.0,0
1,0,1,1,707.731,20.0,50.0,24.0,0
1,0,1,1,714.349,20.0,50.0,24.0,0
1,0,1,1,694.785,20.0,50.0,24.0,0
1,0,1,1,626.32,20.0,50.0,24.0,0
1,0,1,1,581.802,20.0,50.0,24.0,0
1,0,1,1,553.992,20.0,50.0,24.0,0
1,0,1,1,522.833,20.0,50.0,24.0,0
1,0,1,1,522.96,20.0,50.0,24.0,0
1,0,1,1,529.696,20.0,50.0,24.0,0
1,0,1,1,541.578,20.0,50.0,24.0,0
1,0,1,1,520.315,20.0,50.0,24.0,0
1,0,1,1,512.906,20.0,50.0,24.0,0
1,0,1,1,501.334,20.0,50.0,24.0,0
1,0,1,1,519.58,20.0,50.0,24.0,0
1,0,1,1,532.674,20.0,50.0,24.0,0
1,0,1,1,520.062,20.0,50.0,24.0,0
1,0,1,1,499.05,20.0,50.0,24.0,0
1,0,1,1,494.135,20.0,50.0,24.0,0
1,0,1,1,489.118,20.0,50.0,24.0,0
1,0,1,1,480.204,20.0,50.0,24.0,0
1,0,1,1,482.645,20.0,50.0,24.0,0
1,0,1,1,487.268,20.0,50.0,24.0,0
1,0,1,1,479.654,20.0,50.0,24.0,0
1,0,1,1,474.358,20.0,50.0,24.0,0
1,0,1,1,466.207,20.0,50.0,24.0,0
1,0,1,1,460.23,20.0,50.0,24.0,0
1,0,1,1,453.475,20.0,50.0,24.0,0
1,0,1,1,451.892,20.0,50.0,24.0,0
1,0,1,1,450.718,20.0,50.0,24.0,0
1,0,1,1,442.03,20.0,50.0,24.0,0
1,0,1,1,438.46,20.0,50.0,24.0,0
1,0,1,1,432.766,20.0,50.0,24.0,0
1,0,1,1,429.597,20.0,50.0,24.0,0
1,0,1,1,431.502,20.0,50.0,24.0,0
1,0,1,1,428.91,20.0,50.0,24.0,0
1,0,1,1,427.264,20.0,50.0,24.0,0
1,0,1,1,424.087,20.0,50.0,24.0,0
1,0,1,1,419.679,20.0,50.0,24.0,0
1,0,1,1,425.492,20.0,50.0,24.0,0
1,0,1,1,425.376,20.0,50.0,24.0,0
1,0,1,1,426.039,20.0,50.0,24.0,0
1,0,1,1,432.654,20.0,50.0,24.0,0
1,0,1,1,441.761,20.0,50.0,24.0,0
1,0,1,1,470.191,20.0,50.0,24.0,0
1,0,1,1,492.292,20.0,50.0,24.0,0
1,0,1,1,504.836,20.0,50.0,24.0,0
1,0,1,1,513.63,20.0,50.0,24.0,0
1,0,1,1,510.498,20.0,50.0,24.0,0
1,0,1,1,514.075,20.0,50.0,24.0,0
1,0,1,1,491.173,20.0,50.0,24.0,0
1,0,1,1,500.764,20.0,50.0,24.0,0
1,0,1,1,533.192,20.0,50.0,24.0,0
1,0,1,1,542.061,20.0,50.0,24.0,0
1,0,1,1,541.217,20.0,50.0,24.0,0
1,0,1,1,526.102,20.0,50.0,24.0,0
1,0,1,1,493.679,20.0,50.0,24.0,0
1,0,1,1,474.4,20.0,50.0,24.0,0
1,0,1,1,481.369,20.0,50.0,24.0,0
1,0,1,1,474.045,20.0,50.0,24.0,0
1,0,1,1,476.974,20.0,50.0,24.0,0
1,0,1,1,494.354,20.0,50.0,24.0,0
1,0,1,1,495.334,20.0,50.0,24.0,0
1,0,1,1,516.337,20.0,50.0,24.0,0
1,0,1,1,528.71,20.0,50.0,24.0,0
1,0,1,1,522.516,20.0,50.0,24.0,0
1,0,1,1,519.008,20.0,50.0,24.0,0
1,0,1,1,507.893,20.0,50.0,24.0,0
1,0,1,1,546.965,20.0,50.0,24.0,0
1,0,1,1,550.986,20.0,50.0,24.0,0
1,0,1,1,562.252,20.0,50.0,24.0,0
1,0,1,1,547.367,20.0,50.0,24.0,0
1,0,1,1,529.769,20.0,50.0,24.0,0
1,0,1,1,509.854,20.0,50.0,24.0,0
1,0,1,1,495.539,20.0,50.0,24.0,0
1,0,1,1,497.364,20.0,50.0,24.0,0
1,0,1,1,513.747,20.0,50.0,24.0,0
1,0,1,1,503.818,20.0,50.0,24.0,0
1,0,1,1,488.421,20.0,50.0,24.0,0
1,0,1,1,489.68,20.0,50.0,24.0,0
1,0,1,1,493.27,20.0,50.0,24.0,0
1,0,1,1,499.972,20.0,50.0,24.0,0
1,0,1,1,511.751,20.0,50.0,24.0,0
1,0,1,1,505.504,20.0,50.0,24.0,0
1,0,1,1,503.548,20.0,50.0,24.0,0
1,0,1,1,509.805,20.0,50.0,24.0,0
1,0,1,1,496.123,20.0,50.0,24.0,0
1,0,1,1,492.345,20.0,50.0,24.0,0
1,0,1,1,496.136,20.0,50.0,24.0,0
1,0,1,1,530.886,20.0,50.0,24.0,0
1,0,1,1,514.167,20.0,50.0,24.0,0
1,0,1,1,508.273,20.0,50.0,24.0,0
1,0,1,1,521.726,20.0,50.0,24.0,0
1,0,1,1,528.225,20.0,50.0,24.0,0
1,0,1,1,509.682,20.0,50.0,24.0,0
1,0,1,1,481.091,20.0,50.0,24.0,0
1,0,1,1,495.541,20.0,50.0,24.0,0
1,0,1,1,486.125,20.0,50.0,24.0,0
1,0,1,1,466.937,20.0,50.0,24.0,0
1,0,1,1,458.851,20.0,50.0,24.0,0
1,0,1,1,451.419,20.0,50.0,24.0,0
1,0,1,1,444.588,20.0,50.0,24.0,0
1,0,1,1,443.611,20.0,50.0,24.0,0
1,0,1,1,439.897,20.0,50.0,24.0,0
1,0,1,1,437.531,20.0,50.0,24.0,0
1,0,1,1,427.404,20.0,50.0,24.0,0
1,0,1,1,423.381,20.0,50.0,24.0,0
1,0,1,1,423.135,20.0,50.0,24.0,0
1,0,1,1,421.936,20.0,50.0,24.0,0
1,0,1,1,421.327,20.0,50.0,24.0,0
1,0,1,1,422.535,20.0,50.0,24.0,0
1,0,1,1,426.477,20.0,50.0,24.0,0
1,0,1,1,428.781,20.0,50.0,24.0,0
1,0,1,1,434.118,20.0,50.0,24.0,0
1,0,1,1,436.193,20.0,50.0,24.0,0
1,0,1,1,436.057,20.0,50.0,24.0,0
1,0,1,1,429.144,20.0,50.0,24.0,0
1,0,1,1,429.021,20.0,50.0,24.0,0
1,0,1,1,428.289,20.0,50.0,24.0,0
1,0,1,1,443.824,20.0,50.0,24.0,0
1,0,1,1,465.682,20.0,50.0,24.0,0
1,0,1,1,470.388,20.0,50.0,24.0,0
1,0,1,1,475.91,20.0,50.0,24.0,0
1,0,1,1,494.773,20.0,50.0,24.0,0
1,0,1,1,471.795,20.0,50.0,24.0,0
1,0,1,1,459.871,20.0,50.0,24.0,0
1,0,1,1,449.23,20.0,50.0,24.0,0
1,0,1,1,447.05,20.0,50.0,24.0,0
1,0,1,1,447.753,20.0,50.0,24.0,0
1,0,1,1,457.161,20.0,50.0,24.0,0
1,0,1,1,466.246,20.0,50.0,24.0,0
1,0,1,1,460.731,20.0,50.0,24.0,0
1,0,1,1,447.452,20.0,50.0,24.0,0
1,0,1,1,430.829,20.0,50.0,24.0,0
1,0,1,1,423.033,20.0,50.0,24.0,0
1,0,1,1,409.449,20.0,50.0,24.0,0
1,0,1,1,411.2,20.0,50.0,24.0,0
1,0,1,1,417.237,20.0,50.0,24.0,0
1,0,1,1,415.707,20.0,50.0,24.0,0
1,0,1,1,425.131,20.0,50.0,24.0,0
1,0,1,1,414.911,20.0,50.0,24.0,0
1,0,1,1,416.322,20.0,50.0,24.0,0
1,0,1,1,424.03,20.0,50.0,24.0,0
1,0,1,1,410.437,20.0,50.0,24.0,0
1,0,1,1,407.571,20.0,50.0,24.0,0
1,0,1,1,410.499,20.0,50.0,24.0,0
1,0,1,1,418.558,20.0,50.0,24.0,0
1,0,1,1,421.593,20.0,50.0,24.0,0
1,0,1,1,416.973,20.0,50.0,24.0,0
1,0,1,1,413.276,20.0,50.0,24.0,0
1,0,1,1,424.924,20.0,50.0,24.0,0
1,0,1,1,428.375,20.0,50.0,24.0,0
1,0,1,1,431.716,20.0,50.0,24.0,0
1,0,1,1,426.409,20.0,50.0,24.0,0
1,0,1,1,427.306,20.0,50.0,24.0,0
1,0,1,1,436.027,20.0,50.0,24.0,0
1,0,1,1,438.193,20.0,50.0,24.0,0
1,0,1,1,436.647,20.0,50.0,24.0,0
1,0,1,1,436.21,20.0,50.0,24.0,0
1,0,1,1,440.238,20.0,50.0,24.0,0
1,0,1,1,438.025,20.0,50.0,24.0,0
1,0,1,1,438.288,20.0,50.0,24.0,0
1,0,1,1,438.054,20.0,50.0,24.0,0
1,0,1,1,434.411,20.0,50.0,24.0,0
1,0,1,1,437.951,20.0,50.0,24.0,0
1,0,1,1,424.999,20.0,50.0,24.0,0
1,0,1,1,430.33,20.0,50.0,24.0,0
1,0,1,1,420.67,20.0,50.0,24.0,0
1,0,1,1,413.434,20.0,50.0,24.0,0
1,0,1,1,416.388,20.0,50.0,24.0,0
1,0,1,1,416.781,20.0,50.0,24.0,0
1,0,1,1,413.602,20.0,50.0,24.0,0
1,0,1,1,412.494,20.0,50.0,24.0,0
1,0,1,1,422.396,20.0,50.0,24.0,0
1,0,1,1,421.741,20.0,50.0,24.0,0
1,0,1,1,422.844,20.0,50.0,24.0,0
1,0,1,1,424.425,20.0,50.0,24.0,0
1,0,1,1,416.284,20.0,50.0,24.0,0
1,0,1,1,412.23,20.0,50.0,24.0,0
1,0,1,1,435.934,20.0,50.0,24.0,0
1,0,1,1,453.5,20.0,50.0,24.0,0
1,0,1,1,468.136,20.0,50.0,24.0,0
1,0,1,1,459.422,20.0,50.0,24.0,0
1,0,1,1,467.98,20.0,50.0,24.0,0
1,0,1,1,464.365,20.0,50.0,24.0,0
1,0,1,1,471.516,20.0,50.0,24.0,0
1,0,1,1,427.657,20.0,50.0,24.0,0
1,0,1,1,445.435,20.0,50.0,24.0,0
1,0,1,1,475.561,20.0,50.0,24.0,0
1,0,1,1,474.875,20.0,50.0,24.0,0
1,0,1,1,494.545,20.0,50.0,24.0,0
1,0,1,1,474.505,20.0,50.0,24.0,0
1,0,1,1,455.083,20.0,50.0,24.0,0
1,0,1,1,460.224,20.0,50.0,24.0,0
1,0,1,1,472.151,20.0,50.0,24.0,0
1,0,1,1,482.846,20.0,50.0,24.0,0
1,0,1,1,459.399,20.0,50.0,24.0,0
1,0,1,1,477.596,20.0,50.0,24.0,0
1,0,1,1,497.556,20.0,50.0,24.0,0
1,0,1,1,502.871,20.0,50.0,24.0,0
1,0,1,1,504.956,20.0,50.0,24.0,0
1,0,1,1,504.823,20.0,50.0,24.0,0
1,0,1,1,511.257,20.0,50.0,24.0,0
1,0,1,1,511.087,20.0,50.0,24.0,0
1,0,1,1,518.601,20.0,50.0,24.0,0
1,0,1,1,476.013,20.0,50.0,24.0,0
1,0,1,1,463.542,20.0,50.0,24.0,0
1,0,1,1,457.893,20.0,50.0,24.0,0
1,0,1,1,452.001,20.0,50.0,24.0,0
1,0,1,1,443.582,20.0,50.0,24.0,0
1,0,1,1,433.671,20.0,50.0,24.0,0
1,0,1,1,441.093,20.0,50.0,24.0,0
1,0,1,1,452.423,20.0,50.0,24.0,0
1,0,1,1,460.055,20.0,50.0,24.0,0
1,0,1,1,503.169,20.0,50.0,24.0,0
1,0,1,1,508.986,20.0,50.0,24.0,0
1,0,1,1,476.475,20.0,50.0,24.0,0
1,0,1,1,505.336,20.0,50.0,24.0,0
1,0,1,1,511.982,20.0,50.0,24.0,0
1,0,1,1,509.527,20.0,50.0,24.0,0
1,0,1,1,495.954,20.0,50.0,24.0,0
1,0,1,1,511.205,20.0,50.0,24.0,0
1,0,1,1,507.73,20.0,50.0,24.0,0
1,0,1,1,505.367,20.0,50.0,24.0,0
1,0,1,1,519.071,20.0,50.0,24.0,0
1,0,1,1,515.485,20.0,50.0,24.0,0
1,0,1,1,516.654,20.0,50.0,24.0,0
1,0,1,1,511.66,20.0,50.0,24.0,0
1,0,1,1,515.252,20.0,50.0,24.0,0
1,0,1,1,496.66,20.0,50.0,24.0,0
1,0,1,1,460.863,20.0,50.0,24.0,0
1,0,1,1,439.559,20.0,50.0,24.0,0
1,0,1,1,434.024,20.0,50.0,24.0,0
1,0,1,1,426.526,20.0,50.0,24.0,0
1,0,1,1,425.742,20.0,50.0,24.0,0
1,0,1,1,436.34,20.0,50.0,24.0,0
1,0,1,1,431.563,20.0,50.0,24.0,0
1,0,1,1,432.84,20.0,50.0,24.0,0
1,0,1,1,436.298,20.0,50.0,24.0,0
1,0,1,1,431.398,20.0,50.0,24.0,0
1,0,1,1,436.435,20.0,50.0,24.0,0
1,0,1,1,440.329,20.0,50.0,24.0,0
1,0,1,1,444.241,20.0,50.0,24.0,0
1,0,1,1,435.727,20.0,50.0,24.0,0
1,0,1,1,428.128,20.0,50.0,24.0,0
1,0,1,1,420.461,20.0,50.0,24.0,0
1,0,1,1,421.591,20.0,50.0,24.0,0
1,0,1,1,424.899,20.0,50.0,24.0,0
1,0,1,1,434.751,20.0,50.0,24.0,0
1,0,1,1,433.015,20.0,50.0,24.0,0
1,0,1,1,435.183,20.0,50.0,24.0,0
1,0,1,1,439.242,20.0,50.0,24.0,0
1,0,1,1,446.6,20.0,50.0,24.0,0
1,0,1,1,452.474,20.0,50.0,24.0,0
1,0,1,1,453.757,20.0,50.0,24.0,0
1,0,1,1,449.052,20.0,50.0,24.0,0
1,0,1,1,444.102,20.0,50.0,24.0,0
1,0,1,1,442.808,20.0,50.0,24.0,0
1,0,1,1,437.246,20.0,50.0,24.0,0
1,0,1,1,436.349,20.0,50.0,24.0,0
1,0,1,1,437.666,20.0,50.0,24.0,0
1,0,1,1,442.929,20.0,50.0,24.0,0
1,0,1,1,445.967,20.0,50.0,24.0,0
1,0,1,1,480.98,20.0,50.0,24.0,0
1,0,1,1,565.788,20.0,50.0,24.0,0
1,0,1,1,612.07,20.0,50.0,24.0,0
1,0,1,1,582.241,20.0,50.0,24.0,0
1,0,1,1,577.314,20.0,50.0,24.0,0
1,0,1,1,577.663,20.0,50.0,24.0,0
1,0,1,1,535.531,20.0,50.0,24.0,0
1,0,1,1,531.462,20.0,50.0,24.0,0
1,0,1,1,527.539,20.0,50.0,24.0,0
1,0,1,1,515.505,20.0,50.0,24.0,0
1,0,1,1,511.735,20.0,50.0,24.0,0
1,0,1,1,515.015,20.0,50.0,24.0,0
1,0,1,1,515.478,20.0,50.0,24.0,0
1,0,1,1,518.721,20.0,50.0,24.0,0
1,0,1,1,516.599,20.0,50.0,24.0,0
1,0,1,1,504.34,20.0,50.0,24.0,0
1,0,1,1,496.405,20.0,50.0,24.0,0
1,0,1,1,477.738,20.0,50.0,24.0,0
1,0,1,1,477.326,20.0,50.0,24.0,0
1,0,1,1,473.89,20.0,50.0,24.0,0
1,0,1,1,464.199,20.0,50.0,24.0,0
1,0,1,1,459.49,20.0,50.0,24.0,0
1,0,1,1,453.919,20.0,50.0,24.0,0
1,0,1,1,445.336,20.0,50.0,24.0,0
1,0,1,1,444.264,20.0,50.0,24.0,0
1,0,1,1,450.984,20.0,50.0,24.0,0
1,0,1,1,495.332,20.0,50.0,24.0,0
1,0,1,1,519.695,20.0,50.0,24.0,0
1,0,1,1,506.182,20.0,50.0,24.0,0
1,0,1,1,494.85,20.0,50.0,24.0,0
1,0,1,1,503.221,20.0,50.0,24.0,0
1,0,1,1,506.108,20.0,50.0,24.0,0
1,0,1,1,489.325,20.0,50.0,24.0,0
1,0,1,1,494.89,20.0,50.0,24.0,0
1,0,1,1,502.228,20.0,50.0,24.0,0
1,0,1,1,498.243,20.0,50.0,24.0,0
1,0,1,1,480.202,20.0,50.0,24.0,0
1,0,1,1,488.126,20.0,50.0,24.0,0
1,0,1,1,491.118,20.0,50.0,24.0,0
1,0,1,1,491.158,20.0,50.0,24.0,0
1,0,1,1,476.799,20.0,50.0,24.0,0
1,0,1,1,468.5,20.0,50.0,24.0,0
1,0,1,1,456.305,20.0,50.0,24.0,0
1,0,1,1,452.592,20.0,50.0,24.0,0
1,0,1,1,448.87,20.0,50.0,24.0,0
1,0,1,1,448.444,20.0,50.0,24.0,0
1,0,1,1,447.345,20.0,50.0,24.0,0
1,0,1,1,448.282,20.0,50.0,24.0,0
1,0,1,1,448.791,20.0,50.0,24.0,0
1,0,1,1,452.472,20.0,50.0,24.0,0
1,0,1,1,451.092,20.0,50.0,24.0,0
1,0,1,1,450.951,20.0,50.0,24.0,0
1,0,1,1,447.898,20.0,50.0,24.0,0
1,0,1,1,450.831,20.0,50.0,24.0,0
1,0,1,1,449.223,20.0,50.0,24.0,0
1,0,1,1,443.131,20.0,50.0,24.0,0
1,0,1,1,449.811,20.0,50.0,24.0,0
1,0,1,1,448.795,20.0,50.0,24.0,0
1,0,1,1,450.152,20.0,50.0,24.0,0
1,0,1,1,451.407,20.0,50.0,24.0,0
1,0,1,1,455.801,20.0,50.0,24.0,0
1,0,1,1,456.842,20.0,50.0,24.0,0
1,0,1,1,451.945,20.0,50.0,24.0,0
1,0,1,1,457.602,20.0,50.0,24.0,0
1,0,1,1,460.026,20.0,50.0,24.0,0
1,0,1,1,461.209,20.0,50.0,24.0,0
1,0,1,1,470.636,20.0,50.0,24.0,0
1,0,1,1,469.15,20.0,50.0,24.0,0
1,0,1,1,476.976,20.0,50.0,24.0,0
1,0,1,1,480.032,20.0,50.0,24.0,0
1,0,1,1,475.197,20.0,50.0,24.0,0
1,0,1,1,479.236,20.0,50.0,24.0,0
1,0,1,1,482.752,20.0,50.0,24.0,0
1,0,1,1,461.889,20.0,50.0,24.0,0
1,0,1,1,474.651,20.0,50.0,24.0,0
1,0,1,1,469.702,20.0,50.0,24.0,0
1,0,1,1,448.296,20.0,50.0,24.0,0
1,0,1,1,441.282,20.0,50.0,24.0,0
1,0,1,1,438.014,20.0,50.0,24.0,0
1,0,1,1,431.04,20.0,50.0,24.0,0
1,0,1,1,429.451,20.0,50.0,24.0,0
1,0,1,1,428.212,20.0,50.0,24.0,0
1,0,1,1,438.955,20.0,50.0,24.0,0
1,0,1,1,434.107,20.0,50.0,24.0,0
1,0,1,1,427.72,20.0,50.0,24.0,0
1,0,1,1,422.824,20.0,50.0,24.0,0
1,0,1,1,423.746,20.0,50.0,24.0,0
1,0,1,1,427.635,20.0,50.0,24.0,0
1,0,1,1,462.979,20.0,50.0,24.0,0
1,0,1,1,468.137,20.0,50.0,24.0,0
1,0,1,1,473.608,20.0,50.0,24.0,0
1,0,1,1,480.223,20.0,50.0,24.0,0
1,0,1,1,492.448,20.0,50.0,24.0,0
1,0,1,1,500.924,20.0,50.0,24.0,0
1,0,1,1,489.792,20.0,50.0,24.0,0
1,0,1,1,486.739,20.0,50.0,24.0,0
1,0,1,1,473.517,20.0,50.0,24.0,0
1,0,1,1,476.076,20.0,50.0,24.0,0
1,0,1,1,471.848,20.0,50.0,24.0,0
1,0,1,1,476.543,20.0,50.0,24.0,0
1,0,1,1,476.572,20.0,50.0,24.0,0
1,0,1,1,476.012,20.0,50.0,24.0,0
1,0,1,1,478.339,20.0,50.0,24.0,0
1,0,1,1,472.69,20.0,50.0,24.0,0
1,0,1,1,480.79,20.0,50.0,24.0,0
1,0,1,1,489.276,20.0,50.0,24.0,0
1,0,1,1,482.393,20.0,50.0,24.0,0
1,0,1,1,483.648,20.0,50.0,24.0,0
1,0,1,1,481.984,20.0,50.0,24.0,0
1,0,1,1,474.543,20.0,50.0,24.0,0
1,0,1,1,467.62,20.0,50.0,24.0,0
1,0,1,1,468.099,20.0,50.0,24.0,0
1,0,1,1,468.28,20.0,50.0,24.0,0
1,0,1,1,462.802,20.0,50.0,24.0,0
1,0,1,1,472.599,20.0,50.0,24.0,0
1,0,1,1,479.279,20.0,50.0,24.0,0
1,0,1,1,482.531,20.0,50.0,24.0,0
1,0,1,1,482.943,20.0,50.0,24.0,0
1,0,1,1,484.117,20.0,50.0,24.0,0
1,0,1,1,482.926,20.0,50.0,24.0,0
1,0,1,1,478.913,20.0,50.0,24.0,0
1,0,1,1,481.969,20.0,50.0,24.0,0
1,0,1,1,480.103,20.0,50.0,24.0,0
1,0,1,1,475.836,20.0,50.0,24.0,0
1,0,1,1,474.094,20.0,50.0,24.0,0
1,0,1,1,474.458,20.0,50.0,24.0,0
1,0,1,1,471.435,20.0,50.0,24.0,0
1,0,1,1,473.043,20.0,50.0,24.0,0
1,0,1,1,473.068,20.0,50.0,24.0,0
1,0,1,1,476.564,20.0,50.0,24.0,0
1,0,1,1,474.883,20.0,50.0,24.0,0
1,0,1,1,473.725,20.0,50.0,24.0,0
1,0,1,1,473.431,20.0,50.0,24.0,0
1,0,1,1,472.962,20.0,50.0,24.0,0
1,0,1,1,477.951,20.0,50.0,24.0,0
1,0,1,1,473.337,20.0,50.0,24.0,0
1,0,1,1,468.008,20.0,50.0,24.0,0
1,0,1,1,468.174,20.0,50.0,24.0,0
1,0,1,1,468.402,20.0,50.0,24.0,0
1,0,1,1,469.497,20.0,50.0,24.0,0
1,0,1,1,470.649,20.0,50.0,24.0,0
1,0,1,1,471.162,20.0,50.0,24.0,0
1,0,1,1,473.188,20.0,50.0,24.0,0
1,0,1,1,473.165,20.0,50.0,24.0,0
1,0,1,1,474.409,20.0,50.0,24.0,0
1,0,1,1,476.581,20.0,50.0,24.0,0
1,0,1,1,480.659,20.0,50.0,24.0,0
1,0,1,1,482.521,20.0,50.0,24.0,0
1,0,1,1,482.48,20.0,50.0,24.0,0
1,0,1,1,483.591,20.0,50.0,24.0,0
1,0,1,1,484.797,20.0,50.0,24.0,0
1,0,1,1,485.178,20.0,50.0,24.0,0
1,0,1,1,488.142,20.0,50.0,24.0,0
1,0,1,1,486.802,20.0,50.0,24.0,0
1,0,1,1,486.528,20.0,50.0,24.0,0
1,0,1,1,485.832,20.0,50.0,24.0,0
1,0,1,1,486.623,20.0,50.0,24.0,0
1,0,1,1,487.518,20.0,50.0,24.0,0
1,0,1,1,490.148,20.0,50.0,24.0,0
1,0,1,1,493.541,20.0,50.0,24.0,0
1,0,1,1,493.078,20.0,50.0,24.0,0
1,0,1,1,490.028,20.0,50.0,24.0,0
1,0,1,1,488.676,20.0,50.0,24.0,0
1,0,1,1,484.933,20.0,50.0,24.0,0
1,0,1,1,482.71,20.0,50.0,24.0,0
1,0,1,1,484.434,20.0,50.0,24.0,0
1,0,1,1,486.928,20.0,50.0,24.0,0
1,0,1,1,489.662,20.0,50.0,24.0,0
1,0,1,1,485.772,20.0,50.0,24.0,0
1,0,1,1,486.444,20.0,50.0,24.0,0
1,0,1,1,486.628,20.0,50.0,24.0,0
1,0,1,1,486.409,20.0,50.0,24.0,0
1,0,1,1,487.366,20.0,50.0,24.0,0
1,0,1,1,484.369,20.0,50.0,24.0,0
1,0,1,1,483.57,20.0,50.0,24.0,0
1,0,1,1,483.804,20.0,50.0,24.0,0
1,0,1,1,483.818,20.0,50.0,24.0,0
1,0,1,1,482.534,20.0,50.0,24.0,0
1,0,1,1,483.149,20.0,50.0,24.0,0
1,0,1,1,482.875,20.0,50.0,24.0,0
1,0,1,1,482.829,20.0,50.0,24.0,0
1,0,1,1,483.05,20.0,50.0,24.0,0
1,0,1,1,480.324,20.0,50.0,24.0,0
1,0,1,1,481.41,20.0,50.0,24.0,0
1,0,1,1,479.546,20.0,50.0,24.0,0
1,0,1,1,480.062,20.0,50.0,24.0,0
1,0,1,1,478.561,20.0,50.0,24.0,0
1,0,1,1,477.749,20.0,50.0,24.0,0
1,0,1,1,480.377,20.0,50.0,24.0,0
1,0,1,1,479.376,20.0,50.0,24.0,0
1,0,1,1,477.134,20.0,50.0,24.0,0
1,0,1,1,477.097,20.0,50.0,24.0,0
1,0,1,1,484.88,20.0,50.0,24.0,0
1,0,1,1,490.517,20.0,50.0,24.0,0
1,0,1,1,566.728,20.0,50.0,24.0,0
1,0,1,1,544.067,20.0,50.0,24.0,0
1,0,1,1,521.218,20.0,50.0,24.0,0
1,0,1,1,516.399,20.0,50.0,24.0,0
1,0,1,1,512.784,20.0,50.0,24.0,0
1,0,1,1,525.437,20.0,50.0,24.0,0
1,0,1,1,502.49,20.0,50.0,24.0,0
1,0,1,1,495.709,20.0,50.0,24.0,0
1,0,1,1,492.915,20.0,50.0,24.0,0
1,0,1,1,495.086,20.0,50.0,24.0,0
1,0,1,1,499.878,20.0,50.0,24.0,0
1,0,1,1,503.188,20.0,50.0,24.0,0
1,0,1,1,503.375,20.0,50.0,24.0,0
1,0,1,1,501.823,20.0,50.0,24.0,0
1,0,1,1,499.482,20.0,50.0,24.0,0
1,0,1,1,499.429,20.0,50.0,24.0,0
1,0,1,1,506.052,20.0,50.0,24.0,0
1,0,1,1,510.354,20.0,50.0,24.0,0
1,0,1,1,508.995,20.0,50.0,24.0,0
1,0,1,1,511.886,20.0,50.0,24.0,0
1,0,1,1,512.441,20.0,50.0,24.0,0
1,0,1,1,511.665,20.0,50.0,24.0,0
1,0,1,1,513.482,20.0,50.0,24.0,0
1,0,1,1,510.349,20.0,50.0,24.0,0
1,0,1,1,502.235,20.0,50.0,24.0,0
1,0,1,1,505.886,20.0,50.0,24.0,0
1,0,1,1,508.862,20.0,50.0,24.0,0
1,0,1,1,513.582,20.0,50.0,24.0,0
1,0,1,1,517.128,20.0,50.0,24.0,0
1,0,1,1,519.456,20.0,50.0,24.0,0
1,0,1,1,518.061,20.0,50.0,24.0,0
1,0,1,1,513.948,20.0,50.0,24.0,0
1,0,1,1,511.721,20.0,50.0,24.0,0
1,0,1,1,507.053,20.0,50.0,24.0,0
1,0,1,1,505.897,20.0,50.0,24.0,0
1,0,1,1,508.801,20.0,50.0,24.0,0
1,0,1,1,510.92,20.0,50.0,24.0,0
1,0,1,1,509.244,20.0,50.0,24.0,0
1,0,1,1,506.259,20.0,50.0,24.0,0
1,0,1,1,505.271,20.0,50.0,24.0,0
1,0,1,1,504.313,20.0,50.0,24.0,0
1,0,1,1,499.577,20.0,50.0,24.0,0
1,0,1,1,499.212,20.0,50.0,24.0,0
1,0,1,1,498.824,20.0,50.0,24.0,0
1,0,1,1,502.853,20.0,50.0,24.0,0
1,0,1,1,505.432,20.0,50.0,24.0,0
1,0,1,1,503.411,20.0,50.0,24.0,0
1,0,1,1,507.646,20.0,50.0,24.0,0
1,0,1,1,506.968,20.0,50.0,24.0,0
1,0,1,1,507.219,20.0,50.0,24.0,0
1,0,1,1,507.352,20.0,50.0,24.0,0
1,0,1,1,508.0,20.0,50.0,24.0,0
1,0,1,1,508.446,20.0,50.0,24.0,0
1,0,1,1,507.909,20.0,50.0,24.0,0
1,0,1,1,506.122,20.0,50.0,24.0,0
1,0,1,1,507.693,20.0,50.0,24.0,0
1,0,1,1,513.539,20.0,50.0,24.0,0
1,0,1,1,519.918,20.0,50.0,24.0,0
1,0,1,1,520.102,20.0,50.0,24.0,0
1,0,1,1,515.823,20.0,50.0,24.0,0
1,0,1,1,515.988,20.0,50.0,24.0,0
1,0,1,1,513.228,20.0,50.0,24.0,0
1,0,1,1,514.758,20.0,50.0,24.0,0
1,0,1,1,513.136,20.0,50.0,24.0,0
1,0,1,1,514.37,20.0,50.0,24.0,0
1,0,1,1,514.074,20.0,50.0,24.0,0
1,0,1,1,514.568,20.0,50.0,24.0,0
1,0,1,1,511.982,20.0,50.0,24.0,0
1,0,1,1,513.89,20.0,50.0,24.0,0
1,0,1,1,511.511,20.0,50.0,24.0,0
1,0,1,1,520.65,20.0,50.0,24.0,0
1,0,1,1,523.635,20.0,50.0,24.0,0
1,0,1,1,523.28,20.0,50.0,24.0,0
1,0,1,1,522.833,20.0,50.0,24.0,0
1,0,1,1,522.73,20.0,50.0,24.0,0
1,0,1,1,523.531,20.0,50.0,24.0,0
1,0,1,1,528.503,20.0,50.0,24.0,0
1,0,1,1,526.838,20.0,50.0,24.0,0
1,0,1,1,522.57,20.0,50.0,24.0,0
1,0,1,1,520.271,20.0,50.0,24.0,0
1,0,1,1,515.266,20.0,50.0,24.0,0
1,0,1,1,517.605,20.0,50.0,24.0,0
1,0,1,1,513.636,20.0,50.0,24.0,0
1,0,1,1,513.068,20.0,50.0,24.0,0
1,0,1,1,515.256,20.0,50.0,24.0,0
1,0,1,1,513.691,20.0,50.0,24.0,0
1,0,1,1,513.301,20.0,50.0,24.0,0
1,0,1,1,516.287,20.0,50.0,24.0,0
1,0,1,1,518.171,20.0,50.0,24.0,0
1,0,1,1,516.761,20.0,50.0,24.0,0
1,0,1,1,515.128,20.0,50.0,24.0,0
1,0,1,1,512.81,20.0,50.0,24.0,0
1,0,1,1,514.634,20.0,50.0,24.0,0
1,0,1,1,518.986,20.0,50.0,24.0,0
1,0,1,1,522.287,20.0,50.0,24.0,0
1,0,1,1,522.88,20.0,50.0,24.0,0
1,0,1,1,525.833,20.0,50.0,24.0,0
1,0,1,1,526.915,20.0,50.0,24.0,0
1,0,1,1,525.738,20.0,50.0,24.0,0
1,0,1,1,521.969,20.0,50.0,24.0,0
1,0,1,1,525.097,20.0,50.0,24.0,0
1,0,1,1,527.64,20.0,50.0,24.0,0
1,0,1,1,526.57,20.0,50.0,24.0,0
1,0,1,1,526.085,20.0,50.0,24.0,0
1,0,1,1,525.004,20.0,50.0,24.0,0
1,0,1,1,528.229,20.0,50.0,24.0,0
1,0,1,1,531.618,20.0,50.0,24.0,0
1,0,1,1,534.04,20.0,50.0,24.0,0
1,0,1,1,533.755,20.0,50.0,24.0,0
1,0,1,1,531.742,20.0,50.0,24.0,0
1,0,1,1,533.876,20.0,50.0,24.0,0
1,0,1,1,535.858,20.0,50.0,24.0,0
1,0,1,1,535.64,20.0,50.0,24.0,0
1,0,1,1,534.306,20.0,50.0,24.0,0
1,0,1,1,534.054,20.0,50.0,24.0,0
1,0,1,1,536.547,20.0,50.0,24.0,0
1,0,1,1,534.43,20.0,50.0,24.0,0
1,0,1,1,537.192,20.0,50.0,24.0,0
1,0,1,1,540.155,20.0,50.0,24.0,0
1,0,1,1,541.533,20.0,50.0,24.0,0
1,0,1,1,541.686,20.0,50.0,24.0,0
1,0,1,1,542.136,20.0,50.0,24.0,0
1,0,1,1,543.792,20.0,50.0,24.0,0
1,0,1,1,544.682,20.0,50.0,24.0,0
1,0,1,1,540.682,20.0,50.0,24.0,0
1,0,1,1,540.793,20.0,50.0,24.0,0
1,0,1,1,543.284,20.0,50.0,24.0,0
1,0,1,1,537.583,20.0,50.0,24.0,0
1,0,1,1,538.636,20.0,50.0,24.0,0
1,0,1,1,544.361,20.0,50.0,24.0,0
1,0,1,1,545.544,20.0,50.0,24.0,0
1,0,1,1,542.48,20.0,50.0,24.0,0
1,0,1,1,542.015,20.0,50.0,24.0,0
1,0,1,1,545.228,20.0,50.0,24.0,0
1,0,1,1,549.098,20.0,50.0,24.0,0
1,0,1,1,547.899,20.0,50.0,24.0,0
1,0,1,1,546.378,20.0,50.0,24.0,0
1,0,1,1,546.273,20.0,50.0,24.0,0
1,0,1,1,545.93,20.0,50.0,24.0,0
1,0,1,1,550.696,20.0,50.0,24.0,0
1,0,1,1,549.013,20.0,50.0,24.0,0
1,0,1,1,546.937,20.0,50.0,24.0,0
1,0,1,1,546.605,20.0,50.0,24.0,0
1,0,1,1,546.457,20.0,50.0,24.0,0
1,0,1,1,549.1,20.0,50.0,24.0,0
1,0,1,1,546.949,20.0,50.0,24.0,0
1,0,1,1,543.122,20.0,50.0,24.0,0
1,0,1,1,543.803,20.0,50.0,24.0,0
1,0,1,1,545.36,20.0,50.0,24.0,0
1,0,1,1,543.958,20.0,50.0,24.0,0
1,0,1,1,544.985,20.0,50.0,24.0,0
1,0,1,1,543.196,20.0,50.0,24.0,0
1,0,1,1,544.29,20.0,50.0,24.0,0
1,0,1,1,545.675,20.0,50.0,24.0,0
1,0,1,1,550.139,20.0,50.0,24.0,0
1,0,1,1,547.586,20.0,50.0,24.0,0
1,0,1,1,550.879,20.0,50.0,24.0,0
1,0,1,1,553.389,20.0,50.0,24.0,0
1,0,1,1,553.913,20.0,50.0,24.0,0
1,0,1,1,553.171,20.0,50.0,24.0,0
1,0,1,1,550.164,20.0,50.0,24.0,0
1,0,1,1,542.436,20.0,50.0,24.0,0
1,0,1,1,542.385,20.0,50.0,24.0,0
1,0,1,1,540.846,20.0,50.0,24.0,0
1,0,1,1,537.341,20.0,50.0,24.0,0
1,0,1,1,533.19,20.0,50.0,24.0,0
1,0,1,1,530.962,20.0,50.0,24.0,0
1,0,1,1,530.805,20.0,50.0,24.0,0
1,0,1,1,533.032,20.0,50.0,24.0,0
1,0,1,1,529.893,20.0,50.0,24.0,0
1,0,1,1,525.415,20.0,50.0,24.0,0
1,0,1,1,522.364,20.0,50.0,24.0,0
1,0,1,1,516.666,20.0,50.0,24.0,0
1,0,1,1,511.3,20.0,50.0,24.0,0
1,0,1,1,514.893,20.0,50.0,24.0,0
1,0,1,1,516.333,20.0,50.0,24.0,0
1,0,1,1,512.6,20.0,50.0,24.0,0
1,0,1,1,511.419,20.0,50.0,24.0,0
1,0,1,1,505.827,20.0,50.0,24.0,0
1,0,1,1,505.296,20.0,50.0,24.0,0
1,0,1,1,505.122,20.0,50.0,24.0,0
1,0,1,1,500.739,20.0,50.0,24.0,0
1,0,1,1,499.911,20.0,50.0,24.0,0
1,0,1,1,500.444,20.0,50.0,24.0,0
1,0,1,1,502.686,20.0,50.0,24.0,0
1,0,1,1,501.381,20.0,50.0,24.0,0
1,0,1,1,499.369,20.0,50.0,24.0,0
1,0,1,1,496.336,20.0,50.0,24.0,0
1,0,1,1,491.991,20.0,50.0,24.0,0
1,0,1,1,494.521,20.0,50.0,24.0,0
1,0,1,1,497.402,20.0,50.0,24.0,0
1,0,1,1,499.723,20.0,50.0,24.0,0
1,0,1,1,501.051,20.0,50.0,24.0,0
1,0,1,1,500.331,20.0,50.0,24.0,0
1,0,1,1,499.353,20.0,50.0,24.0,0
1,0,1,1,497.846,20.0,50.0,24.0,0
1,0,1,1,502.292,20.0,50.0,24.0,0
1,0,1,1,505.02,20.0,50.0,24.0,0
1,0,1,1,507.384,20.0,50.0,24.0,0
1,0,1,1,506.617,20.0,50.0,24.0,0
1,0,1,1,510.88,20.0,50.0,24.0,0
1,0,1,1,513.787,20.0,50.0,24.0,0
1,0,1,1,502.307,20.0,50.0,24.0,0
1,0,1,1,488.581,20.0,50.0,24.0,0
1,0,1,1,480.857,20.0,50.0,24.0,0
1,0,1,1,481.912,20.0,50.0,24.0,0
1,0,1,1,476.964,20.0,50.0,24.0,0
1,0,1,1,483.282,20.0,50.0,24.0,0
1,0,1,1,475.445,20.0,50.0,24.0,0
1,0,1,1,471.424,20.0,50.0,24.0,0
1,0,1,1,469.721,20.0,50.0,24.0,0
1,0,1,1,475.937,20.0,50.0,24.0,0
1,0,1,1,472.472,20.0,50.0,24.0,0
1,0,1,1,471.363,20.0,50.0,24.0,0
1,0,1,1,467.561,20.0,50.0,24.0,0
1,0,1,1,462.072,20.0,50.0,24.0,0
1,0,1,1,474.851,20.0,50.0,24.0,0
1,0,1,1,473.752,20.0,50.0,24.0,0
1,0,1,1,460.808,20.0,50.0,24.0,0
1,0,1,1,455.774,20.0,50.0,24.0,0
1,0,1,1,462.252,20.0,50.0,24.0,0
1,0,1,1,464.552,20.0,50.0,24.0,0
1,0,1,1,465.791,20.0,50.0,24.0,0
1,0,1,1,458.472,20.0,50.0,24.0,0
1,0,1,1,455.313,20.0,50.0,24.0,0
1,0,1,1,458.544,20.0,50.0,24.0,0
1,0,1,1,454.484,20.0,50.0,24.0,0
1,0,1,1,456.511,20.0,50.0,24.0,0
1,0,1,1,458.038,20.0,50.0,24.0,0
1,0,1,1,455.845,20.0,50.0,24.0,0
1,0,1,1,454.97,20.0,50.0,24.0,0
1,0,1,1,453.204,20.0,50.0,24.0,0
1,0,1,1,450.147,20.0,50.0,24.0,0
1,0,1,1,449.93,20.0,50.0,24.0,0
1,0,1,1,448.548,20.0,50.0,24.0,0
1,0,1,1,444.651,20.0,50.0,24.0,0
1,0,1,1,444.189,20.0,50.0,24.0,0
1,0,1,1,446.699,20.0,50.0,24.0,0
1,0,1,1,453.243,20.0,50.0,24.0,0
1,0,1,1,457.864,20.0,50.0,24.0,0
1,0,1,1,461.442,20.0,50.0,24.0,0
1,0,1,1,467.823,20.0,50.0,24.0,0
1,0,1,1,475.084,20.0,50.0,24.0,0
1,0,1,1,479.277,20.0,50.0,24.0,0
1,0,1,1,476.857,20.0,50.0,24.0,0
1,0,1,1,477.635,20.0,50.0,24.0,0
1,0,1,1,480.138,20.0,50.0,24.0,0
1,0,1,1,479.73,20.0,50.0,24.0,0
1,0,1,1,475.922,20.0,50.0,24.0,0
1,0,1,1,470.695,20.0,50.0,24.0,0
1,0,1,1,467.958,20.0,50.0,24.0,0
1,0,1,1,460.363,20.0,50.0,24.0,0
1,0,1,1,467.535,20.0,50.0,24.0,0
1,0,1,1,481.798,20.0,50.0,24.0,0
1,0,1,1,499.917,20.0,50.0,24.0,0
1,0,1,1,532.772,20.0,50.0,24.0,0
1,0,1,1,567.322,20.0,50.0,24.0,0
1,0,1,1,544.54,20.0,50.0,24.0,0
1,0,1,1,539.976,20.0,50.0,24.0,0
1,0,1,1,555.798,20.0,50.0,24.0,0
1,0,1,1,556.129,20.0,50.0,24.0,0
1,0,1,1,570.038,20.0,50.0,24.0,0
1,0,1,1,572.167,20.0,50.0,24.0,0
1,0,1,1,576.384,20.0,50.0,24.0,0
1,0,1,1,596.247,20.0,50.0,24.0,0
1,0,1,1,589.761,20.0,50.0,24.0,0
1,0,1,1,543.407,20.0,50.0,24.0,0
1,0,1,1,546.366,20.0,50.0,24.0,0
1,0,1,1,545.999,20.0,50.0,24.0,0
1,0,1,1,535.846,20.0,50.0,24.0,0
1,0,1,1,538.959,20.0,50.0,24.0,0
1,0,1,1,522.995,20.0,50.0,24.0,0
1,0,1,1,469.91,20.0,50.0,24.0,0
1,0,1,1,456.06,20.0,50.0,24.0,0
1,0,1,1,457.655,20.0,50.0,24.0,0
1,0,1,1,433.587,20.0,50.0,24.0,0
1,0,1,1,429.236,20.0,50.0,24.0,0
1,0,1,1,422.422,20.0,50.0,24.0,0
1,0,1,1,420.3,20.0,50.0,24.0,0
1,0,1,1,421.498,20.0,50.0,24.0,0
1,0,1,1,426.855,20.0,50.0,24.0,0
1,0,1,1,441.025,20.0,50.0,24.0,0
1,0,1,1,449.226,20.0,50.0,24.0,0
1,0,1,1,458.674,20.0,50.0,24.0,0
1,0,1,1,462.47,20.0,50.0,24.0,0
1,0,1,1,469.617,20.0,50.0,24.0,0
1,0,1,1,465.402,20.0,50.0,24.0,0
1,0,1,1,459.897,20.0,50.0,24.0,0
1,0,1,1,466.854,20.0,50.0,24.0,0
1,0,1,1,471.801,20.0,50.0,24.0,0
1,0,1,1,468.511,20.0,50.0,24.0,0
1,0,1,1,463.253,20.0,50.0,24.0,0
1,0,1,1,452.9,20.0,50.0,24.0,0
1,0,1,1,488.396,20.0,50.0,24.0,0
1,0,1,1,496.997,20.0,50.0,24.0,0
1,0,1,1,500.71,20.0,50.0,24.0,0
1,0,1,1,516.186,20.0,50.0,24.0,0
1,0,1,1,512.353,20.0,50.0,24.0,0
1,0,1,1,511.245,20.0,50.0,24.0,0
1,0,1,1,517.866,20.0,50.0,24.0,0
1,0,1,1,508.158,20.0,50.0,24.0,0
1,0,1,1,490.755,20.0,50.0,24.0,0
1,0,1,1,503.774,20.0,50.0,24.0,0
1,0,1,1,510.556,20.0,50.0,24.0,0
1,0,1,1,518.256,20.0,50.0,24.0,0
1,0,1,1,514.109,20.0,50.0,24.0,0
1,0,1,1,523.94,20.0,50.0,24.0,0
1,0,1,1,498.255,20.0,50.0,24.0,0
1,0,1,1,482.107,20.0,50.0,24.0,0
1,0,1,1,463.604,20.0,50.0,24.0,0
1,0,1,1,460.02,20.0,50.0,24.0,0
1,0,1,1,457.827,20.0,50.0,24.0,0
1,0,1,1,455.865,20.0,50.0,24.0,0
1,0,1,1,500.25,20.0,50.0,24.0,0
1,0,1,1,502.093,20.0,50.0,24.0,0
1,0,1,1,510.777,20.0,50.0,24.0,0
1,0,1,1,515.567,20.0,50.0,24.0,0
1,0,1,1,497.981,20.0,50.0,24.0,0
1,0,1,1,482.991,20.0,50.0,24.0,0
1,0,1,1,489.51,20.0,50.0,24.0,0
1,0,1,1,479.663,20.0,50.0,24.0,0
1,0,1,1,493.417,20.0,50.0,24.0,0
1,0,1,1,512.952,20.0,50.0,24.0,0
1,0,1,1,525.133,20.0,50.0,24.0,0
1,0,1,1,504.969,20.0,50.0,24.0,0
1,0,1,1,494.205,20.0,50.0,24.0,0
1,0,1,1,469.584,20.0,50.0,24.0,0
1,0,1,1,465.411,20.0,50.0,24.0,0
1,0,1,1,462.463,20.0,50.0,24.0,0
1,0,1,1,461.43,20.0,50.0,24.0,0
1,0,1,1,461.529,20.0,50.0,24.0,0
1,0,1,1,463.56,20.0,50.0,24.0,0
1,0,1,1,459.318,20.0,50.0,24.0,0
1,0,1,1,452.254,20.0,50.0,24.0,0
1,0,1,1,444.062,20.0,50.0,24.0,0
1,0,1,1,435.704,20.0,50.0,24.0,0
1,0,1,1,435.611,20.0,50.0,24.0,0
1,0,1,1,454.745,20.0,50.0,24.0,0
1,0,1,1,465.877,20.0,50.0,24.0,0
1,0,1,1,455.0,20.0,50.0,24.0,0
1,0,1,1,457.083,20.0,50.0,24.0,0
1,0,1,1,452.057,20.0,50.0,24.0,0
1,0,1,1,445.819,20.0,50.0,24.0,0
1,0,1,1,448.992,20.0,50.0,24.0,0
1,0,1,1,445.959,20.0,50.0,24.0,0
1,0,1,1,447.085,20.0,50.0,24.0,0
1,0,1,1,448.231,20.0,50.0,24.0,0
1,0,1,1,445.305,20.0,50.0,24.0,0
1,0,1,1,457.78,20.0,50.0,24.0,0
1,0,1,1,456.741,20.0,50.0,24.0,0
1,0,1,1,449.748,20.0,50.0,24.0,0
1,0,1,1,442.184,20.0,50.0,24.0,0
1,0,1,1,444.362,20.0,50.0,24.0,0
1,0,1,1,444.295,20.0,50.0,24.0,0
1,0,1,1,439.839,20.0,50.0,24.0,0
1,0,1,1,442.024,20.0,50.0,24.0,0
1,0,1,1,436.589,20.0,50.0,24.0,0
1,0,1,1,430.147,20.0,50.0,24.0,0
1,0,1,1,429.091,20.0,50.0,24.0,0
1,0,1,1,428.437,20.0,50.0,24.0,0
1,0,1,1,423.963,20.0,50.0,24.0,0
1,0,1,1,419.656,20.0,50.0,24.0,0
1,0,1,1,417.471,20.0,50.0,24.0,0
1,0,1,1,416.725,20.0,50.0,24.0,0
1,0,1,1,419.848,20.0,50.0,24.0,0
1,0,1,1,416.587,20.0,50.0,24.0,0
1,0,1,1,415.264,20.0,50.0,24.0,0
1,0,1,1,415.238,20.0,50.0,24.0,0
1,0,1,1,416.376,20.0,50.0,24.0,0
1,0,1,1,442.038,20.0,50.0,24.0,0
1,0,1,1,467.199,20.0,50.0,24.0,0
1,0,1,1,509.764,20.0,50.0,24.0,0
1,0,1,1,557.476,20.0,50.0,24.0,0
1,0,1,1,590.648,20.0,50.0,24.0,0
1,0,1,1,592.973,20.0,50.0,24.0,0
1,0,1,1,583.963,20.0,50.0,24.0,0
1,0,1,1,573.452,20.0,50.0,24.0,0
1,0,1,1,565.445,20.0,50.0,24.0,0
1,0,1,1,560.61,20.0,50.0,24.0,0
1,0,1,1,555.135,20.0,50.0,24.0,0
1,0,1,1,554.266,20.0,50.0,24.0,0
1,0,1,1,551.263,20.0,50.0,24.0,0
1,0,1,1,548.44,20.0,50.0,24.0,0
1,0,1,1,541.28,20.0,50.0,24.0,0
1,0,1,1,536.455,20.0,50.0,24.0,0
1,0,1,1,533.807,20.0,50.0,24.0,0
1,0,1,1,533.538,20.0,50.0,24.0,0
1,0,1,1,530.199,20.0,50.0,24.0,0
1,0,1,1,532.769,20.0,50.0,24.0,0
1,0,1,1,532.927,20.0,50.0,24.0,0
1,0,1,1,530.865,20.0,50.0,24.0,0
1,0,1,1,528.758,20.0,50.0,24.0,0
1,0,1,1,534.367,20.0,50.0,24.0,0
1,0,1,1,533.583,20.0,50.0,24.0,0
1,0,1,1,529.941,20.0,50.0,24.0,0
1,0,1,1,530.556,20.0,50.0,24.0,0
1,0,1,1,531.895,20.0,50.0,24.0,0
1,0,1,1,533.5,20.0,50.0,24.0,0
1,0,1,1,528.262,20.0,50.0,24.0,0
1,0,1,1,527.466,20.0,50.0,24.0,0
1,0,1,1,521.309,20.0,50.0,24.0,0
1,0,1,1,523.998,20.0,50.0,24.0,0
1,0,1,1,526.16,20.0,50.0,24.0,0
1,0,1,1,531.508,20.0,50.0,24.0,0
1,0,1,1,533.176,20.0,50.0,24.0,0
1,0,1,1,541.72,20.0,50.0,24.0,0
1,0,1,1,550.033,20.0,50.0,24.0,0
1,0,1,1,575.217,20.0,50.0,24.0,0
1,0,1,1,610.891,20.0,50.0,24.0,0
1,0,1,1,624.518,20.0,50.0,24.0,0
1,0,1,1,629.392,20.0,50.0,24.0,0
1,0,1,1,543.829,20.0,50.0,24.0,0
1,0,1,1,476.84,20.0,50.0,24.0,0
1,0,1,1,452.178,20.0,50.0,24.0,0
1,0,1,1,462.81,20.0,50.0,24.0,0
1,0,1,1,471.433,20.0,50.0,24.0,0
1,0,1,1,478.463,20.0,50.0,24.0,0
1,0,1,1,489.157,20.0,50.0,24.0,0
1,0,1,1,499.163,20.0,50.0,24.0,0
1,0,1,1,504.21,20.0,50.0,24.0,0
1,0,1,1,504.458,20.0,50.0,24.0,0
1,0,1,1,509.263,20.0,50.0,24.0,0
1,0,1,1,509.494,20.0,50.0,24.0,0
1,0,1,1,509.764,20.0,50.0,24.0,0
1,0,1,1,519.746,20.0,50.0,24.0,0
1,0,1,1,544.199,20.0,50.0,24.0,0
1,0,1,1,549.477,20.0,50.0,24.0,0
1,0,1,1,553.14,20.0,50.0,24.0,0
1,0,1,1,558.668,20.0,50.0,24.0,0
1,0,1,1,555.083,20.0,50.0,24.0,0
1,0,1,1,553.123,20.0,50.0,24.0,0
1,0,1,1,554.884,20.0,50.0,24.0,0
1,0,1,1,554.008,20.0,50.0,24.0,0
1,0,1,1,549.016,20.0,50.0,24.0,0
1,0,1,1,544.515,20.0,50.0,24.0,0
1,0,1,1,540.704,20.0,50.0,24.0,0
1,0,1,1,543.368,20.0,50.0,24.0,0
1,0,1,1,545.651,20.0,50.0,24.0,0
1,0,1,1,542.52,20.0,50.0,24.0,0
1,0,1,1,539.363,20.0,50.0,24.0,0
1,0,1,1,535.412,20.0,50.0,24.0,0
1,0,1,1,534.158,20.0,50.0,24.0,0
1,0,1,1,570.236,20.0,50.0,24.0,0
1,0,1,1,614.437,20.0,50.0,24.0,0
1,0,1,1,622.857,20.0,50.0,24.0,0
1,0,1,1,636.069,20.0,50.0,24.0,0
1,0,1,1,652.498,20.0,50.0,24.0,0
1,0,1,1,675.317,20.0,50.0,24.0,0
1,0,1,1,689.787,20.0,50.0,24.0,0
1,0,1,1,675.826,20.0,50.0,24.0,0
1,0,1,1,707.704,20.0,50.0,24.0,0
1,0,1,1,724.215,20.0,50.0,24.0,0
1,0,1,1,668.426,20.0,50.0,24.0,0
1,0,1,1,567.533,20.0,50.0,24.0,0
1,0,1,1,510.464,20.0,50.0,24.0,0
1,0,1,1,482.788,20.0,50.0,24.0,0
1,0,1,1,466.526,20.0,50.0,24.0,0
1,0,1,1,454.505,20.0,50.0,24.0,0
1,0,1,1,448.092,20.0,50.0,24.0,0
1,0,1,1,447.274,20.0,50.0,24.0,0
1,0,1,1,445.709,20.0,50.0,24.0,0
1,0,1,1,442.904,20.0,50.0,24.0,0
1,0,1,1,444.984,20.0,50.0,24.0,0
1,0,1,1,444.493,20.0,50.0,24.0,0
1,0,1,1,438.917,20.0,50.0,24.0,0
1,0,1,1,434.793,20.0,50.0,24.0,0
1,0,1,1,433.76,20.0,50.0,24.0,0
1,0,1,1,434.581,20.0,50.0,24.0,0
1,0,1,1,431.69,20.0,50.0,24.0,0
1,0,1,1,433.497,20.0,50.0,24.0,0
1,0,1,1,435.085,20.0,50.0,24.0,0
1,0,1,1,433.999,20.0,50.0,24.0,0
1,0,1,1,431.927,20.0,50.0,24.0,0
1,0,1,1,431.329,20.0,50.0,24.0,0
1,0,1,1,432.302,20.0,50.0,24.0,0
1,0,1,1,430.989,20.0,50.0,24.0,0
1,0,1,1,429.284,20.0,50.0,24.0,0
1,0,1,1,430.785,20.0,50.0,24.0,0
1,0,1,1,443.369,20.0,50.0,24.0,0
1,0,1,1,440.317,20.0,50.0,24.0,0
1,0,1,1,438.52,20.0,50.0,24.0,0
1,0,1,1,436.864,20.0,50.0,24.0,0
1,0,1,1,435.708,20.0,50.0,24.0,0
1,0,1,1,435.544,20.0,50.0,24.0,0
1,0,1,1,436.508,20.0,50.0,24.0,0
1,0,1,1,435.656,20.0,50.0,24.0,0
1,0,1,1,434.1,20.0,50.0,24.0,0
1,0,1,1,435.62,20.0,50.0,24.0,0
1,0,1,1,437.222,20.0,50.0,24.0,0
1,0,1,1,439.852,20.0,50.0,24.0,0
1,0,1,1,439.513,20.0,50.0,24.0,0
1,0,1,1,434.294,20.0,50.0,24.0,0
1,0,1,1,432.278,20.0,50.0,24.0,0
1,0,1,1,437.5,20.0,50.0,24.0,0
1,0,1,1,441.16,20.0,50.0,24.0,0
1,0,1,1,439.42,20.0,50.0,24.0,0
1,0,1,1,440.41,20.0,50.0,24.0,0
1,0,1,1,438.988,20.0,50.0,24.0,0
1,0,1,1,442.348,20.0,50.0,24.0,0
1,0,1,1,440.122,20.0,50.0,24.0,0
1,0,1,1,439.929,20.0,50.0,24.0,0
1,0,1,1,444.636,20.0,50.0,24.0,0
1,0,1,1,444.411,20.0,50.0,24.0,0
1,0,1,1,445.61,20.0,50.0,24.0,0
1,0,1,1,440.283,20.0,50.0,24.0,0
1,0,1,1,435.2,20.0,50.0,24.0,0
1,0,1,1,433.826,20.0,50.0,24.0,0
1,0,1,1,433.268,20.0,50.0,24.0,0
1,0,1,1,433.482,20.0,50.0,24.0,0
1,0,1,1,433.441,20.0,50.0,24.0,0
1,0,1,1,436.905,20.0,50.0,24.0,0
1,0,1,1,436.645,20.0,50.0,24.0,0
1,0,1,1,435.456,20.0,50.0,24.0,0
1,0,1,1,431.662,20.0,50.0,24.0,0
1,0,1,1,435.879,20.0,50.0,24.0,0
1,0,1,1,443.889,20.0,50.0,24.0,0
1,0,1,1,457.665,20.0,50.0,24.0,0
1,0,1,1,448.85,20.0,50.0,24.0,0
1,0,1,1,443.556,20.0,50.0,24.0,0
1,0,1,1,459.621,20.0,50.0,24.0,0
1,0,1,1,464.848,20.0,50.0,24.0,0
1,0,1,1,468.494,20.0,50.0,24.0,0
1,0,1,1,475.562,20.0,50.0,24.0,0
1,0,1,1,470.438,20.0,50.0,24.0,0
1,0,1,1,457.781,20.0,50.0,24.0,0
1,0,1,1,449.536,20.0,50.0,24.0,0
1,0,1,1,441.513,20.0,50.0,24.0,0
1,0,1,1,442.455,20.0,50.0,24.0,0
1,0,1,1,444.962,20.0,50.0,24.0,0
1,0,1,1,447.794,20.0,50.0,24.0,0
1,0,1,1,447.799,20.0,50.0,24.0,0
1,0,1,1,448.129,20.0,50.0,24.0,0
1,0,1,1,452.574,20.0,50.0,24.0,0
1,0,1,1,447.458,20.0,50.0,24.0,0
1,0,1,1,442.992,20.0,50.0,24.0,0
1,0,1,1,439.432,20.0,50.0,24.0,0
1,0,1,1,442.902,20.0,50.0,24.0,0
1,0,1,1,447.295,20.0,50.0,24.0,0
1,0,1,1,447.854,20.0,50.0,24.0,0
1,0,1,1,447.217,20.0,50.0,24.0,0
1,0,1,1,444.056,20.0,50.0,24.0,0
1,0,1,1,445.189,20.0,50.0,24.0,0
1,0,1,1,437.193,20.0,50.0,24.0,0
1,0,1,1,438.584,20.0,50.0,24.0,0
1,0,1,1,440.733,20.0,50.0,24.0,0
1,0,1,1,438.405,20.0,50.0,24.0,0
1,0,1,1,441.266,20.0,50.0,24.0,0
1,0,1,1,444.824,20.0,50.0,24.0,0
1,0,1,1,445.498,20.0,50.0,24.0,0
1,0,1,1,444.258,20.0,50.0,24.0,0
1,0,1,1,445.077,20.0,50.0,24.0,0
1,0,1,1,442.021,20.0,50.0,24.0,0
1,0,1,1,438.635,20.0,50.0,24.0,0
1,0,1,1,439.086,20.0,50.0,24.0,0
1,0,1,1,441.072,20.0,50.0,24.0,0
1,0,1,1,443.736,20.0,50.0,24.0,0
1,0,1,1,445.565,20.0,50.0,24.0,0
1,0,1,1,444.024,20.0,50.0,24.0,0
1,0,1,1,445.195,20.0,50.0,24.0,0
1,0,1,1,443.988,20.0,50.0,24.0,0
1,0,1,1,442.19,20.0,50.0,24.0,0
1,0,1,1,440.712,20.0,50.0,24.0,0
1,0,1,1,438.396,20.0,50.0,24.0,0
1,0,1,1,439.091,20.0,50.0,24.0,0
1,0,1,1,443.495,20.0,50.0,24.0,0
1,0,1,1,442.36,20.0,50.0,24.0,0
1,0,1,1,440.26,20.0,50.0,24.0,0
1,0,1,1,437.225,20.0,50.0,24.0,0
1,0,1,1,432.936,20.0,50.0,24.0,0
1,0,1,1,436.115,20.0,50.0,24.0,0
1,0,1,1,436.338,20.0,50.0,24.0,0
1,0,1,1,440.435,20.0,50.0,24.0,0
1,0,1,1,438.873,20.0,50.0,24.0,0
1,0,1,1,435.037,20.0,50.0,24.0,0
1,0,1,1,432.64,20.0,50.0,24.0,0
1,0,1,1,432.699,20.0,50.0,24.0,0
1,0,1,1,440.47,20.0,50.0,24.0,0
1,0,1,1,444.102,20.0,50.0,24.0,0
1,0,1,1,441.094,20.0,50.0,24.0,0
1,0,1,1,440.269,20.0,50.0,24.0,0
1,0,1,1,445.037,20.0,50.0,24.0,0
1,0,1,1,446.335,20.0,50.0,24.0,0
1,0,1,1,445.708,20.0,50.0,24.0,0
1,0,1,1,443.094,20.0,50.0,24.0,0
1,0,1,1,440.578,20.0,50.0,24.0,0
1,0,1,1,439.974,20.0,50.0,24.0,0
1,0,1,1,441.09,20.0,50.0,24.0,0
1,0,1,1,443.29,20.0,50.0,24.0,0
1,0,1,1,445.716,20.0,50.0,24.0,0
1,0,1,1,443.148,20.0,50.0,24.0,0
1,0,1,1,440.942,20.0,50.0,24.0,0
1,0,1,1,439.173,20.0,50.0,24.0,0
1,0,1,1,437.951,20.0,50.0,24.0,0
1,0,1,1,439.485,20.0,50.0,24.0,0
1,0,1,1,437.122,20.0,50.0,24.0,0
1,0,1,1,436.932,20.0,50.0,24.0,0
1,0,1,1,434.4,20.0,50.0,24.0,0
1,0,1,1,433.953,20.0,50.0,24.0,0
1,0,1,1,438.402,20.0,50.0,24.0,0
1,0,1,1,443.35,20.0,50.0,24.0,0
1,0,1,1,444.536,20.0,50.0,24.0,0
1,0,1,1,441.171,20.0,50.0,24.0,0
1,0,1,1,438.96,20.0,50.0,24.0,0
1,0,1,1,439.586,20.0,50.0,24.0,0
1,0,1,1,438.331,20.0,50.0,24.0,0
1,0,1,1,441.274,20.0,50.0,24.0,0
1,0,1,1,444.983,20.0,50.0,24.0,0
1,0,1,1,448.712,20.0,50.0,24.0,0
1,0,1,1,449.833,20.0,50.0,24.0,0
1,0,1,1,461.947,20.0,50.0,24.0,0
1,0,1,1,465.749,20.0,50.0,24.0,0
1,0,1,1,455.716,20.0,50.0,24.0,0
1,0,1,1,451.236,20.0,50.0,24.0,0
1,0,1,1,451.082,20.0,50.0,24.0,0
1,0,1,1,448.903,20.0,50.0,24.0,0
1,0,1,1,447.504,20.0,50.0,24.0,0
1,0,1,1,446.34,20.0,50.0,24.0,0
1,0,1,1,448.438,20.0,50.0,24.0,0
1,0,1,1,443.482,20.0,50.0,24.0,0
1,0,1,1,440.546,20.0,50.0,24.0,0
1,0,1,1,443.667,20.0,50.0,24.0,0
1,0,1,1,444.799,20.0,50.0,24.0,0
1,0,1,1,445.459,20.0,50.0,24.0,0
1,0,1,1,441.365,20.0,50.0,24.0,0
1,0,1,1,447.943,20.0,50.0,24.0,0
1,0,1,1,447.679,20.0,50.0,24.0,0
1,0,1,1,452.251,20.0,50.0,24.0,0
1,0,1,1,451.574,20.0,50.0,24.0,0
1,0,1,1,449.533,20.0,50.0,24.0,0
1,0,1,1,454.326,20.0,50.0,24.0,0
1,0,1,1,461.088,20.0,50.0,24.0,0
1,0,1,1,456.57,20.0,50.0,24.0,0
1,0,1,1,451.146,20.0,50.0,24.0,0
1,0,1,1,448.394,20.0,50.0,24.0,0
1,0,1,1,448.698,20.0,50.0,24.0,0
1,0,1,1,450.96,20.0,50.0,24.0,0
1,0,1,1,447.615,20.0,50.0,24.0,0
1,0,1,1,446.394,20.0,50.0,24.0,0
1,0,1,1,447.584,20.0,50.0,24.0,0
1,0,1,1,448.555,20.0,50.0,24.0,0
1,0,1,1,448.85,20.0,50.0,24.0,0
1,0,1,1,450.324,20.0,50.0,24.0,0
1,0,1,1,456.22,20.0,50.0,24.0,0
1,0,1,1,460.947,20.0,50.0,24.0,0
1,0,1,1,460.297,20.0,50.0,24.0,0
1,0,1,1,469.116,20.0,50.0,24.0,0
1,0,1,1,467.905,20.0,50.0,24.0,0
1,0,1,1,461.884,20.0,50.0,24.0,0
1,0,1,1,458.526,20.0,50.0,24.0,0
1,0,1,1,457.03,20.0,50.0,24.0,0
1,0,1,1,456.963,20.0,50.0,24.0,0
1,0,1,1,456.573,20.0,50.0,24.0,0
1,0,1,1,457.986,20.0,50.0,24.0,0
1,0,1,1,463.788,20.0,50.0,24.0,0
1,0,1,1,469.575,20.0,50.0,24.0,0
1,0,1,1,465.855,20.0,50.0,24.0,0
1,0,1,1,463.662,20.0,50.0,24.0,0
1,0,1,1,462.58,20.0,50.0,24.0,0
1,0,1,1,462.754,20.0,50.0,24.0,0
1,0,1,1,466.047,20.0,50.0,24.0,0
1,0,1,1,471.392,20.0,50.0,24.0,0
1,0,1,1,471.843,20.0,50.0,24.0,0
1,0,1,1,470.781,20.0,50.0,24.0,0
1,0,1,1,469.015,20.0,50.0,24.0,0
1,0,1,1,468.522,20.0,50.0,24.0,0
1,0,1,1,474.213,20.0,50.0,24.0,0
1,0,1,1,471.644,20.0,50.0,24.0,0
1,0,1,1,462.443,20.0,50.0,24.0,0
1,0,1,1,458.597,20.0,50.0,24.0,0
1,0,1,1,464.676,20.0,50.0,24.0,0
1,0,1,1,462.694,20.0,50.0,24.0,0
1,0,1,1,469.709,20.0,50.0,24.0,0
1,0,1,1,468.62,20.0,50.0,24.0,0
1,0,1,1,460.677,20.0,50.0,24.0,0
1,0,1,1,455.566,20.0,50.0,24.0,0
1,0,1,1,454.454,20.0,50.0,24.0,0
1,0,1,1,452.705,20.0,50.0,24.0,0
1,0,1,1,450.806,20.0,50.0,24.0,0
1,0,1,1,450.075,20.0,50.0,24.0,0
1,0,1,1,451.983,20.0,50.0,24.0,0
1,0,1,1,459.443,20.0,50.0,24.0,0
1,0,1,1,456.215,20.0,50.0,24.0,0
1,0,1,1,449.964,20.0,50.0,24.0,0
1,0,1,1,466.954,20.0,50.0,24.0,0
1,0,1,1,465.303,20.0,50.0,24.0,0
1,0,1,1,456.147,20.0,50.0,24.0,0
1,0,1,1,455.516,20.0,50.0,24.0,0
1,0,1,1,454.978,20.0,50.0,24.0,0
1,0,1,1,452.655,20.0,50.0,24.0,0
1,0,1,1,453.513,20.0,50.0,24.0,0
1,0,1,1,460.199,20.0,50.0,24.0,0
1,0,1,1,471.793,20.0,50.0,24.0,0
1,0,1,1,480.96,20.0,50.0,24.0,0
1,0,1,1,481.99,20.0,50.0,24.0,0
1,0,1,1,482.61,20.0,50.0,24.0,0
1,0,1,1,488.632,20.0,50.0,24.0,0
1,0,1,1,490.946,20.0,50.0,24.0,0
1,0,1,1,488.341,20.0,50.0,24.0,0
1,0,1,1,483.497,20.0,50.0,24.0,0
1,0,1,1,480.593,20.0,50.0,24.0,0
1,0,1,1,485.477,20.0,50.0,24.0,0
1,0,1,1,488.427,20.0,50.0,24.0,0
1,0,1,1,487.013,20.0,50.0,24.0,0
1,0,1,1,485.274,20.0,50.0,24.0,0
1,0,1,1,480.887,20.0,50.0,24.0,0
1,0,1,1,479.202,20.0,50.0,24.0,0
1,0,1,1,481.186,20.0,50.0,24.0,0
1,0,1,1,481.245,20.0,50.0,24.0,0
1,0,1,1,477.985,20.0,50.0,24.0,0
1,0,1,1,475.654,20.0,50.0,24.0,0
1,0,1,1,474.801,20.0,50.0,24.0,0
1,0,1,1,474.792,20.0,50.0,24.0,0
1,0,1,1,473.992,20.0,50.0,24.0,0
1,0,1,1,474.368,20.0,50.0,24.0,0
1,0,1,1,474.285,20.0,50.0,24.0,0
1,0,1,1,476.573,20.0,50.0,24.0,0
1,0,1,1,475.98,20.0,50.0,24.0,0
1,0,1,1,476.659,20.0,50.0,24.0,0
1,0,1,1,476.481,20.0,50.0,24.0,0
1,0,1,1,474.379,20.0,50.0,24.0,0
1,0,1,1,477.292,20.0,50.0,24.0,0
1,0,1,1,475.492,20.0,50.0,24.0,0
1,0,1,1,474.081,20.0,50.0,24.0,0
1,0,1,1,475.748,20.0,50.0,24.0,0
1,0,1,1,478.289,20.0,50.0,24.0,0
1,0,1,1,482.16,20.0,50.0,24.0,0
1,0,1,1,483.015,20.0,50.0,24.0,0
1,0,1,1,480.609,20.0,50.0,24.0,0
1,0,1,1,481.149,20.0,50.0,24.0,0
1,0,1,1,481.287,20.0,50.0,24.0,0
1,0,1,1,480.057,20.0,50.0,24.0,0
1,0,1,1,480.24,20.0,50.0,24.0,0
1,0,1,1,478.765,20.0,50.0,24.0,0
1,0,1,1,478.798,20.0,50.0,24.0,0
1,0,1,1,481.461,20.0,50.0,24.0,0
1,0,1,1,479.748,20.0,50.0,24.0,0
1,0,1,1,481.406,20.0,50.0,24.0,0
1,0,1,1,482.205,20.0,50.0,24.0,0
1,0,1,1,483.298,20.0,50.0,24.0,0
1,0,1,1,481.218,20.0,50.0,24.0,0
1,0,1,1,483.369,20.0,50.0,24.0,0
1,0,1,1,482.807,20.0,50.0,24.0,0
1,0,1,1,481.815,20.0,50.0,24.0,0
1,0,1,1,481.563,20.0,50.0,24.0,0
1,0,1,1,481.38,20.0,50.0,24.0,0
1,0,1,1,481.77,20.0,50.0,24.0,0
1,0,1,1,484.195,20.0,50.0,24.0,0
1,0,1,1,482.162,20.0,50.0,24.0,0
1,0,1,1,482.753,20.0,50.0,24.0,0
1,0,1,1,481.903,20.0,50.0,24.0,0
1,0,1,1,483.539,20.0,50.0,24.0,0
1,0,1,1,485.956,20.0,50.0,24.0,0
1,0,1,1,481.159,20.0,50.0,24.0,0
1,0,1,1,481.161,20.0,50.0,24.0,0
1,0,1,1,482.172,20.0,50.0,24.0,0
1,0,1,1,481.652,20.0,50.0,24.0,0
1,0,1,1,479.086,20.0,50.0,24.0,0
1,0,1,1,479.786,20.0,50.0,24.0,0
1,0,1,1,481.378,20.0,50.0,24.0,0
1,0,1,1,481.503,20.0,50.0,24.0,0
1,0,1,1,483.045,20.0,50.0,24.0,0
1,0,1,1,485.833,20.0,50.0,24.0,0
1,0,1,1,485.326,20.0,50.0,24.0,0
1,0,1,1,485.87,20.0,50.0,24.0,0
1,0,1,1,484.417,20.0,50.0,24.0,0
1,0,1,1,484.262,20.0,50.0,24.0,0
1,0,1,1,487.945,20.0,50.0,24.0,0
1,0,1,1,490.593,20.0,50.0,24.0,0
1,0,1,1,489.768,20.0,50.0,24.0,0
1,0,1,1,488.205,20.0,50.0,24.0,0
1,0,1,1,490.328,20.0,50.0,24.0,0
1,0,1,1,491.614,20.0,50.0,24.0,0
1,0,1,1,492.173,20.0,50.0,24.0,0
1,0,1,1,492.729,20.0,50.0,24.0,0
1,0,1,1,494.05,20.0,50.0,24.0,0
1,0,1,1,489.516,20.0,50.0,24.0,0
1,0,1,1,487.746,20.0,50.0,24.0,0
1,0,1,1,488.427,20.0,50.0,24.0,0
1,0,1,1,488.527,20.0,50.0,24.0,0
1,0,1,1,491.347,20.0,50.0,24.0,0
1,0,1,1,489.884,20.0,50.0,24.0,0
1,0,1,1,490.459,20.0,50.0,24.0,0
1,0,1,1,489.282,20.0,50.0,24.0,0
1,0,1,1,491.686,20.0,50.0,24.0,0
1,0,1,1,493.558,20.0,50.0,24.0,0
1,0,1,1,491.859,20.0,50.0,24.0,0
1,0,1,1,489.97,20.0,50.0,24.0,0
1,0,1,1,489.752,20.0,50.0,24.0,0
1,0,1,1,490.915,20.0,50.0,24.0,0
1,0,1,1,492.227,20.0,50.0,24.0,0
1,0,1,1,489.779,20.0,50.0,24.0,0
1,0,1,1,487.873,20.0,50.0,24.0,0
1,0,1,1,486.275,20.0,50.0,24.0,0
1,0,1,1,487.634,20.0,50.0,24.0,0
1,0,1,1,487.407,20.0,50.0,24.0,0
1,0,1,1,486.277,20.0,50.0,24.0,0
1,0,1,1,487.441,20.0,50.0,24.0,0
1,0,1,1,484.988,20.0,50.0,24.0,0
1,0,1,1,485.26,20.0,50.0,24.0,0
1,0,1,1,487.357,20.0,50.0,24.0,0
1,0,1,1,488.15,20.0,50.0,24.0,0
1,0,1,1,488.948,20.0,50.0,24.0,0
1,0,1,1,489.122,20.0,50.0,24.0,0
1,0,1,1,487.462,20.0,50.0,24.0,0
1,0,1,1,483.362,20.0,50.0,24.0,0
1,0,1,1,485.286,20.0,50.0,24.0,0
1,0,1,1,483.832,20.0,50.0,24.0,0
1,0,1,1,483.01,20.0,50.0,24.0,0
1,0,1,1,481.863,20.0,50.0,24.0,0
1,0,1,1,481.954,20.0,50.0,24.0,0
1,0,1,1,482.519,20.0,50.0,24.0,0
1,0,1,1,484.37,20.0,50.0,24.0,0
1,0,1,1,487.029,20.0,50.0,24.0,0
1,0,1,1,488.416,20.0,50.0,24.0,0
1,0,1,1,484.437,20.0,50.0,24.0,0
1,0,1,1,470.903,20.0,50.0,24.0,0
1,0,1,1,460.283,20.0,50.0,24.0,0
1,0,1,1,454.777,20.0,50.0,24.0,0
1,0,1,1,452.631,20.0,50.0,24.0,0
1,0,1,1,452.908,20.0,50.0,24.0,0
1,0,1,1,451.465,20.0,50.0,24.0,0
1,0,1,1,450.161,20.0,50.0,24.0,0
1,0,1,1,452.786,20.0,50.0,24.0,0
1,0,1,1,454.36,20.0,50.0,24.0,0
1,0,1,1,454.953,20.0,50.0,24.0,0
1,0,1,1,456.696,20.0,50.0,24.0,0
1,0,1,1,456.782,20.0,50.0,24.0,0
1,0,1,1,453.574,20.0,50.0,24.0,0
1,0,1,1,452.556,20.0,50.0,24.0,0
1,0,1,1,453.446,20.0,50.0,24.0,0
1,0,1,1,451.986,20.0,50.0,24.0,0
1,0,1,1,452.985,20.0,50.0,24.0,0
1,0,1,1,453.908,20.0,50.0,24.0,0
1,0,1,1,453.697,20.0,50.0,24.0,0
1,0,1,1,456.299,20.0,50.0,24.0,0
1,0,1,1,455.411,20.0,50.0,24.0,0
1,0,1,1,457.15,20.0,50.0,24.0,0
1,0,1,1,455.102,20.0,50.0,24.0,0
1,0,1,1,455.374,20.0,50.0,24.0,0
1,0,1,1,458.809,20.0,50.0,24.0,0
1,0,1,1,459.2,20.0,50.0,24.0,0
1,0,1,1,457.686,20.0,50.0,24.0,0
1,0,1,1,455.064,20.0,50.0,24.0,0
1,0,1,1,454.221,20.0,50.0,24.0,0
1,0,1,1,450.805,20.0,50.0,24.0,0
1,0,1,1,452.906,20.0,50.0,24.0,0
1,0,1,1,454.842,20.0,50.0,24.0,0
1,0,1,1,458.501,20.0,50.0,24.0,0
1,0,1,1,461.626,20.0,50.0,24.0,0
1,0,1,1,461.338,20.0,50.0,24.0,0
1,0,1,1,459.693,20.0,50.0,24.0,0
1,0,1,1,458.984,20.0,50.0,24.0,0
1,0,1,1,457.709,20.0,50.0,24.0,0
1,0,1,1,453.221,20.0,50.0,24.0,0
1,0,1,1,453.476,20.0,50.0,24.0,0
1,0,1,1,453.433,20.0,50.0,24.0,0
1,0,1,1,453.904,20.0,50.0,24.0,0
1,0,1,1,457.348,20.0,50.0,24.0,0
1,0,1,1,458.305,20.0,50.0,24.0,0
1,0,1,1,459.036,20.0,50.0,24.0,0
1,0,1,1,462.146,20.0,50.0,24.0,0
1,0,1,1,462.092,20.0,50.0,24.0,0
1,0,1,1,464.044,20.0,50.0,24.0,0
1,0,1,1,462.52,20.0,50.0,24.0,0
1,0,1,1,460.653,20.0,50.0,24.0,0
1,0,1,1,459.186,20.0,50.0,24.0,0
1,0,1,1,460.521,20.0,50.0,24.0,0
1,0,1,1,461.701,20.0,50.0,24.0,0
1,0,1,1,462.31,20.0,50.0,24.0,0
1,0,1,1,466.666,20.0,50.0,24.0,0
1,0,1,1,470.087,20.0,50.0,24.0,0
1,0,1,1,470.24,20.0,50.0,24.0,0
1,0,1,1,471.424,20.0,50.0,24.0,0
1,0,1,1,471.88,20.0,50.0,24.0,0
1,0,1,1,472.852,20.0,50.0,24.0,0
1,0,1,1,473.101,20.0,50.0,24.0,0
1,0,1,1,474.051,20.0,50.0,24.0,0
1,0,1,1,470.214,20.0,50.0,24.0,0
1,0,1,1,465.666,20.0,50.0,24.0,0
1,0,1,1,466.448,20.0,50.0,24.0,0
1,0,1,1,464.805,20.0,50.0,24.0,0
1,0,1,1,467.302,20.0,50.0,24.0,0
1,0,1,1,467.25,20.0,50.0,24.0,0
1,0,1,1,467.518,20.0,50.0,24.0,0
1,0,1,1,467.183,20.0,50.0,24.0,0
1,0,1,1,470.308,20.0,50.0,24.0,0
1,0,1,1,468.013,20.0,50.0,24.0,0
1,0,1,1,469.308,20.0,50.0,24.0,0
1,0,1,1,470.695,20.0,50.0,24.0,0
1,0,1,1,470.733,20.0,50.0,24.0,0
1,0,1,1,474.377,20.0,50.0,24.0,0
1,0,1,1,475.945,20.0,50.0,24.0,0
1,0,1,1,476.466,20.0,50.0,24.0,0
1,0,1,1,473.638,20.0,50.0,24.0,0
1,0,1,1,473.373,20.0,50.0,24.0,0
1,0,1,1,473.542,20.0,50.0,24.0,0
1,0,1,1,473.475,20.0,50.0,24.0,0
1,0,1,1,477.252,20.0,50.0,24.0,0
1,0,1,1,476.878,20.0,50.0,24.0,0
1,0,1,1,478.983,20.0,50.0,24.0,0
1,0,1,1,480.122,20.0,50.0,24.0,0
1,0,1,1,480.68,20.0,50.0,24.0,0
1,0,1,1,481.046,20.0,50.0,24.0,0
1,0,1,1,479.781,20.0,50.0,24.0,0
1,0,1,1,478.512,20.0,50.0,24.0,0
1,0,1,1,479.51,20.0,50.0,24.0,0
1,0,1,1,479.594,20.0,50.0,24.0,0
1,0,1,1,478.367,20.0,50.0,24.0,0
1,0,1,1,478.792,20.0,50.0,24.0,0
1,0,1,1,476.249,20.0,50.0,24.0,0
1,0,1,1,477.348,20.0,50.0,24.0,0
1,0,1,1,476.129,20.0,50.0,24.0,0
1,0,1,1,473.886,20.0,50.0,24.0,0
1,0,1,1,472.988,20.0,50.0,24.0,0
1,0,1,1,470.437,20.0,50.0,24.0,0
1,0,1,1,474.281,20.0,50.0,24.0,0
1,0,1,1,474.671,20.0,50.0,24.0,0
1,0,1,1,474.36,20.0,50.0,24.0,0
1,0,1,1,475.925,20.0,50.0,24.0,0
1,0,1,1,475.076,20.0,50.0,24.0,0
1,0,1,1,471.451,20.0,50.0,24.0,0
1,0,1,1,472.274,20.0,50.0,24.0,0
1,0,1,1,472.63,20.0,50.0,24.0,0
1,0,1,1,472.855,20.0,50.0,24.0,0
1,0,1,1,475.132,20.0,50.0,24.0,0
1,0,1,1,475.42,20.0,50.0,24.0,0
1,0,1,1,470.151,20.0,50.0,24.0,0
1,0,1,1,464.948,20.0,50.0,24.0,0
1,0,1,1,468.99,20.0,50.0,24.0,0
1,0,1,1,469.848,20.0,50.0,24.0,0
1,0,1,1,470.921,20.0,50.0,24.0,0
1,0,1,1,474.798,20.0,50.0,24.0,0
1,0,1,1,469.927,20.0,50.0,24.0,0
1,0,1,1,466.298,20.0,50.0,24.0,0
1,0,1,1,462.604,20.0,50.0,24.0,0
1,0,1,1,470.699,20.0,50.0,24.0,0
1,0,1,1,475.03,20.0,50.0,24.0,0
1,0,1,1,479.786,20.0,50.0,24.0,0
1,0,1,1,489.449,20.0,50.0,24.0,0
1,0,1,1,500.639,20.0,50.0,24.0,0
1,0,1,1,506.183,20.0,50.0,24.0,0
1,0,1,1,511.201,20.0,50.0,24.0,0
1,0,1,1,515.776,20.0,50.0,24.0,0
1,0,1,1,520.965,20.0,50.0,24.0,0
1,0,1,1,524.167,20.0,50.0,24.0,0
1,0,1,1,531.85,20.0,50.0,24.0,0
1,0,1,1,539.622,20.0,50.0,24.0,0
1,0,1,1,548.13,20.0,50.0,24.0,0
1,0,1,1,555.506,20.0,50.0,24.0,0
1,0,1,1,561.397,20.0,50.0,24.0,0
1,0,1,1,564.184,20.0,50.0,24.0,0
1,0,1,1,568.448,20.0,50.0,24.0,0
1,0,1,1,573.057,20.0,50.0,24.0,0
1,0,1,1,583.48,20.0,50.0,24.0,0
1,0,1,1,585.386,20.0,50.0,24.0,0
1,0,1,1,590.969,20.0,50.0,24.0,0
1,0,1,1,596.786,20.0,50.0,24.0,0
1,0,1,1,597.635,20.0,50.0,24.0,0
1,0,1,1,599.963,20.0,50.0,24.0,0
1,0,1,1,597.181,20.0,50.0,24.0,0
1,0,1,1,601.075,20.0,50.0,24.0,0
1,0,1,1,601.225,20.0,50.0,24.0,0
1,0,1,1,599.911,20.0,50.0,24.0,0
1,0,1,1,599.515,20.0,50.0,24.0,0
1,0,1,1,603.856,20.0,50.0,24.0,0
1,0,1,1,610.277,20.0,50.0,24.0,0
1,0,1,1,617.671,20.0,50.0,24.0,0
1,0,1,1,618.763,20.0,50.0,24.0,0
1,0,1,1,617.632,20.0,50.0,24.0,0
1,0,1,1,617.392,20.0,50.0,24.0,0
1,0,1,1,618.675,20.0,50.0,24.0,0
1,0,1,1,623.274,20.0,50.0,24.0,0
1,0,1,1,628.969,20.0,50.0,24.0,0
1,0,1,1,641.291,20.0,50.0,24.0,0
1,0,1,1,655.41,20.0,50.0,24.0,0
1,0,1,1,628.423,20.0,50.0,24.0,0
1,0,1,1,564.591,20.0,50.0,24.0,0
1,0,1,1,488.464,20.0,50.0,24.0,0
1,0,1,1,460.385,20.0,50.0,24.0,0
1,0,1,1,452.722,20.0,50.0,24.0,0
1,0,1,1,445.027,20.0,50.0,24.0,0
1,0,1,1,450.322,20.0,50.0,24.0,0
1,0,1,1,443.79,20.0,50.0,24.0,0
1,0,1,1,446.629,20.0,50.0,24.0,0
1,0,1,1,444.753,20.0,50.0,24.0,0
1,0,1,1,440.306,20.0,50.0,24.0,0
1,0,1,1,438.606,20.0,50.0,24.0,0
1,0,1,1,437.786,20.0,50.0,24.0,0
1,0,1,1,435.654,20.0,50.0,24.0,0
1,0,1,1,470.795,20.0,50.0,24.0,0
1,0,1,1,454.084,20.0,50.0,24.0,0
1,0,1,1,442.264,20.0,50.0,24.0,0
1,0,1,1,453.561,20.0,50.0,24.0,0
1,0,1,1,461.141,20.0,50.0,24.0,0
1,0,1,1,458.522,20.0,50.0,24.0,0
1,0,1,1,453.703,20.0,50.0,24.0,0
1,0,1,1,454.522,20.0,50.0,24.0,0
1,0,1,1,452.116,20.0,50.0,24.0,0
1,0,1,1,456.376,20.0,50.0,24.0,0
1,0,1,1,468.953,20.0,50.0,24.0,0
1,0,1,1,479.341,20.0,50.0,24.0,0
1,0,1,1,479.95,20.0,50.0,24.0,0
1,0,1,1,484.242,20.0,50.0,24.0,0
1,0,1,1,467.742,20.0,50.0,24.0,0
1,0,1,1,452.467,20.0,50.0,24.0,0
1,0,1,1,440.39,20.0,50.0,24.0,0
1,0,1,1,451.187,20.0,50.0,24.0,0
1,0,1,1,440.567,20.0,50.0,24.0,0
1,0,1,1,443.917,20.0,50.0,24.0,0
1,0,1,1,439.189,20.0,50.0,24.0,0
1,0,1,1,435.469,20.0,50.0,24.0,0
1,0,1,1,438.456,20.0,50.0,24.0,0
1,0,1,1,449.524,20.0,50.0,24.0,0
1,0,1,1,460.522,20.0,50.0,24.0,0
1,0,1,1,463.783,20.0,50.0,24.0,0
1,0,1,1,456.878,20.0,50.0,24.0,0
1,0,1,1,443.413,20.0,50.0,24.0,0
1,0,1,1,437.248,20.0,50.0,24.0,0
1,0,1,1,436.892,20.0,50.0,24.0,0
1,0,1,1,433.348,20.0,50.0,24.0,0
1,0,1,1,436.487,20.0,50.0,24.0,0
1,0,1,1,457.265,20.0,50.0,24.0,0
1,0,1,1,453.646,20.0,50.0,24.0,0
1,0,1,1,451.936,20.0,50.0,24.0,0
1,0,1,1,455.392,20.0,50.0,24.0,0
1,0,1,1,463.16,20.0,50.0,24.0,0
1,0,1,1,462.517,20.0,50.0,24.0,0
1,0,1,1,453.458,20.0,50.0,24.0,0
1,0,1,1,451.664,20.0,50.0,24.0,0
1,0,1,1,454.403,20.0,50.0,24.0,0
1,0,1,1,451.379,20.0,50.0,24.0,0
1,0,1,1,453.462,20.0,50.0,24.0,0
1,0,1,1,457.066,20.0,50.0,24.0,0
1,0,1,1,463.31,20.0,50.0,24.0,0
1,0,1,1,460.266,20.0,50.0,24.0,0
1,0,1,1,458.941,20.0,50.0,24.0,0
1,0,1,1,465.128,20.0,50.0,24.0,0
1,0,1,1,458.924,20.0,50.0,24.0,0
1,0,1,1,462.351,20.0,50.0,24.0,0
1,0,1,1,458.261,20.0,50.0,24.0,0
1,0,1,1,443.656,20.0,50.0,24.0,0
1,0,1,1,447.669,20.0,50.0,24.0,0
1,0,1,1,454.068,20.0,50.0,24.0,0
1,0,1,1,432.018,20.0,50.0,24.0,0
1,0,1,1,424.305,20.0,50.0,24.0,0
1,0,1,1,423.48,20.0,50.0,24.0,0
1,0,1,1,423.658,20.0,50.0,24.0,0
1,0,1,1,424.58,20.0,50.0,24.0,0
1,0,1,1,425.396,20.0,50.0,24.0,0
1,0,1,1,423.426,20.0,50.0,24.0,0
1,0,1,1,423.393,20.0,50.0,24.0,0
1,0,1,1,421.85,20.0,50.0,24.0,0
1,0,1,1,422.216,20.0,50.0,24.0,0
1,0,1,1,422.957,20.0,50.0,24.0,0
1,0,1,1,421.944,20.0,50.0,24.0,0
1,0,1,1,424.62,20.0,50.0,24.0,0
1,0,1,1,423.323,20.0,50.0,24.0,0
1,0,1,1,424.481,20.0,50.0,24.0,0
1,0,1,1,425.033,20.0,50.0,24.0,0
1,0,1,1,423.986,20.0,50.0,24.0,0
1,0,1,1,424.685,20.0,50.0,24.0,0
1,0,1,1,424.162,20.0,50.0,24.0,0
1,0,1,1,423.41,20.0,50.0,24.0,0
1,0,1,1,422.739,20.0,50.0,24.0,0
1,0,1,1,422.798,20.0,50.0,24.0,0
1,0,1,1,424.468,20.0,50.0,24.0,0
1,0,1,1,424.517,20.0,50.0,24.0,0
1,0,1,1,421.832,20.0,50.0,24.0,0
1,0,1,1,421.592,20.0,50.0,24.0,0
1,0,1,1,422.362,20.0,50.0,24.0,0
1,0,1,1,421.985,20.0,50.0,24.0,0
1,0,1,1,421.691,20.0,50.0,24.0,0
1,0,1,1,424.697,20.0,50.0,24.0,0
1,0,1,1,424.043,20.0,50.0,24.0,0
1,0,1,1,423.758,20.0,50.0,24.0,0
1,0,1,1,423.063,20.0,50.0,24.0,0
1,0,1,1,422.036,20.0,50.0,24.0,0
1,0,1,1,422.617,20.0,50.0,24.0,0
1,0,1,1,420.164,20.0,50.0,24.0,0
1,0,1,1,422.07,20.0,50.0,24.0,0
1,0,1,1,419.871,20.0,50.0,24.0,0
1,0,1,1,420.532,20.0,50.0,24.0,0
1,0,1,1,421.512,20.0,50.0,24.0,0
1,0,1,1,421.615,20.0,50.0,24.0,0
1,0,1,1,421.458,20.0,50.0,24.0,0
1,0,1,1,423.107,20.0,50.0,24.0,0
1,0,1,1,422.621,20.0,50.0,24.0,0
1,0,1,1,422.83,20.0,50.0,24.0,0
1,0,1,1,423.523,20.0,50.0,24.0,0
1,0,1,1,423.811,20.0,50.0,24.0,0
1,0,1,1,421.093,20.0,50.0,24.0,0
1,0,1,1,423.181,20.0,50.0,24.0,0
1,0,1,1,423.001,20.0,50.0,24.0,0
1,0,1,1,422.226,20.0,50.0,24.0,0
1,0,1,1,421.781,20.0,50.0,24.0,0
1,0,1,1,420.97,20.0,50.0,24.0,0
1,0,1,1,420.657,20.0,50.0,24.0,0
1,0,1,1,422.045,20.0,50.0,24.0,0
1,0,1,1,423.353,20.0,50.0,24.0,0
1,0,1,1,421.357,20.0,50.0,24.0,0
1,0,1,1,422.63,20.0,50.0,24.0,0
1,0,1,1,422.277,20.0,50.0,24.0,0
1,0,1,1,421.069,20.0,50.0,24.0,0
1,0,1,1,421.901,20.0,50.0,24.0,0
1,0,1,1,424.034,20.0,50.0,24.0,0
1,0,1,1,422.808,20.0,50.0,24.0,0
1,0,1,1,421.908,20.0,50.0,24.0,0
1,0,1,1,421.666,20.0,50.0,24.0,0
1,0,1,1,420.906,20.0,50.0,24.0,0
1,0,1,1,421.924,20.0,50.0,24.0,0
1,0,1,1,421.721,20.0,50.0,24.0,0
1,0,1,1,419.977,20.0,50.0,24.0,0
1,0,1,1,422.017,20.0,50.0,24.0,0
1,0,1,1,422.043,20.0,50.0,24.0,0
1,0,1,1,419.733,20.0,50.0,24.0,0
1,0,1,1,420.821,20.0,50.0,24.0,0
1,0,1,1,421.418,20.0,50.0,24.0,0
1,0,1,1,422.785,20.0,50.0,24.0,0
1,0,1,1,423.095,20.0,50.0,24.0,0
1,0,1,1,422.051,20.0,50.0,24.0,0
1,0,1,1,420.757,20.0,50.0,24.0,0
1,0,1,1,419.127,20.0,50.0,24.0,0
1,0,1,1,419.95,20.0,50.0,24.0,0
1,0,1,1,422.195,20.0,50.0,24.0,0
1,0,1,1,422.415,20.0,50.0,24.0,0
1,0,1,1,421.928,20.0,50.0,24.0,0
1,0,1,1,420.742,20.0,50.0,24.0,0
1,0,1,1,420.406,20.0,50.0,24.0,0
1,0,1,1,421.675,20.0,50.0,24.0,0
1,0,1,1,421.381,20.0,50.0,24.0,0
1,0,1,1,421.792,20.0,50.0,24.0,0
1,0,1,1,421.101,20.0,50.0,24.0,0
1,0,1,1,422.962,20.0,50.0,24.0,0
1,0,1,1,421.15,20.0,50.0,24.0,0
1,0,1,1,420.462,20.0,50.0,24.0,0
1,0,1,1,422.168,20.0,50.0,24.0,0
1,0,1,1,422.336,20.0,50.0,24.0,0
1,0,1,1,422.291,20.0,50.0,24.0,0
1,0,1,1,422.636,20.0,50.0,24.0,0
1,0,1,1,422.444,20.0,50.0,24.0,0
1,0,1,1,421.177,20.0,50.0,24.0,0
1,0,1,1,422.132,20.0,50.0,24.0,0
1,0,1,1,423.003,20.0,50.0,24.0,0
1,0,1,1,423.575,20.0,50.0,24.0,0
1,0,1,1,422.269,20.0,50.0,24.0,0
1,0,1,1,421.757,20.0,50.0,24.0,0
1,0,1,1,421.054,20.0,50.0,24.0,0
1,0,1,1,422.785,20.0,50.0,24.0,0
1,0,1,1,421.891,20.0,50.0,24.0,0
1,0,1,1,423.844,20.0,50.0,24.0,0
1,0,1,1,422.351,20.0,50.0,24.0,0
1,0,1,1,420.998,20.0,50.0,24.0,0
1,0,1,1,420.838,20.0,50.0,24.0,0
1,0,1,1,421.752,20.0,50.0,24.0,0
1,0,1,1,421.796,20.0,50.0,24.0,0
1,0,1,1,421.458,20.0,50.0,24.0,0
1,0,1,1,420.721,20.0,50.0,24.0,0
1,0,1,1,421.599,20.0,50.0,24.0,0
1,0,1,1,421.457,20.0,50.0,24.0,0
1,0,1,1,421.563,20.0,50.0,24.0,0
1,0,1,1,441.893,20.0,50.0,24.0,0
1,0,1,1,462.072,20.0,50.0,24.0,0
1,0,1,1,468.906,20.0,50.0,24.0,0
1,0,1,1,480.863,20.0,50.0,24.0,0
1,0,1,1,491.063,20.0,50.0,24.0,0
1,0,1,1,455.48,20.0,50.0,24.0,0
1,0,1,1,454.246,20.0,50.0,24.0,0
1,0,1,1,461.413,20.0,50.0,24.0,0
1,0,1,1,465.837,20.0,50.0,24.0,0
1,0,1,1,484.792,20.0,50.0,24.0,0
1,0,1,1,495.486,20.0,50.0,24.0,0
1,0,1,1,552.949,20.0,50.0,24.0,0
1,0,1,1,497.991,20.0,50.0,24.0,0
1,0,1,1,479.828,20.0,50.0,24.0,0
1,0,1,1,499.3,20.0,50.0,24.0,0
1,0,1,1,477.885,20.0,50.0,24.0,0
1,0,1,1,470.961,20.0,50.0,24.0,0
1,0,1,1,477.854,20.0,50.0,24.0,0
1,0,1,1,449.108,20.0,50.0,24.0,0
1,0,1,1,456.261,20.0,50.0,24.0,0
1,0,1,1,474.444,20.0,50.0,24.0,0
1,0,1,1,483.718,20.0,50.0,24.0,0
1,0,1,1,483.484,20.0,50.0,24.0,0
1,0,1,1,464.25,20.0,50.0,24.0,0
1,0,1,1,459.554,20.0,50.0,24.0,0
1,0,1,1,448.718,20.0,50.0,24.0,0
1,0,1,1,443.784,20.0,50.0,24.0,0
1,0,1,1,440.862,20.0,50.0,24.0,0
1,0,1,1,461.932,20.0,50.0,24.0,0
1,0,1,1,476.635,20.0,50.0,24.0,0
1,0,1,1,501.984,20.0,50.0,24.0,0
1,0,1,1,524.541,20.0,50.0,24.0,0
1,0,1,1,527.822,20.0,50.0,24.0,0
1,0,1,1,545.669,20.0,50.0,24.0,0
1,0,1,1,516.484,20.0,50.0,24.0,0
1,0,1,1,480.891,20.0,50.0,24.0,0
1,0,1,1,462.363,20.0,50.0,24.0,0
1,0,1,1,449.594,20.0,50.0,24.0,0
1,0,1,1,437.05,20.0,50.0,24.0,0
1,0,1,1,431.708,20.0,50.0,24.0,0
1,0,1,1,433.901,20.0,50.0,24.0,0
1,0,1,1,448.67,20.0,50.0,24.0,0
1,0,1,1,448.147,20.0,50.0,24.0,0
1,0,1,1,451.052,20.0,50.0,24.0,0
1,0,1,1,447.502,20.0,50.0,24.0,0
1,0,1,1,442.478,20.0,50.0,24.0,0
1,0,1,1,434.43,20.0,50.0,24.0,0
1,0,1,1,432.384,20.0,50.0,24.0,0
1,0,1,1,439.349,20.0,50.0,24.0,0
1,0,1,1,446.807,20.0,50.0,24.0,0
1,0,1,1,471.222,20.0,50.0,24.0,0
1,0,1,1,462.794,20.0,50.0,24.0,0
1,0,1,1,444.964,20.0,50.0,24.0,0
1,0,1,1,434.777,20.0,50.0,24.0,0
1,0,1,1,427.725,20.0,50.0,24.0,0
1,0,1,1,439.647,20.0,50.0,24.0,0
1,0,1,1,442.631,20.0,50.0,24.0,0
1,0,1,1,442.619,20.0,50.0,24.0,0
1,0,1,1,436.901,20.0,50.0,24.0,0
1,0,1,1,436.57,20.0,50.0,24.0,0
1,0,1,1,434.7,20.0,50.0,24.0,0
1,0,1,1,429.672,20.0,50.0,24.0,0
1,0,1,1,427.196,20.0,50.0,24.0,0
1,0,1,1,424.47,20.0,50.0,24.0,0
1,0,1,1,421.493,20.0,50.0,24.0,0
1,0,1,1,424.047,20.0,50.0,24.0,0
1,0,1,1,425.424,20.0,50.0,24.0,0
1,0,1,1,425.61,20.0,50.0,24.0,0
1,0,1,1,425.973,20.0,50.0,24.0,0
1,0,1,1,422.934,20.0,50.0,24.0,0
1,0,1,1,423.597,20.0,50.0,24.0,0
1,0,1,1,423.845,20.0,50.0,24.0,0
1,0,1,1,425.565,20.0,50.0,24.0,0
1,0,1,1,423.18,20.0,50.0,24.0,0
1,0,1,1,420.612,20.0,50.0,24.0,0
1,0,1,1,421.091,20.0,50.0,24.0,0
1,0,1,1,421.924,20.0,50.0,24.0,0
1,0,1,1,425.593,20.0,50.0,24.0,0
1,0,1,1,427.744,20.0,50.0,24.0,0
1,0,1,1,426.654,20.0,50.0,24.0,0
1,0,1,1,425.292,20.0,50.0,24.0,0
1,0,1,1,423.811,20.0,50.0,24.0,0
1,0,1,1,422.434,20.0,50.0,24.0,0
1,0,1,1,420.275,20.0,50.0,24.0,0
1,0,1,1,424.606,20.0,50.0,24.0,0
1,0,1,1,423.69,20.0,50.0,24.0,0
1,0,1,1,423.589,20.0,50.0,24.0,0
1,0,1,1,421.033,20.0,50.0,24.0,0
1,0,1,1,422.501,20.0,50.0,24.0,0
1,0,1,1,426.172,20.0,50.0,24.0,0
1,0,1,1,442.419,20.0,50.0,24.0,0
1,0,1,1,462.055,20.0,50.0,24.0,0
1,0,1,1,452.737,20.0,50.0,24.0,0
1,0,1,1,440.011,20.0,50.0,24.0,0
1,0,1,1,437.82,20.0,50.0,24.0,0
1,0,1,1,448.112,20.0,50.0,24.0,0
1,0,1,1,452.048,20.0,50.0,24.0,0
1,0,1,1,442.393,20.0,50.0,24.0,0
1,0,1,1,440.162,20.0,50.0,24.0,0
1,0,1,1,436.252,20.0,50.0,24.0,0
1,0,1,1,437.106,20.0,50.0,24.0,0
1,0,1,1,447.763,20.0,50.0,24.0,0
1,0,1,1,457.455,20.0,50.0,24.0,0
1,0,1,1,456.354,20.0,50.0,24.0,0
1,0,1,1,463.818,20.0,50.0,24.0,0
1,0,1,1,473.788,20.0,50.0,24.0,0
1,0,1,1,466.108,20.0,50.0,24.0,0
1,0,1,1,455.885,20.0,50.0,24.0,0
1,0,1,1,445.836,20.0,50.0,24.0,0
1,0,1,1,441.222,20.0,50.0,24.0,0
1,0,1,1,439.121,20.0,50.0,24.0,0
1,0,1,1,437.393,20.0,50.0,24.0,0
1,0,1,1,432.547,20.0,50.0,24.0,0
1,0,1,1,432.775,20.0,50.0,24.0,0
1,0,1,1,428.321,20.0,50.0,24.0,0
1,0,1,1,434.426,20.0,50.0,24.0,0
1,0,1,1,430.713,20.0,50.0,24.0,0
1,0,1,1,438.606,20.0,50.0,24.0,0
1,0,1,1,443.192,20.0,50.0,24.0,0
1,0,1,1,425.973,20.0,50.0,24.0,0
1,0,1,1,424.581,20.0,50.0,24.0,0
1,0,1,1,427.363,20.0,50.0,24.0,0
1,0,1,1,434.17,20.0,50.0,24.0,0
1,0,1,1,436.539,20.0,50.0,24.0,0
1,0,1,1,437.294,20.0,50.0,24.0,0
1,0,1,1,450.753,20.0,50.0,24.0,0
1,0,1,1,448.287,20.0,50.0,24.0,0
1,0,1,1,452.117,20.0,50.0,24.0,0
1,0,1,1,464.129,20.0,50.0,24.0,0
1,0,1,1,454.815,20.0,50.0,24.0,0
1,0,1,1,453.923,20.0,50.0,24.0,0
1,0,1,1,459.528,20.0,50.0,24.0,0
1,0,1,1,453.026,20.0,50.0,24.0,0
1,0,1,1,450.852,20.0,50.0,24.0,0
1,0,1,1,434.322,20.0,50.0,24.0,0
1,0,1,1,425.99,20.0,50.0,24.0,0
1,0,1,1,424.607,20.0,50.0,24.0,0
1,0,1,1,434.944,20.0,50.0,24.0,0
1,0,1,1,429.738,20.0,50.0,24.0,0
1,0,1,1,427.301,20.0,50.0,24.0,0
1,0,1,1,439.55,20.0,50.0,24.0,0
1,0,1,1,434.496,20.0,50.0,24.0,0
1,0,1,1,432.053,20.0,50.0,24.0,0
1,0,1,1,437.585,20.0,50.0,24.0,0
1,0,1,1,442.531,20.0,50.0,24.0,0
1,0,1,1,446.652,20.0,50.0,24.0,0
1,0,1,1,452.914,20.0,50.0,24.0,0
1,0,1,1,462.701,20.0,50.0,24.0,0
1,0,1,1,465.85,20.0,50.0,24.0,0
1,0,1,1,462.814,20.0,50.0,24.0,0
1,0,1,1,456.595,20.0,50.0,24.0,0
1,0,1,1,462.02,20.0,50.0,24.0,0
1,0,1,1,465.254,20.0,50.0,24.0,0
1,0,1,1,463.838,20.0,50.0,24.0,0
1,0,1,1,452.725,20.0,50.0,24.0,0
1,0,1,1,449.242,20.0,50.0,24.0,0
1,0,1,1,449.296,20.0,50.0,24.0,0
1,0,1,1,445.426,20.0,50.0,24.0,0
1,0,1,1,437.43,20.0,50.0,24.0,0
1,0,1,1,433.518,20.0,50.0,24.0,0
1,0,1,1,435.989,20.0,50.0,24.0,0
1,0,1,1,441.224,20.0,50.0,24.0,0
1,0,1,1,442.112,20.0,50.0,24.0,0
1,0,1,1,446.202,20.0,50.0,24.0,0
1,0,1,1,454.633,20.0,50.0,24.0,0
1,0,1,1,458.316,20.0,50.0,24.0,0
1,0,1,1,456.052,20.0,50.0,24.0,0
1,0,1,1,448.466,20.0,50.0,24.0,0
1,0,1,1,440.895,20.0,50.0,24.0,0
1,0,1,1,435.225,20.0,50.0,24.0,0
1,0,1,1,436.992,20.0,50.0,24.0,0
1,0,1,1,444.222,20.0,50.0,24.0,0
1,0,1,1,450.232,20.0,50.0,24.0,0
1,0,1,1,450.946,20.0,50.0,24.0,0
1,0,1,1,449.475,20.0,50.0,24.0,0
1,0,1,1,444.833,20.0,50.0,24.0,0
1,0,1,1,442.066,20.0,50.0,24.0,0
1,0,1,1,441.79,20.0,50.0,24.0,0
1,0,1,1,437.147,20.0,50.0,24.0,0
1,0,1,1,433.683,20.0,50.0,24.0,0
1,0,1,1,434.602,20.0,50.0,24.0,0
1,0,1,1,438.263,20.0,50.0,24.0,0
1,0,1,1,446.729,20.0,50.0,24.0,0
1,0,1,1,446.44,20.0,50.0,24.0,0
1,0,1,1,443.579,20.0,50.0,24.0,0
1,0,1,1,449.904,20.0,50.0,24.0,0
1,0,1,1,461.763,20.0,50.0,24.0,0
1,0,1,1,458.366,20.0,50.0,24.0,0
1,0,1,1,457.469,20.0,50.0,24.0,0
1,0,1,1,456.141,20.0,50.0,24.0,0
1,0,1,1,449.812,20.0,50.0,24.0,0
1,0,1,1,457.392,20.0,50.0,24.0,0
1,0,1,1,454.184,20.0,50.0,24.0,0
1,0,1,1,450.2,20.0,50.0,24.0,0
1,0,1,1,446.547,20.0,50.0,24.0,0
1,0,1,1,446.468,20.0,50.0,24.0,0
1,0,1,1,447.246,20.0,50.0,24.0,0
1,0,1,1,446.114,20.0,50.0,24.0,0
1,0,1,1,445.473,20.0,50.0,24.0,0
1,0,1,1,447.333,20.0,50.0,24.0,0
1,0,1,1,450.424,20.0,50.0,24.0,0
1,0,1,1,450.136,20.0,50.0,24.0,0
1,0,1,1,452.487,20.0,50.0,24.0,0
1,0,1,1,450.422,20.0,50.0,24.0,0
1,0,1,1,448.743,20.0,50.0,24.0,0
1,0,1,1,447.766,20.0,50.0,24.0,0
1,0,1,1,449.802,20.0,50.0,24.0,0
1,0,1,1,449.871,20.0,50.0,24.0,0
1,0,1,1,453.836,20.0,50.0,24.0,0
1,0,1,1,455.486,20.0,50.0,24.0,0
1,0,1,1,453.114,20.0,50.0,24.0,0
1,0,1,1,451.532,20.0,50.0,24.0,0
1,0,1,1,448.974,20.0,50.0,24.0,0
1,0,1,1,449.05,20.0,50.0,24.0,0
1,0,1,1,448.334,20.0,50.0,24.0,0
1,0,1,1,454.078,20.0,50.0,24.0,0
1,0,1,1,454.361,20.0,50.0,24.0,0
1,0,1,1,447.856,20.0,50.0,24.0,0
1,0,1,1,448.65,20.0,50.0,24.0,0
1,0,1,1,451.134,20.0,50.0,24.0,0
1,0,1,1,452.756,20.0,50.0,24.0,0
1,0,1,1,454.079,20.0,50.0,24.0,0
1,0,1,1,454.358,20.0,50.0,24.0,0
1,0,1,1,448.406,20.0,50.0,24.0,0
1,0,1,1,445.952,20.0,50.0,24.0,0
1,0,1,1,444.196,20.0,50.0,24.0,0
1,0,1,1,442.937,20.0,50.0,24.0,0
1,0,1,1,446.346,20.0,50.0,24.0,0
1,0,1,1,443.123,20.0,50.0,24.0,0
1,0,1,1,443.799,20.0,50.0,24.0,0
1,0,1,1,445.013,20.0,50.0,24.0,0
1,0,1,1,450.766,20.0,50.0,24.0,0
1,0,1,1,448.585,20.0,50.0,24.0,0
1,0,1,1,448.714,20.0,50.0,24.0,0
1,0,1,1,450.007,20.0,50.0,24.0,0
1,0,1,1,466.209,20.0,50.0,24.0,0
1,0,1,1,458.28,20.0,50.0,24.0,0
1,0,1,1,454.195,20.0,50.0,24.0,0
1,0,1,1,450.476,20.0,50.0,24.0,0
1,0,1,1,450.355,20.0,50.0,24.0,0
1,0,1,1,456.507,20.0,50.0,24.0,0
1,0,1,1,465.679,20.0,50.0,24.0,0
1,0,1,1,473.378,20.0,50.0,24.0,0
1,0,1,1,470.397,20.0,50.0,24.0,0
1,0,1,1,468.845,20.0,50.0,24.0,0
1,0,1,1,477.491,20.0,50.0,24.0,0
1,0,1,1,478.56,20.0,50.0,24.0,0
1,0,1,1,477.688,20.0,50.0,24.0,0
1,0,1,1,475.436,20.0,50.0,24.0,0
1,0,1,1,482.165,20.0,50.0,24.0,0
1,0,1,1,488.657,20.0,50.0,24.0,0
1,0,1,1,492.103,20.0,50.0,24.0,0
1,0,1,1,496.319,20.0,50.0,24.0,0
1,0,1,1,496.641,20.0,50.0,24.0,0
1,0,1,1,496.833,20.0,50.0,24.0,0
1,0,1,1,489.004,20.0,50.0,24.0,0
1,0,1,1,491.294,20.0,50.0,24.0,0
1,0,1,1,488.91,20.0,50.0,24.0,0
1,0,1,1,487.56,20.0,50.0,24.0,0
1,0,1,1,489.923,20.0,50.0,24.0,0
1,0,1,1,489.101,20.0,50.0,24.0,0
1,0,1,1,484.42,20.0,50.0,24.0,0
1,0,1,1,484.334,20.0,50.0,24.0,0
1,0,1,1,486.793,20.0,50.0,24.0,0
1,0,1,1,493.317,20.0,50.0,24.0,0
1,0,1,1,491.418,20.0,50.0,24.0,0
1,0,1,1,492.477,20.0,50.0,24.0,0
1,0,1,1,491.638,20.0,50.0,24.0,0
1,0,1,1,492.736,20.0,50.0,24.0,0
1,0,1,1,494.01,20.0,50.0,24.0,0
1,0,1,1,496.721,20.0,50.0,24.0,0
1,0,1,1,491.127,20.0,50.0,24.0,0
1,0,1,1,494.625,20.0,50.0,24.0,0
1,0,1,1,495.736,20.0,50.0,24.0,0
1,0,1,1,493.968,20.0,50.0,24.0,0
1,0,1,1,493.347,20.0,50.0,24.0,0
1,0,1,1,499.036,20.0,50.0,24.0,0
1,0,1,1,494.114,20.0,50.0,24.0,0
1,0,1,1,497.779,20.0,50.0,24.0,0
1,0,1,1,500.575,20.0,50.0,24.0,0
1,0,1,1,499.688,20.0,50.0,24.0,0
1,0,1,1,497.058,20.0,50.0,24.0,0
1,0,1,1,494.731,20.0,50.0,24.0,0
1,0,1,1,495.926,20.0,50.0,24.0,0
1,0,1,1,496.753,20.0,50.0,24.0,0
1,0,1,1,490.915,20.0,50.0,24.0,0
1,0,1,1,490.614,20.0,50.0,24.0,0
1,0,1,1,491.568,20.0,50.0,24.0,0
1,0,1,1,491.692,20.0,50.0,24.0,0
1,0,1,1,488.875,20.0,50.0,24.0,0
1,0,1,1,481.953,20.0,50.0,24.0,0
1,0,1,1,475.963,20.0,50.0,24.0,0
1,0,1,1,476.579,20.0,50.0,24.0,0
1,0,1,1,476.66,20.0,50.0,24.0,0
1,0,1,1,470.495,20.0,50.0,24.0,0
1,0,1,1,464.996,20.0,50.0,24.0,0
1,0,1,1,462.23,20.0,50.0,24.0,0
1,0,1,1,461.305,20.0,50.0,24.0,0
1,0,1,1,463.158,20.0,50.0,24.0,0
1,0,1,1,465.429,20.0,50.0,24.0,0
1,0,1,1,461.793,20.0,50.0,24.0,0
1,0,1,1,461.89,20.0,50.0,24.0,0
1,0,1,1,464.143,20.0,50.0,24.0,0
1,0,1,1,463.554,20.0,50.0,24.0,0
1,0,1,1,463.123,20.0,50.0,24.0,0
1,0,1,1,467.482,20.0,50.0,24.0,0
1,0,1,1,469.879,20.0,50.0,24.0,0
1,0,1,1,470.108,20.0,50.0,24.0,0
1,0,1,1,466.067,20.0,50.0,24.0,0
1,0,1,1,463.967,20.0,50.0,24.0,0
1,0,1,1,467.721,20.0,50.0,24.0,0
1,0,1,1,477.091,20.0,50.0,24.0,0
1,0,1,1,479.545,20.0,50.0,24.0,0
1,0,1,1,482.406,20.0,50.0,24.0,0
1,0,1,1,487.359,20.0,50.0,24.0,0
1,0,1,1,489.678,20.0,50.0,24.0,0
1,0,1,1,489.048,20.0,50.0,24.0,0
1,0,1,1,494.03,20.0,50.0,24.0,0
1,0,1,1,489.335,20.0,50.0,24.0,0
1,0,1,1,486.548,20.0,50.0,24.0,0
1,0,1,1,486.457,20.0,50.0,24.0,0
1,0,1,1,480.661,20.0,50.0,24.0,0
1,0,1,1,481.493,20.0,50.0,24.0,0
1,0,1,1,473.703,20.0,50.0,24.0,0
1,0,1,1,474.36,20.0,50.0,24.0,0
1,0,1,1,469.818,20.0,50.0,24.0,0
1,0,1,1,461.517,20.0,50.0,24.0,0
1,0,1,1,459.447,20.0,50.0,24.0,0
1,0,1,1,460.631,20.0,50.0,24.0,0
1,0,1,1,464.627,20.0,50.0,24.0,0
1,0,1,1,461.888,20.0,50.0,24.0,0
1,0,1,1,460.729,20.0,50.0,24.0,0
1,0,1,1,462.389,20.0,50.0,24.0,0
1,0,1,1,463.286,20.0,50.0,24.0,0
1,0,1,1,467.903,20.0,50.0,24.0,0
1,0,1,1,465.601,20.0,50.0,24.0,0
1,0,1,1,466.712,20.0,50.0,24.0,0
1,0,1,1,464.846,20.0,50.0,24.0,0
1,0,1,1,464.15,20.0,50.0,24.0,0
1,0,1,1,465.305,20.0,50.0,24.0,0
1,0,1,1,461.209,20.0,50.0,24.0,0
1,0,1,1,460.899,20.0,50.0,24.0,0
1,0,1,1,462.545,20.0,50.0,24.0,0
1,0,1,1,463.052,20.0,50.0,24.0,0
1,0,1,1,466.257,20.0,50.0,24.0,0
1,0,1,1,465.264,20.0,50.0,24.0,0
1,0,1,1,465.06,20.0,50.0,24.0,0
1,0,1,1,463.612,20.0,50.0,24.0,0
1,0,1,1,462.783,20.0,50.0,24.0,0
1,0,1,1,465.366,20.0,50.0,24.0,0
1,0,1,1,464.768,20.0,50.0,24.0,0
1,0,1,1,462.743,20.0,50.0,24.0,0
1,0,1,1,463.116,20.0,50.0,24.0,0
1,0,1,1,460.923,20.0,50.0,24.0,0
1,0,1,1,462.047,20.0,50.0,24.0,0
1,0,1,1,463.476,20.0,50.0,24.0,0
1,0,1,1,461.834,20.0,50.0,24.0,0
1,0,1,1,460.772,20.0,50.0,24.0,0
1,0,1,1,457.353,20.0,50.0,24.0,0
1,0,1,1,458.48,20.0,50.0,24.0,0
1,0,1,1,457.928,20.0,50.0,24.0,0
1,0,1,1,458.17,20.0,50.0,24.0,0
1,0,1,1,458.393,20.0,50.0,24.0,0
1,0,1,1,456.272,20.0,50.0,24.0,0
1,0,1,1,460.07,20.0,50.0,24.0,0
1,0,1,1,460.988,20.0,50.0,24.0,0
1,0,1,1,461.357,20.0,50.0,24.0,0
1,0,1,1,458.468,20.0,50.0,24.0,0
1,0,1,1,459.82,20.0,50.0,24.0,0
1,0,1,1,466.053,20.0,50.0,24.0,0
1,0,1,1,459.637,20.0,50.0,24.0,0
1,0,1,1,459.997,20.0,50.0,24.0,0
1,0,1,1,466.688,20.0,50.0,24.0,0
1,0,1,1,463.274,20.0,50.0,24.0,0
1,0,1,1,459.711,20.0,50.0,24.0,0
1,0,1,1,459.512,20.0,50.0,24.0,0
1,0,1,1,459.86,20.0,50.0,24.0,0
1,0,1,1,459.623,20.0,50.0,24.0,0
1,0,1,1,458.04,20.0,50.0,24.0,0
1,0,1,1,459.618,20.0,50.0,24.0,0
1,0,1,1,458.271,20.0,50.0,24.0,0
1,0,1,1,458.465,20.0,50.0,24.0,0
1,0,1,1,457.514,20.0,50.0,24.0,0
1,0,1,1,451.621,20.0,50.0,24.0,0
1,0,1,1,455.963,20.0,50.0,24.0,0
1,0,1,1,457.426,20.0,50.0,24.0,0
1,0,1,1,458.953,20.0,50.0,24.0,0
1,0,1,1,457.107,20.0,50.0,24.0,0
1,0,1,1,456.792,20.0,50.0,24.0,0
1,0,1,1,458.453,20.0,50.0,24.0,0
1,0,1,1,458.498,20.0,50.0,24.0,0
1,0,1,1,460.535,20.0,50.0,24.0,0
1,0,1,1,459.631,20.0,50.0,24.0,0
1,0,1,1,466.498,20.0,50.0,24.0,0
1,0,1,1,465.814,20.0,50.0,24.0,0
1,0,1,1,464.069,20.0,50.0,24.0,0
1,0,1,1,466.354,20.0,50.0,24.0,0
1,0,1,1,465.348,20.0,50.0,24.0,0
1,0,1,1,458.148,20.0,50.0,24.0,0
1,0,1,1,458.858,20.0,50.0,24.0,0
1,0,1,1,459.587,20.0,50.0,24.0,0
1,0,1,1,461.637,20.0,50.0,24.0,0
1,0,1,1,464.646,20.0,50.0,24.0,0
1,0,1,1,470.356,20.0,50.0,24.0,0
1,0,1,1,463.575,20.0,50.0,24.0,0
1,0,1,1,464.577,20.0,50.0,24.0,0
1,0,1,1,463.506,20.0,50.0,24.0,0
1,0,1,1,467.178,20.0,50.0,24.0,0
1,0,1,1,465.79,20.0,50.0,24.0,0
1,0,1,1,461.822,20.0,50.0,24.0,0
1,0,1,1,466.923,20.0,50.0,24.0,0
1,0,1,1,466.155,20.0,50.0,24.0,0
1,0,1,1,463.093,20.0,50.0,24.0,0
1,0,1,1,462.815,20.0,50.0,24.0,0
1,0,1,1,461.274,20.0,50.0,24.0,0
1,0,1,1,460.51,20.0,50.0,24.0,0
1,0,1,1,457.516,20.0,50.0,24.0,0
1,0,1,1,461.801,20.0,50.0,24.0,0
1,0,1,1,464.102,20.0,50.0,24.0,0
1,0,1,1,465.638,20.0,50.0,24.0,0
1,0,1,1,463.227,20.0,50.0,24.0,0
1,0,1,1,462.516,20.0,50.0,24.0,0
1,0,1,1,460.812,20.0,50.0,24.0,0
1,0,1,1,461.922,20.0,50.0,24.0,0
1,0,1,1,465.853,20.0,50.0,24.0,0
1,0,1,1,464.861,20.0,50.0,24.0,0
1,0,1,1,463.735,20.0,50.0,24.0,0
1,0,1,1,465.417,20.0,50.0,24.0,0
1,0,1,1,466.883,20.0,50.0,24.0,0
1,0,1,1,468.637,20.0,50.0,24.0,0
1,0,1,1,468.569,20.0,50.0,24.0,0
1,0,1,1,469.961,20.0,50.0,24.0,0
1,0,1,1,467.658,20.0,50.0,24.0,0
1,0,1,1,470.388,20.0,50.0,24.0,0
1,0,1,1,474.331,20.0,50.0,24.0,0
1,0,1,1,474.195,20.0,50.0,24.0,0
1,0,1,1,473.571,20.0,50.0,24.0,0
1,0,1,1,471.181,20.0,50.0,24.0,0
1,0,1,1,474.628,20.0,50.0,24.0,0
1,0,1,1,469.374,20.0,50.0,24.0,0
1,0,1,1,470.465,20.0,50.0,24.0,0
1,0,1,1,478.783,20.0,50.0,24.0,0
1,0,1,1,471.03,20.0,50.0,24.0,0
1,0,1,1,461.575,20.0,50.0,24.0,0
1,0,1,1,458.141,20.0,50.0,24.0,0
1,0,1,1,456.837,20.0,50.0,24.0,0
1,0,1,1,458.874,20.0,50.0,24.0,0
1,0,1,1,457.845,20.0,50.0,24.0,0
1,0,1,1,450.502,20.0,50.0,24.0,0
1,0,1,1,444.918,20.0,50.0,24.0,0
1,0,1,1,445.732,20.0,50.0,24.0,0
1,0,1,1,448.246,20.0,50.0,24.0,0
1,0,1,1,451.073,20.0,50.0,24.0,0
1,0,1,1,451.315,20.0,50.0,24.0,0
1,0,1,1,450.98,20.0,50.0,24.0,0
1,0,1,1,450.51,20.0,50.0,24.0,0
1,0,1,1,450.089,20.0,50.0,24.0,0
1,0,1,1,453.065,20.0,50.0,24.0,0
1,0,1,1,446.323,20.0,50.0,24.0,0
1,0,1,1,445.992,20.0,50.0,24.0,0
1,0,1,1,450.285,20.0,50.0,24.0,0
1,0,1,1,452.745,20.0,50.0,24.0,0
1,0,1,1,450.89,20.0,50.0,24.0,0
1,0,1,1,451.309,20.0,50.0,24.0,0
1,0,1,1,452.328,20.0,50.0,24.0,0
1,0,1,1,456.479,20.0,50.0,24.0,0
1,0,1,1,454.453,20.0,50.0,24.0,0
1,0,1,1,452.174,20.0,50.0,24.0,0
1,0,1,1,452.591,20.0,50.0,24.0,0
1,0,1,1,448.272,20.0,50.0,24.0,0
1,0,1,1,448.403,20.0,50.0,24.0,0
1,0,1,1,442.787,20.0,50.0,24.0,0
1,0,1,1,441.976,20.0,50.0,24.0,0
1,0,1,1,442.24,20.0,50.0,24.0,0
1,0,1,1,444.834,20.0,50.0,24.0,0
1,0,1,1,446.873,20.0,50.0,24.0,0
1,0,1,1,447.784,20.0,50.0,24.0,0
1,0,1,1,447.693,20.0,50.0,24.0,0
1,0,1,1,441.979,20.0,50.0,24.0,0
1,0,1,1,432.983,20.0,50.0,24.0,0
1,0,1,1,431.999,20.0,50.0,24.0,0
1,0,1,1,441.634,20.0,50.0,24.0,0
1,0,1,1,443.912,20.0,50.0,24.0,0
1,0,1,1,443.928,20.0,50.0,24.0,0
1,0,1,1,445.502,20.0,50.0,24.0,0
1,0,1,1,444.471,20.0,50.0,24.0,0
1,0,1,1,455.765,20.0,50.0,24.0,0
1,0,1,1,448.498,20.0,50.0,24.0,0
1,0,1,1,437.893,20.0,50.0,24.0,0
1,0,1,1,434.053,20.0,50.0,24.0,0
1,0,1,1,434.367,20.0,50.0,24.0,0
1,0,1,1,437.152,20.0,50.0,24.0,0
1,0,1,1,438.839,20.0,50.0,24.0,0
1,0,1,1,437.778,20.0,50.0,24.0,0
1,0,1,1,435.878,20.0,50.0,24.0,0
1,0,1,1,435.84,20.0,50.0,24.0,0
1,0,1,1,436.099,20.0,50.0,24.0,0
1,0,1,1,437.563,20.0,50.0,24.0,0
1,0,1,1,435.972,20.0,50.0,24.0,0
1,0,1,1,437.336,20.0,50.0,24.0,0
1,0,1,1,437.264,20.0,50.0,24.0,0
1,0,1,1,436.667,20.0,50.0,24.0,0
1,0,1,1,435.395,20.0,50.0,24.0,0
1,0,1,1,437.03,20.0,50.0,24.0,0
1,0,1,1,433.932,20.0,50.0,24.0,0
1,0,1,1,438.366,20.0,50.0,24.0,0
1,0,1,1,441.245,20.0,50.0,24.0,0
1,0,1,1,441.23,20.0,50.0,24.0,0
1,0,1,1,444.454,20.0,50.0,24.0,0
1,0,1,1,434.961,20.0,50.0,24.0,0
1,0,1,1,433.467,20.0,50.0,24.0,0
1,0,1,1,431.08,20.0,50.0,24.0,0
1,0,1,1,427.908,20.0,50.0,24.0,0
1,0,1,1,427.128,20.0,50.0,24.0,0
1,0,1,1,424.465,20.0,50.0,24.0,0
1,0,1,1,424.447,20.0,50.0,24.0,0
1,0,1,1,423.826,20.0,50.0,24.0,0
1,0,1,1,423.716,20.0,50.0,24.0,0
1,0,1,1,424.145,20.0,50.0,24.0,0
1,0,1,1,420.337,20.0,50.0,24.0,0
1,0,1,1,418.958,20.0,50.0,24.0,0
1,0,1,1,418.186,20.0,50.0,24.0,0
1,0,1,1,419.793,20.0,50.0,24.0,0
1,0,1,1,421.93,20.0,50.0,24.0,0
1,0,1,1,422.276,20.0,50.0,24.0,0
1,0,1,1,422.627,20.0,50.0,24.0,0
1,0,1,1,418.899,20.0,50.0,24.0,0
1,0,1,1,422.305,20.0,50.0,24.0,0
1,0,1,1,436.978,20.0,50.0,24.0,0
1,0,1,1,443.069,20.0,50.0,24.0,0
1,0,1,1,452.537,20.0,50.0,24.0,0
1,0,1,1,472.153,20.0,50.0,24.0,0
1,0,1,1,477.817,20.0,50.0,24.0,0
1,0,1,1,460.898,20.0,50.0,24.0,0
1,0,1,1,443.164,20.0,50.0,24.0,0
1,0,1,1,434.367,20.0,50.0,24.0,0
1,0,1,1,425.275,20.0,50.0,24.0,0
1,0,1,1,425.381,20.0,50.0,24.0,0
1,0,1,1,423.928,20.0,50.0,24.0,0
1,0,1,1,425.177,20.0,50.0,24.0,0
1,0,1,1,425.161,20.0,50.0,24.0,0
1,0,1,1,432.605,20.0,50.0,24.0,0
1,0,1,1,435.649,20.0,50.0,24.0,0
1,0,1,1,432.013,20.0,50.0,24.0,0
1,0,1,1,427.01,20.0,50.0,24.0,0
1,0,1,1,428.491,20.0,50.0,24.0,0
1,0,1,1,431.928,20.0,50.0,24.0,0
1,0,1,1,437.313,20.0,50.0,24.0,0
1,0,1,1,436.153,20.0,50.0,24.0,0
1,0,1,1,434.915,20.0,50.0,24.0,0
1,0,1,1,432.277,20.0,50.0,24.0,0
1,0,1,1,433.938,20.0,50.0,24.0,0
1,0,1,1,435.733,20.0,50.0,24.0,0
1,0,1,1,432.326,20.0,50.0,24.0,0
1,0,1,1,433.729,20.0,50.0,24.0,0
